zug_id;folge;station;an;ab;knoten
1;0;Frankfurt(Main)Hbf;;376;1
1;1;Hannover Hbf;536;544;1
1;2;Hamburg Hbf;643;;1
2;0;Frankfurt(Main)Hbf;;496;1
2;1;Hannover Hbf;656;664;1
2;2;Hamburg Hbf;763;;1
3;0;Frankfurt(Main)Hbf;;616;1
3;1;Hannover Hbf;776;784;1
3;2;Hamburg Hbf;883;;1
4;0;Frankfurt(Main)Hbf;;736;1
4;1;Hannover Hbf;896;904;1
4;2;Hamburg Hbf;1003;;1
5;0;Frankfurt(Main)Hbf;;856;1
5;1;Hannover Hbf;1016;1024;1
5;2;Hamburg Hbf;1123;;1
6;0;Frankfurt(Main)Hbf;;976;1
6;1;Hannover Hbf;1136;1144;1
6;2;Hamburg Hbf;1243;;1
7;0;Frankfurt(Main)Hbf;;1096;1
7;1;Hannover Hbf;1256;1264;1
7;2;Hamburg Hbf;1363;;1
8;0;Frankfurt(Main)Hbf;;1216;1
8;1;Hannover Hbf;1376;1384;1
8;2;Hamburg Hbf;1483;;1
9;0;Frankfurt(Main)Hbf;;1336;1
9;1;Hannover Hbf;1496;1504;1
9;2;Hamburg Hbf;1603;;1
10;0;Hamburg Hbf;;377;1
10;1;Hannover Hbf;476;484;1
10;2;Frankfurt(Main)Hbf;642;;1
11;0;Hamburg Hbf;;497;1
11;1;Hannover Hbf;596;604;1
11;2;Frankfurt(Main)Hbf;762;;1
12;0;Hamburg Hbf;;617;1
12;1;Hannover Hbf;716;724;1
12;2;Frankfurt(Main)Hbf;882;;1
13;0;Hamburg Hbf;;737;1
13;1;Hannover Hbf;836;844;1
13;2;Frankfurt(Main)Hbf;1002;;1
14;0;Hamburg Hbf;;857;1
14;1;Hannover Hbf;956;964;1
14;2;Frankfurt(Main)Hbf;1122;;1
15;0;Hamburg Hbf;;977;1
15;1;Hannover Hbf;1076;1084;1
15;2;Frankfurt(Main)Hbf;1242;;1
16;0;Hamburg Hbf;;1097;1
16;1;Hannover Hbf;1196;1204;1
16;2;Frankfurt(Main)Hbf;1362;;1
17;0;Hamburg Hbf;;1217;1
17;1;Hannover Hbf;1316;1324;1
17;2;Frankfurt(Main)Hbf;1482;;1
18;0;Hamburg Hbf;;1337;1
18;1;Hannover Hbf;1436;1444;1
18;2;Frankfurt(Main)Hbf;1602;;1
19;0;Hamburg Hbf;;377;1
19;1;Hamburg-Harburg;388;390;0
19;2;Bremen Hbf;433;437;1
19;3;Diepholz;467;468;0
19;4;Osnabrück Hbf;494;496;0
19;5;Münster(Westf)Hbf;520;530;1
19;6;Dortmund Hbf;567;573;1
19;7;Solingen Hbf;631;632;0
19;8;Köln Hbf;654;;1
20;0;Hamburg Hbf;;497;1
20;1;Hamburg-Harburg;508;510;0
20;2;Bremen Hbf;553;557;1
20;3;Diepholz;587;588;0
20;4;Osnabrück Hbf;614;616;0
20;5;Münster(Westf)Hbf;640;650;1
20;6;Dortmund Hbf;687;693;1
20;7;Solingen Hbf;751;752;0
20;8;Köln Hbf;774;;1
21;0;Hamburg Hbf;;617;1
21;1;Hamburg-Harburg;628;630;0
21;2;Bremen Hbf;673;677;1
21;3;Diepholz;707;708;0
21;4;Osnabrück Hbf;734;736;0
21;5;Münster(Westf)Hbf;760;770;1
21;6;Dortmund Hbf;807;813;1
21;7;Solingen Hbf;871;872;0
21;8;Köln Hbf;894;;1
22;0;Hamburg Hbf;;737;1
22;1;Hamburg-Harburg;748;750;0
22;2;Bremen Hbf;793;797;1
22;3;Diepholz;827;828;0
22;4;Osnabrück Hbf;854;856;0
22;5;Münster(Westf)Hbf;880;890;1
22;6;Dortmund Hbf;927;933;1
22;7;Solingen Hbf;991;992;0
22;8;Köln Hbf;1014;;1
23;0;Hamburg Hbf;;857;1
23;1;Hamburg-Harburg;868;870;0
23;2;Bremen Hbf;913;917;1
23;3;Diepholz;947;948;0
23;4;Osnabrück Hbf;974;976;0
23;5;Münster(Westf)Hbf;1000;1010;1
23;6;Dortmund Hbf;1047;1053;1
23;7;Solingen Hbf;1111;1112;0
23;8;Köln Hbf;1134;;1
24;0;Hamburg Hbf;;977;1
24;1;Hamburg-Harburg;988;990;0
24;2;Bremen Hbf;1033;1037;1
24;3;Diepholz;1067;1068;0
24;4;Osnabrück Hbf;1094;1096;0
24;5;Münster(Westf)Hbf;1120;1130;1
24;6;Dortmund Hbf;1167;1173;1
24;7;Solingen Hbf;1231;1232;0
24;8;Köln Hbf;1254;;1
25;0;Hamburg Hbf;;1097;1
25;1;Hamburg-Harburg;1108;1110;0
25;2;Bremen Hbf;1153;1157;1
25;3;Diepholz;1187;1188;0
25;4;Osnabrück Hbf;1214;1216;0
25;5;Münster(Westf)Hbf;1240;1250;1
25;6;Dortmund Hbf;1287;1293;1
25;7;Solingen Hbf;1351;1352;0
25;8;Köln Hbf;1374;;1
26;0;Hamburg Hbf;;1217;1
26;1;Hamburg-Harburg;1228;1230;0
26;2;Bremen Hbf;1273;1277;1
26;3;Diepholz;1307;1308;0
26;4;Osnabrück Hbf;1334;1336;0
26;5;Münster(Westf)Hbf;1360;1370;1
26;6;Dortmund Hbf;1407;1413;1
26;7;Solingen Hbf;1471;1472;0
26;8;Köln Hbf;1494;;1
27;0;Hamburg Hbf;;1337;1
27;1;Hamburg-Harburg;1348;1350;0
27;2;Bremen Hbf;1393;1397;1
27;3;Diepholz;1427;1428;0
27;4;Osnabrück Hbf;1454;1456;0
27;5;Münster(Westf)Hbf;1480;1490;1
27;6;Dortmund Hbf;1527;1533;1
27;7;Solingen Hbf;1591;1592;0
27;8;Köln Hbf;1614;;1
28;0;Köln Hbf;;394;1
28;1;Solingen Hbf;417;418;0
28;2;Dortmund Hbf;477;483;1
28;3;Münster(Westf)Hbf;520;530;1
28;4;Osnabrück Hbf;554;556;0
28;5;Diepholz;582;583;0
28;6;Bremen Hbf;613;617;1
28;7;Hamburg-Harburg;660;662;0
28;8;Hamburg Hbf;673;;1
29;0;Köln Hbf;;514;1
29;1;Solingen Hbf;537;538;0
29;2;Dortmund Hbf;597;603;1
29;3;Münster(Westf)Hbf;640;650;1
29;4;Osnabrück Hbf;674;676;0
29;5;Diepholz;702;703;0
29;6;Bremen Hbf;733;737;1
29;7;Hamburg-Harburg;780;782;0
29;8;Hamburg Hbf;793;;1
30;0;Köln Hbf;;634;1
30;1;Solingen Hbf;657;658;0
30;2;Dortmund Hbf;717;723;1
30;3;Münster(Westf)Hbf;760;770;1
30;4;Osnabrück Hbf;794;796;0
30;5;Diepholz;822;823;0
30;6;Bremen Hbf;853;857;1
30;7;Hamburg-Harburg;900;902;0
30;8;Hamburg Hbf;913;;1
31;0;Köln Hbf;;754;1
31;1;Solingen Hbf;777;778;0
31;2;Dortmund Hbf;837;843;1
31;3;Münster(Westf)Hbf;880;890;1
31;4;Osnabrück Hbf;914;916;0
31;5;Diepholz;942;943;0
31;6;Bremen Hbf;973;977;1
31;7;Hamburg-Harburg;1020;1022;0
31;8;Hamburg Hbf;1033;;1
32;0;Köln Hbf;;874;1
32;1;Solingen Hbf;897;898;0
32;2;Dortmund Hbf;957;963;1
32;3;Münster(Westf)Hbf;1000;1010;1
32;4;Osnabrück Hbf;1034;1036;0
32;5;Diepholz;1062;1063;0
32;6;Bremen Hbf;1093;1097;1
32;7;Hamburg-Harburg;1140;1142;0
32;8;Hamburg Hbf;1153;;1
33;0;Köln Hbf;;994;1
33;1;Solingen Hbf;1017;1018;0
33;2;Dortmund Hbf;1077;1083;1
33;3;Münster(Westf)Hbf;1120;1130;1
33;4;Osnabrück Hbf;1154;1156;0
33;5;Diepholz;1182;1183;0
33;6;Bremen Hbf;1213;1217;1
33;7;Hamburg-Harburg;1260;1262;0
33;8;Hamburg Hbf;1273;;1
34;0;Köln Hbf;;1114;1
34;1;Solingen Hbf;1137;1138;0
34;2;Dortmund Hbf;1197;1203;1
34;3;Münster(Westf)Hbf;1240;1250;1
34;4;Osnabrück Hbf;1274;1276;0
34;5;Diepholz;1302;1303;0
34;6;Bremen Hbf;1333;1337;1
34;7;Hamburg-Harburg;1380;1382;0
34;8;Hamburg Hbf;1393;;1
35;0;Köln Hbf;;1234;1
35;1;Solingen Hbf;1257;1258;0
35;2;Dortmund Hbf;1317;1323;1
35;3;Münster(Westf)Hbf;1360;1370;1
35;4;Osnabrück Hbf;1394;1396;0
35;5;Diepholz;1422;1423;0
35;6;Bremen Hbf;1453;1457;1
35;7;Hamburg-Harburg;1500;1502;0
35;8;Hamburg Hbf;1513;;1
36;0;Köln Hbf;;1354;1
36;1;Solingen Hbf;1377;1378;0
36;2;Dortmund Hbf;1437;1443;1
36;3;Münster(Westf)Hbf;1480;1490;1
36;4;Osnabrück Hbf;1514;1516;0
36;5;Diepholz;1542;1543;0
36;6;Bremen Hbf;1573;1577;1
36;7;Hamburg-Harburg;1620;1622;0
36;8;Hamburg Hbf;1633;;1
37;0;Köln Hbf;;394;1
37;1;Wuppertal Hbf;425;426;0
37;2;Hagen Hbf;444;445;0
37;3;Bielefeld Hbf;507;509;0
37;4;Hannover Hbf;567;574;1
37;5;Berlin-Spandau;674;676;0
37;6;Berlin Hbf;685;692;1
37;7;Berlin Südkreuz;696;;0
38;0;Köln Hbf;;514;1
38;1;Wuppertal Hbf;545;546;0
38;2;Hagen Hbf;564;565;0
38;3;Bielefeld Hbf;627;629;0
38;4;Hannover Hbf;687;694;1
38;5;Berlin-Spandau;794;796;0
38;6;Berlin Hbf;805;812;1
38;7;Berlin Südkreuz;816;;0
39;0;Köln Hbf;;634;1
39;1;Wuppertal Hbf;665;666;0
39;2;Hagen Hbf;684;685;0
39;3;Bielefeld Hbf;747;749;0
39;4;Hannover Hbf;807;814;1
39;5;Berlin-Spandau;914;916;0
39;6;Berlin Hbf;925;932;1
39;7;Berlin Südkreuz;936;;0
40;0;Köln Hbf;;754;1
40;1;Wuppertal Hbf;785;786;0
40;2;Hagen Hbf;804;805;0
40;3;Bielefeld Hbf;867;869;0
40;4;Hannover Hbf;927;934;1
40;5;Berlin-Spandau;1034;1036;0
40;6;Berlin Hbf;1045;1052;1
40;7;Berlin Südkreuz;1056;;0
41;0;Köln Hbf;;874;1
41;1;Wuppertal Hbf;905;906;0
41;2;Hagen Hbf;924;925;0
41;3;Bielefeld Hbf;987;989;0
41;4;Hannover Hbf;1047;1054;1
41;5;Berlin-Spandau;1154;1156;0
41;6;Berlin Hbf;1165;1172;1
41;7;Berlin Südkreuz;1176;;0
42;0;Köln Hbf;;994;1
42;1;Wuppertal Hbf;1025;1026;0
42;2;Hagen Hbf;1044;1045;0
42;3;Bielefeld Hbf;1107;1109;0
42;4;Hannover Hbf;1167;1174;1
42;5;Berlin-Spandau;1274;1276;0
42;6;Berlin Hbf;1285;1292;1
42;7;Berlin Südkreuz;1296;;0
43;0;Köln Hbf;;1114;1
43;1;Wuppertal Hbf;1145;1146;0
43;2;Hagen Hbf;1164;1165;0
43;3;Bielefeld Hbf;1227;1229;0
43;4;Hannover Hbf;1287;1294;1
43;5;Berlin-Spandau;1394;1396;0
43;6;Berlin Hbf;1405;1412;1
43;7;Berlin Südkreuz;1416;;0
44;0;Köln Hbf;;1234;1
44;1;Wuppertal Hbf;1265;1266;0
44;2;Hagen Hbf;1284;1285;0
44;3;Bielefeld Hbf;1347;1349;0
44;4;Hannover Hbf;1407;1414;1
44;5;Berlin-Spandau;1514;1516;0
44;6;Berlin Hbf;1525;1532;1
44;7;Berlin Südkreuz;1536;;0
45;0;Köln Hbf;;1354;1
45;1;Wuppertal Hbf;1385;1386;0
45;2;Hagen Hbf;1404;1405;0
45;3;Bielefeld Hbf;1467;1469;0
45;4;Hannover Hbf;1527;1534;1
45;5;Berlin-Spandau;1634;1636;0
45;6;Berlin Hbf;1645;1652;1
45;7;Berlin Südkreuz;1656;;0
46;0;Berlin Südkreuz;;414;0
46;1;Berlin Hbf;418;425;1
46;2;Berlin-Spandau;434;436;0
46;3;Hannover Hbf;536;541;1
46;4;Bielefeld Hbf;599;601;0
46;5;Hagen Hbf;663;664;0
46;6;Wuppertal Hbf;682;683;0
46;7;Köln Hbf;714;;1
47;0;Berlin Südkreuz;;534;0
47;1;Berlin Hbf;538;545;1
47;2;Berlin-Spandau;554;556;0
47;3;Hannover Hbf;656;661;1
47;4;Bielefeld Hbf;719;721;0
47;5;Hagen Hbf;783;784;0
47;6;Wuppertal Hbf;802;803;0
47;7;Köln Hbf;834;;1
48;0;Berlin Südkreuz;;654;0
48;1;Berlin Hbf;658;665;1
48;2;Berlin-Spandau;674;676;0
48;3;Hannover Hbf;776;781;1
48;4;Bielefeld Hbf;839;841;0
48;5;Hagen Hbf;903;904;0
48;6;Wuppertal Hbf;922;923;0
48;7;Köln Hbf;954;;1
49;0;Berlin Südkreuz;;774;0
49;1;Berlin Hbf;778;785;1
49;2;Berlin-Spandau;794;796;0
49;3;Hannover Hbf;896;901;1
49;4;Bielefeld Hbf;959;961;0
49;5;Hagen Hbf;1023;1024;0
49;6;Wuppertal Hbf;1042;1043;0
49;7;Köln Hbf;1074;;1
50;0;Berlin Südkreuz;;894;0
50;1;Berlin Hbf;898;905;1
50;2;Berlin-Spandau;914;916;0
50;3;Hannover Hbf;1016;1021;1
50;4;Bielefeld Hbf;1079;1081;0
50;5;Hagen Hbf;1143;1144;0
50;6;Wuppertal Hbf;1162;1163;0
50;7;Köln Hbf;1194;;1
51;0;Berlin Südkreuz;;1014;0
51;1;Berlin Hbf;1018;1025;1
51;2;Berlin-Spandau;1034;1036;0
51;3;Hannover Hbf;1136;1141;1
51;4;Bielefeld Hbf;1199;1201;0
51;5;Hagen Hbf;1263;1264;0
51;6;Wuppertal Hbf;1282;1283;0
51;7;Köln Hbf;1314;;1
52;0;Berlin Südkreuz;;1134;0
52;1;Berlin Hbf;1138;1145;1
52;2;Berlin-Spandau;1154;1156;0
52;3;Hannover Hbf;1256;1261;1
52;4;Bielefeld Hbf;1319;1321;0
52;5;Hagen Hbf;1383;1384;0
52;6;Wuppertal Hbf;1402;1403;0
52;7;Köln Hbf;1434;;1
53;0;Berlin Südkreuz;;1254;0
53;1;Berlin Hbf;1258;1265;1
53;2;Berlin-Spandau;1274;1276;0
53;3;Hannover Hbf;1376;1381;1
53;4;Bielefeld Hbf;1439;1441;0
53;5;Hagen Hbf;1503;1504;0
53;6;Wuppertal Hbf;1522;1523;0
53;7;Köln Hbf;1554;;1
54;0;Berlin Südkreuz;;1374;0
54;1;Berlin Hbf;1378;1385;1
54;2;Berlin-Spandau;1394;1396;0
54;3;Hannover Hbf;1496;1501;1
54;4;Bielefeld Hbf;1559;1561;0
54;5;Hagen Hbf;1623;1624;0
54;6;Wuppertal Hbf;1642;1643;0
54;7;Köln Hbf;1674;;1
55;0;München Hbf;;389;1
55;1;Nürnberg Hbf;471;478;1
55;2;Erfurt Hbf;554;558;1
55;3;Halle(Saale)Hbf;585;587;0
55;4;Berlin Südkreuz;645;;0
56;0;München Hbf;;509;1
56;1;Nürnberg Hbf;591;598;1
56;2;Erfurt Hbf;674;678;1
56;3;Halle(Saale)Hbf;705;707;0
56;4;Berlin Südkreuz;765;;0
57;0;München Hbf;;629;1
57;1;Nürnberg Hbf;711;718;1
57;2;Erfurt Hbf;794;798;1
57;3;Halle(Saale)Hbf;825;827;0
57;4;Berlin Südkreuz;885;;0
58;0;München Hbf;;749;1
58;1;Nürnberg Hbf;831;838;1
58;2;Erfurt Hbf;914;918;1
58;3;Halle(Saale)Hbf;945;947;0
58;4;Berlin Südkreuz;1005;;0
59;0;München Hbf;;869;1
59;1;Nürnberg Hbf;951;958;1
59;2;Erfurt Hbf;1034;1038;1
59;3;Halle(Saale)Hbf;1065;1067;0
59;4;Berlin Südkreuz;1125;;0
60;0;München Hbf;;989;1
60;1;Nürnberg Hbf;1071;1078;1
60;2;Erfurt Hbf;1154;1158;1
60;3;Halle(Saale)Hbf;1185;1187;0
60;4;Berlin Südkreuz;1245;;0
61;0;München Hbf;;1109;1
61;1;Nürnberg Hbf;1191;1198;1
61;2;Erfurt Hbf;1274;1278;1
61;3;Halle(Saale)Hbf;1305;1307;0
61;4;Berlin Südkreuz;1365;;0
62;0;München Hbf;;1229;1
62;1;Nürnberg Hbf;1311;1318;1
62;2;Erfurt Hbf;1394;1398;1
62;3;Halle(Saale)Hbf;1425;1427;0
62;4;Berlin Südkreuz;1485;;0
63;0;München Hbf;;1349;1
63;1;Nürnberg Hbf;1431;1438;1
63;2;Erfurt Hbf;1514;1518;1
63;3;Halle(Saale)Hbf;1545;1547;0
63;4;Berlin Südkreuz;1605;;0
64;0;Berlin Südkreuz;;405;0
64;1;Halle(Saale)Hbf;463;465;0
64;2;Erfurt Hbf;492;498;1
64;3;Nürnberg Hbf;591;598;1
64;4;München Hbf;679;;1
65;0;Berlin Südkreuz;;525;0
65;1;Halle(Saale)Hbf;583;585;0
65;2;Erfurt Hbf;612;618;1
65;3;Nürnberg Hbf;711;718;1
65;4;München Hbf;799;;1
66;0;Berlin Südkreuz;;645;0
66;1;Halle(Saale)Hbf;703;705;0
66;2;Erfurt Hbf;732;738;1
66;3;Nürnberg Hbf;831;838;1
66;4;München Hbf;919;;1
67;0;Berlin Südkreuz;;765;0
67;1;Halle(Saale)Hbf;823;825;0
67;2;Erfurt Hbf;852;858;1
67;3;Nürnberg Hbf;951;958;1
67;4;München Hbf;1039;;1
68;0;Berlin Südkreuz;;885;0
68;1;Halle(Saale)Hbf;943;945;0
68;2;Erfurt Hbf;972;978;1
68;3;Nürnberg Hbf;1071;1078;1
68;4;München Hbf;1159;;1
69;0;Berlin Südkreuz;;1005;0
69;1;Halle(Saale)Hbf;1063;1065;0
69;2;Erfurt Hbf;1092;1098;1
69;3;Nürnberg Hbf;1191;1198;1
69;4;München Hbf;1279;;1
70;0;Berlin Südkreuz;;1125;0
70;1;Halle(Saale)Hbf;1183;1185;0
70;2;Erfurt Hbf;1212;1218;1
70;3;Nürnberg Hbf;1311;1318;1
70;4;München Hbf;1399;;1
71;0;Berlin Südkreuz;;1245;0
71;1;Halle(Saale)Hbf;1303;1305;0
71;2;Erfurt Hbf;1332;1338;1
71;3;Nürnberg Hbf;1431;1438;1
71;4;München Hbf;1519;;1
72;0;Berlin Südkreuz;;1365;0
72;1;Halle(Saale)Hbf;1423;1425;0
72;2;Erfurt Hbf;1452;1458;1
72;3;Nürnberg Hbf;1551;1558;1
72;4;München Hbf;1639;;1
73;0;Frankfurt(Main)Hbf;;379;1
73;1;Erfurt Hbf;524;528;1
73;2;Halle(Saale)Hbf;556;558;0
73;3;Berlin Südkreuz;619;621;0
73;4;Berlin Hbf;625;;1
74;0;Frankfurt(Main)Hbf;;499;1
74;1;Erfurt Hbf;644;648;1
74;2;Halle(Saale)Hbf;676;678;0
74;3;Berlin Südkreuz;739;741;0
74;4;Berlin Hbf;745;;1
75;0;Frankfurt(Main)Hbf;;619;1
75;1;Erfurt Hbf;764;768;1
75;2;Halle(Saale)Hbf;796;798;0
75;3;Berlin Südkreuz;859;861;0
75;4;Berlin Hbf;865;;1
76;0;Frankfurt(Main)Hbf;;739;1
76;1;Erfurt Hbf;884;888;1
76;2;Halle(Saale)Hbf;916;918;0
76;3;Berlin Südkreuz;979;981;0
76;4;Berlin Hbf;985;;1
77;0;Frankfurt(Main)Hbf;;859;1
77;1;Erfurt Hbf;1004;1008;1
77;2;Halle(Saale)Hbf;1036;1038;0
77;3;Berlin Südkreuz;1099;1101;0
77;4;Berlin Hbf;1105;;1
78;0;Frankfurt(Main)Hbf;;979;1
78;1;Erfurt Hbf;1124;1128;1
78;2;Halle(Saale)Hbf;1156;1158;0
78;3;Berlin Südkreuz;1219;1221;0
78;4;Berlin Hbf;1225;;1
79;0;Frankfurt(Main)Hbf;;1099;1
79;1;Erfurt Hbf;1244;1248;1
79;2;Halle(Saale)Hbf;1276;1278;0
79;3;Berlin Südkreuz;1339;1341;0
79;4;Berlin Hbf;1345;;1
80;0;Frankfurt(Main)Hbf;;1219;1
80;1;Erfurt Hbf;1364;1368;1
80;2;Halle(Saale)Hbf;1396;1398;0
80;3;Berlin Südkreuz;1459;1461;0
80;4;Berlin Hbf;1465;;1
81;0;Frankfurt(Main)Hbf;;1339;1
81;1;Erfurt Hbf;1484;1488;1
81;2;Halle(Saale)Hbf;1516;1518;0
81;3;Berlin Südkreuz;1579;1581;0
81;4;Berlin Hbf;1585;;1
82;0;Berlin Hbf;;365;1
82;1;Berlin Südkreuz;369;371;0
82;2;Halle(Saale)Hbf;432;434;0
82;3;Erfurt Hbf;462;468;1
82;4;Frankfurt(Main)Hbf;609;;1
83;0;Berlin Hbf;;485;1
83;1;Berlin Südkreuz;489;491;0
83;2;Halle(Saale)Hbf;552;554;0
83;3;Erfurt Hbf;582;588;1
83;4;Frankfurt(Main)Hbf;729;;1
84;0;Berlin Hbf;;605;1
84;1;Berlin Südkreuz;609;611;0
84;2;Halle(Saale)Hbf;672;674;0
84;3;Erfurt Hbf;702;708;1
84;4;Frankfurt(Main)Hbf;849;;1
85;0;Berlin Hbf;;725;1
85;1;Berlin Südkreuz;729;731;0
85;2;Halle(Saale)Hbf;792;794;0
85;3;Erfurt Hbf;822;828;1
85;4;Frankfurt(Main)Hbf;969;;1
86;0;Berlin Hbf;;845;1
86;1;Berlin Südkreuz;849;851;0
86;2;Halle(Saale)Hbf;912;914;0
86;3;Erfurt Hbf;942;948;1
86;4;Frankfurt(Main)Hbf;1089;;1
87;0;Berlin Hbf;;965;1
87;1;Berlin Südkreuz;969;971;0
87;2;Halle(Saale)Hbf;1032;1034;0
87;3;Erfurt Hbf;1062;1068;1
87;4;Frankfurt(Main)Hbf;1209;;1
88;0;Berlin Hbf;;1085;1
88;1;Berlin Südkreuz;1089;1091;0
88;2;Halle(Saale)Hbf;1152;1154;0
88;3;Erfurt Hbf;1182;1188;1
88;4;Frankfurt(Main)Hbf;1329;;1
89;0;Berlin Hbf;;1205;1
89;1;Berlin Südkreuz;1209;1211;0
89;2;Halle(Saale)Hbf;1272;1274;0
89;3;Erfurt Hbf;1302;1308;1
89;4;Frankfurt(Main)Hbf;1449;;1
90;0;Berlin Hbf;;1325;1
90;1;Berlin Südkreuz;1329;1331;0
90;2;Halle(Saale)Hbf;1392;1394;0
90;3;Erfurt Hbf;1422;1428;1
90;4;Frankfurt(Main)Hbf;1569;;1
91;0;Paris Est;;360;0
91;1;Forbach(fr);467;468;0
91;2;Saarbrücken Hbf;469;;0
92;0;Paris Est;;480;0
92;1;Forbach(fr);587;588;0
92;2;Saarbrücken Hbf;589;;0
93;0;Paris Est;;600;0
93;1;Forbach(fr);707;708;0
93;2;Saarbrücken Hbf;709;;0
94;0;Paris Est;;720;0
94;1;Forbach(fr);827;828;0
94;2;Saarbrücken Hbf;829;;0
95;0;Paris Est;;840;0
95;1;Forbach(fr);947;948;0
95;2;Saarbrücken Hbf;949;;0
96;0;Paris Est;;960;0
96;1;Forbach(fr);1067;1068;0
96;2;Saarbrücken Hbf;1069;;0
97;0;Paris Est;;1080;0
97;1;Forbach(fr);1187;1188;0
97;2;Saarbrücken Hbf;1189;;0
98;0;Paris Est;;1200;0
98;1;Forbach(fr);1307;1308;0
98;2;Saarbrücken Hbf;1309;;0
99;0;Paris Est;;1320;0
99;1;Forbach(fr);1427;1428;0
99;2;Saarbrücken Hbf;1429;;0
100;0;Saarbrücken Hbf;;360;0
100;1;Forbach(fr);361;362;0
100;2;Paris Est;469;;0
101;0;Saarbrücken Hbf;;480;0
101;1;Forbach(fr);481;482;0
101;2;Paris Est;589;;0
102;0;Saarbrücken Hbf;;600;0
102;1;Forbach(fr);601;602;0
102;2;Paris Est;709;;0
103;0;Saarbrücken Hbf;;720;0
103;1;Forbach(fr);721;722;0
103;2;Paris Est;829;;0
104;0;Saarbrücken Hbf;;840;0
104;1;Forbach(fr);841;842;0
104;2;Paris Est;949;;0
105;0;Saarbrücken Hbf;;960;0
105;1;Forbach(fr);961;962;0
105;2;Paris Est;1069;;0
106;0;Saarbrücken Hbf;;1080;0
106;1;Forbach(fr);1081;1082;0
106;2;Paris Est;1189;;0
107;0;Saarbrücken Hbf;;1200;0
107;1;Forbach(fr);1201;1202;0
107;2;Paris Est;1309;;0
108;0;Saarbrücken Hbf;;1320;0
108;1;Forbach(fr);1321;1322;0
108;2;Paris Est;1429;;0
109;0;Stuttgart Hbf;;380;1
109;1;Nürnberg Hbf;534;538;1
109;2;Berlin Südkreuz;709;711;0
109;3;Berlin Hbf;715;722;1
109;4;Berlin Gesundbrunnen;726;;0
110;0;Stuttgart Hbf;;500;1
110;1;Nürnberg Hbf;654;658;1
110;2;Berlin Südkreuz;829;831;0
110;3;Berlin Hbf;835;842;1
110;4;Berlin Gesundbrunnen;846;;0
111;0;Stuttgart Hbf;;620;1
111;1;Nürnberg Hbf;774;778;1
111;2;Berlin Südkreuz;949;951;0
111;3;Berlin Hbf;955;962;1
111;4;Berlin Gesundbrunnen;966;;0
112;0;Stuttgart Hbf;;740;1
112;1;Nürnberg Hbf;894;898;1
112;2;Berlin Südkreuz;1069;1071;0
112;3;Berlin Hbf;1075;1082;1
112;4;Berlin Gesundbrunnen;1086;;0
113;0;Stuttgart Hbf;;860;1
113;1;Nürnberg Hbf;1014;1018;1
113;2;Berlin Südkreuz;1189;1191;0
113;3;Berlin Hbf;1195;1202;1
113;4;Berlin Gesundbrunnen;1206;;0
114;0;Stuttgart Hbf;;980;1
114;1;Nürnberg Hbf;1134;1138;1
114;2;Berlin Südkreuz;1309;1311;0
114;3;Berlin Hbf;1315;1322;1
114;4;Berlin Gesundbrunnen;1326;;0
115;0;Stuttgart Hbf;;1100;1
115;1;Nürnberg Hbf;1254;1258;1
115;2;Berlin Südkreuz;1429;1431;0
115;3;Berlin Hbf;1435;1442;1
115;4;Berlin Gesundbrunnen;1446;;0
116;0;Stuttgart Hbf;;1220;1
116;1;Nürnberg Hbf;1374;1378;1
116;2;Berlin Südkreuz;1549;1551;0
116;3;Berlin Hbf;1555;1562;1
116;4;Berlin Gesundbrunnen;1566;;0
117;0;Stuttgart Hbf;;1340;1
117;1;Nürnberg Hbf;1494;1498;1
117;2;Berlin Südkreuz;1669;1671;0
117;3;Berlin Hbf;1675;1682;1
117;4;Berlin Gesundbrunnen;1686;;0
118;0;Berlin Gesundbrunnen;;414;0
118;1;Berlin Hbf;418;425;1
118;2;Berlin Südkreuz;429;431;0
118;3;Nürnberg Hbf;591;601;1
118;4;Stuttgart Hbf;735;;1
119;0;Berlin Gesundbrunnen;;534;0
119;1;Berlin Hbf;538;545;1
119;2;Berlin Südkreuz;549;551;0
119;3;Nürnberg Hbf;711;721;1
119;4;Stuttgart Hbf;855;;1
120;0;Berlin Gesundbrunnen;;654;0
120;1;Berlin Hbf;658;665;1
120;2;Berlin Südkreuz;669;671;0
120;3;Nürnberg Hbf;831;841;1
120;4;Stuttgart Hbf;975;;1
121;0;Berlin Gesundbrunnen;;774;0
121;1;Berlin Hbf;778;785;1
121;2;Berlin Südkreuz;789;791;0
121;3;Nürnberg Hbf;951;961;1
121;4;Stuttgart Hbf;1095;;1
122;0;Berlin Gesundbrunnen;;894;0
122;1;Berlin Hbf;898;905;1
122;2;Berlin Südkreuz;909;911;0
122;3;Nürnberg Hbf;1071;1081;1
122;4;Stuttgart Hbf;1215;;1
123;0;Berlin Gesundbrunnen;;1014;0
123;1;Berlin Hbf;1018;1025;1
123;2;Berlin Südkreuz;1029;1031;0
123;3;Nürnberg Hbf;1191;1201;1
123;4;Stuttgart Hbf;1335;;1
124;0;Berlin Gesundbrunnen;;1134;0
124;1;Berlin Hbf;1138;1145;1
124;2;Berlin Südkreuz;1149;1151;0
124;3;Nürnberg Hbf;1311;1321;1
124;4;Stuttgart Hbf;1455;;1
125;0;Berlin Gesundbrunnen;;1254;0
125;1;Berlin Hbf;1258;1265;1
125;2;Berlin Südkreuz;1269;1271;0
125;3;Nürnberg Hbf;1431;1441;1
125;4;Stuttgart Hbf;1575;;1
126;0;Berlin Gesundbrunnen;;1374;0
126;1;Berlin Hbf;1378;1385;1
126;2;Berlin Südkreuz;1389;1391;0
126;3;Nürnberg Hbf;1551;1561;1
126;4;Stuttgart Hbf;1695;;1
127;0;Padborg st;;360;0
127;1;Kolding st;401;402;0
127;2;Odense st;440;441;0
127;3;Ringsted st;491;492;0
127;4;Koebenhavn H;521;;0
128;0;Padborg st;;480;0
128;1;Kolding st;521;522;0
128;2;Odense st;560;561;0
128;3;Ringsted st;611;612;0
128;4;Koebenhavn H;641;;0
129;0;Padborg st;;600;0
129;1;Kolding st;641;642;0
129;2;Odense st;680;681;0
129;3;Ringsted st;731;732;0
129;4;Koebenhavn H;761;;0
130;0;Padborg st;;720;0
130;1;Kolding st;761;762;0
130;2;Odense st;800;801;0
130;3;Ringsted st;851;852;0
130;4;Koebenhavn H;881;;0
131;0;Padborg st;;840;0
131;1;Kolding st;881;882;0
131;2;Odense st;920;921;0
131;3;Ringsted st;971;972;0
131;4;Koebenhavn H;1001;;0
132;0;Padborg st;;960;0
132;1;Kolding st;1001;1002;0
132;2;Odense st;1040;1041;0
132;3;Ringsted st;1091;1092;0
132;4;Koebenhavn H;1121;;0
133;0;Padborg st;;1080;0
133;1;Kolding st;1121;1122;0
133;2;Odense st;1160;1161;0
133;3;Ringsted st;1211;1212;0
133;4;Koebenhavn H;1241;;0
134;0;Padborg st;;1200;0
134;1;Kolding st;1241;1242;0
134;2;Odense st;1280;1281;0
134;3;Ringsted st;1331;1332;0
134;4;Koebenhavn H;1361;;0
135;0;Padborg st;;1320;0
135;1;Kolding st;1361;1362;0
135;2;Odense st;1400;1401;0
135;3;Ringsted st;1451;1452;0
135;4;Koebenhavn H;1481;;0
136;0;Koebenhavn H;;360;0
136;1;Ringsted st;388;389;0
136;2;Odense st;430;431;0
136;3;Kolding st;467;468;0
136;4;Padborg st;510;;0
137;0;Koebenhavn H;;480;0
137;1;Ringsted st;508;509;0
137;2;Odense st;550;551;0
137;3;Kolding st;587;588;0
137;4;Padborg st;630;;0
138;0;Koebenhavn H;;600;0
138;1;Ringsted st;628;629;0
138;2;Odense st;670;671;0
138;3;Kolding st;707;708;0
138;4;Padborg st;750;;0
139;0;Koebenhavn H;;720;0
139;1;Ringsted st;748;749;0
139;2;Odense st;790;791;0
139;3;Kolding st;827;828;0
139;4;Padborg st;870;;0
140;0;Koebenhavn H;;840;0
140;1;Ringsted st;868;869;0
140;2;Odense st;910;911;0
140;3;Kolding st;947;948;0
140;4;Padborg st;990;;0
141;0;Koebenhavn H;;960;0
141;1;Ringsted st;988;989;0
141;2;Odense st;1030;1031;0
141;3;Kolding st;1067;1068;0
141;4;Padborg st;1110;;0
142;0;Koebenhavn H;;1080;0
142;1;Ringsted st;1108;1109;0
142;2;Odense st;1150;1151;0
142;3;Kolding st;1187;1188;0
142;4;Padborg st;1230;;0
143;0;Koebenhavn H;;1200;0
143;1;Ringsted st;1228;1229;0
143;2;Odense st;1270;1271;0
143;3;Kolding st;1307;1308;0
143;4;Padborg st;1350;;0
144;0;Koebenhavn H;;1320;0
144;1;Ringsted st;1348;1349;0
144;2;Odense st;1390;1391;0
144;3;Kolding st;1427;1428;0
144;4;Padborg st;1470;;0
145;0;Basel SBB;;400;0
145;1;Basel Bad Bf;407;408;0
145;2;Freiburg(Breisgau) Hbf;436;437;0
145;3;Offenburg;466;467;0
145;4;Karlsruhe Hbf;502;510;1
145;5;Mannheim Hbf;536;542;1
145;6;Frankfurt(Main)Hbf;582;586;1
145;7;Kassel-Wilhelmshöhe;684;694;1
145;8;Göttingen;712;714;0
145;9;Hannover Hbf;747;754;1
145;10;Uelzen;801;802;0
145;11;Hamburg Hbf;853;;1
146;0;Basel SBB;;520;0
146;1;Basel Bad Bf;527;528;0
146;2;Freiburg(Breisgau) Hbf;556;557;0
146;3;Offenburg;586;587;0
146;4;Karlsruhe Hbf;622;630;1
146;5;Mannheim Hbf;656;662;1
146;6;Frankfurt(Main)Hbf;702;706;1
146;7;Kassel-Wilhelmshöhe;804;814;1
146;8;Göttingen;832;834;0
146;9;Hannover Hbf;867;874;1
146;10;Uelzen;921;922;0
146;11;Hamburg Hbf;973;;1
147;0;Basel SBB;;640;0
147;1;Basel Bad Bf;647;648;0
147;2;Freiburg(Breisgau) Hbf;676;677;0
147;3;Offenburg;706;707;0
147;4;Karlsruhe Hbf;742;750;1
147;5;Mannheim Hbf;776;782;1
147;6;Frankfurt(Main)Hbf;822;826;1
147;7;Kassel-Wilhelmshöhe;924;934;1
147;8;Göttingen;952;954;0
147;9;Hannover Hbf;987;994;1
147;10;Uelzen;1041;1042;0
147;11;Hamburg Hbf;1093;;1
148;0;Basel SBB;;760;0
148;1;Basel Bad Bf;767;768;0
148;2;Freiburg(Breisgau) Hbf;796;797;0
148;3;Offenburg;826;827;0
148;4;Karlsruhe Hbf;862;870;1
148;5;Mannheim Hbf;896;902;1
148;6;Frankfurt(Main)Hbf;942;946;1
148;7;Kassel-Wilhelmshöhe;1044;1054;1
148;8;Göttingen;1072;1074;0
148;9;Hannover Hbf;1107;1114;1
148;10;Uelzen;1161;1162;0
148;11;Hamburg Hbf;1213;;1
149;0;Basel SBB;;880;0
149;1;Basel Bad Bf;887;888;0
149;2;Freiburg(Breisgau) Hbf;916;917;0
149;3;Offenburg;946;947;0
149;4;Karlsruhe Hbf;982;990;1
149;5;Mannheim Hbf;1016;1022;1
149;6;Frankfurt(Main)Hbf;1062;1066;1
149;7;Kassel-Wilhelmshöhe;1164;1174;1
149;8;Göttingen;1192;1194;0
149;9;Hannover Hbf;1227;1234;1
149;10;Uelzen;1281;1282;0
149;11;Hamburg Hbf;1333;;1
150;0;Basel SBB;;1000;0
150;1;Basel Bad Bf;1007;1008;0
150;2;Freiburg(Breisgau) Hbf;1036;1037;0
150;3;Offenburg;1066;1067;0
150;4;Karlsruhe Hbf;1102;1110;1
150;5;Mannheim Hbf;1136;1142;1
150;6;Frankfurt(Main)Hbf;1182;1186;1
150;7;Kassel-Wilhelmshöhe;1284;1294;1
150;8;Göttingen;1312;1314;0
150;9;Hannover Hbf;1347;1354;1
150;10;Uelzen;1401;1402;0
150;11;Hamburg Hbf;1453;;1
151;0;Basel SBB;;1120;0
151;1;Basel Bad Bf;1127;1128;0
151;2;Freiburg(Breisgau) Hbf;1156;1157;0
151;3;Offenburg;1186;1187;0
151;4;Karlsruhe Hbf;1222;1230;1
151;5;Mannheim Hbf;1256;1262;1
151;6;Frankfurt(Main)Hbf;1302;1306;1
151;7;Kassel-Wilhelmshöhe;1404;1414;1
151;8;Göttingen;1432;1434;0
151;9;Hannover Hbf;1467;1474;1
151;10;Uelzen;1521;1522;0
151;11;Hamburg Hbf;1573;;1
152;0;Basel SBB;;1240;0
152;1;Basel Bad Bf;1247;1248;0
152;2;Freiburg(Breisgau) Hbf;1276;1277;0
152;3;Offenburg;1306;1307;0
152;4;Karlsruhe Hbf;1342;1350;1
152;5;Mannheim Hbf;1376;1382;1
152;6;Frankfurt(Main)Hbf;1422;1426;1
152;7;Kassel-Wilhelmshöhe;1524;1534;1
152;8;Göttingen;1552;1554;0
152;9;Hannover Hbf;1587;1594;1
152;10;Uelzen;1641;1642;0
152;11;Hamburg Hbf;1693;;1
153;0;Basel SBB;;1360;0
153;1;Basel Bad Bf;1367;1368;0
153;2;Freiburg(Breisgau) Hbf;1396;1397;0
153;3;Offenburg;1426;1427;0
153;4;Karlsruhe Hbf;1462;1470;1
153;5;Mannheim Hbf;1496;1502;1
153;6;Frankfurt(Main)Hbf;1542;1546;1
153;7;Kassel-Wilhelmshöhe;1644;1654;1
153;8;Göttingen;1672;1674;0
153;9;Hannover Hbf;1707;1714;1
153;10;Uelzen;1761;1762;0
153;11;Hamburg Hbf;1813;;1
154;0;Hamburg Hbf;;377;1
154;1;Uelzen;426;427;0
154;2;Hannover Hbf;476;481;1
154;3;Göttingen;513;515;0
154;4;Kassel-Wilhelmshöhe;534;544;1
154;5;Frankfurt(Main)Hbf;642;646;1
154;6;Mannheim Hbf;686;692;1
154;7;Karlsruhe Hbf;715;719;1
154;8;Offenburg;751;752;0
154;9;Freiburg(Breisgau) Hbf;783;784;0
154;10;Basel Bad Bf;811;812;0
154;11;Basel SBB;819;;0
155;0;Hamburg Hbf;;497;1
155;1;Uelzen;546;547;0
155;2;Hannover Hbf;596;601;1
155;3;Göttingen;633;635;0
155;4;Kassel-Wilhelmshöhe;654;664;1
155;5;Frankfurt(Main)Hbf;762;766;1
155;6;Mannheim Hbf;806;812;1
155;7;Karlsruhe Hbf;835;839;1
155;8;Offenburg;871;872;0
155;9;Freiburg(Breisgau) Hbf;903;904;0
155;10;Basel Bad Bf;931;932;0
155;11;Basel SBB;939;;0
156;0;Hamburg Hbf;;617;1
156;1;Uelzen;666;667;0
156;2;Hannover Hbf;716;721;1
156;3;Göttingen;753;755;0
156;4;Kassel-Wilhelmshöhe;774;784;1
156;5;Frankfurt(Main)Hbf;882;886;1
156;6;Mannheim Hbf;926;932;1
156;7;Karlsruhe Hbf;955;959;1
156;8;Offenburg;991;992;0
156;9;Freiburg(Breisgau) Hbf;1023;1024;0
156;10;Basel Bad Bf;1051;1052;0
156;11;Basel SBB;1059;;0
157;0;Hamburg Hbf;;737;1
157;1;Uelzen;786;787;0
157;2;Hannover Hbf;836;841;1
157;3;Göttingen;873;875;0
157;4;Kassel-Wilhelmshöhe;894;904;1
157;5;Frankfurt(Main)Hbf;1002;1006;1
157;6;Mannheim Hbf;1046;1052;1
157;7;Karlsruhe Hbf;1075;1079;1
157;8;Offenburg;1111;1112;0
157;9;Freiburg(Breisgau) Hbf;1143;1144;0
157;10;Basel Bad Bf;1171;1172;0
157;11;Basel SBB;1179;;0
158;0;Hamburg Hbf;;857;1
158;1;Uelzen;906;907;0
158;2;Hannover Hbf;956;961;1
158;3;Göttingen;993;995;0
158;4;Kassel-Wilhelmshöhe;1014;1024;1
158;5;Frankfurt(Main)Hbf;1122;1126;1
158;6;Mannheim Hbf;1166;1172;1
158;7;Karlsruhe Hbf;1195;1199;1
158;8;Offenburg;1231;1232;0
158;9;Freiburg(Breisgau) Hbf;1263;1264;0
158;10;Basel Bad Bf;1291;1292;0
158;11;Basel SBB;1299;;0
159;0;Hamburg Hbf;;977;1
159;1;Uelzen;1026;1027;0
159;2;Hannover Hbf;1076;1081;1
159;3;Göttingen;1113;1115;0
159;4;Kassel-Wilhelmshöhe;1134;1144;1
159;5;Frankfurt(Main)Hbf;1242;1246;1
159;6;Mannheim Hbf;1286;1292;1
159;7;Karlsruhe Hbf;1315;1319;1
159;8;Offenburg;1351;1352;0
159;9;Freiburg(Breisgau) Hbf;1383;1384;0
159;10;Basel Bad Bf;1411;1412;0
159;11;Basel SBB;1419;;0
160;0;Hamburg Hbf;;1097;1
160;1;Uelzen;1146;1147;0
160;2;Hannover Hbf;1196;1201;1
160;3;Göttingen;1233;1235;0
160;4;Kassel-Wilhelmshöhe;1254;1264;1
160;5;Frankfurt(Main)Hbf;1362;1366;1
160;6;Mannheim Hbf;1406;1412;1
160;7;Karlsruhe Hbf;1435;1439;1
160;8;Offenburg;1471;1472;0
160;9;Freiburg(Breisgau) Hbf;1503;1504;0
160;10;Basel Bad Bf;1531;1532;0
160;11;Basel SBB;1539;;0
161;0;Hamburg Hbf;;1217;1
161;1;Uelzen;1266;1267;0
161;2;Hannover Hbf;1316;1321;1
161;3;Göttingen;1353;1355;0
161;4;Kassel-Wilhelmshöhe;1374;1384;1
161;5;Frankfurt(Main)Hbf;1482;1486;1
161;6;Mannheim Hbf;1526;1532;1
161;7;Karlsruhe Hbf;1555;1559;1
161;8;Offenburg;1591;1592;0
161;9;Freiburg(Breisgau) Hbf;1623;1624;0
161;10;Basel Bad Bf;1651;1652;0
161;11;Basel SBB;1659;;0
162;0;Hamburg Hbf;;1337;1
162;1;Uelzen;1386;1387;0
162;2;Hannover Hbf;1436;1441;1
162;3;Göttingen;1473;1475;0
162;4;Kassel-Wilhelmshöhe;1494;1504;1
162;5;Frankfurt(Main)Hbf;1602;1606;1
162;6;Mannheim Hbf;1646;1652;1
162;7;Karlsruhe Hbf;1675;1679;1
162;8;Offenburg;1711;1712;0
162;9;Freiburg(Breisgau) Hbf;1743;1744;0
162;10;Basel Bad Bf;1771;1772;0
162;11;Basel SBB;1779;;0
163;0;Flensburg;;360;0
163;1;Hamburg-Altona;461;;0
164;0;Flensburg;;480;0
164;1;Hamburg-Altona;581;;0
165;0;Flensburg;;600;0
165;1;Hamburg-Altona;701;;0
166;0;Flensburg;;720;0
166;1;Hamburg-Altona;821;;0
167;0;Flensburg;;840;0
167;1;Hamburg-Altona;941;;0
168;0;Flensburg;;960;0
168;1;Hamburg-Altona;1061;;0
169;0;Flensburg;;1080;0
169;1;Hamburg-Altona;1181;;0
170;0;Flensburg;;1200;0
170;1;Hamburg-Altona;1301;;0
171;0;Flensburg;;1320;0
171;1;Hamburg-Altona;1421;;0
172;0;Hamburg-Altona;;360;0
172;1;Flensburg;461;;0
173;0;Hamburg-Altona;;480;0
173;1;Flensburg;581;;0
174;0;Hamburg-Altona;;600;0
174;1;Flensburg;701;;0
175;0;Hamburg-Altona;;720;0
175;1;Flensburg;821;;0
176;0;Hamburg-Altona;;840;0
176;1;Flensburg;941;;0
177;0;Hamburg-Altona;;960;0
177;1;Flensburg;1061;;0
178;0;Hamburg-Altona;;1080;0
178;1;Flensburg;1181;;0
179;0;Hamburg-Altona;;1200;0
179;1;Flensburg;1301;;0
180;0;Hamburg-Altona;;1320;0
180;1;Flensburg;1421;;0
181;0;Hamburg Hbf;;377;1
181;1;Schleswig;469;470;0
181;2;Flensburg(Gr);495;496;0
181;3;Padborg st;497;;0
182;0;Hamburg Hbf;;497;1
182;1;Schleswig;589;590;0
182;2;Flensburg(Gr);615;616;0
182;3;Padborg st;617;;0
183;0;Hamburg Hbf;;617;1
183;1;Schleswig;709;710;0
183;2;Flensburg(Gr);735;736;0
183;3;Padborg st;737;;0
184;0;Hamburg Hbf;;737;1
184;1;Schleswig;829;830;0
184;2;Flensburg(Gr);855;856;0
184;3;Padborg st;857;;0
185;0;Hamburg Hbf;;857;1
185;1;Schleswig;949;950;0
185;2;Flensburg(Gr);975;976;0
185;3;Padborg st;977;;0
186;0;Hamburg Hbf;;977;1
186;1;Schleswig;1069;1070;0
186;2;Flensburg(Gr);1095;1096;0
186;3;Padborg st;1097;;0
187;0;Hamburg Hbf;;1097;1
187;1;Schleswig;1189;1190;0
187;2;Flensburg(Gr);1215;1216;0
187;3;Padborg st;1217;;0
188;0;Hamburg Hbf;;1217;1
188;1;Schleswig;1309;1310;0
188;2;Flensburg(Gr);1335;1336;0
188;3;Padborg st;1337;;0
189;0;Hamburg Hbf;;1337;1
189;1;Schleswig;1429;1430;0
189;2;Flensburg(Gr);1455;1456;0
189;3;Padborg st;1457;;0
190;0;Padborg st;;374;0
190;1;Flensburg(Gr);375;376;0
190;2;Schleswig;402;403;0
190;3;Hamburg Hbf;493;;1
191;0;Padborg st;;494;0
191;1;Flensburg(Gr);495;496;0
191;2;Schleswig;522;523;0
191;3;Hamburg Hbf;613;;1
192;0;Padborg st;;614;0
192;1;Flensburg(Gr);615;616;0
192;2;Schleswig;642;643;0
192;3;Hamburg Hbf;733;;1
193;0;Padborg st;;734;0
193;1;Flensburg(Gr);735;736;0
193;2;Schleswig;762;763;0
193;3;Hamburg Hbf;853;;1
194;0;Padborg st;;854;0
194;1;Flensburg(Gr);855;856;0
194;2;Schleswig;882;883;0
194;3;Hamburg Hbf;973;;1
195;0;Padborg st;;974;0
195;1;Flensburg(Gr);975;976;0
195;2;Schleswig;1002;1003;0
195;3;Hamburg Hbf;1093;;1
196;0;Padborg st;;1094;0
196;1;Flensburg(Gr);1095;1096;0
196;2;Schleswig;1122;1123;0
196;3;Hamburg Hbf;1213;;1
197;0;Padborg st;;1214;0
197;1;Flensburg(Gr);1215;1216;0
197;2;Schleswig;1242;1243;0
197;3;Hamburg Hbf;1333;;1
198;0;Padborg st;;1334;0
198;1;Flensburg(Gr);1335;1336;0
198;2;Schleswig;1362;1363;0
198;3;Hamburg Hbf;1453;;1
199;0;Basel Bad Bf;;410;0
199;1;Freiburg(Breisgau) Hbf;437;438;0
199;2;Ringsheim/Europa-Park;454;455;0
199;3;Karlsruhe Hbf;502;510;1
199;4;Mannheim Hbf;566;572;1
199;5;Frankfurt(Main)Hbf;642;;1
200;0;Basel Bad Bf;;530;0
200;1;Freiburg(Breisgau) Hbf;557;558;0
200;2;Ringsheim/Europa-Park;574;575;0
200;3;Karlsruhe Hbf;622;630;1
200;4;Mannheim Hbf;686;692;1
200;5;Frankfurt(Main)Hbf;762;;1
201;0;Basel Bad Bf;;650;0
201;1;Freiburg(Breisgau) Hbf;677;678;0
201;2;Ringsheim/Europa-Park;694;695;0
201;3;Karlsruhe Hbf;742;750;1
201;4;Mannheim Hbf;806;812;1
201;5;Frankfurt(Main)Hbf;882;;1
202;0;Basel Bad Bf;;770;0
202;1;Freiburg(Breisgau) Hbf;797;798;0
202;2;Ringsheim/Europa-Park;814;815;0
202;3;Karlsruhe Hbf;862;870;1
202;4;Mannheim Hbf;926;932;1
202;5;Frankfurt(Main)Hbf;1002;;1
203;0;Basel Bad Bf;;890;0
203;1;Freiburg(Breisgau) Hbf;917;918;0
203;2;Ringsheim/Europa-Park;934;935;0
203;3;Karlsruhe Hbf;982;990;1
203;4;Mannheim Hbf;1046;1052;1
203;5;Frankfurt(Main)Hbf;1122;;1
204;0;Basel Bad Bf;;1010;0
204;1;Freiburg(Breisgau) Hbf;1037;1038;0
204;2;Ringsheim/Europa-Park;1054;1055;0
204;3;Karlsruhe Hbf;1102;1110;1
204;4;Mannheim Hbf;1166;1172;1
204;5;Frankfurt(Main)Hbf;1242;;1
205;0;Basel Bad Bf;;1130;0
205;1;Freiburg(Breisgau) Hbf;1157;1158;0
205;2;Ringsheim/Europa-Park;1174;1175;0
205;3;Karlsruhe Hbf;1222;1230;1
205;4;Mannheim Hbf;1286;1292;1
205;5;Frankfurt(Main)Hbf;1362;;1
206;0;Basel Bad Bf;;1250;0
206;1;Freiburg(Breisgau) Hbf;1277;1278;0
206;2;Ringsheim/Europa-Park;1294;1295;0
206;3;Karlsruhe Hbf;1342;1350;1
206;4;Mannheim Hbf;1406;1412;1
206;5;Frankfurt(Main)Hbf;1482;;1
207;0;Basel Bad Bf;;1370;0
207;1;Freiburg(Breisgau) Hbf;1397;1398;0
207;2;Ringsheim/Europa-Park;1414;1415;0
207;3;Karlsruhe Hbf;1462;1470;1
207;4;Mannheim Hbf;1526;1532;1
207;5;Frankfurt(Main)Hbf;1602;;1
208;0;Frankfurt(Main)Hbf;;376;1
208;1;Mannheim Hbf;446;452;1
208;2;Karlsruhe Hbf;475;479;1
208;3;Ringsheim/Europa-Park;524;525;0
208;4;Freiburg(Breisgau) Hbf;540;541;0
208;5;Basel Bad Bf;571;;0
209;0;Frankfurt(Main)Hbf;;496;1
209;1;Mannheim Hbf;566;572;1
209;2;Karlsruhe Hbf;595;599;1
209;3;Ringsheim/Europa-Park;644;645;0
209;4;Freiburg(Breisgau) Hbf;660;661;0
209;5;Basel Bad Bf;691;;0
210;0;Frankfurt(Main)Hbf;;616;1
210;1;Mannheim Hbf;686;692;1
210;2;Karlsruhe Hbf;715;719;1
210;3;Ringsheim/Europa-Park;764;765;0
210;4;Freiburg(Breisgau) Hbf;780;781;0
210;5;Basel Bad Bf;811;;0
211;0;Frankfurt(Main)Hbf;;736;1
211;1;Mannheim Hbf;806;812;1
211;2;Karlsruhe Hbf;835;839;1
211;3;Ringsheim/Europa-Park;884;885;0
211;4;Freiburg(Breisgau) Hbf;900;901;0
211;5;Basel Bad Bf;931;;0
212;0;Frankfurt(Main)Hbf;;856;1
212;1;Mannheim Hbf;926;932;1
212;2;Karlsruhe Hbf;955;959;1
212;3;Ringsheim/Europa-Park;1004;1005;0
212;4;Freiburg(Breisgau) Hbf;1020;1021;0
212;5;Basel Bad Bf;1051;;0
213;0;Frankfurt(Main)Hbf;;976;1
213;1;Mannheim Hbf;1046;1052;1
213;2;Karlsruhe Hbf;1075;1079;1
213;3;Ringsheim/Europa-Park;1124;1125;0
213;4;Freiburg(Breisgau) Hbf;1140;1141;0
213;5;Basel Bad Bf;1171;;0
214;0;Frankfurt(Main)Hbf;;1096;1
214;1;Mannheim Hbf;1166;1172;1
214;2;Karlsruhe Hbf;1195;1199;1
214;3;Ringsheim/Europa-Park;1244;1245;0
214;4;Freiburg(Breisgau) Hbf;1260;1261;0
214;5;Basel Bad Bf;1291;;0
215;0;Frankfurt(Main)Hbf;;1216;1
215;1;Mannheim Hbf;1286;1292;1
215;2;Karlsruhe Hbf;1315;1319;1
215;3;Ringsheim/Europa-Park;1364;1365;0
215;4;Freiburg(Breisgau) Hbf;1380;1381;0
215;5;Basel Bad Bf;1411;;0
216;0;Frankfurt(Main)Hbf;;1336;1
216;1;Mannheim Hbf;1406;1412;1
216;2;Karlsruhe Hbf;1435;1439;1
216;3;Ringsheim/Europa-Park;1484;1485;0
216;4;Freiburg(Breisgau) Hbf;1500;1501;0
216;5;Basel Bad Bf;1531;;0
217;0;Lindau-Reutin;;372;0
217;1;Memmingen;420;421;0
217;2;Buchloe;443;444;0
217;3;München Hbf;499;;1
218;0;Lindau-Reutin;;492;0
218;1;Memmingen;540;541;0
218;2;Buchloe;563;564;0
218;3;München Hbf;619;;1
219;0;Lindau-Reutin;;612;0
219;1;Memmingen;660;661;0
219;2;Buchloe;683;684;0
219;3;München Hbf;739;;1
220;0;Lindau-Reutin;;732;0
220;1;Memmingen;780;781;0
220;2;Buchloe;803;804;0
220;3;München Hbf;859;;1
221;0;Lindau-Reutin;;852;0
221;1;Memmingen;900;901;0
221;2;Buchloe;923;924;0
221;3;München Hbf;979;;1
222;0;Lindau-Reutin;;972;0
222;1;Memmingen;1020;1021;0
222;2;Buchloe;1043;1044;0
222;3;München Hbf;1099;;1
223;0;Lindau-Reutin;;1092;0
223;1;Memmingen;1140;1141;0
223;2;Buchloe;1163;1164;0
223;3;München Hbf;1219;;1
224;0;Lindau-Reutin;;1212;0
224;1;Memmingen;1260;1261;0
224;2;Buchloe;1283;1284;0
224;3;München Hbf;1339;;1
225;0;Lindau-Reutin;;1332;0
225;1;Memmingen;1380;1381;0
225;2;Buchloe;1403;1404;0
225;3;München Hbf;1459;;1
226;0;München Hbf;;389;1
226;1;Buchloe;433;434;0
226;2;Memmingen;456;457;0
226;3;Lindau-Reutin;506;;0
227;0;München Hbf;;509;1
227;1;Buchloe;553;554;0
227;2;Memmingen;576;577;0
227;3;Lindau-Reutin;626;;0
228;0;München Hbf;;629;1
228;1;Buchloe;673;674;0
228;2;Memmingen;696;697;0
228;3;Lindau-Reutin;746;;0
229;0;München Hbf;;749;1
229;1;Buchloe;793;794;0
229;2;Memmingen;816;817;0
229;3;Lindau-Reutin;866;;0
230;0;München Hbf;;869;1
230;1;Buchloe;913;914;0
230;2;Memmingen;936;937;0
230;3;Lindau-Reutin;986;;0
231;0;München Hbf;;989;1
231;1;Buchloe;1033;1034;0
231;2;Memmingen;1056;1057;0
231;3;Lindau-Reutin;1106;;0
232;0;München Hbf;;1109;1
232;1;Buchloe;1153;1154;0
232;2;Memmingen;1176;1177;0
232;3;Lindau-Reutin;1226;;0
233;0;München Hbf;;1229;1
233;1;Buchloe;1273;1274;0
233;2;Memmingen;1296;1297;0
233;3;Lindau-Reutin;1346;;0
234;0;München Hbf;;1349;1
234;1;Buchloe;1393;1394;0
234;2;Memmingen;1416;1417;0
234;3;Lindau-Reutin;1466;;0
235;0;Arnhem Centraal;;300;0
235;1;Utrecht Centraal;331;332;0
235;2;Amsterdam Centraal;359;;0
236;0;Arnhem Centraal;;360;0
236;1;Utrecht Centraal;391;392;0
236;2;Amsterdam Centraal;419;;0
237;0;Arnhem Centraal;;420;0
237;1;Utrecht Centraal;451;452;0
237;2;Amsterdam Centraal;479;;0
238;0;Arnhem Centraal;;480;0
238;1;Utrecht Centraal;511;512;0
238;2;Amsterdam Centraal;539;;0
239;0;Arnhem Centraal;;540;0
239;1;Utrecht Centraal;571;572;0
239;2;Amsterdam Centraal;599;;0
240;0;Arnhem Centraal;;600;0
240;1;Utrecht Centraal;631;632;0
240;2;Amsterdam Centraal;659;;0
241;0;Arnhem Centraal;;660;0
241;1;Utrecht Centraal;691;692;0
241;2;Amsterdam Centraal;719;;0
242;0;Arnhem Centraal;;720;0
242;1;Utrecht Centraal;751;752;0
242;2;Amsterdam Centraal;779;;0
243;0;Arnhem Centraal;;780;0
243;1;Utrecht Centraal;811;812;0
243;2;Amsterdam Centraal;839;;0
244;0;Arnhem Centraal;;840;0
244;1;Utrecht Centraal;871;872;0
244;2;Amsterdam Centraal;899;;0
245;0;Arnhem Centraal;;900;0
245;1;Utrecht Centraal;931;932;0
245;2;Amsterdam Centraal;959;;0
246;0;Arnhem Centraal;;960;0
246;1;Utrecht Centraal;991;992;0
246;2;Amsterdam Centraal;1019;;0
247;0;Arnhem Centraal;;1020;0
247;1;Utrecht Centraal;1051;1052;0
247;2;Amsterdam Centraal;1079;;0
248;0;Arnhem Centraal;;1080;0
248;1;Utrecht Centraal;1111;1112;0
248;2;Amsterdam Centraal;1139;;0
249;0;Arnhem Centraal;;1140;0
249;1;Utrecht Centraal;1171;1172;0
249;2;Amsterdam Centraal;1199;;0
250;0;Arnhem Centraal;;1200;0
250;1;Utrecht Centraal;1231;1232;0
250;2;Amsterdam Centraal;1259;;0
251;0;Arnhem Centraal;;1260;0
251;1;Utrecht Centraal;1291;1292;0
251;2;Amsterdam Centraal;1319;;0
252;0;Arnhem Centraal;;1320;0
252;1;Utrecht Centraal;1351;1352;0
252;2;Amsterdam Centraal;1379;;0
253;0;Arnhem Centraal;;1380;0
253;1;Utrecht Centraal;1411;1412;0
253;2;Amsterdam Centraal;1439;;0
254;0;Amsterdam Centraal;;300;0
254;1;Utrecht Centraal;324;325;0
254;2;Arnhem Centraal;354;;0
255;0;Amsterdam Centraal;;360;0
255;1;Utrecht Centraal;384;385;0
255;2;Arnhem Centraal;414;;0
256;0;Amsterdam Centraal;;420;0
256;1;Utrecht Centraal;444;445;0
256;2;Arnhem Centraal;474;;0
257;0;Amsterdam Centraal;;480;0
257;1;Utrecht Centraal;504;505;0
257;2;Arnhem Centraal;534;;0
258;0;Amsterdam Centraal;;540;0
258;1;Utrecht Centraal;564;565;0
258;2;Arnhem Centraal;594;;0
259;0;Amsterdam Centraal;;600;0
259;1;Utrecht Centraal;624;625;0
259;2;Arnhem Centraal;654;;0
260;0;Amsterdam Centraal;;660;0
260;1;Utrecht Centraal;684;685;0
260;2;Arnhem Centraal;714;;0
261;0;Amsterdam Centraal;;720;0
261;1;Utrecht Centraal;744;745;0
261;2;Arnhem Centraal;774;;0
262;0;Amsterdam Centraal;;780;0
262;1;Utrecht Centraal;804;805;0
262;2;Arnhem Centraal;834;;0
263;0;Amsterdam Centraal;;840;0
263;1;Utrecht Centraal;864;865;0
263;2;Arnhem Centraal;894;;0
264;0;Amsterdam Centraal;;900;0
264;1;Utrecht Centraal;924;925;0
264;2;Arnhem Centraal;954;;0
265;0;Amsterdam Centraal;;960;0
265;1;Utrecht Centraal;984;985;0
265;2;Arnhem Centraal;1014;;0
266;0;Amsterdam Centraal;;1020;0
266;1;Utrecht Centraal;1044;1045;0
266;2;Arnhem Centraal;1074;;0
267;0;Amsterdam Centraal;;1080;0
267;1;Utrecht Centraal;1104;1105;0
267;2;Arnhem Centraal;1134;;0
268;0;Amsterdam Centraal;;1140;0
268;1;Utrecht Centraal;1164;1165;0
268;2;Arnhem Centraal;1194;;0
269;0;Amsterdam Centraal;;1200;0
269;1;Utrecht Centraal;1224;1225;0
269;2;Arnhem Centraal;1254;;0
270;0;Amsterdam Centraal;;1260;0
270;1;Utrecht Centraal;1284;1285;0
270;2;Arnhem Centraal;1314;;0
271;0;Amsterdam Centraal;;1320;0
271;1;Utrecht Centraal;1344;1345;0
271;2;Arnhem Centraal;1374;;0
272;0;Amsterdam Centraal;;1380;0
272;1;Utrecht Centraal;1404;1405;0
272;2;Arnhem Centraal;1434;;0
273;0;Zürich HB;;360;0
273;1;Basel SBB;413;;0
274;0;Zürich HB;;480;0
274;1;Basel SBB;533;;0
275;0;Zürich HB;;600;0
275;1;Basel SBB;653;;0
276;0;Zürich HB;;720;0
276;1;Basel SBB;773;;0
277;0;Zürich HB;;840;0
277;1;Basel SBB;893;;0
278;0;Zürich HB;;960;0
278;1;Basel SBB;1013;;0
279;0;Zürich HB;;1080;0
279;1;Basel SBB;1133;;0
280;0;Zürich HB;;1200;0
280;1;Basel SBB;1253;;0
281;0;Zürich HB;;1320;0
281;1;Basel SBB;1373;;0
282;0;Basel SBB;;360;0
282;1;Zürich HB;413;;0
283;0;Basel SBB;;480;0
283;1;Zürich HB;533;;0
284;0;Basel SBB;;600;0
284;1;Zürich HB;653;;0
285;0;Basel SBB;;720;0
285;1;Zürich HB;773;;0
286;0;Basel SBB;;840;0
286;1;Zürich HB;893;;0
287;0;Basel SBB;;960;0
287;1;Zürich HB;1013;;0
288;0;Basel SBB;;1080;0
288;1;Zürich HB;1133;;0
289;0;Basel SBB;;1200;0
289;1;Zürich HB;1253;;0
290;0;Basel SBB;;1320;0
290;1;Zürich HB;1373;;0
291;0;Graz Hbf;;360;0
291;1;Weststeiermark;375;376;0
291;2;St. Paul im Lavanttal;391;392;0
291;3;Klagenfurt Hbf;412;413;0
291;4;Velden am Wörther See;425;426;0
291;5;Villach Hbf;437;438;0
291;6;Spittal-Millstätter See;460;461;0
291;7;Mallnitz-Obervellach;482;483;0
291;8;Bad Gastein;496;497;0
291;9;Schwarzach-St.Veit;520;521;0
291;10;St. Johann im Pongau;526;527;0
291;11;Bischofshofen;535;536;0
291;12;Golling-Abtenau;558;559;0
291;13;Salzburg Hbf;578;;0
292;0;Graz Hbf;;480;0
292;1;Weststeiermark;495;496;0
292;2;St. Paul im Lavanttal;511;512;0
292;3;Klagenfurt Hbf;532;533;0
292;4;Velden am Wörther See;545;546;0
292;5;Villach Hbf;557;558;0
292;6;Spittal-Millstätter See;580;581;0
292;7;Mallnitz-Obervellach;602;603;0
292;8;Bad Gastein;616;617;0
292;9;Schwarzach-St.Veit;640;641;0
292;10;St. Johann im Pongau;646;647;0
292;11;Bischofshofen;655;656;0
292;12;Golling-Abtenau;678;679;0
292;13;Salzburg Hbf;698;;0
293;0;Graz Hbf;;600;0
293;1;Weststeiermark;615;616;0
293;2;St. Paul im Lavanttal;631;632;0
293;3;Klagenfurt Hbf;652;653;0
293;4;Velden am Wörther See;665;666;0
293;5;Villach Hbf;677;678;0
293;6;Spittal-Millstätter See;700;701;0
293;7;Mallnitz-Obervellach;722;723;0
293;8;Bad Gastein;736;737;0
293;9;Schwarzach-St.Veit;760;761;0
293;10;St. Johann im Pongau;766;767;0
293;11;Bischofshofen;775;776;0
293;12;Golling-Abtenau;798;799;0
293;13;Salzburg Hbf;818;;0
294;0;Graz Hbf;;720;0
294;1;Weststeiermark;735;736;0
294;2;St. Paul im Lavanttal;751;752;0
294;3;Klagenfurt Hbf;772;773;0
294;4;Velden am Wörther See;785;786;0
294;5;Villach Hbf;797;798;0
294;6;Spittal-Millstätter See;820;821;0
294;7;Mallnitz-Obervellach;842;843;0
294;8;Bad Gastein;856;857;0
294;9;Schwarzach-St.Veit;880;881;0
294;10;St. Johann im Pongau;886;887;0
294;11;Bischofshofen;895;896;0
294;12;Golling-Abtenau;918;919;0
294;13;Salzburg Hbf;938;;0
295;0;Graz Hbf;;840;0
295;1;Weststeiermark;855;856;0
295;2;St. Paul im Lavanttal;871;872;0
295;3;Klagenfurt Hbf;892;893;0
295;4;Velden am Wörther See;905;906;0
295;5;Villach Hbf;917;918;0
295;6;Spittal-Millstätter See;940;941;0
295;7;Mallnitz-Obervellach;962;963;0
295;8;Bad Gastein;976;977;0
295;9;Schwarzach-St.Veit;1000;1001;0
295;10;St. Johann im Pongau;1006;1007;0
295;11;Bischofshofen;1015;1016;0
295;12;Golling-Abtenau;1038;1039;0
295;13;Salzburg Hbf;1058;;0
296;0;Graz Hbf;;960;0
296;1;Weststeiermark;975;976;0
296;2;St. Paul im Lavanttal;991;992;0
296;3;Klagenfurt Hbf;1012;1013;0
296;4;Velden am Wörther See;1025;1026;0
296;5;Villach Hbf;1037;1038;0
296;6;Spittal-Millstätter See;1060;1061;0
296;7;Mallnitz-Obervellach;1082;1083;0
296;8;Bad Gastein;1096;1097;0
296;9;Schwarzach-St.Veit;1120;1121;0
296;10;St. Johann im Pongau;1126;1127;0
296;11;Bischofshofen;1135;1136;0
296;12;Golling-Abtenau;1158;1159;0
296;13;Salzburg Hbf;1178;;0
297;0;Graz Hbf;;1080;0
297;1;Weststeiermark;1095;1096;0
297;2;St. Paul im Lavanttal;1111;1112;0
297;3;Klagenfurt Hbf;1132;1133;0
297;4;Velden am Wörther See;1145;1146;0
297;5;Villach Hbf;1157;1158;0
297;6;Spittal-Millstätter See;1180;1181;0
297;7;Mallnitz-Obervellach;1202;1203;0
297;8;Bad Gastein;1216;1217;0
297;9;Schwarzach-St.Veit;1240;1241;0
297;10;St. Johann im Pongau;1246;1247;0
297;11;Bischofshofen;1255;1256;0
297;12;Golling-Abtenau;1278;1279;0
297;13;Salzburg Hbf;1298;;0
298;0;Graz Hbf;;1200;0
298;1;Weststeiermark;1215;1216;0
298;2;St. Paul im Lavanttal;1231;1232;0
298;3;Klagenfurt Hbf;1252;1253;0
298;4;Velden am Wörther See;1265;1266;0
298;5;Villach Hbf;1277;1278;0
298;6;Spittal-Millstätter See;1300;1301;0
298;7;Mallnitz-Obervellach;1322;1323;0
298;8;Bad Gastein;1336;1337;0
298;9;Schwarzach-St.Veit;1360;1361;0
298;10;St. Johann im Pongau;1366;1367;0
298;11;Bischofshofen;1375;1376;0
298;12;Golling-Abtenau;1398;1399;0
298;13;Salzburg Hbf;1418;;0
299;0;Graz Hbf;;1320;0
299;1;Weststeiermark;1335;1336;0
299;2;St. Paul im Lavanttal;1351;1352;0
299;3;Klagenfurt Hbf;1372;1373;0
299;4;Velden am Wörther See;1385;1386;0
299;5;Villach Hbf;1397;1398;0
299;6;Spittal-Millstätter See;1420;1421;0
299;7;Mallnitz-Obervellach;1442;1443;0
299;8;Bad Gastein;1456;1457;0
299;9;Schwarzach-St.Veit;1480;1481;0
299;10;St. Johann im Pongau;1486;1487;0
299;11;Bischofshofen;1495;1496;0
299;12;Golling-Abtenau;1518;1519;0
299;13;Salzburg Hbf;1538;;0
300;0;Salzburg Hbf;;360;0
300;1;Golling-Abtenau;379;380;0
300;2;Bischofshofen;400;401;0
300;3;St. Johann im Pongau;408;409;0
300;4;Schwarzach-St.Veit;414;415;0
300;5;Bad Gastein;438;439;0
300;6;Mallnitz-Obervellach;452;453;0
300;7;Spittal-Millstätter See;476;477;0
300;8;Villach Hbf;500;501;0
300;9;Velden am Wörther See;510;511;0
300;10;Klagenfurt Hbf;524;525;0
300;11;St. Paul im Lavanttal;543;544;0
300;12;Weststeiermark;560;561;0
300;13;Graz Hbf;577;;0
301;0;Salzburg Hbf;;480;0
301;1;Golling-Abtenau;499;500;0
301;2;Bischofshofen;520;521;0
301;3;St. Johann im Pongau;528;529;0
301;4;Schwarzach-St.Veit;534;535;0
301;5;Bad Gastein;558;559;0
301;6;Mallnitz-Obervellach;572;573;0
301;7;Spittal-Millstätter See;596;597;0
301;8;Villach Hbf;620;621;0
301;9;Velden am Wörther See;630;631;0
301;10;Klagenfurt Hbf;644;645;0
301;11;St. Paul im Lavanttal;663;664;0
301;12;Weststeiermark;680;681;0
301;13;Graz Hbf;697;;0
302;0;Salzburg Hbf;;600;0
302;1;Golling-Abtenau;619;620;0
302;2;Bischofshofen;640;641;0
302;3;St. Johann im Pongau;648;649;0
302;4;Schwarzach-St.Veit;654;655;0
302;5;Bad Gastein;678;679;0
302;6;Mallnitz-Obervellach;692;693;0
302;7;Spittal-Millstätter See;716;717;0
302;8;Villach Hbf;740;741;0
302;9;Velden am Wörther See;750;751;0
302;10;Klagenfurt Hbf;764;765;0
302;11;St. Paul im Lavanttal;783;784;0
302;12;Weststeiermark;800;801;0
302;13;Graz Hbf;817;;0
303;0;Salzburg Hbf;;720;0
303;1;Golling-Abtenau;739;740;0
303;2;Bischofshofen;760;761;0
303;3;St. Johann im Pongau;768;769;0
303;4;Schwarzach-St.Veit;774;775;0
303;5;Bad Gastein;798;799;0
303;6;Mallnitz-Obervellach;812;813;0
303;7;Spittal-Millstätter See;836;837;0
303;8;Villach Hbf;860;861;0
303;9;Velden am Wörther See;870;871;0
303;10;Klagenfurt Hbf;884;885;0
303;11;St. Paul im Lavanttal;903;904;0
303;12;Weststeiermark;920;921;0
303;13;Graz Hbf;937;;0
304;0;Salzburg Hbf;;840;0
304;1;Golling-Abtenau;859;860;0
304;2;Bischofshofen;880;881;0
304;3;St. Johann im Pongau;888;889;0
304;4;Schwarzach-St.Veit;894;895;0
304;5;Bad Gastein;918;919;0
304;6;Mallnitz-Obervellach;932;933;0
304;7;Spittal-Millstätter See;956;957;0
304;8;Villach Hbf;980;981;0
304;9;Velden am Wörther See;990;991;0
304;10;Klagenfurt Hbf;1004;1005;0
304;11;St. Paul im Lavanttal;1023;1024;0
304;12;Weststeiermark;1040;1041;0
304;13;Graz Hbf;1057;;0
305;0;Salzburg Hbf;;960;0
305;1;Golling-Abtenau;979;980;0
305;2;Bischofshofen;1000;1001;0
305;3;St. Johann im Pongau;1008;1009;0
305;4;Schwarzach-St.Veit;1014;1015;0
305;5;Bad Gastein;1038;1039;0
305;6;Mallnitz-Obervellach;1052;1053;0
305;7;Spittal-Millstätter See;1076;1077;0
305;8;Villach Hbf;1100;1101;0
305;9;Velden am Wörther See;1110;1111;0
305;10;Klagenfurt Hbf;1124;1125;0
305;11;St. Paul im Lavanttal;1143;1144;0
305;12;Weststeiermark;1160;1161;0
305;13;Graz Hbf;1177;;0
306;0;Salzburg Hbf;;1080;0
306;1;Golling-Abtenau;1099;1100;0
306;2;Bischofshofen;1120;1121;0
306;3;St. Johann im Pongau;1128;1129;0
306;4;Schwarzach-St.Veit;1134;1135;0
306;5;Bad Gastein;1158;1159;0
306;6;Mallnitz-Obervellach;1172;1173;0
306;7;Spittal-Millstätter See;1196;1197;0
306;8;Villach Hbf;1220;1221;0
306;9;Velden am Wörther See;1230;1231;0
306;10;Klagenfurt Hbf;1244;1245;0
306;11;St. Paul im Lavanttal;1263;1264;0
306;12;Weststeiermark;1280;1281;0
306;13;Graz Hbf;1297;;0
307;0;Salzburg Hbf;;1200;0
307;1;Golling-Abtenau;1219;1220;0
307;2;Bischofshofen;1240;1241;0
307;3;St. Johann im Pongau;1248;1249;0
307;4;Schwarzach-St.Veit;1254;1255;0
307;5;Bad Gastein;1278;1279;0
307;6;Mallnitz-Obervellach;1292;1293;0
307;7;Spittal-Millstätter See;1316;1317;0
307;8;Villach Hbf;1340;1341;0
307;9;Velden am Wörther See;1350;1351;0
307;10;Klagenfurt Hbf;1364;1365;0
307;11;St. Paul im Lavanttal;1383;1384;0
307;12;Weststeiermark;1400;1401;0
307;13;Graz Hbf;1417;;0
308;0;Salzburg Hbf;;1320;0
308;1;Golling-Abtenau;1339;1340;0
308;2;Bischofshofen;1360;1361;0
308;3;St. Johann im Pongau;1368;1369;0
308;4;Schwarzach-St.Veit;1374;1375;0
308;5;Bad Gastein;1398;1399;0
308;6;Mallnitz-Obervellach;1412;1413;0
308;7;Spittal-Millstätter See;1436;1437;0
308;8;Villach Hbf;1460;1461;0
308;9;Velden am Wörther See;1470;1471;0
308;10;Klagenfurt Hbf;1484;1485;0
308;11;St. Paul im Lavanttal;1503;1504;0
308;12;Weststeiermark;1520;1521;0
308;13;Graz Hbf;1537;;0
309;0;Nürnberg Hbf;;391;1
309;1;Würzburg Hbf;447;451;1
309;2;Hanau Hbf;525;526;0
309;3;Frankfurt(Main)Hbf;552;556;1
309;4;Frankfurt(M) Flughafen Fernbf;571;573;0
309;5;Mainz Hbf;595;596;0
309;6;Koblenz Hbf;653;654;0
309;7;Bonn Hbf;688;689;0
309;8;Köln Hbf;714;724;1
309;9;Düsseldorf Hbf;746;748;0
309;10;Duisburg Hbf;761;767;1
309;11;Gelsenkirchen Hbf;788;790;0
309;12;Hamburg Hbf;973;977;1
309;13;Hamburg-Altona;987;;0
310;0;Nürnberg Hbf;;511;1
310;1;Würzburg Hbf;567;571;1
310;2;Hanau Hbf;645;646;0
310;3;Frankfurt(Main)Hbf;672;676;1
310;4;Frankfurt(M) Flughafen Fernbf;691;693;0
310;5;Mainz Hbf;715;716;0
310;6;Koblenz Hbf;773;774;0
310;7;Bonn Hbf;808;809;0
310;8;Köln Hbf;834;844;1
310;9;Düsseldorf Hbf;866;868;0
310;10;Duisburg Hbf;881;887;1
310;11;Gelsenkirchen Hbf;908;910;0
310;12;Hamburg Hbf;1093;1097;1
310;13;Hamburg-Altona;1107;;0
311;0;Nürnberg Hbf;;631;1
311;1;Würzburg Hbf;687;691;1
311;2;Hanau Hbf;765;766;0
311;3;Frankfurt(Main)Hbf;792;796;1
311;4;Frankfurt(M) Flughafen Fernbf;811;813;0
311;5;Mainz Hbf;835;836;0
311;6;Koblenz Hbf;893;894;0
311;7;Bonn Hbf;928;929;0
311;8;Köln Hbf;954;964;1
311;9;Düsseldorf Hbf;986;988;0
311;10;Duisburg Hbf;1001;1007;1
311;11;Gelsenkirchen Hbf;1028;1030;0
311;12;Hamburg Hbf;1213;1217;1
311;13;Hamburg-Altona;1227;;0
312;0;Nürnberg Hbf;;751;1
312;1;Würzburg Hbf;807;811;1
312;2;Hanau Hbf;885;886;0
312;3;Frankfurt(Main)Hbf;912;916;1
312;4;Frankfurt(M) Flughafen Fernbf;931;933;0
312;5;Mainz Hbf;955;956;0
312;6;Koblenz Hbf;1013;1014;0
312;7;Bonn Hbf;1048;1049;0
312;8;Köln Hbf;1074;1084;1
312;9;Düsseldorf Hbf;1106;1108;0
312;10;Duisburg Hbf;1121;1127;1
312;11;Gelsenkirchen Hbf;1148;1150;0
312;12;Hamburg Hbf;1333;1337;1
312;13;Hamburg-Altona;1347;;0
313;0;Nürnberg Hbf;;871;1
313;1;Würzburg Hbf;927;931;1
313;2;Hanau Hbf;1005;1006;0
313;3;Frankfurt(Main)Hbf;1032;1036;1
313;4;Frankfurt(M) Flughafen Fernbf;1051;1053;0
313;5;Mainz Hbf;1075;1076;0
313;6;Koblenz Hbf;1133;1134;0
313;7;Bonn Hbf;1168;1169;0
313;8;Köln Hbf;1194;1204;1
313;9;Düsseldorf Hbf;1226;1228;0
313;10;Duisburg Hbf;1241;1247;1
313;11;Gelsenkirchen Hbf;1268;1270;0
313;12;Hamburg Hbf;1453;1457;1
313;13;Hamburg-Altona;1467;;0
314;0;Nürnberg Hbf;;991;1
314;1;Würzburg Hbf;1047;1051;1
314;2;Hanau Hbf;1125;1126;0
314;3;Frankfurt(Main)Hbf;1152;1156;1
314;4;Frankfurt(M) Flughafen Fernbf;1171;1173;0
314;5;Mainz Hbf;1195;1196;0
314;6;Koblenz Hbf;1253;1254;0
314;7;Bonn Hbf;1288;1289;0
314;8;Köln Hbf;1314;1324;1
314;9;Düsseldorf Hbf;1346;1348;0
314;10;Duisburg Hbf;1361;1367;1
314;11;Gelsenkirchen Hbf;1388;1390;0
314;12;Hamburg Hbf;1573;1577;1
314;13;Hamburg-Altona;1587;;0
315;0;Nürnberg Hbf;;1111;1
315;1;Würzburg Hbf;1167;1171;1
315;2;Hanau Hbf;1245;1246;0
315;3;Frankfurt(Main)Hbf;1272;1276;1
315;4;Frankfurt(M) Flughafen Fernbf;1291;1293;0
315;5;Mainz Hbf;1315;1316;0
315;6;Koblenz Hbf;1373;1374;0
315;7;Bonn Hbf;1408;1409;0
315;8;Köln Hbf;1434;1444;1
315;9;Düsseldorf Hbf;1466;1468;0
315;10;Duisburg Hbf;1481;1487;1
315;11;Gelsenkirchen Hbf;1508;1510;0
315;12;Hamburg Hbf;1693;1697;1
315;13;Hamburg-Altona;1707;;0
316;0;Nürnberg Hbf;;1231;1
316;1;Würzburg Hbf;1287;1291;1
316;2;Hanau Hbf;1365;1366;0
316;3;Frankfurt(Main)Hbf;1392;1396;1
316;4;Frankfurt(M) Flughafen Fernbf;1411;1413;0
316;5;Mainz Hbf;1435;1436;0
316;6;Koblenz Hbf;1493;1494;0
316;7;Bonn Hbf;1528;1529;0
316;8;Köln Hbf;1554;1564;1
316;9;Düsseldorf Hbf;1586;1588;0
316;10;Duisburg Hbf;1601;1607;1
316;11;Gelsenkirchen Hbf;1628;1630;0
316;12;Hamburg Hbf;1813;1817;1
316;13;Hamburg-Altona;1827;;0
317;0;Nürnberg Hbf;;1351;1
317;1;Würzburg Hbf;1407;1411;1
317;2;Hanau Hbf;1485;1486;0
317;3;Frankfurt(Main)Hbf;1512;1516;1
317;4;Frankfurt(M) Flughafen Fernbf;1531;1533;0
317;5;Mainz Hbf;1555;1556;0
317;6;Koblenz Hbf;1613;1614;0
317;7;Bonn Hbf;1648;1649;0
317;8;Köln Hbf;1674;1684;1
317;9;Düsseldorf Hbf;1706;1708;0
317;10;Duisburg Hbf;1721;1727;1
317;11;Gelsenkirchen Hbf;1748;1750;0
317;12;Hamburg Hbf;1933;1937;1
317;13;Hamburg-Altona;1947;;0
318;0;Hamburg-Altona;;362;0
318;1;Hamburg Hbf;373;377;1
318;2;Gelsenkirchen Hbf;560;562;0
318;3;Duisburg Hbf;581;587;1
318;4;Düsseldorf Hbf;609;611;0
318;5;Köln Hbf;654;664;1
318;6;Bonn Hbf;688;689;0
318;7;Koblenz Hbf;727;728;0
318;8;Mainz Hbf;788;789;0
318;9;Frankfurt(M) Flughafen Fernbf;807;809;0
318;10;Frankfurt(Main)Hbf;822;826;1
318;11;Hanau Hbf;844;845;0
318;12;Würzburg Hbf;957;961;1
318;13;Nürnberg Hbf;1044;;1
319;0;Hamburg-Altona;;482;0
319;1;Hamburg Hbf;493;497;1
319;2;Gelsenkirchen Hbf;680;682;0
319;3;Duisburg Hbf;701;707;1
319;4;Düsseldorf Hbf;729;731;0
319;5;Köln Hbf;774;784;1
319;6;Bonn Hbf;808;809;0
319;7;Koblenz Hbf;847;848;0
319;8;Mainz Hbf;908;909;0
319;9;Frankfurt(M) Flughafen Fernbf;927;929;0
319;10;Frankfurt(Main)Hbf;942;946;1
319;11;Hanau Hbf;964;965;0
319;12;Würzburg Hbf;1077;1081;1
319;13;Nürnberg Hbf;1164;;1
320;0;Hamburg-Altona;;602;0
320;1;Hamburg Hbf;613;617;1
320;2;Gelsenkirchen Hbf;800;802;0
320;3;Duisburg Hbf;821;827;1
320;4;Düsseldorf Hbf;849;851;0
320;5;Köln Hbf;894;904;1
320;6;Bonn Hbf;928;929;0
320;7;Koblenz Hbf;967;968;0
320;8;Mainz Hbf;1028;1029;0
320;9;Frankfurt(M) Flughafen Fernbf;1047;1049;0
320;10;Frankfurt(Main)Hbf;1062;1066;1
320;11;Hanau Hbf;1084;1085;0
320;12;Würzburg Hbf;1197;1201;1
320;13;Nürnberg Hbf;1284;;1
321;0;Hamburg-Altona;;722;0
321;1;Hamburg Hbf;733;737;1
321;2;Gelsenkirchen Hbf;920;922;0
321;3;Duisburg Hbf;941;947;1
321;4;Düsseldorf Hbf;969;971;0
321;5;Köln Hbf;1014;1024;1
321;6;Bonn Hbf;1048;1049;0
321;7;Koblenz Hbf;1087;1088;0
321;8;Mainz Hbf;1148;1149;0
321;9;Frankfurt(M) Flughafen Fernbf;1167;1169;0
321;10;Frankfurt(Main)Hbf;1182;1186;1
321;11;Hanau Hbf;1204;1205;0
321;12;Würzburg Hbf;1317;1321;1
321;13;Nürnberg Hbf;1404;;1
322;0;Hamburg-Altona;;842;0
322;1;Hamburg Hbf;853;857;1
322;2;Gelsenkirchen Hbf;1040;1042;0
322;3;Duisburg Hbf;1061;1067;1
322;4;Düsseldorf Hbf;1089;1091;0
322;5;Köln Hbf;1134;1144;1
322;6;Bonn Hbf;1168;1169;0
322;7;Koblenz Hbf;1207;1208;0
322;8;Mainz Hbf;1268;1269;0
322;9;Frankfurt(M) Flughafen Fernbf;1287;1289;0
322;10;Frankfurt(Main)Hbf;1302;1306;1
322;11;Hanau Hbf;1324;1325;0
322;12;Würzburg Hbf;1437;1441;1
322;13;Nürnberg Hbf;1524;;1
323;0;Hamburg-Altona;;962;0
323;1;Hamburg Hbf;973;977;1
323;2;Gelsenkirchen Hbf;1160;1162;0
323;3;Duisburg Hbf;1181;1187;1
323;4;Düsseldorf Hbf;1209;1211;0
323;5;Köln Hbf;1254;1264;1
323;6;Bonn Hbf;1288;1289;0
323;7;Koblenz Hbf;1327;1328;0
323;8;Mainz Hbf;1388;1389;0
323;9;Frankfurt(M) Flughafen Fernbf;1407;1409;0
323;10;Frankfurt(Main)Hbf;1422;1426;1
323;11;Hanau Hbf;1444;1445;0
323;12;Würzburg Hbf;1557;1561;1
323;13;Nürnberg Hbf;1644;;1
324;0;Hamburg-Altona;;1082;0
324;1;Hamburg Hbf;1093;1097;1
324;2;Gelsenkirchen Hbf;1280;1282;0
324;3;Duisburg Hbf;1301;1307;1
324;4;Düsseldorf Hbf;1329;1331;0
324;5;Köln Hbf;1374;1384;1
324;6;Bonn Hbf;1408;1409;0
324;7;Koblenz Hbf;1447;1448;0
324;8;Mainz Hbf;1508;1509;0
324;9;Frankfurt(M) Flughafen Fernbf;1527;1529;0
324;10;Frankfurt(Main)Hbf;1542;1546;1
324;11;Hanau Hbf;1564;1565;0
324;12;Würzburg Hbf;1677;1681;1
324;13;Nürnberg Hbf;1764;;1
325;0;Hamburg-Altona;;1202;0
325;1;Hamburg Hbf;1213;1217;1
325;2;Gelsenkirchen Hbf;1400;1402;0
325;3;Duisburg Hbf;1421;1427;1
325;4;Düsseldorf Hbf;1449;1451;0
325;5;Köln Hbf;1494;1504;1
325;6;Bonn Hbf;1528;1529;0
325;7;Koblenz Hbf;1567;1568;0
325;8;Mainz Hbf;1628;1629;0
325;9;Frankfurt(M) Flughafen Fernbf;1647;1649;0
325;10;Frankfurt(Main)Hbf;1662;1666;1
325;11;Hanau Hbf;1684;1685;0
325;12;Würzburg Hbf;1797;1801;1
325;13;Nürnberg Hbf;1884;;1
326;0;Hamburg-Altona;;1322;0
326;1;Hamburg Hbf;1333;1337;1
326;2;Gelsenkirchen Hbf;1520;1522;0
326;3;Duisburg Hbf;1541;1547;1
326;4;Düsseldorf Hbf;1569;1571;0
326;5;Köln Hbf;1614;1624;1
326;6;Bonn Hbf;1648;1649;0
326;7;Koblenz Hbf;1687;1688;0
326;8;Mainz Hbf;1748;1749;0
326;9;Frankfurt(M) Flughafen Fernbf;1767;1769;0
326;10;Frankfurt(Main)Hbf;1782;1786;1
326;11;Hanau Hbf;1804;1805;0
326;12;Würzburg Hbf;1917;1921;1
326;13;Nürnberg Hbf;2004;;1
327;0;Berlin Hbf;;305;1
327;1;Berlin-Spandau;317;319;0
327;2;Wolfsburg Hbf;376;378;0
327;3;Hannover Hbf;416;421;1
327;4;Bielefeld Hbf;472;474;0
327;5;Hamm(Westf)Hbf;502;504;0
327;6;Hagen Hbf;533;534;0
327;7;Wuppertal Hbf;551;552;0
327;8;Köln Hbf;594;;1
328;0;Berlin Hbf;;335;1
328;1;Berlin-Spandau;347;349;0
328;2;Wolfsburg Hbf;406;408;0
328;3;Hannover Hbf;446;451;1
328;4;Bielefeld Hbf;502;504;0
328;5;Hamm(Westf)Hbf;532;534;0
328;6;Hagen Hbf;563;564;0
328;7;Wuppertal Hbf;581;582;0
328;8;Köln Hbf;624;;1
329;0;Berlin Hbf;;365;1
329;1;Berlin-Spandau;377;379;0
329;2;Wolfsburg Hbf;436;438;0
329;3;Hannover Hbf;476;481;1
329;4;Bielefeld Hbf;532;534;0
329;5;Hamm(Westf)Hbf;562;564;0
329;6;Hagen Hbf;593;594;0
329;7;Wuppertal Hbf;611;612;0
329;8;Köln Hbf;654;;1
330;0;Berlin Hbf;;395;1
330;1;Berlin-Spandau;407;409;0
330;2;Wolfsburg Hbf;466;468;0
330;3;Hannover Hbf;506;511;1
330;4;Bielefeld Hbf;562;564;0
330;5;Hamm(Westf)Hbf;592;594;0
330;6;Hagen Hbf;623;624;0
330;7;Wuppertal Hbf;641;642;0
330;8;Köln Hbf;684;;1
331;0;Berlin Hbf;;425;1
331;1;Berlin-Spandau;437;439;0
331;2;Wolfsburg Hbf;496;498;0
331;3;Hannover Hbf;536;541;1
331;4;Bielefeld Hbf;592;594;0
331;5;Hamm(Westf)Hbf;622;624;0
331;6;Hagen Hbf;653;654;0
331;7;Wuppertal Hbf;671;672;0
331;8;Köln Hbf;714;;1
332;0;Berlin Hbf;;455;1
332;1;Berlin-Spandau;467;469;0
332;2;Wolfsburg Hbf;526;528;0
332;3;Hannover Hbf;566;571;1
332;4;Bielefeld Hbf;622;624;0
332;5;Hamm(Westf)Hbf;652;654;0
332;6;Hagen Hbf;683;684;0
332;7;Wuppertal Hbf;701;702;0
332;8;Köln Hbf;744;;1
333;0;Berlin Hbf;;485;1
333;1;Berlin-Spandau;497;499;0
333;2;Wolfsburg Hbf;556;558;0
333;3;Hannover Hbf;596;601;1
333;4;Bielefeld Hbf;652;654;0
333;5;Hamm(Westf)Hbf;682;684;0
333;6;Hagen Hbf;713;714;0
333;7;Wuppertal Hbf;731;732;0
333;8;Köln Hbf;774;;1
334;0;Berlin Hbf;;515;1
334;1;Berlin-Spandau;527;529;0
334;2;Wolfsburg Hbf;586;588;0
334;3;Hannover Hbf;626;631;1
334;4;Bielefeld Hbf;682;684;0
334;5;Hamm(Westf)Hbf;712;714;0
334;6;Hagen Hbf;743;744;0
334;7;Wuppertal Hbf;761;762;0
334;8;Köln Hbf;804;;1
335;0;Berlin Hbf;;545;1
335;1;Berlin-Spandau;557;559;0
335;2;Wolfsburg Hbf;616;618;0
335;3;Hannover Hbf;656;661;1
335;4;Bielefeld Hbf;712;714;0
335;5;Hamm(Westf)Hbf;742;744;0
335;6;Hagen Hbf;773;774;0
335;7;Wuppertal Hbf;791;792;0
335;8;Köln Hbf;834;;1
336;0;Berlin Hbf;;575;1
336;1;Berlin-Spandau;587;589;0
336;2;Wolfsburg Hbf;646;648;0
336;3;Hannover Hbf;686;691;1
336;4;Bielefeld Hbf;742;744;0
336;5;Hamm(Westf)Hbf;772;774;0
336;6;Hagen Hbf;803;804;0
336;7;Wuppertal Hbf;821;822;0
336;8;Köln Hbf;864;;1
337;0;Berlin Hbf;;605;1
337;1;Berlin-Spandau;617;619;0
337;2;Wolfsburg Hbf;676;678;0
337;3;Hannover Hbf;716;721;1
337;4;Bielefeld Hbf;772;774;0
337;5;Hamm(Westf)Hbf;802;804;0
337;6;Hagen Hbf;833;834;0
337;7;Wuppertal Hbf;851;852;0
337;8;Köln Hbf;894;;1
338;0;Berlin Hbf;;635;1
338;1;Berlin-Spandau;647;649;0
338;2;Wolfsburg Hbf;706;708;0
338;3;Hannover Hbf;746;751;1
338;4;Bielefeld Hbf;802;804;0
338;5;Hamm(Westf)Hbf;832;834;0
338;6;Hagen Hbf;863;864;0
338;7;Wuppertal Hbf;881;882;0
338;8;Köln Hbf;924;;1
339;0;Berlin Hbf;;665;1
339;1;Berlin-Spandau;677;679;0
339;2;Wolfsburg Hbf;736;738;0
339;3;Hannover Hbf;776;781;1
339;4;Bielefeld Hbf;832;834;0
339;5;Hamm(Westf)Hbf;862;864;0
339;6;Hagen Hbf;893;894;0
339;7;Wuppertal Hbf;911;912;0
339;8;Köln Hbf;954;;1
340;0;Berlin Hbf;;695;1
340;1;Berlin-Spandau;707;709;0
340;2;Wolfsburg Hbf;766;768;0
340;3;Hannover Hbf;806;811;1
340;4;Bielefeld Hbf;862;864;0
340;5;Hamm(Westf)Hbf;892;894;0
340;6;Hagen Hbf;923;924;0
340;7;Wuppertal Hbf;941;942;0
340;8;Köln Hbf;984;;1
341;0;Berlin Hbf;;725;1
341;1;Berlin-Spandau;737;739;0
341;2;Wolfsburg Hbf;796;798;0
341;3;Hannover Hbf;836;841;1
341;4;Bielefeld Hbf;892;894;0
341;5;Hamm(Westf)Hbf;922;924;0
341;6;Hagen Hbf;953;954;0
341;7;Wuppertal Hbf;971;972;0
341;8;Köln Hbf;1014;;1
342;0;Berlin Hbf;;755;1
342;1;Berlin-Spandau;767;769;0
342;2;Wolfsburg Hbf;826;828;0
342;3;Hannover Hbf;866;871;1
342;4;Bielefeld Hbf;922;924;0
342;5;Hamm(Westf)Hbf;952;954;0
342;6;Hagen Hbf;983;984;0
342;7;Wuppertal Hbf;1001;1002;0
342;8;Köln Hbf;1044;;1
343;0;Berlin Hbf;;785;1
343;1;Berlin-Spandau;797;799;0
343;2;Wolfsburg Hbf;856;858;0
343;3;Hannover Hbf;896;901;1
343;4;Bielefeld Hbf;952;954;0
343;5;Hamm(Westf)Hbf;982;984;0
343;6;Hagen Hbf;1013;1014;0
343;7;Wuppertal Hbf;1031;1032;0
343;8;Köln Hbf;1074;;1
344;0;Berlin Hbf;;815;1
344;1;Berlin-Spandau;827;829;0
344;2;Wolfsburg Hbf;886;888;0
344;3;Hannover Hbf;926;931;1
344;4;Bielefeld Hbf;982;984;0
344;5;Hamm(Westf)Hbf;1012;1014;0
344;6;Hagen Hbf;1043;1044;0
344;7;Wuppertal Hbf;1061;1062;0
344;8;Köln Hbf;1104;;1
345;0;Berlin Hbf;;845;1
345;1;Berlin-Spandau;857;859;0
345;2;Wolfsburg Hbf;916;918;0
345;3;Hannover Hbf;956;961;1
345;4;Bielefeld Hbf;1012;1014;0
345;5;Hamm(Westf)Hbf;1042;1044;0
345;6;Hagen Hbf;1073;1074;0
345;7;Wuppertal Hbf;1091;1092;0
345;8;Köln Hbf;1134;;1
346;0;Berlin Hbf;;875;1
346;1;Berlin-Spandau;887;889;0
346;2;Wolfsburg Hbf;946;948;0
346;3;Hannover Hbf;986;991;1
346;4;Bielefeld Hbf;1042;1044;0
346;5;Hamm(Westf)Hbf;1072;1074;0
346;6;Hagen Hbf;1103;1104;0
346;7;Wuppertal Hbf;1121;1122;0
346;8;Köln Hbf;1164;;1
347;0;Berlin Hbf;;905;1
347;1;Berlin-Spandau;917;919;0
347;2;Wolfsburg Hbf;976;978;0
347;3;Hannover Hbf;1016;1021;1
347;4;Bielefeld Hbf;1072;1074;0
347;5;Hamm(Westf)Hbf;1102;1104;0
347;6;Hagen Hbf;1133;1134;0
347;7;Wuppertal Hbf;1151;1152;0
347;8;Köln Hbf;1194;;1
348;0;Berlin Hbf;;935;1
348;1;Berlin-Spandau;947;949;0
348;2;Wolfsburg Hbf;1006;1008;0
348;3;Hannover Hbf;1046;1051;1
348;4;Bielefeld Hbf;1102;1104;0
348;5;Hamm(Westf)Hbf;1132;1134;0
348;6;Hagen Hbf;1163;1164;0
348;7;Wuppertal Hbf;1181;1182;0
348;8;Köln Hbf;1224;;1
349;0;Berlin Hbf;;965;1
349;1;Berlin-Spandau;977;979;0
349;2;Wolfsburg Hbf;1036;1038;0
349;3;Hannover Hbf;1076;1081;1
349;4;Bielefeld Hbf;1132;1134;0
349;5;Hamm(Westf)Hbf;1162;1164;0
349;6;Hagen Hbf;1193;1194;0
349;7;Wuppertal Hbf;1211;1212;0
349;8;Köln Hbf;1254;;1
350;0;Berlin Hbf;;995;1
350;1;Berlin-Spandau;1007;1009;0
350;2;Wolfsburg Hbf;1066;1068;0
350;3;Hannover Hbf;1106;1111;1
350;4;Bielefeld Hbf;1162;1164;0
350;5;Hamm(Westf)Hbf;1192;1194;0
350;6;Hagen Hbf;1223;1224;0
350;7;Wuppertal Hbf;1241;1242;0
350;8;Köln Hbf;1284;;1
351;0;Berlin Hbf;;1025;1
351;1;Berlin-Spandau;1037;1039;0
351;2;Wolfsburg Hbf;1096;1098;0
351;3;Hannover Hbf;1136;1141;1
351;4;Bielefeld Hbf;1192;1194;0
351;5;Hamm(Westf)Hbf;1222;1224;0
351;6;Hagen Hbf;1253;1254;0
351;7;Wuppertal Hbf;1271;1272;0
351;8;Köln Hbf;1314;;1
352;0;Berlin Hbf;;1055;1
352;1;Berlin-Spandau;1067;1069;0
352;2;Wolfsburg Hbf;1126;1128;0
352;3;Hannover Hbf;1166;1171;1
352;4;Bielefeld Hbf;1222;1224;0
352;5;Hamm(Westf)Hbf;1252;1254;0
352;6;Hagen Hbf;1283;1284;0
352;7;Wuppertal Hbf;1301;1302;0
352;8;Köln Hbf;1344;;1
353;0;Berlin Hbf;;1085;1
353;1;Berlin-Spandau;1097;1099;0
353;2;Wolfsburg Hbf;1156;1158;0
353;3;Hannover Hbf;1196;1201;1
353;4;Bielefeld Hbf;1252;1254;0
353;5;Hamm(Westf)Hbf;1282;1284;0
353;6;Hagen Hbf;1313;1314;0
353;7;Wuppertal Hbf;1331;1332;0
353;8;Köln Hbf;1374;;1
354;0;Berlin Hbf;;1115;1
354;1;Berlin-Spandau;1127;1129;0
354;2;Wolfsburg Hbf;1186;1188;0
354;3;Hannover Hbf;1226;1231;1
354;4;Bielefeld Hbf;1282;1284;0
354;5;Hamm(Westf)Hbf;1312;1314;0
354;6;Hagen Hbf;1343;1344;0
354;7;Wuppertal Hbf;1361;1362;0
354;8;Köln Hbf;1404;;1
355;0;Berlin Hbf;;1145;1
355;1;Berlin-Spandau;1157;1159;0
355;2;Wolfsburg Hbf;1216;1218;0
355;3;Hannover Hbf;1256;1261;1
355;4;Bielefeld Hbf;1312;1314;0
355;5;Hamm(Westf)Hbf;1342;1344;0
355;6;Hagen Hbf;1373;1374;0
355;7;Wuppertal Hbf;1391;1392;0
355;8;Köln Hbf;1434;;1
356;0;Berlin Hbf;;1175;1
356;1;Berlin-Spandau;1187;1189;0
356;2;Wolfsburg Hbf;1246;1248;0
356;3;Hannover Hbf;1286;1291;1
356;4;Bielefeld Hbf;1342;1344;0
356;5;Hamm(Westf)Hbf;1372;1374;0
356;6;Hagen Hbf;1403;1404;0
356;7;Wuppertal Hbf;1421;1422;0
356;8;Köln Hbf;1464;;1
357;0;Berlin Hbf;;1205;1
357;1;Berlin-Spandau;1217;1219;0
357;2;Wolfsburg Hbf;1276;1278;0
357;3;Hannover Hbf;1316;1321;1
357;4;Bielefeld Hbf;1372;1374;0
357;5;Hamm(Westf)Hbf;1402;1404;0
357;6;Hagen Hbf;1433;1434;0
357;7;Wuppertal Hbf;1451;1452;0
357;8;Köln Hbf;1494;;1
358;0;Berlin Hbf;;1235;1
358;1;Berlin-Spandau;1247;1249;0
358;2;Wolfsburg Hbf;1306;1308;0
358;3;Hannover Hbf;1346;1351;1
358;4;Bielefeld Hbf;1402;1404;0
358;5;Hamm(Westf)Hbf;1432;1434;0
358;6;Hagen Hbf;1463;1464;0
358;7;Wuppertal Hbf;1481;1482;0
358;8;Köln Hbf;1524;;1
359;0;Berlin Hbf;;1265;1
359;1;Berlin-Spandau;1277;1279;0
359;2;Wolfsburg Hbf;1336;1338;0
359;3;Hannover Hbf;1376;1381;1
359;4;Bielefeld Hbf;1432;1434;0
359;5;Hamm(Westf)Hbf;1462;1464;0
359;6;Hagen Hbf;1493;1494;0
359;7;Wuppertal Hbf;1511;1512;0
359;8;Köln Hbf;1554;;1
360;0;Berlin Hbf;;1295;1
360;1;Berlin-Spandau;1307;1309;0
360;2;Wolfsburg Hbf;1366;1368;0
360;3;Hannover Hbf;1406;1411;1
360;4;Bielefeld Hbf;1462;1464;0
360;5;Hamm(Westf)Hbf;1492;1494;0
360;6;Hagen Hbf;1523;1524;0
360;7;Wuppertal Hbf;1541;1542;0
360;8;Köln Hbf;1584;;1
361;0;Berlin Hbf;;1325;1
361;1;Berlin-Spandau;1337;1339;0
361;2;Wolfsburg Hbf;1396;1398;0
361;3;Hannover Hbf;1436;1441;1
361;4;Bielefeld Hbf;1492;1494;0
361;5;Hamm(Westf)Hbf;1522;1524;0
361;6;Hagen Hbf;1553;1554;0
361;7;Wuppertal Hbf;1571;1572;0
361;8;Köln Hbf;1614;;1
362;0;Berlin Hbf;;1355;1
362;1;Berlin-Spandau;1367;1369;0
362;2;Wolfsburg Hbf;1426;1428;0
362;3;Hannover Hbf;1466;1471;1
362;4;Bielefeld Hbf;1522;1524;0
362;5;Hamm(Westf)Hbf;1552;1554;0
362;6;Hagen Hbf;1583;1584;0
362;7;Wuppertal Hbf;1601;1602;0
362;8;Köln Hbf;1644;;1
363;0;Köln Hbf;;304;1
363;1;Wuppertal Hbf;343;344;0
363;2;Hagen Hbf;361;362;0
363;3;Hamm(Westf)Hbf;394;396;0
363;4;Bielefeld Hbf;422;424;0
363;5;Hannover Hbf;477;484;1
363;6;Wolfsburg Hbf;520;522;0
363;7;Berlin-Spandau;579;581;0
363;8;Berlin Hbf;595;;1
364;0;Köln Hbf;;334;1
364;1;Wuppertal Hbf;373;374;0
364;2;Hagen Hbf;391;392;0
364;3;Hamm(Westf)Hbf;424;426;0
364;4;Bielefeld Hbf;452;454;0
364;5;Hannover Hbf;507;514;1
364;6;Wolfsburg Hbf;550;552;0
364;7;Berlin-Spandau;609;611;0
364;8;Berlin Hbf;625;;1
365;0;Köln Hbf;;364;1
365;1;Wuppertal Hbf;403;404;0
365;2;Hagen Hbf;421;422;0
365;3;Hamm(Westf)Hbf;454;456;0
365;4;Bielefeld Hbf;482;484;0
365;5;Hannover Hbf;537;544;1
365;6;Wolfsburg Hbf;580;582;0
365;7;Berlin-Spandau;639;641;0
365;8;Berlin Hbf;655;;1
366;0;Köln Hbf;;394;1
366;1;Wuppertal Hbf;433;434;0
366;2;Hagen Hbf;451;452;0
366;3;Hamm(Westf)Hbf;484;486;0
366;4;Bielefeld Hbf;512;514;0
366;5;Hannover Hbf;567;574;1
366;6;Wolfsburg Hbf;610;612;0
366;7;Berlin-Spandau;669;671;0
366;8;Berlin Hbf;685;;1
367;0;Köln Hbf;;424;1
367;1;Wuppertal Hbf;463;464;0
367;2;Hagen Hbf;481;482;0
367;3;Hamm(Westf)Hbf;514;516;0
367;4;Bielefeld Hbf;542;544;0
367;5;Hannover Hbf;597;604;1
367;6;Wolfsburg Hbf;640;642;0
367;7;Berlin-Spandau;699;701;0
367;8;Berlin Hbf;715;;1
368;0;Köln Hbf;;454;1
368;1;Wuppertal Hbf;493;494;0
368;2;Hagen Hbf;511;512;0
368;3;Hamm(Westf)Hbf;544;546;0
368;4;Bielefeld Hbf;572;574;0
368;5;Hannover Hbf;627;634;1
368;6;Wolfsburg Hbf;670;672;0
368;7;Berlin-Spandau;729;731;0
368;8;Berlin Hbf;745;;1
369;0;Köln Hbf;;484;1
369;1;Wuppertal Hbf;523;524;0
369;2;Hagen Hbf;541;542;0
369;3;Hamm(Westf)Hbf;574;576;0
369;4;Bielefeld Hbf;602;604;0
369;5;Hannover Hbf;657;664;1
369;6;Wolfsburg Hbf;700;702;0
369;7;Berlin-Spandau;759;761;0
369;8;Berlin Hbf;775;;1
370;0;Köln Hbf;;514;1
370;1;Wuppertal Hbf;553;554;0
370;2;Hagen Hbf;571;572;0
370;3;Hamm(Westf)Hbf;604;606;0
370;4;Bielefeld Hbf;632;634;0
370;5;Hannover Hbf;687;694;1
370;6;Wolfsburg Hbf;730;732;0
370;7;Berlin-Spandau;789;791;0
370;8;Berlin Hbf;805;;1
371;0;Köln Hbf;;544;1
371;1;Wuppertal Hbf;583;584;0
371;2;Hagen Hbf;601;602;0
371;3;Hamm(Westf)Hbf;634;636;0
371;4;Bielefeld Hbf;662;664;0
371;5;Hannover Hbf;717;724;1
371;6;Wolfsburg Hbf;760;762;0
371;7;Berlin-Spandau;819;821;0
371;8;Berlin Hbf;835;;1
372;0;Köln Hbf;;574;1
372;1;Wuppertal Hbf;613;614;0
372;2;Hagen Hbf;631;632;0
372;3;Hamm(Westf)Hbf;664;666;0
372;4;Bielefeld Hbf;692;694;0
372;5;Hannover Hbf;747;754;1
372;6;Wolfsburg Hbf;790;792;0
372;7;Berlin-Spandau;849;851;0
372;8;Berlin Hbf;865;;1
373;0;Köln Hbf;;604;1
373;1;Wuppertal Hbf;643;644;0
373;2;Hagen Hbf;661;662;0
373;3;Hamm(Westf)Hbf;694;696;0
373;4;Bielefeld Hbf;722;724;0
373;5;Hannover Hbf;777;784;1
373;6;Wolfsburg Hbf;820;822;0
373;7;Berlin-Spandau;879;881;0
373;8;Berlin Hbf;895;;1
374;0;Köln Hbf;;634;1
374;1;Wuppertal Hbf;673;674;0
374;2;Hagen Hbf;691;692;0
374;3;Hamm(Westf)Hbf;724;726;0
374;4;Bielefeld Hbf;752;754;0
374;5;Hannover Hbf;807;814;1
374;6;Wolfsburg Hbf;850;852;0
374;7;Berlin-Spandau;909;911;0
374;8;Berlin Hbf;925;;1
375;0;Köln Hbf;;664;1
375;1;Wuppertal Hbf;703;704;0
375;2;Hagen Hbf;721;722;0
375;3;Hamm(Westf)Hbf;754;756;0
375;4;Bielefeld Hbf;782;784;0
375;5;Hannover Hbf;837;844;1
375;6;Wolfsburg Hbf;880;882;0
375;7;Berlin-Spandau;939;941;0
375;8;Berlin Hbf;955;;1
376;0;Köln Hbf;;694;1
376;1;Wuppertal Hbf;733;734;0
376;2;Hagen Hbf;751;752;0
376;3;Hamm(Westf)Hbf;784;786;0
376;4;Bielefeld Hbf;812;814;0
376;5;Hannover Hbf;867;874;1
376;6;Wolfsburg Hbf;910;912;0
376;7;Berlin-Spandau;969;971;0
376;8;Berlin Hbf;985;;1
377;0;Köln Hbf;;724;1
377;1;Wuppertal Hbf;763;764;0
377;2;Hagen Hbf;781;782;0
377;3;Hamm(Westf)Hbf;814;816;0
377;4;Bielefeld Hbf;842;844;0
377;5;Hannover Hbf;897;904;1
377;6;Wolfsburg Hbf;940;942;0
377;7;Berlin-Spandau;999;1001;0
377;8;Berlin Hbf;1015;;1
378;0;Köln Hbf;;754;1
378;1;Wuppertal Hbf;793;794;0
378;2;Hagen Hbf;811;812;0
378;3;Hamm(Westf)Hbf;844;846;0
378;4;Bielefeld Hbf;872;874;0
378;5;Hannover Hbf;927;934;1
378;6;Wolfsburg Hbf;970;972;0
378;7;Berlin-Spandau;1029;1031;0
378;8;Berlin Hbf;1045;;1
379;0;Köln Hbf;;784;1
379;1;Wuppertal Hbf;823;824;0
379;2;Hagen Hbf;841;842;0
379;3;Hamm(Westf)Hbf;874;876;0
379;4;Bielefeld Hbf;902;904;0
379;5;Hannover Hbf;957;964;1
379;6;Wolfsburg Hbf;1000;1002;0
379;7;Berlin-Spandau;1059;1061;0
379;8;Berlin Hbf;1075;;1
380;0;Köln Hbf;;814;1
380;1;Wuppertal Hbf;853;854;0
380;2;Hagen Hbf;871;872;0
380;3;Hamm(Westf)Hbf;904;906;0
380;4;Bielefeld Hbf;932;934;0
380;5;Hannover Hbf;987;994;1
380;6;Wolfsburg Hbf;1030;1032;0
380;7;Berlin-Spandau;1089;1091;0
380;8;Berlin Hbf;1105;;1
381;0;Köln Hbf;;844;1
381;1;Wuppertal Hbf;883;884;0
381;2;Hagen Hbf;901;902;0
381;3;Hamm(Westf)Hbf;934;936;0
381;4;Bielefeld Hbf;962;964;0
381;5;Hannover Hbf;1017;1024;1
381;6;Wolfsburg Hbf;1060;1062;0
381;7;Berlin-Spandau;1119;1121;0
381;8;Berlin Hbf;1135;;1
382;0;Köln Hbf;;874;1
382;1;Wuppertal Hbf;913;914;0
382;2;Hagen Hbf;931;932;0
382;3;Hamm(Westf)Hbf;964;966;0
382;4;Bielefeld Hbf;992;994;0
382;5;Hannover Hbf;1047;1054;1
382;6;Wolfsburg Hbf;1090;1092;0
382;7;Berlin-Spandau;1149;1151;0
382;8;Berlin Hbf;1165;;1
383;0;Köln Hbf;;904;1
383;1;Wuppertal Hbf;943;944;0
383;2;Hagen Hbf;961;962;0
383;3;Hamm(Westf)Hbf;994;996;0
383;4;Bielefeld Hbf;1022;1024;0
383;5;Hannover Hbf;1077;1084;1
383;6;Wolfsburg Hbf;1120;1122;0
383;7;Berlin-Spandau;1179;1181;0
383;8;Berlin Hbf;1195;;1
384;0;Köln Hbf;;934;1
384;1;Wuppertal Hbf;973;974;0
384;2;Hagen Hbf;991;992;0
384;3;Hamm(Westf)Hbf;1024;1026;0
384;4;Bielefeld Hbf;1052;1054;0
384;5;Hannover Hbf;1107;1114;1
384;6;Wolfsburg Hbf;1150;1152;0
384;7;Berlin-Spandau;1209;1211;0
384;8;Berlin Hbf;1225;;1
385;0;Köln Hbf;;964;1
385;1;Wuppertal Hbf;1003;1004;0
385;2;Hagen Hbf;1021;1022;0
385;3;Hamm(Westf)Hbf;1054;1056;0
385;4;Bielefeld Hbf;1082;1084;0
385;5;Hannover Hbf;1137;1144;1
385;6;Wolfsburg Hbf;1180;1182;0
385;7;Berlin-Spandau;1239;1241;0
385;8;Berlin Hbf;1255;;1
386;0;Köln Hbf;;994;1
386;1;Wuppertal Hbf;1033;1034;0
386;2;Hagen Hbf;1051;1052;0
386;3;Hamm(Westf)Hbf;1084;1086;0
386;4;Bielefeld Hbf;1112;1114;0
386;5;Hannover Hbf;1167;1174;1
386;6;Wolfsburg Hbf;1210;1212;0
386;7;Berlin-Spandau;1269;1271;0
386;8;Berlin Hbf;1285;;1
387;0;Köln Hbf;;1024;1
387;1;Wuppertal Hbf;1063;1064;0
387;2;Hagen Hbf;1081;1082;0
387;3;Hamm(Westf)Hbf;1114;1116;0
387;4;Bielefeld Hbf;1142;1144;0
387;5;Hannover Hbf;1197;1204;1
387;6;Wolfsburg Hbf;1240;1242;0
387;7;Berlin-Spandau;1299;1301;0
387;8;Berlin Hbf;1315;;1
388;0;Köln Hbf;;1054;1
388;1;Wuppertal Hbf;1093;1094;0
388;2;Hagen Hbf;1111;1112;0
388;3;Hamm(Westf)Hbf;1144;1146;0
388;4;Bielefeld Hbf;1172;1174;0
388;5;Hannover Hbf;1227;1234;1
388;6;Wolfsburg Hbf;1270;1272;0
388;7;Berlin-Spandau;1329;1331;0
388;8;Berlin Hbf;1345;;1
389;0;Köln Hbf;;1084;1
389;1;Wuppertal Hbf;1123;1124;0
389;2;Hagen Hbf;1141;1142;0
389;3;Hamm(Westf)Hbf;1174;1176;0
389;4;Bielefeld Hbf;1202;1204;0
389;5;Hannover Hbf;1257;1264;1
389;6;Wolfsburg Hbf;1300;1302;0
389;7;Berlin-Spandau;1359;1361;0
389;8;Berlin Hbf;1375;;1
390;0;Köln Hbf;;1114;1
390;1;Wuppertal Hbf;1153;1154;0
390;2;Hagen Hbf;1171;1172;0
390;3;Hamm(Westf)Hbf;1204;1206;0
390;4;Bielefeld Hbf;1232;1234;0
390;5;Hannover Hbf;1287;1294;1
390;6;Wolfsburg Hbf;1330;1332;0
390;7;Berlin-Spandau;1389;1391;0
390;8;Berlin Hbf;1405;;1
391;0;Köln Hbf;;1144;1
391;1;Wuppertal Hbf;1183;1184;0
391;2;Hagen Hbf;1201;1202;0
391;3;Hamm(Westf)Hbf;1234;1236;0
391;4;Bielefeld Hbf;1262;1264;0
391;5;Hannover Hbf;1317;1324;1
391;6;Wolfsburg Hbf;1360;1362;0
391;7;Berlin-Spandau;1419;1421;0
391;8;Berlin Hbf;1435;;1
392;0;Köln Hbf;;1174;1
392;1;Wuppertal Hbf;1213;1214;0
392;2;Hagen Hbf;1231;1232;0
392;3;Hamm(Westf)Hbf;1264;1266;0
392;4;Bielefeld Hbf;1292;1294;0
392;5;Hannover Hbf;1347;1354;1
392;6;Wolfsburg Hbf;1390;1392;0
392;7;Berlin-Spandau;1449;1451;0
392;8;Berlin Hbf;1465;;1
393;0;Köln Hbf;;1204;1
393;1;Wuppertal Hbf;1243;1244;0
393;2;Hagen Hbf;1261;1262;0
393;3;Hamm(Westf)Hbf;1294;1296;0
393;4;Bielefeld Hbf;1322;1324;0
393;5;Hannover Hbf;1377;1384;1
393;6;Wolfsburg Hbf;1420;1422;0
393;7;Berlin-Spandau;1479;1481;0
393;8;Berlin Hbf;1495;;1
394;0;Köln Hbf;;1234;1
394;1;Wuppertal Hbf;1273;1274;0
394;2;Hagen Hbf;1291;1292;0
394;3;Hamm(Westf)Hbf;1324;1326;0
394;4;Bielefeld Hbf;1352;1354;0
394;5;Hannover Hbf;1407;1414;1
394;6;Wolfsburg Hbf;1450;1452;0
394;7;Berlin-Spandau;1509;1511;0
394;8;Berlin Hbf;1525;;1
395;0;Köln Hbf;;1264;1
395;1;Wuppertal Hbf;1303;1304;0
395;2;Hagen Hbf;1321;1322;0
395;3;Hamm(Westf)Hbf;1354;1356;0
395;4;Bielefeld Hbf;1382;1384;0
395;5;Hannover Hbf;1437;1444;1
395;6;Wolfsburg Hbf;1480;1482;0
395;7;Berlin-Spandau;1539;1541;0
395;8;Berlin Hbf;1555;;1
396;0;Köln Hbf;;1294;1
396;1;Wuppertal Hbf;1333;1334;0
396;2;Hagen Hbf;1351;1352;0
396;3;Hamm(Westf)Hbf;1384;1386;0
396;4;Bielefeld Hbf;1412;1414;0
396;5;Hannover Hbf;1467;1474;1
396;6;Wolfsburg Hbf;1510;1512;0
396;7;Berlin-Spandau;1569;1571;0
396;8;Berlin Hbf;1585;;1
397;0;Köln Hbf;;1324;1
397;1;Wuppertal Hbf;1363;1364;0
397;2;Hagen Hbf;1381;1382;0
397;3;Hamm(Westf)Hbf;1414;1416;0
397;4;Bielefeld Hbf;1442;1444;0
397;5;Hannover Hbf;1497;1504;1
397;6;Wolfsburg Hbf;1540;1542;0
397;7;Berlin-Spandau;1599;1601;0
397;8;Berlin Hbf;1615;;1
398;0;Köln Hbf;;1354;1
398;1;Wuppertal Hbf;1393;1394;0
398;2;Hagen Hbf;1411;1412;0
398;3;Hamm(Westf)Hbf;1444;1446;0
398;4;Bielefeld Hbf;1472;1474;0
398;5;Hannover Hbf;1527;1534;1
398;6;Wolfsburg Hbf;1570;1572;0
398;7;Berlin-Spandau;1629;1631;0
398;8;Berlin Hbf;1645;;1
399;0;Berlin Gesundbrunnen;;412;0
399;1;Berlin Hbf;418;425;1
399;2;Berlin Südkreuz;431;433;0
399;3;Lutherstadt Wittenberg Hbf;472;473;0
399;4;Leipzig Hbf;508;512;1
399;5;Erfurt Hbf;554;558;1
399;6;Eisenach Hbf;585;586;0
399;7;Fulda;642;646;1
399;8;Frankfurt(Main)Hbf;702;706;1
399;9;Mannheim Hbf;746;755;1
399;10;Stuttgart Hbf;795;800;1
399;11;Ulm Hbf;855;857;0
399;12;Augsburg Hbf;907;909;0
399;13;München-Pasing;939;940;0
399;14;München Hbf;949;;1
400;0;Berlin Gesundbrunnen;;532;0
400;1;Berlin Hbf;538;545;1
400;2;Berlin Südkreuz;551;553;0
400;3;Lutherstadt Wittenberg Hbf;592;593;0
400;4;Leipzig Hbf;628;632;1
400;5;Erfurt Hbf;674;678;1
400;6;Eisenach Hbf;705;706;0
400;7;Fulda;762;766;1
400;8;Frankfurt(Main)Hbf;822;826;1
400;9;Mannheim Hbf;866;875;1
400;10;Stuttgart Hbf;915;920;1
400;11;Ulm Hbf;975;977;0
400;12;Augsburg Hbf;1027;1029;0
400;13;München-Pasing;1059;1060;0
400;14;München Hbf;1069;;1
401;0;Berlin Gesundbrunnen;;652;0
401;1;Berlin Hbf;658;665;1
401;2;Berlin Südkreuz;671;673;0
401;3;Lutherstadt Wittenberg Hbf;712;713;0
401;4;Leipzig Hbf;748;752;1
401;5;Erfurt Hbf;794;798;1
401;6;Eisenach Hbf;825;826;0
401;7;Fulda;882;886;1
401;8;Frankfurt(Main)Hbf;942;946;1
401;9;Mannheim Hbf;986;995;1
401;10;Stuttgart Hbf;1035;1040;1
401;11;Ulm Hbf;1095;1097;0
401;12;Augsburg Hbf;1147;1149;0
401;13;München-Pasing;1179;1180;0
401;14;München Hbf;1189;;1
402;0;Berlin Gesundbrunnen;;772;0
402;1;Berlin Hbf;778;785;1
402;2;Berlin Südkreuz;791;793;0
402;3;Lutherstadt Wittenberg Hbf;832;833;0
402;4;Leipzig Hbf;868;872;1
402;5;Erfurt Hbf;914;918;1
402;6;Eisenach Hbf;945;946;0
402;7;Fulda;1002;1006;1
402;8;Frankfurt(Main)Hbf;1062;1066;1
402;9;Mannheim Hbf;1106;1115;1
402;10;Stuttgart Hbf;1155;1160;1
402;11;Ulm Hbf;1215;1217;0
402;12;Augsburg Hbf;1267;1269;0
402;13;München-Pasing;1299;1300;0
402;14;München Hbf;1309;;1
403;0;Berlin Gesundbrunnen;;892;0
403;1;Berlin Hbf;898;905;1
403;2;Berlin Südkreuz;911;913;0
403;3;Lutherstadt Wittenberg Hbf;952;953;0
403;4;Leipzig Hbf;988;992;1
403;5;Erfurt Hbf;1034;1038;1
403;6;Eisenach Hbf;1065;1066;0
403;7;Fulda;1122;1126;1
403;8;Frankfurt(Main)Hbf;1182;1186;1
403;9;Mannheim Hbf;1226;1235;1
403;10;Stuttgart Hbf;1275;1280;1
403;11;Ulm Hbf;1335;1337;0
403;12;Augsburg Hbf;1387;1389;0
403;13;München-Pasing;1419;1420;0
403;14;München Hbf;1429;;1
404;0;Berlin Gesundbrunnen;;1012;0
404;1;Berlin Hbf;1018;1025;1
404;2;Berlin Südkreuz;1031;1033;0
404;3;Lutherstadt Wittenberg Hbf;1072;1073;0
404;4;Leipzig Hbf;1108;1112;1
404;5;Erfurt Hbf;1154;1158;1
404;6;Eisenach Hbf;1185;1186;0
404;7;Fulda;1242;1246;1
404;8;Frankfurt(Main)Hbf;1302;1306;1
404;9;Mannheim Hbf;1346;1355;1
404;10;Stuttgart Hbf;1395;1400;1
404;11;Ulm Hbf;1455;1457;0
404;12;Augsburg Hbf;1507;1509;0
404;13;München-Pasing;1539;1540;0
404;14;München Hbf;1549;;1
405;0;Berlin Gesundbrunnen;;1132;0
405;1;Berlin Hbf;1138;1145;1
405;2;Berlin Südkreuz;1151;1153;0
405;3;Lutherstadt Wittenberg Hbf;1192;1193;0
405;4;Leipzig Hbf;1228;1232;1
405;5;Erfurt Hbf;1274;1278;1
405;6;Eisenach Hbf;1305;1306;0
405;7;Fulda;1362;1366;1
405;8;Frankfurt(Main)Hbf;1422;1426;1
405;9;Mannheim Hbf;1466;1475;1
405;10;Stuttgart Hbf;1515;1520;1
405;11;Ulm Hbf;1575;1577;0
405;12;Augsburg Hbf;1627;1629;0
405;13;München-Pasing;1659;1660;0
405;14;München Hbf;1669;;1
406;0;Berlin Gesundbrunnen;;1252;0
406;1;Berlin Hbf;1258;1265;1
406;2;Berlin Südkreuz;1271;1273;0
406;3;Lutherstadt Wittenberg Hbf;1312;1313;0
406;4;Leipzig Hbf;1348;1352;1
406;5;Erfurt Hbf;1394;1398;1
406;6;Eisenach Hbf;1425;1426;0
406;7;Fulda;1482;1486;1
406;8;Frankfurt(Main)Hbf;1542;1546;1
406;9;Mannheim Hbf;1586;1595;1
406;10;Stuttgart Hbf;1635;1640;1
406;11;Ulm Hbf;1695;1697;0
406;12;Augsburg Hbf;1747;1749;0
406;13;München-Pasing;1779;1780;0
406;14;München Hbf;1789;;1
407;0;Berlin Gesundbrunnen;;1372;0
407;1;Berlin Hbf;1378;1385;1
407;2;Berlin Südkreuz;1391;1393;0
407;3;Lutherstadt Wittenberg Hbf;1432;1433;0
407;4;Leipzig Hbf;1468;1472;1
407;5;Erfurt Hbf;1514;1518;1
407;6;Eisenach Hbf;1545;1546;0
407;7;Fulda;1602;1606;1
407;8;Frankfurt(Main)Hbf;1662;1666;1
407;9;Mannheim Hbf;1706;1715;1
407;10;Stuttgart Hbf;1755;1760;1
407;11;Ulm Hbf;1815;1817;0
407;12;Augsburg Hbf;1867;1869;0
407;13;München-Pasing;1899;1900;0
407;14;München Hbf;1909;;1
408;0;München Hbf;;389;1
408;1;München-Pasing;398;399;0
408;2;Augsburg Hbf;424;426;0
408;3;Ulm Hbf;474;476;0
408;4;Stuttgart Hbf;525;530;1
408;5;Mannheim Hbf;568;572;1
408;6;Frankfurt(Main)Hbf;612;616;1
408;7;Fulda;672;676;1
408;8;Eisenach Hbf;734;735;0
408;9;Erfurt Hbf;764;768;1
408;10;Leipzig Hbf;808;812;1
408;11;Lutherstadt Wittenberg Hbf;846;847;0
408;12;Berlin Südkreuz;886;888;0
408;13;Berlin Hbf;895;902;1
408;14;Berlin Gesundbrunnen;906;;0
409;0;München Hbf;;509;1
409;1;München-Pasing;518;519;0
409;2;Augsburg Hbf;544;546;0
409;3;Ulm Hbf;594;596;0
409;4;Stuttgart Hbf;645;650;1
409;5;Mannheim Hbf;688;692;1
409;6;Frankfurt(Main)Hbf;732;736;1
409;7;Fulda;792;796;1
409;8;Eisenach Hbf;854;855;0
409;9;Erfurt Hbf;884;888;1
409;10;Leipzig Hbf;928;932;1
409;11;Lutherstadt Wittenberg Hbf;966;967;0
409;12;Berlin Südkreuz;1006;1008;0
409;13;Berlin Hbf;1015;1022;1
409;14;Berlin Gesundbrunnen;1026;;0
410;0;München Hbf;;629;1
410;1;München-Pasing;638;639;0
410;2;Augsburg Hbf;664;666;0
410;3;Ulm Hbf;714;716;0
410;4;Stuttgart Hbf;765;770;1
410;5;Mannheim Hbf;808;812;1
410;6;Frankfurt(Main)Hbf;852;856;1
410;7;Fulda;912;916;1
410;8;Eisenach Hbf;974;975;0
410;9;Erfurt Hbf;1004;1008;1
410;10;Leipzig Hbf;1048;1052;1
410;11;Lutherstadt Wittenberg Hbf;1086;1087;0
410;12;Berlin Südkreuz;1126;1128;0
410;13;Berlin Hbf;1135;1142;1
410;14;Berlin Gesundbrunnen;1146;;0
411;0;München Hbf;;749;1
411;1;München-Pasing;758;759;0
411;2;Augsburg Hbf;784;786;0
411;3;Ulm Hbf;834;836;0
411;4;Stuttgart Hbf;885;890;1
411;5;Mannheim Hbf;928;932;1
411;6;Frankfurt(Main)Hbf;972;976;1
411;7;Fulda;1032;1036;1
411;8;Eisenach Hbf;1094;1095;0
411;9;Erfurt Hbf;1124;1128;1
411;10;Leipzig Hbf;1168;1172;1
411;11;Lutherstadt Wittenberg Hbf;1206;1207;0
411;12;Berlin Südkreuz;1246;1248;0
411;13;Berlin Hbf;1255;1262;1
411;14;Berlin Gesundbrunnen;1266;;0
412;0;München Hbf;;869;1
412;1;München-Pasing;878;879;0
412;2;Augsburg Hbf;904;906;0
412;3;Ulm Hbf;954;956;0
412;4;Stuttgart Hbf;1005;1010;1
412;5;Mannheim Hbf;1048;1052;1
412;6;Frankfurt(Main)Hbf;1092;1096;1
412;7;Fulda;1152;1156;1
412;8;Eisenach Hbf;1214;1215;0
412;9;Erfurt Hbf;1244;1248;1
412;10;Leipzig Hbf;1288;1292;1
412;11;Lutherstadt Wittenberg Hbf;1326;1327;0
412;12;Berlin Südkreuz;1366;1368;0
412;13;Berlin Hbf;1375;1382;1
412;14;Berlin Gesundbrunnen;1386;;0
413;0;München Hbf;;989;1
413;1;München-Pasing;998;999;0
413;2;Augsburg Hbf;1024;1026;0
413;3;Ulm Hbf;1074;1076;0
413;4;Stuttgart Hbf;1125;1130;1
413;5;Mannheim Hbf;1168;1172;1
413;6;Frankfurt(Main)Hbf;1212;1216;1
413;7;Fulda;1272;1276;1
413;8;Eisenach Hbf;1334;1335;0
413;9;Erfurt Hbf;1364;1368;1
413;10;Leipzig Hbf;1408;1412;1
413;11;Lutherstadt Wittenberg Hbf;1446;1447;0
413;12;Berlin Südkreuz;1486;1488;0
413;13;Berlin Hbf;1495;1502;1
413;14;Berlin Gesundbrunnen;1506;;0
414;0;München Hbf;;1109;1
414;1;München-Pasing;1118;1119;0
414;2;Augsburg Hbf;1144;1146;0
414;3;Ulm Hbf;1194;1196;0
414;4;Stuttgart Hbf;1245;1250;1
414;5;Mannheim Hbf;1288;1292;1
414;6;Frankfurt(Main)Hbf;1332;1336;1
414;7;Fulda;1392;1396;1
414;8;Eisenach Hbf;1454;1455;0
414;9;Erfurt Hbf;1484;1488;1
414;10;Leipzig Hbf;1528;1532;1
414;11;Lutherstadt Wittenberg Hbf;1566;1567;0
414;12;Berlin Südkreuz;1606;1608;0
414;13;Berlin Hbf;1615;1622;1
414;14;Berlin Gesundbrunnen;1626;;0
415;0;München Hbf;;1229;1
415;1;München-Pasing;1238;1239;0
415;2;Augsburg Hbf;1264;1266;0
415;3;Ulm Hbf;1314;1316;0
415;4;Stuttgart Hbf;1365;1370;1
415;5;Mannheim Hbf;1408;1412;1
415;6;Frankfurt(Main)Hbf;1452;1456;1
415;7;Fulda;1512;1516;1
415;8;Eisenach Hbf;1574;1575;0
415;9;Erfurt Hbf;1604;1608;1
415;10;Leipzig Hbf;1648;1652;1
415;11;Lutherstadt Wittenberg Hbf;1686;1687;0
415;12;Berlin Südkreuz;1726;1728;0
415;13;Berlin Hbf;1735;1742;1
415;14;Berlin Gesundbrunnen;1746;;0
416;0;München Hbf;;1349;1
416;1;München-Pasing;1358;1359;0
416;2;Augsburg Hbf;1384;1386;0
416;3;Ulm Hbf;1434;1436;0
416;4;Stuttgart Hbf;1485;1490;1
416;5;Mannheim Hbf;1528;1532;1
416;6;Frankfurt(Main)Hbf;1572;1576;1
416;7;Fulda;1632;1636;1
416;8;Eisenach Hbf;1694;1695;0
416;9;Erfurt Hbf;1724;1728;1
416;10;Leipzig Hbf;1768;1772;1
416;11;Lutherstadt Wittenberg Hbf;1806;1807;0
416;12;Berlin Südkreuz;1846;1848;0
416;13;Berlin Hbf;1855;1862;1
416;14;Berlin Gesundbrunnen;1866;;0
417;0;Basel SBB;;406;0
417;1;Basel Bad Bf;413;414;0
417;2;Freiburg(Breisgau) Hbf;441;442;0
417;3;Offenburg;472;473;0
417;4;Karlsruhe Hbf;502;510;1
417;5;Mannheim Hbf;536;542;1
417;6;Frankfurt(Main)Hbf;582;586;1
417;7;Hanau Hbf;599;600;0
417;8;Fulda;642;649;1
417;9;Kassel-Wilhelmshöhe;684;694;1
417;10;Göttingen;712;714;0
417;11;Hildesheim Hbf;744;745;0
417;12;Braunschweig Hbf;769;771;0
417;13;Wolfsburg Hbf;788;790;0
417;14;Berlin-Spandau;847;849;0
417;15;Berlin Hbf;865;;1
418;0;Basel SBB;;526;0
418;1;Basel Bad Bf;533;534;0
418;2;Freiburg(Breisgau) Hbf;561;562;0
418;3;Offenburg;592;593;0
418;4;Karlsruhe Hbf;622;630;1
418;5;Mannheim Hbf;656;662;1
418;6;Frankfurt(Main)Hbf;702;706;1
418;7;Hanau Hbf;719;720;0
418;8;Fulda;762;769;1
418;9;Kassel-Wilhelmshöhe;804;814;1
418;10;Göttingen;832;834;0
418;11;Hildesheim Hbf;864;865;0
418;12;Braunschweig Hbf;889;891;0
418;13;Wolfsburg Hbf;908;910;0
418;14;Berlin-Spandau;967;969;0
418;15;Berlin Hbf;985;;1
419;0;Basel SBB;;646;0
419;1;Basel Bad Bf;653;654;0
419;2;Freiburg(Breisgau) Hbf;681;682;0
419;3;Offenburg;712;713;0
419;4;Karlsruhe Hbf;742;750;1
419;5;Mannheim Hbf;776;782;1
419;6;Frankfurt(Main)Hbf;822;826;1
419;7;Hanau Hbf;839;840;0
419;8;Fulda;882;889;1
419;9;Kassel-Wilhelmshöhe;924;934;1
419;10;Göttingen;952;954;0
419;11;Hildesheim Hbf;984;985;0
419;12;Braunschweig Hbf;1009;1011;0
419;13;Wolfsburg Hbf;1028;1030;0
419;14;Berlin-Spandau;1087;1089;0
419;15;Berlin Hbf;1105;;1
420;0;Basel SBB;;766;0
420;1;Basel Bad Bf;773;774;0
420;2;Freiburg(Breisgau) Hbf;801;802;0
420;3;Offenburg;832;833;0
420;4;Karlsruhe Hbf;862;870;1
420;5;Mannheim Hbf;896;902;1
420;6;Frankfurt(Main)Hbf;942;946;1
420;7;Hanau Hbf;959;960;0
420;8;Fulda;1002;1009;1
420;9;Kassel-Wilhelmshöhe;1044;1054;1
420;10;Göttingen;1072;1074;0
420;11;Hildesheim Hbf;1104;1105;0
420;12;Braunschweig Hbf;1129;1131;0
420;13;Wolfsburg Hbf;1148;1150;0
420;14;Berlin-Spandau;1207;1209;0
420;15;Berlin Hbf;1225;;1
421;0;Basel SBB;;886;0
421;1;Basel Bad Bf;893;894;0
421;2;Freiburg(Breisgau) Hbf;921;922;0
421;3;Offenburg;952;953;0
421;4;Karlsruhe Hbf;982;990;1
421;5;Mannheim Hbf;1016;1022;1
421;6;Frankfurt(Main)Hbf;1062;1066;1
421;7;Hanau Hbf;1079;1080;0
421;8;Fulda;1122;1129;1
421;9;Kassel-Wilhelmshöhe;1164;1174;1
421;10;Göttingen;1192;1194;0
421;11;Hildesheim Hbf;1224;1225;0
421;12;Braunschweig Hbf;1249;1251;0
421;13;Wolfsburg Hbf;1268;1270;0
421;14;Berlin-Spandau;1327;1329;0
421;15;Berlin Hbf;1345;;1
422;0;Basel SBB;;1006;0
422;1;Basel Bad Bf;1013;1014;0
422;2;Freiburg(Breisgau) Hbf;1041;1042;0
422;3;Offenburg;1072;1073;0
422;4;Karlsruhe Hbf;1102;1110;1
422;5;Mannheim Hbf;1136;1142;1
422;6;Frankfurt(Main)Hbf;1182;1186;1
422;7;Hanau Hbf;1199;1200;0
422;8;Fulda;1242;1249;1
422;9;Kassel-Wilhelmshöhe;1284;1294;1
422;10;Göttingen;1312;1314;0
422;11;Hildesheim Hbf;1344;1345;0
422;12;Braunschweig Hbf;1369;1371;0
422;13;Wolfsburg Hbf;1388;1390;0
422;14;Berlin-Spandau;1447;1449;0
422;15;Berlin Hbf;1465;;1
423;0;Basel SBB;;1126;0
423;1;Basel Bad Bf;1133;1134;0
423;2;Freiburg(Breisgau) Hbf;1161;1162;0
423;3;Offenburg;1192;1193;0
423;4;Karlsruhe Hbf;1222;1230;1
423;5;Mannheim Hbf;1256;1262;1
423;6;Frankfurt(Main)Hbf;1302;1306;1
423;7;Hanau Hbf;1319;1320;0
423;8;Fulda;1362;1369;1
423;9;Kassel-Wilhelmshöhe;1404;1414;1
423;10;Göttingen;1432;1434;0
423;11;Hildesheim Hbf;1464;1465;0
423;12;Braunschweig Hbf;1489;1491;0
423;13;Wolfsburg Hbf;1508;1510;0
423;14;Berlin-Spandau;1567;1569;0
423;15;Berlin Hbf;1585;;1
424;0;Basel SBB;;1246;0
424;1;Basel Bad Bf;1253;1254;0
424;2;Freiburg(Breisgau) Hbf;1281;1282;0
424;3;Offenburg;1312;1313;0
424;4;Karlsruhe Hbf;1342;1350;1
424;5;Mannheim Hbf;1376;1382;1
424;6;Frankfurt(Main)Hbf;1422;1426;1
424;7;Hanau Hbf;1439;1440;0
424;8;Fulda;1482;1489;1
424;9;Kassel-Wilhelmshöhe;1524;1534;1
424;10;Göttingen;1552;1554;0
424;11;Hildesheim Hbf;1584;1585;0
424;12;Braunschweig Hbf;1609;1611;0
424;13;Wolfsburg Hbf;1628;1630;0
424;14;Berlin-Spandau;1687;1689;0
424;15;Berlin Hbf;1705;;1
425;0;Basel SBB;;1366;0
425;1;Basel Bad Bf;1373;1374;0
425;2;Freiburg(Breisgau) Hbf;1401;1402;0
425;3;Offenburg;1432;1433;0
425;4;Karlsruhe Hbf;1462;1470;1
425;5;Mannheim Hbf;1496;1502;1
425;6;Frankfurt(Main)Hbf;1542;1546;1
425;7;Hanau Hbf;1559;1560;0
425;8;Fulda;1602;1609;1
425;9;Kassel-Wilhelmshöhe;1644;1654;1
425;10;Göttingen;1672;1674;0
425;11;Hildesheim Hbf;1704;1705;0
425;12;Braunschweig Hbf;1729;1731;0
425;13;Wolfsburg Hbf;1748;1750;0
425;14;Berlin-Spandau;1807;1809;0
425;15;Berlin Hbf;1825;;1
426;0;Berlin Hbf;;365;1
426;1;Berlin-Spandau;377;379;0
426;2;Wolfsburg Hbf;434;436;0
426;3;Braunschweig Hbf;454;456;0
426;4;Hildesheim Hbf;478;479;0
426;5;Göttingen;512;514;0
426;6;Kassel-Wilhelmshöhe;534;544;1
426;7;Fulda;579;586;1
426;8;Hanau Hbf;648;649;0
426;9;Frankfurt(Main)Hbf;672;676;1
426;10;Mannheim Hbf;716;722;1
426;11;Karlsruhe Hbf;745;749;1
426;12;Offenburg;777;778;0
426;13;Freiburg(Breisgau) Hbf;809;810;0
426;14;Basel Bad Bf;842;843;0
426;15;Basel SBB;850;;0
427;0;Berlin Hbf;;485;1
427;1;Berlin-Spandau;497;499;0
427;2;Wolfsburg Hbf;554;556;0
427;3;Braunschweig Hbf;574;576;0
427;4;Hildesheim Hbf;598;599;0
427;5;Göttingen;632;634;0
427;6;Kassel-Wilhelmshöhe;654;664;1
427;7;Fulda;699;706;1
427;8;Hanau Hbf;768;769;0
427;9;Frankfurt(Main)Hbf;792;796;1
427;10;Mannheim Hbf;836;842;1
427;11;Karlsruhe Hbf;865;869;1
427;12;Offenburg;897;898;0
427;13;Freiburg(Breisgau) Hbf;929;930;0
427;14;Basel Bad Bf;962;963;0
427;15;Basel SBB;970;;0
428;0;Berlin Hbf;;605;1
428;1;Berlin-Spandau;617;619;0
428;2;Wolfsburg Hbf;674;676;0
428;3;Braunschweig Hbf;694;696;0
428;4;Hildesheim Hbf;718;719;0
428;5;Göttingen;752;754;0
428;6;Kassel-Wilhelmshöhe;774;784;1
428;7;Fulda;819;826;1
428;8;Hanau Hbf;888;889;0
428;9;Frankfurt(Main)Hbf;912;916;1
428;10;Mannheim Hbf;956;962;1
428;11;Karlsruhe Hbf;985;989;1
428;12;Offenburg;1017;1018;0
428;13;Freiburg(Breisgau) Hbf;1049;1050;0
428;14;Basel Bad Bf;1082;1083;0
428;15;Basel SBB;1090;;0
429;0;Berlin Hbf;;725;1
429;1;Berlin-Spandau;737;739;0
429;2;Wolfsburg Hbf;794;796;0
429;3;Braunschweig Hbf;814;816;0
429;4;Hildesheim Hbf;838;839;0
429;5;Göttingen;872;874;0
429;6;Kassel-Wilhelmshöhe;894;904;1
429;7;Fulda;939;946;1
429;8;Hanau Hbf;1008;1009;0
429;9;Frankfurt(Main)Hbf;1032;1036;1
429;10;Mannheim Hbf;1076;1082;1
429;11;Karlsruhe Hbf;1105;1109;1
429;12;Offenburg;1137;1138;0
429;13;Freiburg(Breisgau) Hbf;1169;1170;0
429;14;Basel Bad Bf;1202;1203;0
429;15;Basel SBB;1210;;0
430;0;Berlin Hbf;;845;1
430;1;Berlin-Spandau;857;859;0
430;2;Wolfsburg Hbf;914;916;0
430;3;Braunschweig Hbf;934;936;0
430;4;Hildesheim Hbf;958;959;0
430;5;Göttingen;992;994;0
430;6;Kassel-Wilhelmshöhe;1014;1024;1
430;7;Fulda;1059;1066;1
430;8;Hanau Hbf;1128;1129;0
430;9;Frankfurt(Main)Hbf;1152;1156;1
430;10;Mannheim Hbf;1196;1202;1
430;11;Karlsruhe Hbf;1225;1229;1
430;12;Offenburg;1257;1258;0
430;13;Freiburg(Breisgau) Hbf;1289;1290;0
430;14;Basel Bad Bf;1322;1323;0
430;15;Basel SBB;1330;;0
431;0;Berlin Hbf;;965;1
431;1;Berlin-Spandau;977;979;0
431;2;Wolfsburg Hbf;1034;1036;0
431;3;Braunschweig Hbf;1054;1056;0
431;4;Hildesheim Hbf;1078;1079;0
431;5;Göttingen;1112;1114;0
431;6;Kassel-Wilhelmshöhe;1134;1144;1
431;7;Fulda;1179;1186;1
431;8;Hanau Hbf;1248;1249;0
431;9;Frankfurt(Main)Hbf;1272;1276;1
431;10;Mannheim Hbf;1316;1322;1
431;11;Karlsruhe Hbf;1345;1349;1
431;12;Offenburg;1377;1378;0
431;13;Freiburg(Breisgau) Hbf;1409;1410;0
431;14;Basel Bad Bf;1442;1443;0
431;15;Basel SBB;1450;;0
432;0;Berlin Hbf;;1085;1
432;1;Berlin-Spandau;1097;1099;0
432;2;Wolfsburg Hbf;1154;1156;0
432;3;Braunschweig Hbf;1174;1176;0
432;4;Hildesheim Hbf;1198;1199;0
432;5;Göttingen;1232;1234;0
432;6;Kassel-Wilhelmshöhe;1254;1264;1
432;7;Fulda;1299;1306;1
432;8;Hanau Hbf;1368;1369;0
432;9;Frankfurt(Main)Hbf;1392;1396;1
432;10;Mannheim Hbf;1436;1442;1
432;11;Karlsruhe Hbf;1465;1469;1
432;12;Offenburg;1497;1498;0
432;13;Freiburg(Breisgau) Hbf;1529;1530;0
432;14;Basel Bad Bf;1562;1563;0
432;15;Basel SBB;1570;;0
433;0;Berlin Hbf;;1205;1
433;1;Berlin-Spandau;1217;1219;0
433;2;Wolfsburg Hbf;1274;1276;0
433;3;Braunschweig Hbf;1294;1296;0
433;4;Hildesheim Hbf;1318;1319;0
433;5;Göttingen;1352;1354;0
433;6;Kassel-Wilhelmshöhe;1374;1384;1
433;7;Fulda;1419;1426;1
433;8;Hanau Hbf;1488;1489;0
433;9;Frankfurt(Main)Hbf;1512;1516;1
433;10;Mannheim Hbf;1556;1562;1
433;11;Karlsruhe Hbf;1585;1589;1
433;12;Offenburg;1617;1618;0
433;13;Freiburg(Breisgau) Hbf;1649;1650;0
433;14;Basel Bad Bf;1682;1683;0
433;15;Basel SBB;1690;;0
434;0;Berlin Hbf;;1325;1
434;1;Berlin-Spandau;1337;1339;0
434;2;Wolfsburg Hbf;1394;1396;0
434;3;Braunschweig Hbf;1414;1416;0
434;4;Hildesheim Hbf;1438;1439;0
434;5;Göttingen;1472;1474;0
434;6;Kassel-Wilhelmshöhe;1494;1504;1
434;7;Fulda;1539;1546;1
434;8;Hanau Hbf;1608;1609;0
434;9;Frankfurt(Main)Hbf;1632;1636;1
434;10;Mannheim Hbf;1676;1682;1
434;11;Karlsruhe Hbf;1705;1709;1
434;12;Offenburg;1737;1738;0
434;13;Freiburg(Breisgau) Hbf;1769;1770;0
434;14;Basel Bad Bf;1802;1803;0
434;15;Basel SBB;1810;;0
435;0;Frankfurt(M) Flughafen Fernbf;;370;0
435;1;Frankfurt(Main)Süd;378;379;0
435;2;Fulda;432;439;1
435;3;Kassel-Wilhelmshöhe;474;484;1
435;4;Göttingen;503;505;0
435;5;Hildesheim Hbf;532;533;0
435;6;Braunschweig Hbf;557;559;0
435;7;Wolfsburg Hbf;575;577;0
435;8;Stendal Hbf;603;604;0
435;9;Berlin-Spandau;638;640;0
435;10;Berlin-Charlottenburg;647;;0
436;0;Frankfurt(M) Flughafen Fernbf;;490;0
436;1;Frankfurt(Main)Süd;498;499;0
436;2;Fulda;552;559;1
436;3;Kassel-Wilhelmshöhe;594;604;1
436;4;Göttingen;623;625;0
436;5;Hildesheim Hbf;652;653;0
436;6;Braunschweig Hbf;677;679;0
436;7;Wolfsburg Hbf;695;697;0
436;8;Stendal Hbf;723;724;0
436;9;Berlin-Spandau;758;760;0
436;10;Berlin-Charlottenburg;767;;0
437;0;Frankfurt(M) Flughafen Fernbf;;610;0
437;1;Frankfurt(Main)Süd;618;619;0
437;2;Fulda;672;679;1
437;3;Kassel-Wilhelmshöhe;714;724;1
437;4;Göttingen;743;745;0
437;5;Hildesheim Hbf;772;773;0
437;6;Braunschweig Hbf;797;799;0
437;7;Wolfsburg Hbf;815;817;0
437;8;Stendal Hbf;843;844;0
437;9;Berlin-Spandau;878;880;0
437;10;Berlin-Charlottenburg;887;;0
438;0;Frankfurt(M) Flughafen Fernbf;;730;0
438;1;Frankfurt(Main)Süd;738;739;0
438;2;Fulda;792;799;1
438;3;Kassel-Wilhelmshöhe;834;844;1
438;4;Göttingen;863;865;0
438;5;Hildesheim Hbf;892;893;0
438;6;Braunschweig Hbf;917;919;0
438;7;Wolfsburg Hbf;935;937;0
438;8;Stendal Hbf;963;964;0
438;9;Berlin-Spandau;998;1000;0
438;10;Berlin-Charlottenburg;1007;;0
439;0;Frankfurt(M) Flughafen Fernbf;;850;0
439;1;Frankfurt(Main)Süd;858;859;0
439;2;Fulda;912;919;1
439;3;Kassel-Wilhelmshöhe;954;964;1
439;4;Göttingen;983;985;0
439;5;Hildesheim Hbf;1012;1013;0
439;6;Braunschweig Hbf;1037;1039;0
439;7;Wolfsburg Hbf;1055;1057;0
439;8;Stendal Hbf;1083;1084;0
439;9;Berlin-Spandau;1118;1120;0
439;10;Berlin-Charlottenburg;1127;;0
440;0;Frankfurt(M) Flughafen Fernbf;;970;0
440;1;Frankfurt(Main)Süd;978;979;0
440;2;Fulda;1032;1039;1
440;3;Kassel-Wilhelmshöhe;1074;1084;1
440;4;Göttingen;1103;1105;0
440;5;Hildesheim Hbf;1132;1133;0
440;6;Braunschweig Hbf;1157;1159;0
440;7;Wolfsburg Hbf;1175;1177;0
440;8;Stendal Hbf;1203;1204;0
440;9;Berlin-Spandau;1238;1240;0
440;10;Berlin-Charlottenburg;1247;;0
441;0;Frankfurt(M) Flughafen Fernbf;;1090;0
441;1;Frankfurt(Main)Süd;1098;1099;0
441;2;Fulda;1152;1159;1
441;3;Kassel-Wilhelmshöhe;1194;1204;1
441;4;Göttingen;1223;1225;0
441;5;Hildesheim Hbf;1252;1253;0
441;6;Braunschweig Hbf;1277;1279;0
441;7;Wolfsburg Hbf;1295;1297;0
441;8;Stendal Hbf;1323;1324;0
441;9;Berlin-Spandau;1358;1360;0
441;10;Berlin-Charlottenburg;1367;;0
442;0;Frankfurt(M) Flughafen Fernbf;;1210;0
442;1;Frankfurt(Main)Süd;1218;1219;0
442;2;Fulda;1272;1279;1
442;3;Kassel-Wilhelmshöhe;1314;1324;1
442;4;Göttingen;1343;1345;0
442;5;Hildesheim Hbf;1372;1373;0
442;6;Braunschweig Hbf;1397;1399;0
442;7;Wolfsburg Hbf;1415;1417;0
442;8;Stendal Hbf;1443;1444;0
442;9;Berlin-Spandau;1478;1480;0
442;10;Berlin-Charlottenburg;1487;;0
443;0;Frankfurt(M) Flughafen Fernbf;;1330;0
443;1;Frankfurt(Main)Süd;1338;1339;0
443;2;Fulda;1392;1399;1
443;3;Kassel-Wilhelmshöhe;1434;1444;1
443;4;Göttingen;1463;1465;0
443;5;Hildesheim Hbf;1492;1493;0
443;6;Braunschweig Hbf;1517;1519;0
443;7;Wolfsburg Hbf;1535;1537;0
443;8;Stendal Hbf;1563;1564;0
443;9;Berlin-Spandau;1598;1600;0
443;10;Berlin-Charlottenburg;1607;;0
444;0;Berlin-Charlottenburg;;402;0
444;1;Berlin-Spandau;408;410;0
444;2;Stendal Hbf;443;444;0
444;3;Wolfsburg Hbf;470;472;0
444;4;Braunschweig Hbf;489;491;0
444;5;Hildesheim Hbf;513;514;0
444;6;Göttingen;543;545;0
444;7;Kassel-Wilhelmshöhe;564;574;1
444;8;Fulda;609;616;1
444;9;Frankfurt(Main)Süd;671;672;0
444;10;Frankfurt(M) Flughafen Fernbf;683;;0
445;0;Berlin-Charlottenburg;;522;0
445;1;Berlin-Spandau;528;530;0
445;2;Stendal Hbf;563;564;0
445;3;Wolfsburg Hbf;590;592;0
445;4;Braunschweig Hbf;609;611;0
445;5;Hildesheim Hbf;633;634;0
445;6;Göttingen;663;665;0
445;7;Kassel-Wilhelmshöhe;684;694;1
445;8;Fulda;729;736;1
445;9;Frankfurt(Main)Süd;791;792;0
445;10;Frankfurt(M) Flughafen Fernbf;803;;0
446;0;Berlin-Charlottenburg;;642;0
446;1;Berlin-Spandau;648;650;0
446;2;Stendal Hbf;683;684;0
446;3;Wolfsburg Hbf;710;712;0
446;4;Braunschweig Hbf;729;731;0
446;5;Hildesheim Hbf;753;754;0
446;6;Göttingen;783;785;0
446;7;Kassel-Wilhelmshöhe;804;814;1
446;8;Fulda;849;856;1
446;9;Frankfurt(Main)Süd;911;912;0
446;10;Frankfurt(M) Flughafen Fernbf;923;;0
447;0;Berlin-Charlottenburg;;762;0
447;1;Berlin-Spandau;768;770;0
447;2;Stendal Hbf;803;804;0
447;3;Wolfsburg Hbf;830;832;0
447;4;Braunschweig Hbf;849;851;0
447;5;Hildesheim Hbf;873;874;0
447;6;Göttingen;903;905;0
447;7;Kassel-Wilhelmshöhe;924;934;1
447;8;Fulda;969;976;1
447;9;Frankfurt(Main)Süd;1031;1032;0
447;10;Frankfurt(M) Flughafen Fernbf;1043;;0
448;0;Berlin-Charlottenburg;;882;0
448;1;Berlin-Spandau;888;890;0
448;2;Stendal Hbf;923;924;0
448;3;Wolfsburg Hbf;950;952;0
448;4;Braunschweig Hbf;969;971;0
448;5;Hildesheim Hbf;993;994;0
448;6;Göttingen;1023;1025;0
448;7;Kassel-Wilhelmshöhe;1044;1054;1
448;8;Fulda;1089;1096;1
448;9;Frankfurt(Main)Süd;1151;1152;0
448;10;Frankfurt(M) Flughafen Fernbf;1163;;0
449;0;Berlin-Charlottenburg;;1002;0
449;1;Berlin-Spandau;1008;1010;0
449;2;Stendal Hbf;1043;1044;0
449;3;Wolfsburg Hbf;1070;1072;0
449;4;Braunschweig Hbf;1089;1091;0
449;5;Hildesheim Hbf;1113;1114;0
449;6;Göttingen;1143;1145;0
449;7;Kassel-Wilhelmshöhe;1164;1174;1
449;8;Fulda;1209;1216;1
449;9;Frankfurt(Main)Süd;1271;1272;0
449;10;Frankfurt(M) Flughafen Fernbf;1283;;0
450;0;Berlin-Charlottenburg;;1122;0
450;1;Berlin-Spandau;1128;1130;0
450;2;Stendal Hbf;1163;1164;0
450;3;Wolfsburg Hbf;1190;1192;0
450;4;Braunschweig Hbf;1209;1211;0
450;5;Hildesheim Hbf;1233;1234;0
450;6;Göttingen;1263;1265;0
450;7;Kassel-Wilhelmshöhe;1284;1294;1
450;8;Fulda;1329;1336;1
450;9;Frankfurt(Main)Süd;1391;1392;0
450;10;Frankfurt(M) Flughafen Fernbf;1403;;0
451;0;Berlin-Charlottenburg;;1242;0
451;1;Berlin-Spandau;1248;1250;0
451;2;Stendal Hbf;1283;1284;0
451;3;Wolfsburg Hbf;1310;1312;0
451;4;Braunschweig Hbf;1329;1331;0
451;5;Hildesheim Hbf;1353;1354;0
451;6;Göttingen;1383;1385;0
451;7;Kassel-Wilhelmshöhe;1404;1414;1
451;8;Fulda;1449;1456;1
451;9;Frankfurt(Main)Süd;1511;1512;0
451;10;Frankfurt(M) Flughafen Fernbf;1523;;0
452;0;Berlin-Charlottenburg;;1362;0
452;1;Berlin-Spandau;1368;1370;0
452;2;Stendal Hbf;1403;1404;0
452;3;Wolfsburg Hbf;1430;1432;0
452;4;Braunschweig Hbf;1449;1451;0
452;5;Hildesheim Hbf;1473;1474;0
452;6;Göttingen;1503;1505;0
452;7;Kassel-Wilhelmshöhe;1524;1534;1
452;8;Fulda;1569;1576;1
452;9;Frankfurt(Main)Süd;1631;1632;0
452;10;Frankfurt(M) Flughafen Fernbf;1643;;0
453;0;Berlin-Charlottenburg;;410;0
453;1;Berlin-Spandau;418;420;0
453;2;Hannover Hbf;507;514;1
453;3;Herford;561;562;0
453;4;Bielefeld Hbf;571;573;0
453;5;Gütersloh Hbf;581;582;0
453;6;Hamm(Westf)Hbf;602;604;0
453;7;Dortmund Hbf;627;632;1
453;8;Bochum Hbf;645;646;0
453;9;Essen Hbf;656;;0
454;0;Berlin-Charlottenburg;;530;0
454;1;Berlin-Spandau;538;540;0
454;2;Hannover Hbf;627;634;1
454;3;Herford;681;682;0
454;4;Bielefeld Hbf;691;693;0
454;5;Gütersloh Hbf;701;702;0
454;6;Hamm(Westf)Hbf;722;724;0
454;7;Dortmund Hbf;747;752;1
454;8;Bochum Hbf;765;766;0
454;9;Essen Hbf;776;;0
455;0;Berlin-Charlottenburg;;650;0
455;1;Berlin-Spandau;658;660;0
455;2;Hannover Hbf;747;754;1
455;3;Herford;801;802;0
455;4;Bielefeld Hbf;811;813;0
455;5;Gütersloh Hbf;821;822;0
455;6;Hamm(Westf)Hbf;842;844;0
455;7;Dortmund Hbf;867;872;1
455;8;Bochum Hbf;885;886;0
455;9;Essen Hbf;896;;0
456;0;Berlin-Charlottenburg;;770;0
456;1;Berlin-Spandau;778;780;0
456;2;Hannover Hbf;867;874;1
456;3;Herford;921;922;0
456;4;Bielefeld Hbf;931;933;0
456;5;Gütersloh Hbf;941;942;0
456;6;Hamm(Westf)Hbf;962;964;0
456;7;Dortmund Hbf;987;992;1
456;8;Bochum Hbf;1005;1006;0
456;9;Essen Hbf;1016;;0
457;0;Berlin-Charlottenburg;;890;0
457;1;Berlin-Spandau;898;900;0
457;2;Hannover Hbf;987;994;1
457;3;Herford;1041;1042;0
457;4;Bielefeld Hbf;1051;1053;0
457;5;Gütersloh Hbf;1061;1062;0
457;6;Hamm(Westf)Hbf;1082;1084;0
457;7;Dortmund Hbf;1107;1112;1
457;8;Bochum Hbf;1125;1126;0
457;9;Essen Hbf;1136;;0
458;0;Berlin-Charlottenburg;;1010;0
458;1;Berlin-Spandau;1018;1020;0
458;2;Hannover Hbf;1107;1114;1
458;3;Herford;1161;1162;0
458;4;Bielefeld Hbf;1171;1173;0
458;5;Gütersloh Hbf;1181;1182;0
458;6;Hamm(Westf)Hbf;1202;1204;0
458;7;Dortmund Hbf;1227;1232;1
458;8;Bochum Hbf;1245;1246;0
458;9;Essen Hbf;1256;;0
459;0;Berlin-Charlottenburg;;1130;0
459;1;Berlin-Spandau;1138;1140;0
459;2;Hannover Hbf;1227;1234;1
459;3;Herford;1281;1282;0
459;4;Bielefeld Hbf;1291;1293;0
459;5;Gütersloh Hbf;1301;1302;0
459;6;Hamm(Westf)Hbf;1322;1324;0
459;7;Dortmund Hbf;1347;1352;1
459;8;Bochum Hbf;1365;1366;0
459;9;Essen Hbf;1376;;0
460;0;Berlin-Charlottenburg;;1250;0
460;1;Berlin-Spandau;1258;1260;0
460;2;Hannover Hbf;1347;1354;1
460;3;Herford;1401;1402;0
460;4;Bielefeld Hbf;1411;1413;0
460;5;Gütersloh Hbf;1421;1422;0
460;6;Hamm(Westf)Hbf;1442;1444;0
460;7;Dortmund Hbf;1467;1472;1
460;8;Bochum Hbf;1485;1486;0
460;9;Essen Hbf;1496;;0
461;0;Berlin-Charlottenburg;;1370;0
461;1;Berlin-Spandau;1378;1380;0
461;2;Hannover Hbf;1467;1474;1
461;3;Herford;1521;1522;0
461;4;Bielefeld Hbf;1531;1533;0
461;5;Gütersloh Hbf;1541;1542;0
461;6;Hamm(Westf)Hbf;1562;1564;0
461;7;Dortmund Hbf;1587;1592;1
461;8;Bochum Hbf;1605;1606;0
461;9;Essen Hbf;1616;;0
462;0;Essen Hbf;;396;0
462;1;Bochum Hbf;406;407;0
462;2;Dortmund Hbf;418;423;1
462;3;Hamm(Westf)Hbf;446;448;0
462;4;Gütersloh Hbf;467;468;0
462;5;Bielefeld Hbf;478;480;0
462;6;Herford;488;489;0
462;7;Hannover Hbf;536;541;1
462;8;Berlin-Spandau;628;630;0
462;9;Berlin-Charlottenburg;644;;0
463;0;Essen Hbf;;516;0
463;1;Bochum Hbf;526;527;0
463;2;Dortmund Hbf;538;543;1
463;3;Hamm(Westf)Hbf;566;568;0
463;4;Gütersloh Hbf;587;588;0
463;5;Bielefeld Hbf;598;600;0
463;6;Herford;608;609;0
463;7;Hannover Hbf;656;661;1
463;8;Berlin-Spandau;748;750;0
463;9;Berlin-Charlottenburg;764;;0
464;0;Essen Hbf;;636;0
464;1;Bochum Hbf;646;647;0
464;2;Dortmund Hbf;658;663;1
464;3;Hamm(Westf)Hbf;686;688;0
464;4;Gütersloh Hbf;707;708;0
464;5;Bielefeld Hbf;718;720;0
464;6;Herford;728;729;0
464;7;Hannover Hbf;776;781;1
464;8;Berlin-Spandau;868;870;0
464;9;Berlin-Charlottenburg;884;;0
465;0;Essen Hbf;;756;0
465;1;Bochum Hbf;766;767;0
465;2;Dortmund Hbf;778;783;1
465;3;Hamm(Westf)Hbf;806;808;0
465;4;Gütersloh Hbf;827;828;0
465;5;Bielefeld Hbf;838;840;0
465;6;Herford;848;849;0
465;7;Hannover Hbf;896;901;1
465;8;Berlin-Spandau;988;990;0
465;9;Berlin-Charlottenburg;1004;;0
466;0;Essen Hbf;;876;0
466;1;Bochum Hbf;886;887;0
466;2;Dortmund Hbf;898;903;1
466;3;Hamm(Westf)Hbf;926;928;0
466;4;Gütersloh Hbf;947;948;0
466;5;Bielefeld Hbf;958;960;0
466;6;Herford;968;969;0
466;7;Hannover Hbf;1016;1021;1
466;8;Berlin-Spandau;1108;1110;0
466;9;Berlin-Charlottenburg;1124;;0
467;0;Essen Hbf;;996;0
467;1;Bochum Hbf;1006;1007;0
467;2;Dortmund Hbf;1018;1023;1
467;3;Hamm(Westf)Hbf;1046;1048;0
467;4;Gütersloh Hbf;1067;1068;0
467;5;Bielefeld Hbf;1078;1080;0
467;6;Herford;1088;1089;0
467;7;Hannover Hbf;1136;1141;1
467;8;Berlin-Spandau;1228;1230;0
467;9;Berlin-Charlottenburg;1244;;0
468;0;Essen Hbf;;1116;0
468;1;Bochum Hbf;1126;1127;0
468;2;Dortmund Hbf;1138;1143;1
468;3;Hamm(Westf)Hbf;1166;1168;0
468;4;Gütersloh Hbf;1187;1188;0
468;5;Bielefeld Hbf;1198;1200;0
468;6;Herford;1208;1209;0
468;7;Hannover Hbf;1256;1261;1
468;8;Berlin-Spandau;1348;1350;0
468;9;Berlin-Charlottenburg;1364;;0
469;0;Essen Hbf;;1236;0
469;1;Bochum Hbf;1246;1247;0
469;2;Dortmund Hbf;1258;1263;1
469;3;Hamm(Westf)Hbf;1286;1288;0
469;4;Gütersloh Hbf;1307;1308;0
469;5;Bielefeld Hbf;1318;1320;0
469;6;Herford;1328;1329;0
469;7;Hannover Hbf;1376;1381;1
469;8;Berlin-Spandau;1468;1470;0
469;9;Berlin-Charlottenburg;1484;;0
470;0;Essen Hbf;;1356;0
470;1;Bochum Hbf;1366;1367;0
470;2;Dortmund Hbf;1378;1383;1
470;3;Hamm(Westf)Hbf;1406;1408;0
470;4;Gütersloh Hbf;1427;1428;0
470;5;Bielefeld Hbf;1438;1440;0
470;6;Herford;1448;1449;0
470;7;Hannover Hbf;1496;1501;1
470;8;Berlin-Spandau;1588;1590;0
470;9;Berlin-Charlottenburg;1604;;0
471;0;Frankfurt(Main)Hbf;;379;1
471;1;Erfurt Hbf;524;528;1
471;2;Halle(Saale)Hbf;567;569;0
471;3;Berlin Südkreuz;646;648;0
471;4;Berlin Hbf;655;662;1
471;5;Berlin Gesundbrunnen;666;;0
472;0;Frankfurt(Main)Hbf;;499;1
472;1;Erfurt Hbf;644;648;1
472;2;Halle(Saale)Hbf;687;689;0
472;3;Berlin Südkreuz;766;768;0
472;4;Berlin Hbf;775;782;1
472;5;Berlin Gesundbrunnen;786;;0
473;0;Frankfurt(Main)Hbf;;619;1
473;1;Erfurt Hbf;764;768;1
473;2;Halle(Saale)Hbf;807;809;0
473;3;Berlin Südkreuz;886;888;0
473;4;Berlin Hbf;895;902;1
473;5;Berlin Gesundbrunnen;906;;0
474;0;Frankfurt(Main)Hbf;;739;1
474;1;Erfurt Hbf;884;888;1
474;2;Halle(Saale)Hbf;927;929;0
474;3;Berlin Südkreuz;1006;1008;0
474;4;Berlin Hbf;1015;1022;1
474;5;Berlin Gesundbrunnen;1026;;0
475;0;Frankfurt(Main)Hbf;;859;1
475;1;Erfurt Hbf;1004;1008;1
475;2;Halle(Saale)Hbf;1047;1049;0
475;3;Berlin Südkreuz;1126;1128;0
475;4;Berlin Hbf;1135;1142;1
475;5;Berlin Gesundbrunnen;1146;;0
476;0;Frankfurt(Main)Hbf;;979;1
476;1;Erfurt Hbf;1124;1128;1
476;2;Halle(Saale)Hbf;1167;1169;0
476;3;Berlin Südkreuz;1246;1248;0
476;4;Berlin Hbf;1255;1262;1
476;5;Berlin Gesundbrunnen;1266;;0
477;0;Frankfurt(Main)Hbf;;1099;1
477;1;Erfurt Hbf;1244;1248;1
477;2;Halle(Saale)Hbf;1287;1289;0
477;3;Berlin Südkreuz;1366;1368;0
477;4;Berlin Hbf;1375;1382;1
477;5;Berlin Gesundbrunnen;1386;;0
478;0;Frankfurt(Main)Hbf;;1219;1
478;1;Erfurt Hbf;1364;1368;1
478;2;Halle(Saale)Hbf;1407;1409;0
478;3;Berlin Südkreuz;1486;1488;0
478;4;Berlin Hbf;1495;1502;1
478;5;Berlin Gesundbrunnen;1506;;0
479;0;Frankfurt(Main)Hbf;;1339;1
479;1;Erfurt Hbf;1484;1488;1
479;2;Halle(Saale)Hbf;1527;1529;0
479;3;Berlin Südkreuz;1606;1608;0
479;4;Berlin Hbf;1615;1622;1
479;5;Berlin Gesundbrunnen;1626;;0
480;0;Berlin Gesundbrunnen;;414;0
480;1;Berlin Hbf;418;425;1
480;2;Berlin Südkreuz;431;433;0
480;3;Halle(Saale)Hbf;512;514;0
480;4;Erfurt Hbf;552;558;1
480;5;Frankfurt(Main)Hbf;699;;1
481;0;Berlin Gesundbrunnen;;534;0
481;1;Berlin Hbf;538;545;1
481;2;Berlin Südkreuz;551;553;0
481;3;Halle(Saale)Hbf;632;634;0
481;4;Erfurt Hbf;672;678;1
481;5;Frankfurt(Main)Hbf;819;;1
482;0;Berlin Gesundbrunnen;;654;0
482;1;Berlin Hbf;658;665;1
482;2;Berlin Südkreuz;671;673;0
482;3;Halle(Saale)Hbf;752;754;0
482;4;Erfurt Hbf;792;798;1
482;5;Frankfurt(Main)Hbf;939;;1
483;0;Berlin Gesundbrunnen;;774;0
483;1;Berlin Hbf;778;785;1
483;2;Berlin Südkreuz;791;793;0
483;3;Halle(Saale)Hbf;872;874;0
483;4;Erfurt Hbf;912;918;1
483;5;Frankfurt(Main)Hbf;1059;;1
484;0;Berlin Gesundbrunnen;;894;0
484;1;Berlin Hbf;898;905;1
484;2;Berlin Südkreuz;911;913;0
484;3;Halle(Saale)Hbf;992;994;0
484;4;Erfurt Hbf;1032;1038;1
484;5;Frankfurt(Main)Hbf;1179;;1
485;0;Berlin Gesundbrunnen;;1014;0
485;1;Berlin Hbf;1018;1025;1
485;2;Berlin Südkreuz;1031;1033;0
485;3;Halle(Saale)Hbf;1112;1114;0
485;4;Erfurt Hbf;1152;1158;1
485;5;Frankfurt(Main)Hbf;1299;;1
486;0;Berlin Gesundbrunnen;;1134;0
486;1;Berlin Hbf;1138;1145;1
486;2;Berlin Südkreuz;1151;1153;0
486;3;Halle(Saale)Hbf;1232;1234;0
486;4;Erfurt Hbf;1272;1278;1
486;5;Frankfurt(Main)Hbf;1419;;1
487;0;Berlin Gesundbrunnen;;1254;0
487;1;Berlin Hbf;1258;1265;1
487;2;Berlin Südkreuz;1271;1273;0
487;3;Halle(Saale)Hbf;1352;1354;0
487;4;Erfurt Hbf;1392;1398;1
487;5;Frankfurt(Main)Hbf;1539;;1
488;0;Berlin Gesundbrunnen;;1374;0
488;1;Berlin Hbf;1378;1385;1
488;2;Berlin Südkreuz;1391;1393;0
488;3;Halle(Saale)Hbf;1472;1474;0
488;4;Erfurt Hbf;1512;1518;1
488;5;Frankfurt(Main)Hbf;1659;;1
489;0;Bremen Hbf;;377;1
489;1;Hannover Hbf;446;;1
490;0;Bremen Hbf;;497;1
490;1;Hannover Hbf;566;;1
491;0;Bremen Hbf;;617;1
491;1;Hannover Hbf;686;;1
492;0;Bremen Hbf;;737;1
492;1;Hannover Hbf;806;;1
493;0;Bremen Hbf;;857;1
493;1;Hannover Hbf;926;;1
494;0;Bremen Hbf;;977;1
494;1;Hannover Hbf;1046;;1
495;0;Bremen Hbf;;1097;1
495;1;Hannover Hbf;1166;;1
496;0;Bremen Hbf;;1217;1
496;1;Hannover Hbf;1286;;1
497;0;Bremen Hbf;;1337;1
497;1;Hannover Hbf;1406;;1
498;0;Hannover Hbf;;394;1
498;1;Bremen Hbf;463;;1
499;0;Hannover Hbf;;514;1
499;1;Bremen Hbf;583;;1
500;0;Hannover Hbf;;634;1
500;1;Bremen Hbf;703;;1
501;0;Hannover Hbf;;754;1
501;1;Bremen Hbf;823;;1
502;0;Hannover Hbf;;874;1
502;1;Bremen Hbf;943;;1
503;0;Hannover Hbf;;994;1
503;1;Bremen Hbf;1063;;1
504;0;Hannover Hbf;;1114;1
504;1;Bremen Hbf;1183;;1
505;0;Hannover Hbf;;1234;1
505;1;Bremen Hbf;1303;;1
506;0;Hannover Hbf;;1354;1
506;1;Bremen Hbf;1423;;1
507;0;Stralsund Hbf;;360;0
507;1;Ribnitz-Damgarten West;386;387;0
507;2;Rostock Hbf;419;420;0
507;3;Waren(Müritz);458;459;0
507;4;Neustrelitz Hbf;477;478;0
507;5;Oranienburg;512;513;0
507;6;Berlin Gesundbrunnen;535;;0
508;0;Stralsund Hbf;;480;0
508;1;Ribnitz-Damgarten West;506;507;0
508;2;Rostock Hbf;539;540;0
508;3;Waren(Müritz);578;579;0
508;4;Neustrelitz Hbf;597;598;0
508;5;Oranienburg;632;633;0
508;6;Berlin Gesundbrunnen;655;;0
509;0;Stralsund Hbf;;600;0
509;1;Ribnitz-Damgarten West;626;627;0
509;2;Rostock Hbf;659;660;0
509;3;Waren(Müritz);698;699;0
509;4;Neustrelitz Hbf;717;718;0
509;5;Oranienburg;752;753;0
509;6;Berlin Gesundbrunnen;775;;0
510;0;Stralsund Hbf;;720;0
510;1;Ribnitz-Damgarten West;746;747;0
510;2;Rostock Hbf;779;780;0
510;3;Waren(Müritz);818;819;0
510;4;Neustrelitz Hbf;837;838;0
510;5;Oranienburg;872;873;0
510;6;Berlin Gesundbrunnen;895;;0
511;0;Stralsund Hbf;;840;0
511;1;Ribnitz-Damgarten West;866;867;0
511;2;Rostock Hbf;899;900;0
511;3;Waren(Müritz);938;939;0
511;4;Neustrelitz Hbf;957;958;0
511;5;Oranienburg;992;993;0
511;6;Berlin Gesundbrunnen;1015;;0
512;0;Stralsund Hbf;;960;0
512;1;Ribnitz-Damgarten West;986;987;0
512;2;Rostock Hbf;1019;1020;0
512;3;Waren(Müritz);1058;1059;0
512;4;Neustrelitz Hbf;1077;1078;0
512;5;Oranienburg;1112;1113;0
512;6;Berlin Gesundbrunnen;1135;;0
513;0;Stralsund Hbf;;1080;0
513;1;Ribnitz-Damgarten West;1106;1107;0
513;2;Rostock Hbf;1139;1140;0
513;3;Waren(Müritz);1178;1179;0
513;4;Neustrelitz Hbf;1197;1198;0
513;5;Oranienburg;1232;1233;0
513;6;Berlin Gesundbrunnen;1255;;0
514;0;Stralsund Hbf;;1200;0
514;1;Ribnitz-Damgarten West;1226;1227;0
514;2;Rostock Hbf;1259;1260;0
514;3;Waren(Müritz);1298;1299;0
514;4;Neustrelitz Hbf;1317;1318;0
514;5;Oranienburg;1352;1353;0
514;6;Berlin Gesundbrunnen;1375;;0
515;0;Stralsund Hbf;;1320;0
515;1;Ribnitz-Damgarten West;1346;1347;0
515;2;Rostock Hbf;1379;1380;0
515;3;Waren(Müritz);1418;1419;0
515;4;Neustrelitz Hbf;1437;1438;0
515;5;Oranienburg;1472;1473;0
515;6;Berlin Gesundbrunnen;1495;;0
516;0;Berlin Gesundbrunnen;;360;0
516;1;Oranienburg;381;382;0
516;2;Neustrelitz Hbf;417;418;0
516;3;Waren(Müritz);436;437;0
516;4;Rostock Hbf;480;481;0
516;5;Ribnitz-Damgarten West;509;510;0
516;6;Stralsund Hbf;536;;0
517;0;Berlin Gesundbrunnen;;480;0
517;1;Oranienburg;501;502;0
517;2;Neustrelitz Hbf;537;538;0
517;3;Waren(Müritz);556;557;0
517;4;Rostock Hbf;600;601;0
517;5;Ribnitz-Damgarten West;629;630;0
517;6;Stralsund Hbf;656;;0
518;0;Berlin Gesundbrunnen;;600;0
518;1;Oranienburg;621;622;0
518;2;Neustrelitz Hbf;657;658;0
518;3;Waren(Müritz);676;677;0
518;4;Rostock Hbf;720;721;0
518;5;Ribnitz-Damgarten West;749;750;0
518;6;Stralsund Hbf;776;;0
519;0;Berlin Gesundbrunnen;;720;0
519;1;Oranienburg;741;742;0
519;2;Neustrelitz Hbf;777;778;0
519;3;Waren(Müritz);796;797;0
519;4;Rostock Hbf;840;841;0
519;5;Ribnitz-Damgarten West;869;870;0
519;6;Stralsund Hbf;896;;0
520;0;Berlin Gesundbrunnen;;840;0
520;1;Oranienburg;861;862;0
520;2;Neustrelitz Hbf;897;898;0
520;3;Waren(Müritz);916;917;0
520;4;Rostock Hbf;960;961;0
520;5;Ribnitz-Damgarten West;989;990;0
520;6;Stralsund Hbf;1016;;0
521;0;Berlin Gesundbrunnen;;960;0
521;1;Oranienburg;981;982;0
521;2;Neustrelitz Hbf;1017;1018;0
521;3;Waren(Müritz);1036;1037;0
521;4;Rostock Hbf;1080;1081;0
521;5;Ribnitz-Damgarten West;1109;1110;0
521;6;Stralsund Hbf;1136;;0
522;0;Berlin Gesundbrunnen;;1080;0
522;1;Oranienburg;1101;1102;0
522;2;Neustrelitz Hbf;1137;1138;0
522;3;Waren(Müritz);1156;1157;0
522;4;Rostock Hbf;1200;1201;0
522;5;Ribnitz-Damgarten West;1229;1230;0
522;6;Stralsund Hbf;1256;;0
523;0;Berlin Gesundbrunnen;;1200;0
523;1;Oranienburg;1221;1222;0
523;2;Neustrelitz Hbf;1257;1258;0
523;3;Waren(Müritz);1276;1277;0
523;4;Rostock Hbf;1320;1321;0
523;5;Ribnitz-Damgarten West;1349;1350;0
523;6;Stralsund Hbf;1376;;0
524;0;Berlin Gesundbrunnen;;1320;0
524;1;Oranienburg;1341;1342;0
524;2;Neustrelitz Hbf;1377;1378;0
524;3;Waren(Müritz);1396;1397;0
524;4;Rostock Hbf;1440;1441;0
524;5;Ribnitz-Damgarten West;1469;1470;0
524;6;Stralsund Hbf;1496;;0
525;0;Berlin Hbf;;365;1
525;1;Wittenberge;420;421;0
525;2;Ludwigslust;438;439;0
525;3;Büchen;468;469;0
525;4;Hamburg Hbf;493;497;1
525;5;Hamburg-Altona;507;;0
526;0;Berlin Hbf;;485;1
526;1;Wittenberge;540;541;0
526;2;Ludwigslust;558;559;0
526;3;Büchen;588;589;0
526;4;Hamburg Hbf;613;617;1
526;5;Hamburg-Altona;627;;0
527;0;Berlin Hbf;;605;1
527;1;Wittenberge;660;661;0
527;2;Ludwigslust;678;679;0
527;3;Büchen;708;709;0
527;4;Hamburg Hbf;733;737;1
527;5;Hamburg-Altona;747;;0
528;0;Berlin Hbf;;725;1
528;1;Wittenberge;780;781;0
528;2;Ludwigslust;798;799;0
528;3;Büchen;828;829;0
528;4;Hamburg Hbf;853;857;1
528;5;Hamburg-Altona;867;;0
529;0;Berlin Hbf;;845;1
529;1;Wittenberge;900;901;0
529;2;Ludwigslust;918;919;0
529;3;Büchen;948;949;0
529;4;Hamburg Hbf;973;977;1
529;5;Hamburg-Altona;987;;0
530;0;Berlin Hbf;;965;1
530;1;Wittenberge;1020;1021;0
530;2;Ludwigslust;1038;1039;0
530;3;Büchen;1068;1069;0
530;4;Hamburg Hbf;1093;1097;1
530;5;Hamburg-Altona;1107;;0
531;0;Berlin Hbf;;1085;1
531;1;Wittenberge;1140;1141;0
531;2;Ludwigslust;1158;1159;0
531;3;Büchen;1188;1189;0
531;4;Hamburg Hbf;1213;1217;1
531;5;Hamburg-Altona;1227;;0
532;0;Berlin Hbf;;1205;1
532;1;Wittenberge;1260;1261;0
532;2;Ludwigslust;1278;1279;0
532;3;Büchen;1308;1309;0
532;4;Hamburg Hbf;1333;1337;1
532;5;Hamburg-Altona;1347;;0
533;0;Berlin Hbf;;1325;1
533;1;Wittenberge;1380;1381;0
533;2;Ludwigslust;1398;1399;0
533;3;Büchen;1428;1429;0
533;4;Hamburg Hbf;1453;1457;1
533;5;Hamburg-Altona;1467;;0
534;0;Hamburg-Altona;;362;0
534;1;Hamburg Hbf;373;377;1
534;2;Büchen;403;404;0
534;3;Ludwigslust;431;432;0
534;4;Wittenberge;448;449;0
534;5;Berlin Hbf;505;;1
535;0;Hamburg-Altona;;482;0
535;1;Hamburg Hbf;493;497;1
535;2;Büchen;523;524;0
535;3;Ludwigslust;551;552;0
535;4;Wittenberge;568;569;0
535;5;Berlin Hbf;625;;1
536;0;Hamburg-Altona;;602;0
536;1;Hamburg Hbf;613;617;1
536;2;Büchen;643;644;0
536;3;Ludwigslust;671;672;0
536;4;Wittenberge;688;689;0
536;5;Berlin Hbf;745;;1
537;0;Hamburg-Altona;;722;0
537;1;Hamburg Hbf;733;737;1
537;2;Büchen;763;764;0
537;3;Ludwigslust;791;792;0
537;4;Wittenberge;808;809;0
537;5;Berlin Hbf;865;;1
538;0;Hamburg-Altona;;842;0
538;1;Hamburg Hbf;853;857;1
538;2;Büchen;883;884;0
538;3;Ludwigslust;911;912;0
538;4;Wittenberge;928;929;0
538;5;Berlin Hbf;985;;1
539;0;Hamburg-Altona;;962;0
539;1;Hamburg Hbf;973;977;1
539;2;Büchen;1003;1004;0
539;3;Ludwigslust;1031;1032;0
539;4;Wittenberge;1048;1049;0
539;5;Berlin Hbf;1105;;1
540;0;Hamburg-Altona;;1082;0
540;1;Hamburg Hbf;1093;1097;1
540;2;Büchen;1123;1124;0
540;3;Ludwigslust;1151;1152;0
540;4;Wittenberge;1168;1169;0
540;5;Berlin Hbf;1225;;1
541;0;Hamburg-Altona;;1202;0
541;1;Hamburg Hbf;1213;1217;1
541;2;Büchen;1243;1244;0
541;3;Ludwigslust;1271;1272;0
541;4;Wittenberge;1288;1289;0
541;5;Berlin Hbf;1345;;1
542;0;Hamburg-Altona;;1322;0
542;1;Hamburg Hbf;1333;1337;1
542;2;Büchen;1363;1364;0
542;3;Ludwigslust;1391;1392;0
542;4;Wittenberge;1408;1409;0
542;5;Berlin Hbf;1465;;1
543;0;Köln Hbf;;394;1
543;1;Wuppertal Hbf;428;429;0
543;2;Hagen Hbf;447;448;0
543;3;Bielefeld Hbf;507;509;0
543;4;Hannover Hbf;567;574;1
543;5;Berlin-Spandau;672;674;0
543;6;Berlin Hbf;685;692;1
543;7;Berlin Südkreuz;697;;0
544;0;Köln Hbf;;514;1
544;1;Wuppertal Hbf;548;549;0
544;2;Hagen Hbf;567;568;0
544;3;Bielefeld Hbf;627;629;0
544;4;Hannover Hbf;687;694;1
544;5;Berlin-Spandau;792;794;0
544;6;Berlin Hbf;805;812;1
544;7;Berlin Südkreuz;817;;0
545;0;Köln Hbf;;634;1
545;1;Wuppertal Hbf;668;669;0
545;2;Hagen Hbf;687;688;0
545;3;Bielefeld Hbf;747;749;0
545;4;Hannover Hbf;807;814;1
545;5;Berlin-Spandau;912;914;0
545;6;Berlin Hbf;925;932;1
545;7;Berlin Südkreuz;937;;0
546;0;Köln Hbf;;754;1
546;1;Wuppertal Hbf;788;789;0
546;2;Hagen Hbf;807;808;0
546;3;Bielefeld Hbf;867;869;0
546;4;Hannover Hbf;927;934;1
546;5;Berlin-Spandau;1032;1034;0
546;6;Berlin Hbf;1045;1052;1
546;7;Berlin Südkreuz;1057;;0
547;0;Köln Hbf;;874;1
547;1;Wuppertal Hbf;908;909;0
547;2;Hagen Hbf;927;928;0
547;3;Bielefeld Hbf;987;989;0
547;4;Hannover Hbf;1047;1054;1
547;5;Berlin-Spandau;1152;1154;0
547;6;Berlin Hbf;1165;1172;1
547;7;Berlin Südkreuz;1177;;0
548;0;Köln Hbf;;994;1
548;1;Wuppertal Hbf;1028;1029;0
548;2;Hagen Hbf;1047;1048;0
548;3;Bielefeld Hbf;1107;1109;0
548;4;Hannover Hbf;1167;1174;1
548;5;Berlin-Spandau;1272;1274;0
548;6;Berlin Hbf;1285;1292;1
548;7;Berlin Südkreuz;1297;;0
549;0;Köln Hbf;;1114;1
549;1;Wuppertal Hbf;1148;1149;0
549;2;Hagen Hbf;1167;1168;0
549;3;Bielefeld Hbf;1227;1229;0
549;4;Hannover Hbf;1287;1294;1
549;5;Berlin-Spandau;1392;1394;0
549;6;Berlin Hbf;1405;1412;1
549;7;Berlin Südkreuz;1417;;0
550;0;Köln Hbf;;1234;1
550;1;Wuppertal Hbf;1268;1269;0
550;2;Hagen Hbf;1287;1288;0
550;3;Bielefeld Hbf;1347;1349;0
550;4;Hannover Hbf;1407;1414;1
550;5;Berlin-Spandau;1512;1514;0
550;6;Berlin Hbf;1525;1532;1
550;7;Berlin Südkreuz;1537;;0
551;0;Köln Hbf;;1354;1
551;1;Wuppertal Hbf;1388;1389;0
551;2;Hagen Hbf;1407;1408;0
551;3;Bielefeld Hbf;1467;1469;0
551;4;Hannover Hbf;1527;1534;1
551;5;Berlin-Spandau;1632;1634;0
551;6;Berlin Hbf;1645;1652;1
551;7;Berlin Südkreuz;1657;;0
552;0;Berlin Südkreuz;;410;0
552;1;Berlin Hbf;418;425;1
552;2;Berlin-Spandau;435;437;0
552;3;Hannover Hbf;536;541;1
552;4;Bielefeld Hbf;598;600;0
552;5;Hagen Hbf;658;659;0
552;6;Wuppertal Hbf;679;680;0
552;7;Köln Hbf;714;;1
553;0;Berlin Südkreuz;;530;0
553;1;Berlin Hbf;538;545;1
553;2;Berlin-Spandau;555;557;0
553;3;Hannover Hbf;656;661;1
553;4;Bielefeld Hbf;718;720;0
553;5;Hagen Hbf;778;779;0
553;6;Wuppertal Hbf;799;800;0
553;7;Köln Hbf;834;;1
554;0;Berlin Südkreuz;;650;0
554;1;Berlin Hbf;658;665;1
554;2;Berlin-Spandau;675;677;0
554;3;Hannover Hbf;776;781;1
554;4;Bielefeld Hbf;838;840;0
554;5;Hagen Hbf;898;899;0
554;6;Wuppertal Hbf;919;920;0
554;7;Köln Hbf;954;;1
555;0;Berlin Südkreuz;;770;0
555;1;Berlin Hbf;778;785;1
555;2;Berlin-Spandau;795;797;0
555;3;Hannover Hbf;896;901;1
555;4;Bielefeld Hbf;958;960;0
555;5;Hagen Hbf;1018;1019;0
555;6;Wuppertal Hbf;1039;1040;0
555;7;Köln Hbf;1074;;1
556;0;Berlin Südkreuz;;890;0
556;1;Berlin Hbf;898;905;1
556;2;Berlin-Spandau;915;917;0
556;3;Hannover Hbf;1016;1021;1
556;4;Bielefeld Hbf;1078;1080;0
556;5;Hagen Hbf;1138;1139;0
556;6;Wuppertal Hbf;1159;1160;0
556;7;Köln Hbf;1194;;1
557;0;Berlin Südkreuz;;1010;0
557;1;Berlin Hbf;1018;1025;1
557;2;Berlin-Spandau;1035;1037;0
557;3;Hannover Hbf;1136;1141;1
557;4;Bielefeld Hbf;1198;1200;0
557;5;Hagen Hbf;1258;1259;0
557;6;Wuppertal Hbf;1279;1280;0
557;7;Köln Hbf;1314;;1
558;0;Berlin Südkreuz;;1130;0
558;1;Berlin Hbf;1138;1145;1
558;2;Berlin-Spandau;1155;1157;0
558;3;Hannover Hbf;1256;1261;1
558;4;Bielefeld Hbf;1318;1320;0
558;5;Hagen Hbf;1378;1379;0
558;6;Wuppertal Hbf;1399;1400;0
558;7;Köln Hbf;1434;;1
559;0;Berlin Südkreuz;;1250;0
559;1;Berlin Hbf;1258;1265;1
559;2;Berlin-Spandau;1275;1277;0
559;3;Hannover Hbf;1376;1381;1
559;4;Bielefeld Hbf;1438;1440;0
559;5;Hagen Hbf;1498;1499;0
559;6;Wuppertal Hbf;1519;1520;0
559;7;Köln Hbf;1554;;1
560;0;Berlin Südkreuz;;1370;0
560;1;Berlin Hbf;1378;1385;1
560;2;Berlin-Spandau;1395;1397;0
560;3;Hannover Hbf;1496;1501;1
560;4;Bielefeld Hbf;1558;1560;0
560;5;Hagen Hbf;1618;1619;0
560;6;Wuppertal Hbf;1639;1640;0
560;7;Köln Hbf;1674;;1
561;0;Basel SBB;;400;0
561;1;Basel Bad Bf;407;408;0
561;2;Freiburg(Breisgau) Hbf;436;437;0
561;3;Offenburg;466;467;0
561;4;Karlsruhe Hbf;502;510;1
561;5;Mannheim Hbf;536;542;1
561;6;Frankfurt(Main)Hbf;582;586;1
561;7;Kassel-Wilhelmshöhe;684;694;1
561;8;Göttingen;712;714;0
561;9;Hannover Hbf;747;754;1
561;10;Uelzen;801;802;0
561;11;Hamburg Hbf;853;;1
562;0;Basel SBB;;520;0
562;1;Basel Bad Bf;527;528;0
562;2;Freiburg(Breisgau) Hbf;556;557;0
562;3;Offenburg;586;587;0
562;4;Karlsruhe Hbf;622;630;1
562;5;Mannheim Hbf;656;662;1
562;6;Frankfurt(Main)Hbf;702;706;1
562;7;Kassel-Wilhelmshöhe;804;814;1
562;8;Göttingen;832;834;0
562;9;Hannover Hbf;867;874;1
562;10;Uelzen;921;922;0
562;11;Hamburg Hbf;973;;1
563;0;Basel SBB;;640;0
563;1;Basel Bad Bf;647;648;0
563;2;Freiburg(Breisgau) Hbf;676;677;0
563;3;Offenburg;706;707;0
563;4;Karlsruhe Hbf;742;750;1
563;5;Mannheim Hbf;776;782;1
563;6;Frankfurt(Main)Hbf;822;826;1
563;7;Kassel-Wilhelmshöhe;924;934;1
563;8;Göttingen;952;954;0
563;9;Hannover Hbf;987;994;1
563;10;Uelzen;1041;1042;0
563;11;Hamburg Hbf;1093;;1
564;0;Basel SBB;;760;0
564;1;Basel Bad Bf;767;768;0
564;2;Freiburg(Breisgau) Hbf;796;797;0
564;3;Offenburg;826;827;0
564;4;Karlsruhe Hbf;862;870;1
564;5;Mannheim Hbf;896;902;1
564;6;Frankfurt(Main)Hbf;942;946;1
564;7;Kassel-Wilhelmshöhe;1044;1054;1
564;8;Göttingen;1072;1074;0
564;9;Hannover Hbf;1107;1114;1
564;10;Uelzen;1161;1162;0
564;11;Hamburg Hbf;1213;;1
565;0;Basel SBB;;880;0
565;1;Basel Bad Bf;887;888;0
565;2;Freiburg(Breisgau) Hbf;916;917;0
565;3;Offenburg;946;947;0
565;4;Karlsruhe Hbf;982;990;1
565;5;Mannheim Hbf;1016;1022;1
565;6;Frankfurt(Main)Hbf;1062;1066;1
565;7;Kassel-Wilhelmshöhe;1164;1174;1
565;8;Göttingen;1192;1194;0
565;9;Hannover Hbf;1227;1234;1
565;10;Uelzen;1281;1282;0
565;11;Hamburg Hbf;1333;;1
566;0;Basel SBB;;1000;0
566;1;Basel Bad Bf;1007;1008;0
566;2;Freiburg(Breisgau) Hbf;1036;1037;0
566;3;Offenburg;1066;1067;0
566;4;Karlsruhe Hbf;1102;1110;1
566;5;Mannheim Hbf;1136;1142;1
566;6;Frankfurt(Main)Hbf;1182;1186;1
566;7;Kassel-Wilhelmshöhe;1284;1294;1
566;8;Göttingen;1312;1314;0
566;9;Hannover Hbf;1347;1354;1
566;10;Uelzen;1401;1402;0
566;11;Hamburg Hbf;1453;;1
567;0;Basel SBB;;1120;0
567;1;Basel Bad Bf;1127;1128;0
567;2;Freiburg(Breisgau) Hbf;1156;1157;0
567;3;Offenburg;1186;1187;0
567;4;Karlsruhe Hbf;1222;1230;1
567;5;Mannheim Hbf;1256;1262;1
567;6;Frankfurt(Main)Hbf;1302;1306;1
567;7;Kassel-Wilhelmshöhe;1404;1414;1
567;8;Göttingen;1432;1434;0
567;9;Hannover Hbf;1467;1474;1
567;10;Uelzen;1521;1522;0
567;11;Hamburg Hbf;1573;;1
568;0;Basel SBB;;1240;0
568;1;Basel Bad Bf;1247;1248;0
568;2;Freiburg(Breisgau) Hbf;1276;1277;0
568;3;Offenburg;1306;1307;0
568;4;Karlsruhe Hbf;1342;1350;1
568;5;Mannheim Hbf;1376;1382;1
568;6;Frankfurt(Main)Hbf;1422;1426;1
568;7;Kassel-Wilhelmshöhe;1524;1534;1
568;8;Göttingen;1552;1554;0
568;9;Hannover Hbf;1587;1594;1
568;10;Uelzen;1641;1642;0
568;11;Hamburg Hbf;1693;;1
569;0;Basel SBB;;1360;0
569;1;Basel Bad Bf;1367;1368;0
569;2;Freiburg(Breisgau) Hbf;1396;1397;0
569;3;Offenburg;1426;1427;0
569;4;Karlsruhe Hbf;1462;1470;1
569;5;Mannheim Hbf;1496;1502;1
569;6;Frankfurt(Main)Hbf;1542;1546;1
569;7;Kassel-Wilhelmshöhe;1644;1654;1
569;8;Göttingen;1672;1674;0
569;9;Hannover Hbf;1707;1714;1
569;10;Uelzen;1761;1762;0
569;11;Hamburg Hbf;1813;;1
570;0;Hamburg Hbf;;377;1
570;1;Uelzen;426;427;0
570;2;Hannover Hbf;476;481;1
570;3;Göttingen;513;515;0
570;4;Kassel-Wilhelmshöhe;534;544;1
570;5;Frankfurt(Main)Hbf;642;646;1
570;6;Mannheim Hbf;686;692;1
570;7;Karlsruhe Hbf;715;719;1
570;8;Offenburg;751;752;0
570;9;Freiburg(Breisgau) Hbf;783;784;0
570;10;Basel Bad Bf;811;812;0
570;11;Basel SBB;819;;0
571;0;Hamburg Hbf;;497;1
571;1;Uelzen;546;547;0
571;2;Hannover Hbf;596;601;1
571;3;Göttingen;633;635;0
571;4;Kassel-Wilhelmshöhe;654;664;1
571;5;Frankfurt(Main)Hbf;762;766;1
571;6;Mannheim Hbf;806;812;1
571;7;Karlsruhe Hbf;835;839;1
571;8;Offenburg;871;872;0
571;9;Freiburg(Breisgau) Hbf;903;904;0
571;10;Basel Bad Bf;931;932;0
571;11;Basel SBB;939;;0
572;0;Hamburg Hbf;;617;1
572;1;Uelzen;666;667;0
572;2;Hannover Hbf;716;721;1
572;3;Göttingen;753;755;0
572;4;Kassel-Wilhelmshöhe;774;784;1
572;5;Frankfurt(Main)Hbf;882;886;1
572;6;Mannheim Hbf;926;932;1
572;7;Karlsruhe Hbf;955;959;1
572;8;Offenburg;991;992;0
572;9;Freiburg(Breisgau) Hbf;1023;1024;0
572;10;Basel Bad Bf;1051;1052;0
572;11;Basel SBB;1059;;0
573;0;Hamburg Hbf;;737;1
573;1;Uelzen;786;787;0
573;2;Hannover Hbf;836;841;1
573;3;Göttingen;873;875;0
573;4;Kassel-Wilhelmshöhe;894;904;1
573;5;Frankfurt(Main)Hbf;1002;1006;1
573;6;Mannheim Hbf;1046;1052;1
573;7;Karlsruhe Hbf;1075;1079;1
573;8;Offenburg;1111;1112;0
573;9;Freiburg(Breisgau) Hbf;1143;1144;0
573;10;Basel Bad Bf;1171;1172;0
573;11;Basel SBB;1179;;0
574;0;Hamburg Hbf;;857;1
574;1;Uelzen;906;907;0
574;2;Hannover Hbf;956;961;1
574;3;Göttingen;993;995;0
574;4;Kassel-Wilhelmshöhe;1014;1024;1
574;5;Frankfurt(Main)Hbf;1122;1126;1
574;6;Mannheim Hbf;1166;1172;1
574;7;Karlsruhe Hbf;1195;1199;1
574;8;Offenburg;1231;1232;0
574;9;Freiburg(Breisgau) Hbf;1263;1264;0
574;10;Basel Bad Bf;1291;1292;0
574;11;Basel SBB;1299;;0
575;0;Hamburg Hbf;;977;1
575;1;Uelzen;1026;1027;0
575;2;Hannover Hbf;1076;1081;1
575;3;Göttingen;1113;1115;0
575;4;Kassel-Wilhelmshöhe;1134;1144;1
575;5;Frankfurt(Main)Hbf;1242;1246;1
575;6;Mannheim Hbf;1286;1292;1
575;7;Karlsruhe Hbf;1315;1319;1
575;8;Offenburg;1351;1352;0
575;9;Freiburg(Breisgau) Hbf;1383;1384;0
575;10;Basel Bad Bf;1411;1412;0
575;11;Basel SBB;1419;;0
576;0;Hamburg Hbf;;1097;1
576;1;Uelzen;1146;1147;0
576;2;Hannover Hbf;1196;1201;1
576;3;Göttingen;1233;1235;0
576;4;Kassel-Wilhelmshöhe;1254;1264;1
576;5;Frankfurt(Main)Hbf;1362;1366;1
576;6;Mannheim Hbf;1406;1412;1
576;7;Karlsruhe Hbf;1435;1439;1
576;8;Offenburg;1471;1472;0
576;9;Freiburg(Breisgau) Hbf;1503;1504;0
576;10;Basel Bad Bf;1531;1532;0
576;11;Basel SBB;1539;;0
577;0;Hamburg Hbf;;1217;1
577;1;Uelzen;1266;1267;0
577;2;Hannover Hbf;1316;1321;1
577;3;Göttingen;1353;1355;0
577;4;Kassel-Wilhelmshöhe;1374;1384;1
577;5;Frankfurt(Main)Hbf;1482;1486;1
577;6;Mannheim Hbf;1526;1532;1
577;7;Karlsruhe Hbf;1555;1559;1
577;8;Offenburg;1591;1592;0
577;9;Freiburg(Breisgau) Hbf;1623;1624;0
577;10;Basel Bad Bf;1651;1652;0
577;11;Basel SBB;1659;;0
578;0;Hamburg Hbf;;1337;1
578;1;Uelzen;1386;1387;0
578;2;Hannover Hbf;1436;1441;1
578;3;Göttingen;1473;1475;0
578;4;Kassel-Wilhelmshöhe;1494;1504;1
578;5;Frankfurt(Main)Hbf;1602;1606;1
578;6;Mannheim Hbf;1646;1652;1
578;7;Karlsruhe Hbf;1675;1679;1
578;8;Offenburg;1711;1712;0
578;9;Freiburg(Breisgau) Hbf;1743;1744;0
578;10;Basel Bad Bf;1771;1772;0
578;11;Basel SBB;1779;;0
579;0;Stuttgart Hbf;;380;1
579;1;Mannheim Hbf;418;422;1
579;2;Frankfurt(Main)Hbf;462;466;1
579;3;Kassel-Wilhelmshöhe;564;574;1
579;4;Göttingen;592;594;0
579;5;Hannover Hbf;627;634;1
579;6;Celle;658;659;0
579;7;Hamburg Hbf;733;;1
580;0;Stuttgart Hbf;;500;1
580;1;Mannheim Hbf;538;542;1
580;2;Frankfurt(Main)Hbf;582;586;1
580;3;Kassel-Wilhelmshöhe;684;694;1
580;4;Göttingen;712;714;0
580;5;Hannover Hbf;747;754;1
580;6;Celle;778;779;0
580;7;Hamburg Hbf;853;;1
581;0;Stuttgart Hbf;;620;1
581;1;Mannheim Hbf;658;662;1
581;2;Frankfurt(Main)Hbf;702;706;1
581;3;Kassel-Wilhelmshöhe;804;814;1
581;4;Göttingen;832;834;0
581;5;Hannover Hbf;867;874;1
581;6;Celle;898;899;0
581;7;Hamburg Hbf;973;;1
582;0;Stuttgart Hbf;;740;1
582;1;Mannheim Hbf;778;782;1
582;2;Frankfurt(Main)Hbf;822;826;1
582;3;Kassel-Wilhelmshöhe;924;934;1
582;4;Göttingen;952;954;0
582;5;Hannover Hbf;987;994;1
582;6;Celle;1018;1019;0
582;7;Hamburg Hbf;1093;;1
583;0;Stuttgart Hbf;;860;1
583;1;Mannheim Hbf;898;902;1
583;2;Frankfurt(Main)Hbf;942;946;1
583;3;Kassel-Wilhelmshöhe;1044;1054;1
583;4;Göttingen;1072;1074;0
583;5;Hannover Hbf;1107;1114;1
583;6;Celle;1138;1139;0
583;7;Hamburg Hbf;1213;;1
584;0;Stuttgart Hbf;;980;1
584;1;Mannheim Hbf;1018;1022;1
584;2;Frankfurt(Main)Hbf;1062;1066;1
584;3;Kassel-Wilhelmshöhe;1164;1174;1
584;4;Göttingen;1192;1194;0
584;5;Hannover Hbf;1227;1234;1
584;6;Celle;1258;1259;0
584;7;Hamburg Hbf;1333;;1
585;0;Stuttgart Hbf;;1100;1
585;1;Mannheim Hbf;1138;1142;1
585;2;Frankfurt(Main)Hbf;1182;1186;1
585;3;Kassel-Wilhelmshöhe;1284;1294;1
585;4;Göttingen;1312;1314;0
585;5;Hannover Hbf;1347;1354;1
585;6;Celle;1378;1379;0
585;7;Hamburg Hbf;1453;;1
586;0;Stuttgart Hbf;;1220;1
586;1;Mannheim Hbf;1258;1262;1
586;2;Frankfurt(Main)Hbf;1302;1306;1
586;3;Kassel-Wilhelmshöhe;1404;1414;1
586;4;Göttingen;1432;1434;0
586;5;Hannover Hbf;1467;1474;1
586;6;Celle;1498;1499;0
586;7;Hamburg Hbf;1573;;1
587;0;Stuttgart Hbf;;1340;1
587;1;Mannheim Hbf;1378;1382;1
587;2;Frankfurt(Main)Hbf;1422;1426;1
587;3;Kassel-Wilhelmshöhe;1524;1534;1
587;4;Göttingen;1552;1554;0
587;5;Hannover Hbf;1587;1594;1
587;6;Celle;1618;1619;0
587;7;Hamburg Hbf;1693;;1
588;0;Hamburg Hbf;;377;1
588;1;Celle;451;452;0
588;2;Hannover Hbf;476;481;1
588;3;Göttingen;513;515;0
588;4;Kassel-Wilhelmshöhe;534;544;1
588;5;Frankfurt(Main)Hbf;642;646;1
588;6;Mannheim Hbf;686;695;1
588;7;Stuttgart Hbf;735;;1
589;0;Hamburg Hbf;;497;1
589;1;Celle;571;572;0
589;2;Hannover Hbf;596;601;1
589;3;Göttingen;633;635;0
589;4;Kassel-Wilhelmshöhe;654;664;1
589;5;Frankfurt(Main)Hbf;762;766;1
589;6;Mannheim Hbf;806;815;1
589;7;Stuttgart Hbf;855;;1
590;0;Hamburg Hbf;;617;1
590;1;Celle;691;692;0
590;2;Hannover Hbf;716;721;1
590;3;Göttingen;753;755;0
590;4;Kassel-Wilhelmshöhe;774;784;1
590;5;Frankfurt(Main)Hbf;882;886;1
590;6;Mannheim Hbf;926;935;1
590;7;Stuttgart Hbf;975;;1
591;0;Hamburg Hbf;;737;1
591;1;Celle;811;812;0
591;2;Hannover Hbf;836;841;1
591;3;Göttingen;873;875;0
591;4;Kassel-Wilhelmshöhe;894;904;1
591;5;Frankfurt(Main)Hbf;1002;1006;1
591;6;Mannheim Hbf;1046;1055;1
591;7;Stuttgart Hbf;1095;;1
592;0;Hamburg Hbf;;857;1
592;1;Celle;931;932;0
592;2;Hannover Hbf;956;961;1
592;3;Göttingen;993;995;0
592;4;Kassel-Wilhelmshöhe;1014;1024;1
592;5;Frankfurt(Main)Hbf;1122;1126;1
592;6;Mannheim Hbf;1166;1175;1
592;7;Stuttgart Hbf;1215;;1
593;0;Hamburg Hbf;;977;1
593;1;Celle;1051;1052;0
593;2;Hannover Hbf;1076;1081;1
593;3;Göttingen;1113;1115;0
593;4;Kassel-Wilhelmshöhe;1134;1144;1
593;5;Frankfurt(Main)Hbf;1242;1246;1
593;6;Mannheim Hbf;1286;1295;1
593;7;Stuttgart Hbf;1335;;1
594;0;Hamburg Hbf;;1097;1
594;1;Celle;1171;1172;0
594;2;Hannover Hbf;1196;1201;1
594;3;Göttingen;1233;1235;0
594;4;Kassel-Wilhelmshöhe;1254;1264;1
594;5;Frankfurt(Main)Hbf;1362;1366;1
594;6;Mannheim Hbf;1406;1415;1
594;7;Stuttgart Hbf;1455;;1
595;0;Hamburg Hbf;;1217;1
595;1;Celle;1291;1292;0
595;2;Hannover Hbf;1316;1321;1
595;3;Göttingen;1353;1355;0
595;4;Kassel-Wilhelmshöhe;1374;1384;1
595;5;Frankfurt(Main)Hbf;1482;1486;1
595;6;Mannheim Hbf;1526;1535;1
595;7;Stuttgart Hbf;1575;;1
596;0;Hamburg Hbf;;1337;1
596;1;Celle;1411;1412;0
596;2;Hannover Hbf;1436;1441;1
596;3;Göttingen;1473;1475;0
596;4;Kassel-Wilhelmshöhe;1494;1504;1
596;5;Frankfurt(Main)Hbf;1602;1606;1
596;6;Mannheim Hbf;1646;1655;1
596;7;Stuttgart Hbf;1695;;1
597;0;Frankfurt(Main)Hbf;;376;1
597;1;Friedberg(Hess);400;401;0
597;2;Gießen;420;421;0
597;3;Marburg(Lahn);437;438;0
597;4;Treysa;462;463;0
597;5;Wabern(Bz Kassel);480;481;0
597;6;Kassel-Wilhelmshöhe;504;514;1
597;7;Göttingen;541;543;0
597;8;Hannover Hbf;597;604;1
597;9;Lüneburg;672;673;0
597;10;Hamburg Hbf;703;707;1
597;11;Itzehoe;754;755;0
597;12;Heide(Holst);792;793;0
597;13;Husum;818;819;0
597;14;Niebüll;847;848;0
597;15;Westerland(Sylt);881;;0
598;0;Frankfurt(Main)Hbf;;496;1
598;1;Friedberg(Hess);520;521;0
598;2;Gießen;540;541;0
598;3;Marburg(Lahn);557;558;0
598;4;Treysa;582;583;0
598;5;Wabern(Bz Kassel);600;601;0
598;6;Kassel-Wilhelmshöhe;624;634;1
598;7;Göttingen;661;663;0
598;8;Hannover Hbf;717;724;1
598;9;Lüneburg;792;793;0
598;10;Hamburg Hbf;823;827;1
598;11;Itzehoe;874;875;0
598;12;Heide(Holst);912;913;0
598;13;Husum;938;939;0
598;14;Niebüll;967;968;0
598;15;Westerland(Sylt);1001;;0
599;0;Frankfurt(Main)Hbf;;616;1
599;1;Friedberg(Hess);640;641;0
599;2;Gießen;660;661;0
599;3;Marburg(Lahn);677;678;0
599;4;Treysa;702;703;0
599;5;Wabern(Bz Kassel);720;721;0
599;6;Kassel-Wilhelmshöhe;744;754;1
599;7;Göttingen;781;783;0
599;8;Hannover Hbf;837;844;1
599;9;Lüneburg;912;913;0
599;10;Hamburg Hbf;943;947;1
599;11;Itzehoe;994;995;0
599;12;Heide(Holst);1032;1033;0
599;13;Husum;1058;1059;0
599;14;Niebüll;1087;1088;0
599;15;Westerland(Sylt);1121;;0
600;0;Frankfurt(Main)Hbf;;736;1
600;1;Friedberg(Hess);760;761;0
600;2;Gießen;780;781;0
600;3;Marburg(Lahn);797;798;0
600;4;Treysa;822;823;0
600;5;Wabern(Bz Kassel);840;841;0
600;6;Kassel-Wilhelmshöhe;864;874;1
600;7;Göttingen;901;903;0
600;8;Hannover Hbf;957;964;1
600;9;Lüneburg;1032;1033;0
600;10;Hamburg Hbf;1063;1067;1
600;11;Itzehoe;1114;1115;0
600;12;Heide(Holst);1152;1153;0
600;13;Husum;1178;1179;0
600;14;Niebüll;1207;1208;0
600;15;Westerland(Sylt);1241;;0
601;0;Frankfurt(Main)Hbf;;856;1
601;1;Friedberg(Hess);880;881;0
601;2;Gießen;900;901;0
601;3;Marburg(Lahn);917;918;0
601;4;Treysa;942;943;0
601;5;Wabern(Bz Kassel);960;961;0
601;6;Kassel-Wilhelmshöhe;984;994;1
601;7;Göttingen;1021;1023;0
601;8;Hannover Hbf;1077;1084;1
601;9;Lüneburg;1152;1153;0
601;10;Hamburg Hbf;1183;1187;1
601;11;Itzehoe;1234;1235;0
601;12;Heide(Holst);1272;1273;0
601;13;Husum;1298;1299;0
601;14;Niebüll;1327;1328;0
601;15;Westerland(Sylt);1361;;0
602;0;Frankfurt(Main)Hbf;;976;1
602;1;Friedberg(Hess);1000;1001;0
602;2;Gießen;1020;1021;0
602;3;Marburg(Lahn);1037;1038;0
602;4;Treysa;1062;1063;0
602;5;Wabern(Bz Kassel);1080;1081;0
602;6;Kassel-Wilhelmshöhe;1104;1114;1
602;7;Göttingen;1141;1143;0
602;8;Hannover Hbf;1197;1204;1
602;9;Lüneburg;1272;1273;0
602;10;Hamburg Hbf;1303;1307;1
602;11;Itzehoe;1354;1355;0
602;12;Heide(Holst);1392;1393;0
602;13;Husum;1418;1419;0
602;14;Niebüll;1447;1448;0
602;15;Westerland(Sylt);1481;;0
603;0;Frankfurt(Main)Hbf;;1096;1
603;1;Friedberg(Hess);1120;1121;0
603;2;Gießen;1140;1141;0
603;3;Marburg(Lahn);1157;1158;0
603;4;Treysa;1182;1183;0
603;5;Wabern(Bz Kassel);1200;1201;0
603;6;Kassel-Wilhelmshöhe;1224;1234;1
603;7;Göttingen;1261;1263;0
603;8;Hannover Hbf;1317;1324;1
603;9;Lüneburg;1392;1393;0
603;10;Hamburg Hbf;1423;1427;1
603;11;Itzehoe;1474;1475;0
603;12;Heide(Holst);1512;1513;0
603;13;Husum;1538;1539;0
603;14;Niebüll;1567;1568;0
603;15;Westerland(Sylt);1601;;0
604;0;Frankfurt(Main)Hbf;;1216;1
604;1;Friedberg(Hess);1240;1241;0
604;2;Gießen;1260;1261;0
604;3;Marburg(Lahn);1277;1278;0
604;4;Treysa;1302;1303;0
604;5;Wabern(Bz Kassel);1320;1321;0
604;6;Kassel-Wilhelmshöhe;1344;1354;1
604;7;Göttingen;1381;1383;0
604;8;Hannover Hbf;1437;1444;1
604;9;Lüneburg;1512;1513;0
604;10;Hamburg Hbf;1543;1547;1
604;11;Itzehoe;1594;1595;0
604;12;Heide(Holst);1632;1633;0
604;13;Husum;1658;1659;0
604;14;Niebüll;1687;1688;0
604;15;Westerland(Sylt);1721;;0
605;0;Frankfurt(Main)Hbf;;1336;1
605;1;Friedberg(Hess);1360;1361;0
605;2;Gießen;1380;1381;0
605;3;Marburg(Lahn);1397;1398;0
605;4;Treysa;1422;1423;0
605;5;Wabern(Bz Kassel);1440;1441;0
605;6;Kassel-Wilhelmshöhe;1464;1474;1
605;7;Göttingen;1501;1503;0
605;8;Hannover Hbf;1557;1564;1
605;9;Lüneburg;1632;1633;0
605;10;Hamburg Hbf;1663;1667;1
605;11;Itzehoe;1714;1715;0
605;12;Heide(Holst);1752;1753;0
605;13;Husum;1778;1779;0
605;14;Niebüll;1807;1808;0
605;15;Westerland(Sylt);1841;;0
606;0;Westerland(Sylt);;379;0
606;1;Niebüll;413;414;0
606;2;Husum;439;440;0
606;3;Heide(Holst);463;464;0
606;4;Itzehoe;498;499;0
606;5;Hamburg Hbf;553;557;1
606;6;Lüneburg;587;588;0
606;7;Hannover Hbf;656;661;1
606;8;Göttingen;713;715;0
606;9;Kassel-Wilhelmshöhe;744;754;1
606;10;Wabern(Bz Kassel);773;774;0
606;11;Treysa;790;791;0
606;12;Marburg(Lahn);816;817;0
606;13;Gießen;835;836;0
606;14;Friedberg(Hess);854;855;0
606;15;Frankfurt(Main)Hbf;882;;1
607;0;Westerland(Sylt);;499;0
607;1;Niebüll;533;534;0
607;2;Husum;559;560;0
607;3;Heide(Holst);583;584;0
607;4;Itzehoe;618;619;0
607;5;Hamburg Hbf;673;677;1
607;6;Lüneburg;707;708;0
607;7;Hannover Hbf;776;781;1
607;8;Göttingen;833;835;0
607;9;Kassel-Wilhelmshöhe;864;874;1
607;10;Wabern(Bz Kassel);893;894;0
607;11;Treysa;910;911;0
607;12;Marburg(Lahn);936;937;0
607;13;Gießen;955;956;0
607;14;Friedberg(Hess);974;975;0
607;15;Frankfurt(Main)Hbf;1002;;1
608;0;Westerland(Sylt);;619;0
608;1;Niebüll;653;654;0
608;2;Husum;679;680;0
608;3;Heide(Holst);703;704;0
608;4;Itzehoe;738;739;0
608;5;Hamburg Hbf;793;797;1
608;6;Lüneburg;827;828;0
608;7;Hannover Hbf;896;901;1
608;8;Göttingen;953;955;0
608;9;Kassel-Wilhelmshöhe;984;994;1
608;10;Wabern(Bz Kassel);1013;1014;0
608;11;Treysa;1030;1031;0
608;12;Marburg(Lahn);1056;1057;0
608;13;Gießen;1075;1076;0
608;14;Friedberg(Hess);1094;1095;0
608;15;Frankfurt(Main)Hbf;1122;;1
609;0;Westerland(Sylt);;739;0
609;1;Niebüll;773;774;0
609;2;Husum;799;800;0
609;3;Heide(Holst);823;824;0
609;4;Itzehoe;858;859;0
609;5;Hamburg Hbf;913;917;1
609;6;Lüneburg;947;948;0
609;7;Hannover Hbf;1016;1021;1
609;8;Göttingen;1073;1075;0
609;9;Kassel-Wilhelmshöhe;1104;1114;1
609;10;Wabern(Bz Kassel);1133;1134;0
609;11;Treysa;1150;1151;0
609;12;Marburg(Lahn);1176;1177;0
609;13;Gießen;1195;1196;0
609;14;Friedberg(Hess);1214;1215;0
609;15;Frankfurt(Main)Hbf;1242;;1
610;0;Westerland(Sylt);;859;0
610;1;Niebüll;893;894;0
610;2;Husum;919;920;0
610;3;Heide(Holst);943;944;0
610;4;Itzehoe;978;979;0
610;5;Hamburg Hbf;1033;1037;1
610;6;Lüneburg;1067;1068;0
610;7;Hannover Hbf;1136;1141;1
610;8;Göttingen;1193;1195;0
610;9;Kassel-Wilhelmshöhe;1224;1234;1
610;10;Wabern(Bz Kassel);1253;1254;0
610;11;Treysa;1270;1271;0
610;12;Marburg(Lahn);1296;1297;0
610;13;Gießen;1315;1316;0
610;14;Friedberg(Hess);1334;1335;0
610;15;Frankfurt(Main)Hbf;1362;;1
611;0;Westerland(Sylt);;979;0
611;1;Niebüll;1013;1014;0
611;2;Husum;1039;1040;0
611;3;Heide(Holst);1063;1064;0
611;4;Itzehoe;1098;1099;0
611;5;Hamburg Hbf;1153;1157;1
611;6;Lüneburg;1187;1188;0
611;7;Hannover Hbf;1256;1261;1
611;8;Göttingen;1313;1315;0
611;9;Kassel-Wilhelmshöhe;1344;1354;1
611;10;Wabern(Bz Kassel);1373;1374;0
611;11;Treysa;1390;1391;0
611;12;Marburg(Lahn);1416;1417;0
611;13;Gießen;1435;1436;0
611;14;Friedberg(Hess);1454;1455;0
611;15;Frankfurt(Main)Hbf;1482;;1
612;0;Westerland(Sylt);;1099;0
612;1;Niebüll;1133;1134;0
612;2;Husum;1159;1160;0
612;3;Heide(Holst);1183;1184;0
612;4;Itzehoe;1218;1219;0
612;5;Hamburg Hbf;1273;1277;1
612;6;Lüneburg;1307;1308;0
612;7;Hannover Hbf;1376;1381;1
612;8;Göttingen;1433;1435;0
612;9;Kassel-Wilhelmshöhe;1464;1474;1
612;10;Wabern(Bz Kassel);1493;1494;0
612;11;Treysa;1510;1511;0
612;12;Marburg(Lahn);1536;1537;0
612;13;Gießen;1555;1556;0
612;14;Friedberg(Hess);1574;1575;0
612;15;Frankfurt(Main)Hbf;1602;;1
613;0;Westerland(Sylt);;1219;0
613;1;Niebüll;1253;1254;0
613;2;Husum;1279;1280;0
613;3;Heide(Holst);1303;1304;0
613;4;Itzehoe;1338;1339;0
613;5;Hamburg Hbf;1393;1397;1
613;6;Lüneburg;1427;1428;0
613;7;Hannover Hbf;1496;1501;1
613;8;Göttingen;1553;1555;0
613;9;Kassel-Wilhelmshöhe;1584;1594;1
613;10;Wabern(Bz Kassel);1613;1614;0
613;11;Treysa;1630;1631;0
613;12;Marburg(Lahn);1656;1657;0
613;13;Gießen;1675;1676;0
613;14;Friedberg(Hess);1694;1695;0
613;15;Frankfurt(Main)Hbf;1722;;1
614;0;Westerland(Sylt);;1339;0
614;1;Niebüll;1373;1374;0
614;2;Husum;1399;1400;0
614;3;Heide(Holst);1423;1424;0
614;4;Itzehoe;1458;1459;0
614;5;Hamburg Hbf;1513;1517;1
614;6;Lüneburg;1547;1548;0
614;7;Hannover Hbf;1616;1621;1
614;8;Göttingen;1673;1675;0
614;9;Kassel-Wilhelmshöhe;1704;1714;1
614;10;Wabern(Bz Kassel);1733;1734;0
614;11;Treysa;1750;1751;0
614;12;Marburg(Lahn);1776;1777;0
614;13;Gießen;1795;1796;0
614;14;Friedberg(Hess);1814;1815;0
614;15;Frankfurt(Main)Hbf;1842;;1
615;0;München Hbf;;329;1
615;1;Ingolstadt Hbf;378;379;0
615;2;Nürnberg Hbf;411;421;1
615;3;Würzburg Hbf;477;481;1
615;4;Fulda;519;529;1
615;5;Kassel-Wilhelmshöhe;564;574;1
615;6;Göttingen;592;594;0
615;7;Hannover Hbf;627;634;1
615;8;Lüneburg;695;696;0
615;9;Hamburg-Harburg;717;719;0
615;10;Hamburg Hbf;733;;1
616;0;München Hbf;;389;1
616;1;Ingolstadt Hbf;438;439;0
616;2;Nürnberg Hbf;471;481;1
616;3;Würzburg Hbf;537;541;1
616;4;Fulda;579;589;1
616;5;Kassel-Wilhelmshöhe;624;634;1
616;6;Göttingen;652;654;0
616;7;Hannover Hbf;687;694;1
616;8;Lüneburg;755;756;0
616;9;Hamburg-Harburg;777;779;0
616;10;Hamburg Hbf;793;;1
617;0;München Hbf;;449;1
617;1;Ingolstadt Hbf;498;499;0
617;2;Nürnberg Hbf;531;541;1
617;3;Würzburg Hbf;597;601;1
617;4;Fulda;639;649;1
617;5;Kassel-Wilhelmshöhe;684;694;1
617;6;Göttingen;712;714;0
617;7;Hannover Hbf;747;754;1
617;8;Lüneburg;815;816;0
617;9;Hamburg-Harburg;837;839;0
617;10;Hamburg Hbf;853;;1
618;0;München Hbf;;509;1
618;1;Ingolstadt Hbf;558;559;0
618;2;Nürnberg Hbf;591;601;1
618;3;Würzburg Hbf;657;661;1
618;4;Fulda;699;709;1
618;5;Kassel-Wilhelmshöhe;744;754;1
618;6;Göttingen;772;774;0
618;7;Hannover Hbf;807;814;1
618;8;Lüneburg;875;876;0
618;9;Hamburg-Harburg;897;899;0
618;10;Hamburg Hbf;913;;1
619;0;München Hbf;;569;1
619;1;Ingolstadt Hbf;618;619;0
619;2;Nürnberg Hbf;651;661;1
619;3;Würzburg Hbf;717;721;1
619;4;Fulda;759;769;1
619;5;Kassel-Wilhelmshöhe;804;814;1
619;6;Göttingen;832;834;0
619;7;Hannover Hbf;867;874;1
619;8;Lüneburg;935;936;0
619;9;Hamburg-Harburg;957;959;0
619;10;Hamburg Hbf;973;;1
620;0;München Hbf;;629;1
620;1;Ingolstadt Hbf;678;679;0
620;2;Nürnberg Hbf;711;721;1
620;3;Würzburg Hbf;777;781;1
620;4;Fulda;819;829;1
620;5;Kassel-Wilhelmshöhe;864;874;1
620;6;Göttingen;892;894;0
620;7;Hannover Hbf;927;934;1
620;8;Lüneburg;995;996;0
620;9;Hamburg-Harburg;1017;1019;0
620;10;Hamburg Hbf;1033;;1
621;0;München Hbf;;689;1
621;1;Ingolstadt Hbf;738;739;0
621;2;Nürnberg Hbf;771;781;1
621;3;Würzburg Hbf;837;841;1
621;4;Fulda;879;889;1
621;5;Kassel-Wilhelmshöhe;924;934;1
621;6;Göttingen;952;954;0
621;7;Hannover Hbf;987;994;1
621;8;Lüneburg;1055;1056;0
621;9;Hamburg-Harburg;1077;1079;0
621;10;Hamburg Hbf;1093;;1
622;0;München Hbf;;749;1
622;1;Ingolstadt Hbf;798;799;0
622;2;Nürnberg Hbf;831;841;1
622;3;Würzburg Hbf;897;901;1
622;4;Fulda;939;949;1
622;5;Kassel-Wilhelmshöhe;984;994;1
622;6;Göttingen;1012;1014;0
622;7;Hannover Hbf;1047;1054;1
622;8;Lüneburg;1115;1116;0
622;9;Hamburg-Harburg;1137;1139;0
622;10;Hamburg Hbf;1153;;1
623;0;München Hbf;;809;1
623;1;Ingolstadt Hbf;858;859;0
623;2;Nürnberg Hbf;891;901;1
623;3;Würzburg Hbf;957;961;1
623;4;Fulda;999;1009;1
623;5;Kassel-Wilhelmshöhe;1044;1054;1
623;6;Göttingen;1072;1074;0
623;7;Hannover Hbf;1107;1114;1
623;8;Lüneburg;1175;1176;0
623;9;Hamburg-Harburg;1197;1199;0
623;10;Hamburg Hbf;1213;;1
624;0;München Hbf;;869;1
624;1;Ingolstadt Hbf;918;919;0
624;2;Nürnberg Hbf;951;961;1
624;3;Würzburg Hbf;1017;1021;1
624;4;Fulda;1059;1069;1
624;5;Kassel-Wilhelmshöhe;1104;1114;1
624;6;Göttingen;1132;1134;0
624;7;Hannover Hbf;1167;1174;1
624;8;Lüneburg;1235;1236;0
624;9;Hamburg-Harburg;1257;1259;0
624;10;Hamburg Hbf;1273;;1
625;0;München Hbf;;929;1
625;1;Ingolstadt Hbf;978;979;0
625;2;Nürnberg Hbf;1011;1021;1
625;3;Würzburg Hbf;1077;1081;1
625;4;Fulda;1119;1129;1
625;5;Kassel-Wilhelmshöhe;1164;1174;1
625;6;Göttingen;1192;1194;0
625;7;Hannover Hbf;1227;1234;1
625;8;Lüneburg;1295;1296;0
625;9;Hamburg-Harburg;1317;1319;0
625;10;Hamburg Hbf;1333;;1
626;0;München Hbf;;989;1
626;1;Ingolstadt Hbf;1038;1039;0
626;2;Nürnberg Hbf;1071;1081;1
626;3;Würzburg Hbf;1137;1141;1
626;4;Fulda;1179;1189;1
626;5;Kassel-Wilhelmshöhe;1224;1234;1
626;6;Göttingen;1252;1254;0
626;7;Hannover Hbf;1287;1294;1
626;8;Lüneburg;1355;1356;0
626;9;Hamburg-Harburg;1377;1379;0
626;10;Hamburg Hbf;1393;;1
627;0;München Hbf;;1049;1
627;1;Ingolstadt Hbf;1098;1099;0
627;2;Nürnberg Hbf;1131;1141;1
627;3;Würzburg Hbf;1197;1201;1
627;4;Fulda;1239;1249;1
627;5;Kassel-Wilhelmshöhe;1284;1294;1
627;6;Göttingen;1312;1314;0
627;7;Hannover Hbf;1347;1354;1
627;8;Lüneburg;1415;1416;0
627;9;Hamburg-Harburg;1437;1439;0
627;10;Hamburg Hbf;1453;;1
628;0;München Hbf;;1109;1
628;1;Ingolstadt Hbf;1158;1159;0
628;2;Nürnberg Hbf;1191;1201;1
628;3;Würzburg Hbf;1257;1261;1
628;4;Fulda;1299;1309;1
628;5;Kassel-Wilhelmshöhe;1344;1354;1
628;6;Göttingen;1372;1374;0
628;7;Hannover Hbf;1407;1414;1
628;8;Lüneburg;1475;1476;0
628;9;Hamburg-Harburg;1497;1499;0
628;10;Hamburg Hbf;1513;;1
629;0;München Hbf;;1169;1
629;1;Ingolstadt Hbf;1218;1219;0
629;2;Nürnberg Hbf;1251;1261;1
629;3;Würzburg Hbf;1317;1321;1
629;4;Fulda;1359;1369;1
629;5;Kassel-Wilhelmshöhe;1404;1414;1
629;6;Göttingen;1432;1434;0
629;7;Hannover Hbf;1467;1474;1
629;8;Lüneburg;1535;1536;0
629;9;Hamburg-Harburg;1557;1559;0
629;10;Hamburg Hbf;1573;;1
630;0;München Hbf;;1229;1
630;1;Ingolstadt Hbf;1278;1279;0
630;2;Nürnberg Hbf;1311;1321;1
630;3;Würzburg Hbf;1377;1381;1
630;4;Fulda;1419;1429;1
630;5;Kassel-Wilhelmshöhe;1464;1474;1
630;6;Göttingen;1492;1494;0
630;7;Hannover Hbf;1527;1534;1
630;8;Lüneburg;1595;1596;0
630;9;Hamburg-Harburg;1617;1619;0
630;10;Hamburg Hbf;1633;;1
631;0;München Hbf;;1289;1
631;1;Ingolstadt Hbf;1338;1339;0
631;2;Nürnberg Hbf;1371;1381;1
631;3;Würzburg Hbf;1437;1441;1
631;4;Fulda;1479;1489;1
631;5;Kassel-Wilhelmshöhe;1524;1534;1
631;6;Göttingen;1552;1554;0
631;7;Hannover Hbf;1587;1594;1
631;8;Lüneburg;1655;1656;0
631;9;Hamburg-Harburg;1677;1679;0
631;10;Hamburg Hbf;1693;;1
632;0;München Hbf;;1349;1
632;1;Ingolstadt Hbf;1398;1399;0
632;2;Nürnberg Hbf;1431;1441;1
632;3;Würzburg Hbf;1497;1501;1
632;4;Fulda;1539;1549;1
632;5;Kassel-Wilhelmshöhe;1584;1594;1
632;6;Göttingen;1612;1614;0
632;7;Hannover Hbf;1647;1654;1
632;8;Lüneburg;1715;1716;0
632;9;Hamburg-Harburg;1737;1739;0
632;10;Hamburg Hbf;1753;;1
633;0;Hamburg Hbf;;317;1
633;1;Hamburg-Harburg;330;332;0
633;2;Lüneburg;350;351;0
633;3;Hannover Hbf;416;421;1
633;4;Göttingen;453;455;0
633;5;Kassel-Wilhelmshöhe;474;484;1
633;6;Fulda;519;529;1
633;7;Würzburg Hbf;567;571;1
633;8;Nürnberg Hbf;654;658;1
633;9;Ingolstadt Hbf;693;694;0
633;10;München Hbf;739;;1
634;0;Hamburg Hbf;;377;1
634;1;Hamburg-Harburg;390;392;0
634;2;Lüneburg;410;411;0
634;3;Hannover Hbf;476;481;1
634;4;Göttingen;513;515;0
634;5;Kassel-Wilhelmshöhe;534;544;1
634;6;Fulda;579;589;1
634;7;Würzburg Hbf;627;631;1
634;8;Nürnberg Hbf;714;718;1
634;9;Ingolstadt Hbf;753;754;0
634;10;München Hbf;799;;1
635;0;Hamburg Hbf;;437;1
635;1;Hamburg-Harburg;450;452;0
635;2;Lüneburg;470;471;0
635;3;Hannover Hbf;536;541;1
635;4;Göttingen;573;575;0
635;5;Kassel-Wilhelmshöhe;594;604;1
635;6;Fulda;639;649;1
635;7;Würzburg Hbf;687;691;1
635;8;Nürnberg Hbf;774;778;1
635;9;Ingolstadt Hbf;813;814;0
635;10;München Hbf;859;;1
636;0;Hamburg Hbf;;497;1
636;1;Hamburg-Harburg;510;512;0
636;2;Lüneburg;530;531;0
636;3;Hannover Hbf;596;601;1
636;4;Göttingen;633;635;0
636;5;Kassel-Wilhelmshöhe;654;664;1
636;6;Fulda;699;709;1
636;7;Würzburg Hbf;747;751;1
636;8;Nürnberg Hbf;834;838;1
636;9;Ingolstadt Hbf;873;874;0
636;10;München Hbf;919;;1
637;0;Hamburg Hbf;;557;1
637;1;Hamburg-Harburg;570;572;0
637;2;Lüneburg;590;591;0
637;3;Hannover Hbf;656;661;1
637;4;Göttingen;693;695;0
637;5;Kassel-Wilhelmshöhe;714;724;1
637;6;Fulda;759;769;1
637;7;Würzburg Hbf;807;811;1
637;8;Nürnberg Hbf;894;898;1
637;9;Ingolstadt Hbf;933;934;0
637;10;München Hbf;979;;1
638;0;Hamburg Hbf;;617;1
638;1;Hamburg-Harburg;630;632;0
638;2;Lüneburg;650;651;0
638;3;Hannover Hbf;716;721;1
638;4;Göttingen;753;755;0
638;5;Kassel-Wilhelmshöhe;774;784;1
638;6;Fulda;819;829;1
638;7;Würzburg Hbf;867;871;1
638;8;Nürnberg Hbf;954;958;1
638;9;Ingolstadt Hbf;993;994;0
638;10;München Hbf;1039;;1
639;0;Hamburg Hbf;;677;1
639;1;Hamburg-Harburg;690;692;0
639;2;Lüneburg;710;711;0
639;3;Hannover Hbf;776;781;1
639;4;Göttingen;813;815;0
639;5;Kassel-Wilhelmshöhe;834;844;1
639;6;Fulda;879;889;1
639;7;Würzburg Hbf;927;931;1
639;8;Nürnberg Hbf;1014;1018;1
639;9;Ingolstadt Hbf;1053;1054;0
639;10;München Hbf;1099;;1
640;0;Hamburg Hbf;;737;1
640;1;Hamburg-Harburg;750;752;0
640;2;Lüneburg;770;771;0
640;3;Hannover Hbf;836;841;1
640;4;Göttingen;873;875;0
640;5;Kassel-Wilhelmshöhe;894;904;1
640;6;Fulda;939;949;1
640;7;Würzburg Hbf;987;991;1
640;8;Nürnberg Hbf;1074;1078;1
640;9;Ingolstadt Hbf;1113;1114;0
640;10;München Hbf;1159;;1
641;0;Hamburg Hbf;;797;1
641;1;Hamburg-Harburg;810;812;0
641;2;Lüneburg;830;831;0
641;3;Hannover Hbf;896;901;1
641;4;Göttingen;933;935;0
641;5;Kassel-Wilhelmshöhe;954;964;1
641;6;Fulda;999;1009;1
641;7;Würzburg Hbf;1047;1051;1
641;8;Nürnberg Hbf;1134;1138;1
641;9;Ingolstadt Hbf;1173;1174;0
641;10;München Hbf;1219;;1
642;0;Hamburg Hbf;;857;1
642;1;Hamburg-Harburg;870;872;0
642;2;Lüneburg;890;891;0
642;3;Hannover Hbf;956;961;1
642;4;Göttingen;993;995;0
642;5;Kassel-Wilhelmshöhe;1014;1024;1
642;6;Fulda;1059;1069;1
642;7;Würzburg Hbf;1107;1111;1
642;8;Nürnberg Hbf;1194;1198;1
642;9;Ingolstadt Hbf;1233;1234;0
642;10;München Hbf;1279;;1
643;0;Hamburg Hbf;;917;1
643;1;Hamburg-Harburg;930;932;0
643;2;Lüneburg;950;951;0
643;3;Hannover Hbf;1016;1021;1
643;4;Göttingen;1053;1055;0
643;5;Kassel-Wilhelmshöhe;1074;1084;1
643;6;Fulda;1119;1129;1
643;7;Würzburg Hbf;1167;1171;1
643;8;Nürnberg Hbf;1254;1258;1
643;9;Ingolstadt Hbf;1293;1294;0
643;10;München Hbf;1339;;1
644;0;Hamburg Hbf;;977;1
644;1;Hamburg-Harburg;990;992;0
644;2;Lüneburg;1010;1011;0
644;3;Hannover Hbf;1076;1081;1
644;4;Göttingen;1113;1115;0
644;5;Kassel-Wilhelmshöhe;1134;1144;1
644;6;Fulda;1179;1189;1
644;7;Würzburg Hbf;1227;1231;1
644;8;Nürnberg Hbf;1314;1318;1
644;9;Ingolstadt Hbf;1353;1354;0
644;10;München Hbf;1399;;1
645;0;Hamburg Hbf;;1037;1
645;1;Hamburg-Harburg;1050;1052;0
645;2;Lüneburg;1070;1071;0
645;3;Hannover Hbf;1136;1141;1
645;4;Göttingen;1173;1175;0
645;5;Kassel-Wilhelmshöhe;1194;1204;1
645;6;Fulda;1239;1249;1
645;7;Würzburg Hbf;1287;1291;1
645;8;Nürnberg Hbf;1374;1378;1
645;9;Ingolstadt Hbf;1413;1414;0
645;10;München Hbf;1459;;1
646;0;Hamburg Hbf;;1097;1
646;1;Hamburg-Harburg;1110;1112;0
646;2;Lüneburg;1130;1131;0
646;3;Hannover Hbf;1196;1201;1
646;4;Göttingen;1233;1235;0
646;5;Kassel-Wilhelmshöhe;1254;1264;1
646;6;Fulda;1299;1309;1
646;7;Würzburg Hbf;1347;1351;1
646;8;Nürnberg Hbf;1434;1438;1
646;9;Ingolstadt Hbf;1473;1474;0
646;10;München Hbf;1519;;1
647;0;Hamburg Hbf;;1157;1
647;1;Hamburg-Harburg;1170;1172;0
647;2;Lüneburg;1190;1191;0
647;3;Hannover Hbf;1256;1261;1
647;4;Göttingen;1293;1295;0
647;5;Kassel-Wilhelmshöhe;1314;1324;1
647;6;Fulda;1359;1369;1
647;7;Würzburg Hbf;1407;1411;1
647;8;Nürnberg Hbf;1494;1498;1
647;9;Ingolstadt Hbf;1533;1534;0
647;10;München Hbf;1579;;1
648;0;Hamburg Hbf;;1217;1
648;1;Hamburg-Harburg;1230;1232;0
648;2;Lüneburg;1250;1251;0
648;3;Hannover Hbf;1316;1321;1
648;4;Göttingen;1353;1355;0
648;5;Kassel-Wilhelmshöhe;1374;1384;1
648;6;Fulda;1419;1429;1
648;7;Würzburg Hbf;1467;1471;1
648;8;Nürnberg Hbf;1554;1558;1
648;9;Ingolstadt Hbf;1593;1594;0
648;10;München Hbf;1639;;1
649;0;Hamburg Hbf;;1277;1
649;1;Hamburg-Harburg;1290;1292;0
649;2;Lüneburg;1310;1311;0
649;3;Hannover Hbf;1376;1381;1
649;4;Göttingen;1413;1415;0
649;5;Kassel-Wilhelmshöhe;1434;1444;1
649;6;Fulda;1479;1489;1
649;7;Würzburg Hbf;1527;1531;1
649;8;Nürnberg Hbf;1614;1618;1
649;9;Ingolstadt Hbf;1653;1654;0
649;10;München Hbf;1699;;1
650;0;Hamburg Hbf;;1337;1
650;1;Hamburg-Harburg;1350;1352;0
650;2;Lüneburg;1370;1371;0
650;3;Hannover Hbf;1436;1441;1
650;4;Göttingen;1473;1475;0
650;5;Kassel-Wilhelmshöhe;1494;1504;1
650;6;Fulda;1539;1549;1
650;7;Würzburg Hbf;1587;1591;1
650;8;Nürnberg Hbf;1674;1678;1
650;9;Ingolstadt Hbf;1713;1714;0
650;10;München Hbf;1759;;1
651;0;Hannover Hbf;;394;1
651;1;Bremen Hbf;463;;1
652;0;Hannover Hbf;;514;1
652;1;Bremen Hbf;583;;1
653;0;Hannover Hbf;;634;1
653;1;Bremen Hbf;703;;1
654;0;Hannover Hbf;;754;1
654;1;Bremen Hbf;823;;1
655;0;Hannover Hbf;;874;1
655;1;Bremen Hbf;943;;1
656;0;Hannover Hbf;;994;1
656;1;Bremen Hbf;1063;;1
657;0;Hannover Hbf;;1114;1
657;1;Bremen Hbf;1183;;1
658;0;Hannover Hbf;;1234;1
658;1;Bremen Hbf;1303;;1
659;0;Hannover Hbf;;1354;1
659;1;Bremen Hbf;1423;;1
660;0;Bremen Hbf;;377;1
660;1;Hannover Hbf;446;;1
661;0;Bremen Hbf;;497;1
661;1;Hannover Hbf;566;;1
662;0;Bremen Hbf;;617;1
662;1;Hannover Hbf;686;;1
663;0;Bremen Hbf;;737;1
663;1;Hannover Hbf;806;;1
664;0;Bremen Hbf;;857;1
664;1;Hannover Hbf;926;;1
665;0;Bremen Hbf;;977;1
665;1;Hannover Hbf;1046;;1
666;0;Bremen Hbf;;1097;1
666;1;Hannover Hbf;1166;;1
667;0;Bremen Hbf;;1217;1
667;1;Hannover Hbf;1286;;1
668;0;Bremen Hbf;;1337;1
668;1;Hannover Hbf;1406;;1
669;0;Dresden Hbf;;380;1
669;1;Dresden-Neustadt;385;386;0
669;2;Berlin Südkreuz;497;499;0
669;3;Berlin Hbf;505;512;1
669;4;Berlin Gesundbrunnen;516;;0
670;0;Dresden Hbf;;500;1
670;1;Dresden-Neustadt;505;506;0
670;2;Berlin Südkreuz;617;619;0
670;3;Berlin Hbf;625;632;1
670;4;Berlin Gesundbrunnen;636;;0
671;0;Dresden Hbf;;620;1
671;1;Dresden-Neustadt;625;626;0
671;2;Berlin Südkreuz;737;739;0
671;3;Berlin Hbf;745;752;1
671;4;Berlin Gesundbrunnen;756;;0
672;0;Dresden Hbf;;740;1
672;1;Dresden-Neustadt;745;746;0
672;2;Berlin Südkreuz;857;859;0
672;3;Berlin Hbf;865;872;1
672;4;Berlin Gesundbrunnen;876;;0
673;0;Dresden Hbf;;860;1
673;1;Dresden-Neustadt;865;866;0
673;2;Berlin Südkreuz;977;979;0
673;3;Berlin Hbf;985;992;1
673;4;Berlin Gesundbrunnen;996;;0
674;0;Dresden Hbf;;980;1
674;1;Dresden-Neustadt;985;986;0
674;2;Berlin Südkreuz;1097;1099;0
674;3;Berlin Hbf;1105;1112;1
674;4;Berlin Gesundbrunnen;1116;;0
675;0;Dresden Hbf;;1100;1
675;1;Dresden-Neustadt;1105;1106;0
675;2;Berlin Südkreuz;1217;1219;0
675;3;Berlin Hbf;1225;1232;1
675;4;Berlin Gesundbrunnen;1236;;0
676;0;Dresden Hbf;;1220;1
676;1;Dresden-Neustadt;1225;1226;0
676;2;Berlin Südkreuz;1337;1339;0
676;3;Berlin Hbf;1345;1352;1
676;4;Berlin Gesundbrunnen;1356;;0
677;0;Dresden Hbf;;1340;1
677;1;Dresden-Neustadt;1345;1346;0
677;2;Berlin Südkreuz;1457;1459;0
677;3;Berlin Hbf;1465;1472;1
677;4;Berlin Gesundbrunnen;1476;;0
678;0;Berlin Gesundbrunnen;;414;0
678;1;Berlin Hbf;418;425;1
678;2;Berlin Südkreuz;430;432;0
678;3;Dresden-Neustadt;543;544;0
678;4;Dresden Hbf;550;;1
679;0;Berlin Gesundbrunnen;;534;0
679;1;Berlin Hbf;538;545;1
679;2;Berlin Südkreuz;550;552;0
679;3;Dresden-Neustadt;663;664;0
679;4;Dresden Hbf;670;;1
680;0;Berlin Gesundbrunnen;;654;0
680;1;Berlin Hbf;658;665;1
680;2;Berlin Südkreuz;670;672;0
680;3;Dresden-Neustadt;783;784;0
680;4;Dresden Hbf;790;;1
681;0;Berlin Gesundbrunnen;;774;0
681;1;Berlin Hbf;778;785;1
681;2;Berlin Südkreuz;790;792;0
681;3;Dresden-Neustadt;903;904;0
681;4;Dresden Hbf;910;;1
682;0;Berlin Gesundbrunnen;;894;0
682;1;Berlin Hbf;898;905;1
682;2;Berlin Südkreuz;910;912;0
682;3;Dresden-Neustadt;1023;1024;0
682;4;Dresden Hbf;1030;;1
683;0;Berlin Gesundbrunnen;;1014;0
683;1;Berlin Hbf;1018;1025;1
683;2;Berlin Südkreuz;1030;1032;0
683;3;Dresden-Neustadt;1143;1144;0
683;4;Dresden Hbf;1150;;1
684;0;Berlin Gesundbrunnen;;1134;0
684;1;Berlin Hbf;1138;1145;1
684;2;Berlin Südkreuz;1150;1152;0
684;3;Dresden-Neustadt;1263;1264;0
684;4;Dresden Hbf;1270;;1
685;0;Berlin Gesundbrunnen;;1254;0
685;1;Berlin Hbf;1258;1265;1
685;2;Berlin Südkreuz;1270;1272;0
685;3;Dresden-Neustadt;1383;1384;0
685;4;Dresden Hbf;1390;;1
686;0;Berlin Gesundbrunnen;;1374;0
686;1;Berlin Hbf;1378;1385;1
686;2;Berlin Südkreuz;1390;1392;0
686;3;Dresden-Neustadt;1503;1504;0
686;4;Dresden Hbf;1510;;1
687;0;Hamburg-Altona;;361;0
687;1;Hamburg Dammtor;369;370;0
687;2;Hamburg Hbf;373;377;1
687;3;Berlin Hbf;505;515;1
687;4;Berlin Südkreuz;519;521;0
687;5;Lutherstadt Wittenberg Hbf;560;561;0
687;6;Bitterfeld;578;579;0
687;7;Leipzig Hbf;598;602;1
687;8;Erfurt Hbf;644;648;1
687;9;Bamberg;697;698;0
687;10;Erlangen;723;724;0
687;11;Nürnberg Hbf;741;748;1
687;12;München Hbf;829;;1
688;0;Hamburg-Altona;;481;0
688;1;Hamburg Dammtor;489;490;0
688;2;Hamburg Hbf;493;497;1
688;3;Berlin Hbf;625;635;1
688;4;Berlin Südkreuz;639;641;0
688;5;Lutherstadt Wittenberg Hbf;680;681;0
688;6;Bitterfeld;698;699;0
688;7;Leipzig Hbf;718;722;1
688;8;Erfurt Hbf;764;768;1
688;9;Bamberg;817;818;0
688;10;Erlangen;843;844;0
688;11;Nürnberg Hbf;861;868;1
688;12;München Hbf;949;;1
689;0;Hamburg-Altona;;601;0
689;1;Hamburg Dammtor;609;610;0
689;2;Hamburg Hbf;613;617;1
689;3;Berlin Hbf;745;755;1
689;4;Berlin Südkreuz;759;761;0
689;5;Lutherstadt Wittenberg Hbf;800;801;0
689;6;Bitterfeld;818;819;0
689;7;Leipzig Hbf;838;842;1
689;8;Erfurt Hbf;884;888;1
689;9;Bamberg;937;938;0
689;10;Erlangen;963;964;0
689;11;Nürnberg Hbf;981;988;1
689;12;München Hbf;1069;;1
690;0;Hamburg-Altona;;721;0
690;1;Hamburg Dammtor;729;730;0
690;2;Hamburg Hbf;733;737;1
690;3;Berlin Hbf;865;875;1
690;4;Berlin Südkreuz;879;881;0
690;5;Lutherstadt Wittenberg Hbf;920;921;0
690;6;Bitterfeld;938;939;0
690;7;Leipzig Hbf;958;962;1
690;8;Erfurt Hbf;1004;1008;1
690;9;Bamberg;1057;1058;0
690;10;Erlangen;1083;1084;0
690;11;Nürnberg Hbf;1101;1108;1
690;12;München Hbf;1189;;1
691;0;Hamburg-Altona;;841;0
691;1;Hamburg Dammtor;849;850;0
691;2;Hamburg Hbf;853;857;1
691;3;Berlin Hbf;985;995;1
691;4;Berlin Südkreuz;999;1001;0
691;5;Lutherstadt Wittenberg Hbf;1040;1041;0
691;6;Bitterfeld;1058;1059;0
691;7;Leipzig Hbf;1078;1082;1
691;8;Erfurt Hbf;1124;1128;1
691;9;Bamberg;1177;1178;0
691;10;Erlangen;1203;1204;0
691;11;Nürnberg Hbf;1221;1228;1
691;12;München Hbf;1309;;1
692;0;Hamburg-Altona;;961;0
692;1;Hamburg Dammtor;969;970;0
692;2;Hamburg Hbf;973;977;1
692;3;Berlin Hbf;1105;1115;1
692;4;Berlin Südkreuz;1119;1121;0
692;5;Lutherstadt Wittenberg Hbf;1160;1161;0
692;6;Bitterfeld;1178;1179;0
692;7;Leipzig Hbf;1198;1202;1
692;8;Erfurt Hbf;1244;1248;1
692;9;Bamberg;1297;1298;0
692;10;Erlangen;1323;1324;0
692;11;Nürnberg Hbf;1341;1348;1
692;12;München Hbf;1429;;1
693;0;Hamburg-Altona;;1081;0
693;1;Hamburg Dammtor;1089;1090;0
693;2;Hamburg Hbf;1093;1097;1
693;3;Berlin Hbf;1225;1235;1
693;4;Berlin Südkreuz;1239;1241;0
693;5;Lutherstadt Wittenberg Hbf;1280;1281;0
693;6;Bitterfeld;1298;1299;0
693;7;Leipzig Hbf;1318;1322;1
693;8;Erfurt Hbf;1364;1368;1
693;9;Bamberg;1417;1418;0
693;10;Erlangen;1443;1444;0
693;11;Nürnberg Hbf;1461;1468;1
693;12;München Hbf;1549;;1
694;0;Hamburg-Altona;;1201;0
694;1;Hamburg Dammtor;1209;1210;0
694;2;Hamburg Hbf;1213;1217;1
694;3;Berlin Hbf;1345;1355;1
694;4;Berlin Südkreuz;1359;1361;0
694;5;Lutherstadt Wittenberg Hbf;1400;1401;0
694;6;Bitterfeld;1418;1419;0
694;7;Leipzig Hbf;1438;1442;1
694;8;Erfurt Hbf;1484;1488;1
694;9;Bamberg;1537;1538;0
694;10;Erlangen;1563;1564;0
694;11;Nürnberg Hbf;1581;1588;1
694;12;München Hbf;1669;;1
695;0;Hamburg-Altona;;1321;0
695;1;Hamburg Dammtor;1329;1330;0
695;2;Hamburg Hbf;1333;1337;1
695;3;Berlin Hbf;1465;1475;1
695;4;Berlin Südkreuz;1479;1481;0
695;5;Lutherstadt Wittenberg Hbf;1520;1521;0
695;6;Bitterfeld;1538;1539;0
695;7;Leipzig Hbf;1558;1562;1
695;8;Erfurt Hbf;1604;1608;1
695;9;Bamberg;1657;1658;0
695;10;Erlangen;1683;1684;0
695;11;Nürnberg Hbf;1701;1708;1
695;12;München Hbf;1789;;1
696;0;München Hbf;;389;1
696;1;Nürnberg Hbf;471;478;1
696;2;Erlangen;490;491;0
696;3;Bamberg;512;513;0
696;4;Erfurt Hbf;554;558;1
696;5;Leipzig Hbf;598;602;1
696;6;Bitterfeld;620;621;0
696;7;Lutherstadt Wittenberg Hbf;638;639;0
696;8;Berlin Südkreuz;677;679;0
696;9;Berlin Hbf;685;695;1
696;10;Hamburg Hbf;823;827;1
696;11;Hamburg Dammtor;830;831;0
696;12;Hamburg-Altona;838;;0
697;0;München Hbf;;509;1
697;1;Nürnberg Hbf;591;598;1
697;2;Erlangen;610;611;0
697;3;Bamberg;632;633;0
697;4;Erfurt Hbf;674;678;1
697;5;Leipzig Hbf;718;722;1
697;6;Bitterfeld;740;741;0
697;7;Lutherstadt Wittenberg Hbf;758;759;0
697;8;Berlin Südkreuz;797;799;0
697;9;Berlin Hbf;805;815;1
697;10;Hamburg Hbf;943;947;1
697;11;Hamburg Dammtor;950;951;0
697;12;Hamburg-Altona;958;;0
698;0;München Hbf;;629;1
698;1;Nürnberg Hbf;711;718;1
698;2;Erlangen;730;731;0
698;3;Bamberg;752;753;0
698;4;Erfurt Hbf;794;798;1
698;5;Leipzig Hbf;838;842;1
698;6;Bitterfeld;860;861;0
698;7;Lutherstadt Wittenberg Hbf;878;879;0
698;8;Berlin Südkreuz;917;919;0
698;9;Berlin Hbf;925;935;1
698;10;Hamburg Hbf;1063;1067;1
698;11;Hamburg Dammtor;1070;1071;0
698;12;Hamburg-Altona;1078;;0
699;0;München Hbf;;749;1
699;1;Nürnberg Hbf;831;838;1
699;2;Erlangen;850;851;0
699;3;Bamberg;872;873;0
699;4;Erfurt Hbf;914;918;1
699;5;Leipzig Hbf;958;962;1
699;6;Bitterfeld;980;981;0
699;7;Lutherstadt Wittenberg Hbf;998;999;0
699;8;Berlin Südkreuz;1037;1039;0
699;9;Berlin Hbf;1045;1055;1
699;10;Hamburg Hbf;1183;1187;1
699;11;Hamburg Dammtor;1190;1191;0
699;12;Hamburg-Altona;1198;;0
700;0;München Hbf;;869;1
700;1;Nürnberg Hbf;951;958;1
700;2;Erlangen;970;971;0
700;3;Bamberg;992;993;0
700;4;Erfurt Hbf;1034;1038;1
700;5;Leipzig Hbf;1078;1082;1
700;6;Bitterfeld;1100;1101;0
700;7;Lutherstadt Wittenberg Hbf;1118;1119;0
700;8;Berlin Südkreuz;1157;1159;0
700;9;Berlin Hbf;1165;1175;1
700;10;Hamburg Hbf;1303;1307;1
700;11;Hamburg Dammtor;1310;1311;0
700;12;Hamburg-Altona;1318;;0
701;0;München Hbf;;989;1
701;1;Nürnberg Hbf;1071;1078;1
701;2;Erlangen;1090;1091;0
701;3;Bamberg;1112;1113;0
701;4;Erfurt Hbf;1154;1158;1
701;5;Leipzig Hbf;1198;1202;1
701;6;Bitterfeld;1220;1221;0
701;7;Lutherstadt Wittenberg Hbf;1238;1239;0
701;8;Berlin Südkreuz;1277;1279;0
701;9;Berlin Hbf;1285;1295;1
701;10;Hamburg Hbf;1423;1427;1
701;11;Hamburg Dammtor;1430;1431;0
701;12;Hamburg-Altona;1438;;0
702;0;München Hbf;;1109;1
702;1;Nürnberg Hbf;1191;1198;1
702;2;Erlangen;1210;1211;0
702;3;Bamberg;1232;1233;0
702;4;Erfurt Hbf;1274;1278;1
702;5;Leipzig Hbf;1318;1322;1
702;6;Bitterfeld;1340;1341;0
702;7;Lutherstadt Wittenberg Hbf;1358;1359;0
702;8;Berlin Südkreuz;1397;1399;0
702;9;Berlin Hbf;1405;1415;1
702;10;Hamburg Hbf;1543;1547;1
702;11;Hamburg Dammtor;1550;1551;0
702;12;Hamburg-Altona;1558;;0
703;0;München Hbf;;1229;1
703;1;Nürnberg Hbf;1311;1318;1
703;2;Erlangen;1330;1331;0
703;3;Bamberg;1352;1353;0
703;4;Erfurt Hbf;1394;1398;1
703;5;Leipzig Hbf;1438;1442;1
703;6;Bitterfeld;1460;1461;0
703;7;Lutherstadt Wittenberg Hbf;1478;1479;0
703;8;Berlin Südkreuz;1517;1519;0
703;9;Berlin Hbf;1525;1535;1
703;10;Hamburg Hbf;1663;1667;1
703;11;Hamburg Dammtor;1670;1671;0
703;12;Hamburg-Altona;1678;;0
704;0;München Hbf;;1349;1
704;1;Nürnberg Hbf;1431;1438;1
704;2;Erlangen;1450;1451;0
704;3;Bamberg;1472;1473;0
704;4;Erfurt Hbf;1514;1518;1
704;5;Leipzig Hbf;1558;1562;1
704;6;Bitterfeld;1580;1581;0
704;7;Lutherstadt Wittenberg Hbf;1598;1599;0
704;8;Berlin Südkreuz;1637;1639;0
704;9;Berlin Hbf;1645;1655;1
704;10;Hamburg Hbf;1783;1787;1
704;11;Hamburg Dammtor;1790;1791;0
704;12;Hamburg-Altona;1798;;0
705;0;München Hbf;;389;1
705;1;Ingolstadt Hbf;438;439;0
705;2;Nürnberg Hbf;471;478;1
705;3;Erfurt Hbf;554;558;1
705;4;Halle(Saale)Hbf;585;587;0
705;5;Berlin Südkreuz;647;649;0
705;6;Berlin Hbf;655;662;1
705;7;Berlin Gesundbrunnen;666;;0
706;0;München Hbf;;509;1
706;1;Ingolstadt Hbf;558;559;0
706;2;Nürnberg Hbf;591;598;1
706;3;Erfurt Hbf;674;678;1
706;4;Halle(Saale)Hbf;705;707;0
706;5;Berlin Südkreuz;767;769;0
706;6;Berlin Hbf;775;782;1
706;7;Berlin Gesundbrunnen;786;;0
707;0;München Hbf;;629;1
707;1;Ingolstadt Hbf;678;679;0
707;2;Nürnberg Hbf;711;718;1
707;3;Erfurt Hbf;794;798;1
707;4;Halle(Saale)Hbf;825;827;0
707;5;Berlin Südkreuz;887;889;0
707;6;Berlin Hbf;895;902;1
707;7;Berlin Gesundbrunnen;906;;0
708;0;München Hbf;;749;1
708;1;Ingolstadt Hbf;798;799;0
708;2;Nürnberg Hbf;831;838;1
708;3;Erfurt Hbf;914;918;1
708;4;Halle(Saale)Hbf;945;947;0
708;5;Berlin Südkreuz;1007;1009;0
708;6;Berlin Hbf;1015;1022;1
708;7;Berlin Gesundbrunnen;1026;;0
709;0;München Hbf;;869;1
709;1;Ingolstadt Hbf;918;919;0
709;2;Nürnberg Hbf;951;958;1
709;3;Erfurt Hbf;1034;1038;1
709;4;Halle(Saale)Hbf;1065;1067;0
709;5;Berlin Südkreuz;1127;1129;0
709;6;Berlin Hbf;1135;1142;1
709;7;Berlin Gesundbrunnen;1146;;0
710;0;München Hbf;;989;1
710;1;Ingolstadt Hbf;1038;1039;0
710;2;Nürnberg Hbf;1071;1078;1
710;3;Erfurt Hbf;1154;1158;1
710;4;Halle(Saale)Hbf;1185;1187;0
710;5;Berlin Südkreuz;1247;1249;0
710;6;Berlin Hbf;1255;1262;1
710;7;Berlin Gesundbrunnen;1266;;0
711;0;München Hbf;;1109;1
711;1;Ingolstadt Hbf;1158;1159;0
711;2;Nürnberg Hbf;1191;1198;1
711;3;Erfurt Hbf;1274;1278;1
711;4;Halle(Saale)Hbf;1305;1307;0
711;5;Berlin Südkreuz;1367;1369;0
711;6;Berlin Hbf;1375;1382;1
711;7;Berlin Gesundbrunnen;1386;;0
712;0;München Hbf;;1229;1
712;1;Ingolstadt Hbf;1278;1279;0
712;2;Nürnberg Hbf;1311;1318;1
712;3;Erfurt Hbf;1394;1398;1
712;4;Halle(Saale)Hbf;1425;1427;0
712;5;Berlin Südkreuz;1487;1489;0
712;6;Berlin Hbf;1495;1502;1
712;7;Berlin Gesundbrunnen;1506;;0
713;0;München Hbf;;1349;1
713;1;Ingolstadt Hbf;1398;1399;0
713;2;Nürnberg Hbf;1431;1438;1
713;3;Erfurt Hbf;1514;1518;1
713;4;Halle(Saale)Hbf;1545;1547;0
713;5;Berlin Südkreuz;1607;1609;0
713;6;Berlin Hbf;1615;1622;1
713;7;Berlin Gesundbrunnen;1626;;0
714;0;Berlin Gesundbrunnen;;412;0
714;1;Berlin Hbf;418;425;1
714;2;Berlin Südkreuz;429;431;0
714;3;Halle(Saale)Hbf;492;494;0
714;4;Erfurt Hbf;522;528;1
714;5;Nürnberg Hbf;621;628;1
714;6;Ingolstadt Hbf;661;662;0
714;7;München Hbf;709;;1
715;0;Berlin Gesundbrunnen;;532;0
715;1;Berlin Hbf;538;545;1
715;2;Berlin Südkreuz;549;551;0
715;3;Halle(Saale)Hbf;612;614;0
715;4;Erfurt Hbf;642;648;1
715;5;Nürnberg Hbf;741;748;1
715;6;Ingolstadt Hbf;781;782;0
715;7;München Hbf;829;;1
716;0;Berlin Gesundbrunnen;;652;0
716;1;Berlin Hbf;658;665;1
716;2;Berlin Südkreuz;669;671;0
716;3;Halle(Saale)Hbf;732;734;0
716;4;Erfurt Hbf;762;768;1
716;5;Nürnberg Hbf;861;868;1
716;6;Ingolstadt Hbf;901;902;0
716;7;München Hbf;949;;1
717;0;Berlin Gesundbrunnen;;772;0
717;1;Berlin Hbf;778;785;1
717;2;Berlin Südkreuz;789;791;0
717;3;Halle(Saale)Hbf;852;854;0
717;4;Erfurt Hbf;882;888;1
717;5;Nürnberg Hbf;981;988;1
717;6;Ingolstadt Hbf;1021;1022;0
717;7;München Hbf;1069;;1
718;0;Berlin Gesundbrunnen;;892;0
718;1;Berlin Hbf;898;905;1
718;2;Berlin Südkreuz;909;911;0
718;3;Halle(Saale)Hbf;972;974;0
718;4;Erfurt Hbf;1002;1008;1
718;5;Nürnberg Hbf;1101;1108;1
718;6;Ingolstadt Hbf;1141;1142;0
718;7;München Hbf;1189;;1
719;0;Berlin Gesundbrunnen;;1012;0
719;1;Berlin Hbf;1018;1025;1
719;2;Berlin Südkreuz;1029;1031;0
719;3;Halle(Saale)Hbf;1092;1094;0
719;4;Erfurt Hbf;1122;1128;1
719;5;Nürnberg Hbf;1221;1228;1
719;6;Ingolstadt Hbf;1261;1262;0
719;7;München Hbf;1309;;1
720;0;Berlin Gesundbrunnen;;1132;0
720;1;Berlin Hbf;1138;1145;1
720;2;Berlin Südkreuz;1149;1151;0
720;3;Halle(Saale)Hbf;1212;1214;0
720;4;Erfurt Hbf;1242;1248;1
720;5;Nürnberg Hbf;1341;1348;1
720;6;Ingolstadt Hbf;1381;1382;0
720;7;München Hbf;1429;;1
721;0;Berlin Gesundbrunnen;;1252;0
721;1;Berlin Hbf;1258;1265;1
721;2;Berlin Südkreuz;1269;1271;0
721;3;Halle(Saale)Hbf;1332;1334;0
721;4;Erfurt Hbf;1362;1368;1
721;5;Nürnberg Hbf;1461;1468;1
721;6;Ingolstadt Hbf;1501;1502;0
721;7;München Hbf;1549;;1
722;0;Berlin Gesundbrunnen;;1372;0
722;1;Berlin Hbf;1378;1385;1
722;2;Berlin Südkreuz;1389;1391;0
722;3;Halle(Saale)Hbf;1452;1454;0
722;4;Erfurt Hbf;1482;1488;1
722;5;Nürnberg Hbf;1581;1588;1
722;6;Ingolstadt Hbf;1621;1622;0
722;7;München Hbf;1669;;1
723;0;Berlin Südkreuz;;411;0
723;1;Berlin Hbf;418;425;1
723;2;Berlin-Spandau;435;437;0
723;3;Frankfurt(Main)Hbf;669;676;1
723;4;Frankfurt(M) Flughafen Regionalbf;693;;0
724;0;Berlin Südkreuz;;531;0
724;1;Berlin Hbf;538;545;1
724;2;Berlin-Spandau;555;557;0
724;3;Frankfurt(Main)Hbf;789;796;1
724;4;Frankfurt(M) Flughafen Regionalbf;813;;0
725;0;Berlin Südkreuz;;651;0
725;1;Berlin Hbf;658;665;1
725;2;Berlin-Spandau;675;677;0
725;3;Frankfurt(Main)Hbf;909;916;1
725;4;Frankfurt(M) Flughafen Regionalbf;933;;0
726;0;Berlin Südkreuz;;771;0
726;1;Berlin Hbf;778;785;1
726;2;Berlin-Spandau;795;797;0
726;3;Frankfurt(Main)Hbf;1029;1036;1
726;4;Frankfurt(M) Flughafen Regionalbf;1053;;0
727;0;Berlin Südkreuz;;891;0
727;1;Berlin Hbf;898;905;1
727;2;Berlin-Spandau;915;917;0
727;3;Frankfurt(Main)Hbf;1149;1156;1
727;4;Frankfurt(M) Flughafen Regionalbf;1173;;0
728;0;Berlin Südkreuz;;1011;0
728;1;Berlin Hbf;1018;1025;1
728;2;Berlin-Spandau;1035;1037;0
728;3;Frankfurt(Main)Hbf;1269;1276;1
728;4;Frankfurt(M) Flughafen Regionalbf;1293;;0
729;0;Berlin Südkreuz;;1131;0
729;1;Berlin Hbf;1138;1145;1
729;2;Berlin-Spandau;1155;1157;0
729;3;Frankfurt(Main)Hbf;1389;1396;1
729;4;Frankfurt(M) Flughafen Regionalbf;1413;;0
730;0;Berlin Südkreuz;;1251;0
730;1;Berlin Hbf;1258;1265;1
730;2;Berlin-Spandau;1275;1277;0
730;3;Frankfurt(Main)Hbf;1509;1516;1
730;4;Frankfurt(M) Flughafen Regionalbf;1533;;0
731;0;Berlin Südkreuz;;1371;0
731;1;Berlin Hbf;1378;1385;1
731;2;Berlin-Spandau;1395;1397;0
731;3;Frankfurt(Main)Hbf;1629;1636;1
731;4;Frankfurt(M) Flughafen Regionalbf;1653;;0
732;0;Frankfurt(M) Flughafen Regionalbf;;416;0
732;1;Frankfurt(Main)Hbf;432;439;1
732;2;Berlin-Spandau;669;671;0
732;3;Berlin Hbf;685;692;1
732;4;Berlin Südkreuz;697;;0
733;0;Frankfurt(M) Flughafen Regionalbf;;536;0
733;1;Frankfurt(Main)Hbf;552;559;1
733;2;Berlin-Spandau;789;791;0
733;3;Berlin Hbf;805;812;1
733;4;Berlin Südkreuz;817;;0
734;0;Frankfurt(M) Flughafen Regionalbf;;656;0
734;1;Frankfurt(Main)Hbf;672;679;1
734;2;Berlin-Spandau;909;911;0
734;3;Berlin Hbf;925;932;1
734;4;Berlin Südkreuz;937;;0
735;0;Frankfurt(M) Flughafen Regionalbf;;776;0
735;1;Frankfurt(Main)Hbf;792;799;1
735;2;Berlin-Spandau;1029;1031;0
735;3;Berlin Hbf;1045;1052;1
735;4;Berlin Südkreuz;1057;;0
736;0;Frankfurt(M) Flughafen Regionalbf;;896;0
736;1;Frankfurt(Main)Hbf;912;919;1
736;2;Berlin-Spandau;1149;1151;0
736;3;Berlin Hbf;1165;1172;1
736;4;Berlin Südkreuz;1177;;0
737;0;Frankfurt(M) Flughafen Regionalbf;;1016;0
737;1;Frankfurt(Main)Hbf;1032;1039;1
737;2;Berlin-Spandau;1269;1271;0
737;3;Berlin Hbf;1285;1292;1
737;4;Berlin Südkreuz;1297;;0
738;0;Frankfurt(M) Flughafen Regionalbf;;1136;0
738;1;Frankfurt(Main)Hbf;1152;1159;1
738;2;Berlin-Spandau;1389;1391;0
738;3;Berlin Hbf;1405;1412;1
738;4;Berlin Südkreuz;1417;;0
739;0;Frankfurt(M) Flughafen Regionalbf;;1256;0
739;1;Frankfurt(Main)Hbf;1272;1279;1
739;2;Berlin-Spandau;1509;1511;0
739;3;Berlin Hbf;1525;1532;1
739;4;Berlin Südkreuz;1537;;0
740;0;Frankfurt(M) Flughafen Regionalbf;;1376;0
740;1;Frankfurt(Main)Hbf;1392;1399;1
740;2;Berlin-Spandau;1629;1631;0
740;3;Berlin Hbf;1645;1652;1
740;4;Berlin Südkreuz;1657;;0
741;0;Hamburg-Altona;;363;0
741;1;Hamburg Hbf;373;377;1
741;2;Schwerin Hbf;432;433;0
741;3;Bützow;462;463;0
741;4;Rostock Hbf;483;484;0
741;5;Ribnitz-Damgarten West;502;503;0
741;6;Velgast;521;522;0
741;7;Stralsund Hbf;535;536;0
741;8;Bergen auf Rügen;562;563;0
741;9;Ostseebad Binz;583;;0
742;0;Hamburg-Altona;;483;0
742;1;Hamburg Hbf;493;497;1
742;2;Schwerin Hbf;552;553;0
742;3;Bützow;582;583;0
742;4;Rostock Hbf;603;604;0
742;5;Ribnitz-Damgarten West;622;623;0
742;6;Velgast;641;642;0
742;7;Stralsund Hbf;655;656;0
742;8;Bergen auf Rügen;682;683;0
742;9;Ostseebad Binz;703;;0
743;0;Hamburg-Altona;;603;0
743;1;Hamburg Hbf;613;617;1
743;2;Schwerin Hbf;672;673;0
743;3;Bützow;702;703;0
743;4;Rostock Hbf;723;724;0
743;5;Ribnitz-Damgarten West;742;743;0
743;6;Velgast;761;762;0
743;7;Stralsund Hbf;775;776;0
743;8;Bergen auf Rügen;802;803;0
743;9;Ostseebad Binz;823;;0
744;0;Hamburg-Altona;;723;0
744;1;Hamburg Hbf;733;737;1
744;2;Schwerin Hbf;792;793;0
744;3;Bützow;822;823;0
744;4;Rostock Hbf;843;844;0
744;5;Ribnitz-Damgarten West;862;863;0
744;6;Velgast;881;882;0
744;7;Stralsund Hbf;895;896;0
744;8;Bergen auf Rügen;922;923;0
744;9;Ostseebad Binz;943;;0
745;0;Hamburg-Altona;;843;0
745;1;Hamburg Hbf;853;857;1
745;2;Schwerin Hbf;912;913;0
745;3;Bützow;942;943;0
745;4;Rostock Hbf;963;964;0
745;5;Ribnitz-Damgarten West;982;983;0
745;6;Velgast;1001;1002;0
745;7;Stralsund Hbf;1015;1016;0
745;8;Bergen auf Rügen;1042;1043;0
745;9;Ostseebad Binz;1063;;0
746;0;Hamburg-Altona;;963;0
746;1;Hamburg Hbf;973;977;1
746;2;Schwerin Hbf;1032;1033;0
746;3;Bützow;1062;1063;0
746;4;Rostock Hbf;1083;1084;0
746;5;Ribnitz-Damgarten West;1102;1103;0
746;6;Velgast;1121;1122;0
746;7;Stralsund Hbf;1135;1136;0
746;8;Bergen auf Rügen;1162;1163;0
746;9;Ostseebad Binz;1183;;0
747;0;Hamburg-Altona;;1083;0
747;1;Hamburg Hbf;1093;1097;1
747;2;Schwerin Hbf;1152;1153;0
747;3;Bützow;1182;1183;0
747;4;Rostock Hbf;1203;1204;0
747;5;Ribnitz-Damgarten West;1222;1223;0
747;6;Velgast;1241;1242;0
747;7;Stralsund Hbf;1255;1256;0
747;8;Bergen auf Rügen;1282;1283;0
747;9;Ostseebad Binz;1303;;0
748;0;Hamburg-Altona;;1203;0
748;1;Hamburg Hbf;1213;1217;1
748;2;Schwerin Hbf;1272;1273;0
748;3;Bützow;1302;1303;0
748;4;Rostock Hbf;1323;1324;0
748;5;Ribnitz-Damgarten West;1342;1343;0
748;6;Velgast;1361;1362;0
748;7;Stralsund Hbf;1375;1376;0
748;8;Bergen auf Rügen;1402;1403;0
748;9;Ostseebad Binz;1423;;0
749;0;Hamburg-Altona;;1323;0
749;1;Hamburg Hbf;1333;1337;1
749;2;Schwerin Hbf;1392;1393;0
749;3;Bützow;1422;1423;0
749;4;Rostock Hbf;1443;1444;0
749;5;Ribnitz-Damgarten West;1462;1463;0
749;6;Velgast;1481;1482;0
749;7;Stralsund Hbf;1495;1496;0
749;8;Bergen auf Rügen;1522;1523;0
749;9;Ostseebad Binz;1543;;0
750;0;Ostseebad Binz;;411;0
750;1;Bergen auf Rügen;431;432;0
750;2;Stralsund Hbf;456;457;0
750;3;Velgast;469;470;0
750;4;Ribnitz-Damgarten West;487;488;0
750;5;Rostock Hbf;507;508;0
750;6;Bützow;526;527;0
750;7;Schwerin Hbf;557;558;0
750;8;Hamburg Hbf;613;617;1
750;9;Hamburg-Altona;627;;0
751;0;Ostseebad Binz;;531;0
751;1;Bergen auf Rügen;551;552;0
751;2;Stralsund Hbf;576;577;0
751;3;Velgast;589;590;0
751;4;Ribnitz-Damgarten West;607;608;0
751;5;Rostock Hbf;627;628;0
751;6;Bützow;646;647;0
751;7;Schwerin Hbf;677;678;0
751;8;Hamburg Hbf;733;737;1
751;9;Hamburg-Altona;747;;0
752;0;Ostseebad Binz;;651;0
752;1;Bergen auf Rügen;671;672;0
752;2;Stralsund Hbf;696;697;0
752;3;Velgast;709;710;0
752;4;Ribnitz-Damgarten West;727;728;0
752;5;Rostock Hbf;747;748;0
752;6;Bützow;766;767;0
752;7;Schwerin Hbf;797;798;0
752;8;Hamburg Hbf;853;857;1
752;9;Hamburg-Altona;867;;0
753;0;Ostseebad Binz;;771;0
753;1;Bergen auf Rügen;791;792;0
753;2;Stralsund Hbf;816;817;0
753;3;Velgast;829;830;0
753;4;Ribnitz-Damgarten West;847;848;0
753;5;Rostock Hbf;867;868;0
753;6;Bützow;886;887;0
753;7;Schwerin Hbf;917;918;0
753;8;Hamburg Hbf;973;977;1
753;9;Hamburg-Altona;987;;0
754;0;Ostseebad Binz;;891;0
754;1;Bergen auf Rügen;911;912;0
754;2;Stralsund Hbf;936;937;0
754;3;Velgast;949;950;0
754;4;Ribnitz-Damgarten West;967;968;0
754;5;Rostock Hbf;987;988;0
754;6;Bützow;1006;1007;0
754;7;Schwerin Hbf;1037;1038;0
754;8;Hamburg Hbf;1093;1097;1
754;9;Hamburg-Altona;1107;;0
755;0;Ostseebad Binz;;1011;0
755;1;Bergen auf Rügen;1031;1032;0
755;2;Stralsund Hbf;1056;1057;0
755;3;Velgast;1069;1070;0
755;4;Ribnitz-Damgarten West;1087;1088;0
755;5;Rostock Hbf;1107;1108;0
755;6;Bützow;1126;1127;0
755;7;Schwerin Hbf;1157;1158;0
755;8;Hamburg Hbf;1213;1217;1
755;9;Hamburg-Altona;1227;;0
756;0;Ostseebad Binz;;1131;0
756;1;Bergen auf Rügen;1151;1152;0
756;2;Stralsund Hbf;1176;1177;0
756;3;Velgast;1189;1190;0
756;4;Ribnitz-Damgarten West;1207;1208;0
756;5;Rostock Hbf;1227;1228;0
756;6;Bützow;1246;1247;0
756;7;Schwerin Hbf;1277;1278;0
756;8;Hamburg Hbf;1333;1337;1
756;9;Hamburg-Altona;1347;;0
757;0;Ostseebad Binz;;1251;0
757;1;Bergen auf Rügen;1271;1272;0
757;2;Stralsund Hbf;1296;1297;0
757;3;Velgast;1309;1310;0
757;4;Ribnitz-Damgarten West;1327;1328;0
757;5;Rostock Hbf;1347;1348;0
757;6;Bützow;1366;1367;0
757;7;Schwerin Hbf;1397;1398;0
757;8;Hamburg Hbf;1453;1457;1
757;9;Hamburg-Altona;1467;;0
758;0;Ostseebad Binz;;1371;0
758;1;Bergen auf Rügen;1391;1392;0
758;2;Stralsund Hbf;1416;1417;0
758;3;Velgast;1429;1430;0
758;4;Ribnitz-Damgarten West;1447;1448;0
758;5;Rostock Hbf;1467;1468;0
758;6;Bützow;1486;1487;0
758;7;Schwerin Hbf;1517;1518;0
758;8;Hamburg Hbf;1573;1577;1
758;9;Hamburg-Altona;1587;;0
759;0;Hamburg Hbf;;377;1
759;1;Hannover Hbf;476;484;1
759;2;Frankfurt(Main)Hbf;642;649;1
759;3;Frankfurt(M) Flughafen Regionalbf;665;;0
760;0;Hamburg Hbf;;497;1
760;1;Hannover Hbf;596;604;1
760;2;Frankfurt(Main)Hbf;762;769;1
760;3;Frankfurt(M) Flughafen Regionalbf;785;;0
761;0;Hamburg Hbf;;617;1
761;1;Hannover Hbf;716;724;1
761;2;Frankfurt(Main)Hbf;882;889;1
761;3;Frankfurt(M) Flughafen Regionalbf;905;;0
762;0;Hamburg Hbf;;737;1
762;1;Hannover Hbf;836;844;1
762;2;Frankfurt(Main)Hbf;1002;1009;1
762;3;Frankfurt(M) Flughafen Regionalbf;1025;;0
763;0;Hamburg Hbf;;857;1
763;1;Hannover Hbf;956;964;1
763;2;Frankfurt(Main)Hbf;1122;1129;1
763;3;Frankfurt(M) Flughafen Regionalbf;1145;;0
764;0;Hamburg Hbf;;977;1
764;1;Hannover Hbf;1076;1084;1
764;2;Frankfurt(Main)Hbf;1242;1249;1
764;3;Frankfurt(M) Flughafen Regionalbf;1265;;0
765;0;Hamburg Hbf;;1097;1
765;1;Hannover Hbf;1196;1204;1
765;2;Frankfurt(Main)Hbf;1362;1369;1
765;3;Frankfurt(M) Flughafen Regionalbf;1385;;0
766;0;Hamburg Hbf;;1217;1
766;1;Hannover Hbf;1316;1324;1
766;2;Frankfurt(Main)Hbf;1482;1489;1
766;3;Frankfurt(M) Flughafen Regionalbf;1505;;0
767;0;Hamburg Hbf;;1337;1
767;1;Hannover Hbf;1436;1444;1
767;2;Frankfurt(Main)Hbf;1602;1609;1
767;3;Frankfurt(M) Flughafen Regionalbf;1625;;0
768;0;Frankfurt(M) Flughafen Regionalbf;;411;0
768;1;Frankfurt(Main)Hbf;429;436;1
768;2;Hannover Hbf;596;604;1
768;3;Hamburg Hbf;703;;1
769;0;Frankfurt(M) Flughafen Regionalbf;;531;0
769;1;Frankfurt(Main)Hbf;549;556;1
769;2;Hannover Hbf;716;724;1
769;3;Hamburg Hbf;823;;1
770;0;Frankfurt(M) Flughafen Regionalbf;;651;0
770;1;Frankfurt(Main)Hbf;669;676;1
770;2;Hannover Hbf;836;844;1
770;3;Hamburg Hbf;943;;1
771;0;Frankfurt(M) Flughafen Regionalbf;;771;0
771;1;Frankfurt(Main)Hbf;789;796;1
771;2;Hannover Hbf;956;964;1
771;3;Hamburg Hbf;1063;;1
772;0;Frankfurt(M) Flughafen Regionalbf;;891;0
772;1;Frankfurt(Main)Hbf;909;916;1
772;2;Hannover Hbf;1076;1084;1
772;3;Hamburg Hbf;1183;;1
773;0;Frankfurt(M) Flughafen Regionalbf;;1011;0
773;1;Frankfurt(Main)Hbf;1029;1036;1
773;2;Hannover Hbf;1196;1204;1
773;3;Hamburg Hbf;1303;;1
774;0;Frankfurt(M) Flughafen Regionalbf;;1131;0
774;1;Frankfurt(Main)Hbf;1149;1156;1
774;2;Hannover Hbf;1316;1324;1
774;3;Hamburg Hbf;1423;;1
775;0;Frankfurt(M) Flughafen Regionalbf;;1251;0
775;1;Frankfurt(Main)Hbf;1269;1276;1
775;2;Hannover Hbf;1436;1444;1
775;3;Hamburg Hbf;1543;;1
776;0;Frankfurt(M) Flughafen Regionalbf;;1371;0
776;1;Frankfurt(Main)Hbf;1389;1396;1
776;2;Hannover Hbf;1556;1564;1
776;3;Hamburg Hbf;1663;;1
777;0;München Hbf;;329;1
777;1;Nürnberg Hbf;411;421;1
777;2;Würzburg Hbf;477;481;1
777;3;Aschaffenburg Hbf;520;521;0
777;4;Frankfurt(Main)Hbf;552;559;1
777;5;Frankfurt(M) Flughafen Fernbf;570;572;0
777;6;Siegburg/Bonn;610;612;0
777;7;Köln Messe/Deutz;625;626;0
777;8;Düsseldorf Hbf;646;;0
778;0;München Hbf;;389;1
778;1;Nürnberg Hbf;471;481;1
778;2;Würzburg Hbf;537;541;1
778;3;Aschaffenburg Hbf;580;581;0
778;4;Frankfurt(Main)Hbf;612;619;1
778;5;Frankfurt(M) Flughafen Fernbf;630;632;0
778;6;Siegburg/Bonn;670;672;0
778;7;Köln Messe/Deutz;685;686;0
778;8;Düsseldorf Hbf;706;;0
779;0;München Hbf;;449;1
779;1;Nürnberg Hbf;531;541;1
779;2;Würzburg Hbf;597;601;1
779;3;Aschaffenburg Hbf;640;641;0
779;4;Frankfurt(Main)Hbf;672;679;1
779;5;Frankfurt(M) Flughafen Fernbf;690;692;0
779;6;Siegburg/Bonn;730;732;0
779;7;Köln Messe/Deutz;745;746;0
779;8;Düsseldorf Hbf;766;;0
780;0;München Hbf;;509;1
780;1;Nürnberg Hbf;591;601;1
780;2;Würzburg Hbf;657;661;1
780;3;Aschaffenburg Hbf;700;701;0
780;4;Frankfurt(Main)Hbf;732;739;1
780;5;Frankfurt(M) Flughafen Fernbf;750;752;0
780;6;Siegburg/Bonn;790;792;0
780;7;Köln Messe/Deutz;805;806;0
780;8;Düsseldorf Hbf;826;;0
781;0;München Hbf;;569;1
781;1;Nürnberg Hbf;651;661;1
781;2;Würzburg Hbf;717;721;1
781;3;Aschaffenburg Hbf;760;761;0
781;4;Frankfurt(Main)Hbf;792;799;1
781;5;Frankfurt(M) Flughafen Fernbf;810;812;0
781;6;Siegburg/Bonn;850;852;0
781;7;Köln Messe/Deutz;865;866;0
781;8;Düsseldorf Hbf;886;;0
782;0;München Hbf;;629;1
782;1;Nürnberg Hbf;711;721;1
782;2;Würzburg Hbf;777;781;1
782;3;Aschaffenburg Hbf;820;821;0
782;4;Frankfurt(Main)Hbf;852;859;1
782;5;Frankfurt(M) Flughafen Fernbf;870;872;0
782;6;Siegburg/Bonn;910;912;0
782;7;Köln Messe/Deutz;925;926;0
782;8;Düsseldorf Hbf;946;;0
783;0;München Hbf;;689;1
783;1;Nürnberg Hbf;771;781;1
783;2;Würzburg Hbf;837;841;1
783;3;Aschaffenburg Hbf;880;881;0
783;4;Frankfurt(Main)Hbf;912;919;1
783;5;Frankfurt(M) Flughafen Fernbf;930;932;0
783;6;Siegburg/Bonn;970;972;0
783;7;Köln Messe/Deutz;985;986;0
783;8;Düsseldorf Hbf;1006;;0
784;0;München Hbf;;749;1
784;1;Nürnberg Hbf;831;841;1
784;2;Würzburg Hbf;897;901;1
784;3;Aschaffenburg Hbf;940;941;0
784;4;Frankfurt(Main)Hbf;972;979;1
784;5;Frankfurt(M) Flughafen Fernbf;990;992;0
784;6;Siegburg/Bonn;1030;1032;0
784;7;Köln Messe/Deutz;1045;1046;0
784;8;Düsseldorf Hbf;1066;;0
785;0;München Hbf;;809;1
785;1;Nürnberg Hbf;891;901;1
785;2;Würzburg Hbf;957;961;1
785;3;Aschaffenburg Hbf;1000;1001;0
785;4;Frankfurt(Main)Hbf;1032;1039;1
785;5;Frankfurt(M) Flughafen Fernbf;1050;1052;0
785;6;Siegburg/Bonn;1090;1092;0
785;7;Köln Messe/Deutz;1105;1106;0
785;8;Düsseldorf Hbf;1126;;0
786;0;München Hbf;;869;1
786;1;Nürnberg Hbf;951;961;1
786;2;Würzburg Hbf;1017;1021;1
786;3;Aschaffenburg Hbf;1060;1061;0
786;4;Frankfurt(Main)Hbf;1092;1099;1
786;5;Frankfurt(M) Flughafen Fernbf;1110;1112;0
786;6;Siegburg/Bonn;1150;1152;0
786;7;Köln Messe/Deutz;1165;1166;0
786;8;Düsseldorf Hbf;1186;;0
787;0;München Hbf;;929;1
787;1;Nürnberg Hbf;1011;1021;1
787;2;Würzburg Hbf;1077;1081;1
787;3;Aschaffenburg Hbf;1120;1121;0
787;4;Frankfurt(Main)Hbf;1152;1159;1
787;5;Frankfurt(M) Flughafen Fernbf;1170;1172;0
787;6;Siegburg/Bonn;1210;1212;0
787;7;Köln Messe/Deutz;1225;1226;0
787;8;Düsseldorf Hbf;1246;;0
788;0;München Hbf;;989;1
788;1;Nürnberg Hbf;1071;1081;1
788;2;Würzburg Hbf;1137;1141;1
788;3;Aschaffenburg Hbf;1180;1181;0
788;4;Frankfurt(Main)Hbf;1212;1219;1
788;5;Frankfurt(M) Flughafen Fernbf;1230;1232;0
788;6;Siegburg/Bonn;1270;1272;0
788;7;Köln Messe/Deutz;1285;1286;0
788;8;Düsseldorf Hbf;1306;;0
789;0;München Hbf;;1049;1
789;1;Nürnberg Hbf;1131;1141;1
789;2;Würzburg Hbf;1197;1201;1
789;3;Aschaffenburg Hbf;1240;1241;0
789;4;Frankfurt(Main)Hbf;1272;1279;1
789;5;Frankfurt(M) Flughafen Fernbf;1290;1292;0
789;6;Siegburg/Bonn;1330;1332;0
789;7;Köln Messe/Deutz;1345;1346;0
789;8;Düsseldorf Hbf;1366;;0
790;0;München Hbf;;1109;1
790;1;Nürnberg Hbf;1191;1201;1
790;2;Würzburg Hbf;1257;1261;1
790;3;Aschaffenburg Hbf;1300;1301;0
790;4;Frankfurt(Main)Hbf;1332;1339;1
790;5;Frankfurt(M) Flughafen Fernbf;1350;1352;0
790;6;Siegburg/Bonn;1390;1392;0
790;7;Köln Messe/Deutz;1405;1406;0
790;8;Düsseldorf Hbf;1426;;0
791;0;München Hbf;;1169;1
791;1;Nürnberg Hbf;1251;1261;1
791;2;Würzburg Hbf;1317;1321;1
791;3;Aschaffenburg Hbf;1360;1361;0
791;4;Frankfurt(Main)Hbf;1392;1399;1
791;5;Frankfurt(M) Flughafen Fernbf;1410;1412;0
791;6;Siegburg/Bonn;1450;1452;0
791;7;Köln Messe/Deutz;1465;1466;0
791;8;Düsseldorf Hbf;1486;;0
792;0;München Hbf;;1229;1
792;1;Nürnberg Hbf;1311;1321;1
792;2;Würzburg Hbf;1377;1381;1
792;3;Aschaffenburg Hbf;1420;1421;0
792;4;Frankfurt(Main)Hbf;1452;1459;1
792;5;Frankfurt(M) Flughafen Fernbf;1470;1472;0
792;6;Siegburg/Bonn;1510;1512;0
792;7;Köln Messe/Deutz;1525;1526;0
792;8;Düsseldorf Hbf;1546;;0
793;0;München Hbf;;1289;1
793;1;Nürnberg Hbf;1371;1381;1
793;2;Würzburg Hbf;1437;1441;1
793;3;Aschaffenburg Hbf;1480;1481;0
793;4;Frankfurt(Main)Hbf;1512;1519;1
793;5;Frankfurt(M) Flughafen Fernbf;1530;1532;0
793;6;Siegburg/Bonn;1570;1572;0
793;7;Köln Messe/Deutz;1585;1586;0
793;8;Düsseldorf Hbf;1606;;0
794;0;München Hbf;;1349;1
794;1;Nürnberg Hbf;1431;1441;1
794;2;Würzburg Hbf;1497;1501;1
794;3;Aschaffenburg Hbf;1540;1541;0
794;4;Frankfurt(Main)Hbf;1572;1579;1
794;5;Frankfurt(M) Flughafen Fernbf;1590;1592;0
794;6;Siegburg/Bonn;1630;1632;0
794;7;Köln Messe/Deutz;1645;1646;0
794;8;Düsseldorf Hbf;1666;;0
795;0;Düsseldorf Hbf;;339;0
795;1;Köln Messe/Deutz;361;362;0
795;2;Siegburg/Bonn;374;376;0
795;3;Frankfurt(M) Flughafen Fernbf;417;419;0
795;4;Frankfurt(Main)Hbf;429;436;1
795;5;Aschaffenburg Hbf;465;466;0
795;6;Würzburg Hbf;507;511;1
795;7;Nürnberg Hbf;594;598;1
795;8;München Hbf;679;;1
796;0;Düsseldorf Hbf;;399;0
796;1;Köln Messe/Deutz;421;422;0
796;2;Siegburg/Bonn;434;436;0
796;3;Frankfurt(M) Flughafen Fernbf;477;479;0
796;4;Frankfurt(Main)Hbf;489;496;1
796;5;Aschaffenburg Hbf;525;526;0
796;6;Würzburg Hbf;567;571;1
796;7;Nürnberg Hbf;654;658;1
796;8;München Hbf;739;;1
797;0;Düsseldorf Hbf;;459;0
797;1;Köln Messe/Deutz;481;482;0
797;2;Siegburg/Bonn;494;496;0
797;3;Frankfurt(M) Flughafen Fernbf;537;539;0
797;4;Frankfurt(Main)Hbf;549;556;1
797;5;Aschaffenburg Hbf;585;586;0
797;6;Würzburg Hbf;627;631;1
797;7;Nürnberg Hbf;714;718;1
797;8;München Hbf;799;;1
798;0;Düsseldorf Hbf;;519;0
798;1;Köln Messe/Deutz;541;542;0
798;2;Siegburg/Bonn;554;556;0
798;3;Frankfurt(M) Flughafen Fernbf;597;599;0
798;4;Frankfurt(Main)Hbf;609;616;1
798;5;Aschaffenburg Hbf;645;646;0
798;6;Würzburg Hbf;687;691;1
798;7;Nürnberg Hbf;774;778;1
798;8;München Hbf;859;;1
799;0;Düsseldorf Hbf;;579;0
799;1;Köln Messe/Deutz;601;602;0
799;2;Siegburg/Bonn;614;616;0
799;3;Frankfurt(M) Flughafen Fernbf;657;659;0
799;4;Frankfurt(Main)Hbf;669;676;1
799;5;Aschaffenburg Hbf;705;706;0
799;6;Würzburg Hbf;747;751;1
799;7;Nürnberg Hbf;834;838;1
799;8;München Hbf;919;;1
800;0;Düsseldorf Hbf;;639;0
800;1;Köln Messe/Deutz;661;662;0
800;2;Siegburg/Bonn;674;676;0
800;3;Frankfurt(M) Flughafen Fernbf;717;719;0
800;4;Frankfurt(Main)Hbf;729;736;1
800;5;Aschaffenburg Hbf;765;766;0
800;6;Würzburg Hbf;807;811;1
800;7;Nürnberg Hbf;894;898;1
800;8;München Hbf;979;;1
801;0;Düsseldorf Hbf;;699;0
801;1;Köln Messe/Deutz;721;722;0
801;2;Siegburg/Bonn;734;736;0
801;3;Frankfurt(M) Flughafen Fernbf;777;779;0
801;4;Frankfurt(Main)Hbf;789;796;1
801;5;Aschaffenburg Hbf;825;826;0
801;6;Würzburg Hbf;867;871;1
801;7;Nürnberg Hbf;954;958;1
801;8;München Hbf;1039;;1
802;0;Düsseldorf Hbf;;759;0
802;1;Köln Messe/Deutz;781;782;0
802;2;Siegburg/Bonn;794;796;0
802;3;Frankfurt(M) Flughafen Fernbf;837;839;0
802;4;Frankfurt(Main)Hbf;849;856;1
802;5;Aschaffenburg Hbf;885;886;0
802;6;Würzburg Hbf;927;931;1
802;7;Nürnberg Hbf;1014;1018;1
802;8;München Hbf;1099;;1
803;0;Düsseldorf Hbf;;819;0
803;1;Köln Messe/Deutz;841;842;0
803;2;Siegburg/Bonn;854;856;0
803;3;Frankfurt(M) Flughafen Fernbf;897;899;0
803;4;Frankfurt(Main)Hbf;909;916;1
803;5;Aschaffenburg Hbf;945;946;0
803;6;Würzburg Hbf;987;991;1
803;7;Nürnberg Hbf;1074;1078;1
803;8;München Hbf;1159;;1
804;0;Düsseldorf Hbf;;879;0
804;1;Köln Messe/Deutz;901;902;0
804;2;Siegburg/Bonn;914;916;0
804;3;Frankfurt(M) Flughafen Fernbf;957;959;0
804;4;Frankfurt(Main)Hbf;969;976;1
804;5;Aschaffenburg Hbf;1005;1006;0
804;6;Würzburg Hbf;1047;1051;1
804;7;Nürnberg Hbf;1134;1138;1
804;8;München Hbf;1219;;1
805;0;Düsseldorf Hbf;;939;0
805;1;Köln Messe/Deutz;961;962;0
805;2;Siegburg/Bonn;974;976;0
805;3;Frankfurt(M) Flughafen Fernbf;1017;1019;0
805;4;Frankfurt(Main)Hbf;1029;1036;1
805;5;Aschaffenburg Hbf;1065;1066;0
805;6;Würzburg Hbf;1107;1111;1
805;7;Nürnberg Hbf;1194;1198;1
805;8;München Hbf;1279;;1
806;0;Düsseldorf Hbf;;999;0
806;1;Köln Messe/Deutz;1021;1022;0
806;2;Siegburg/Bonn;1034;1036;0
806;3;Frankfurt(M) Flughafen Fernbf;1077;1079;0
806;4;Frankfurt(Main)Hbf;1089;1096;1
806;5;Aschaffenburg Hbf;1125;1126;0
806;6;Würzburg Hbf;1167;1171;1
806;7;Nürnberg Hbf;1254;1258;1
806;8;München Hbf;1339;;1
807;0;Düsseldorf Hbf;;1059;0
807;1;Köln Messe/Deutz;1081;1082;0
807;2;Siegburg/Bonn;1094;1096;0
807;3;Frankfurt(M) Flughafen Fernbf;1137;1139;0
807;4;Frankfurt(Main)Hbf;1149;1156;1
807;5;Aschaffenburg Hbf;1185;1186;0
807;6;Würzburg Hbf;1227;1231;1
807;7;Nürnberg Hbf;1314;1318;1
807;8;München Hbf;1399;;1
808;0;Düsseldorf Hbf;;1119;0
808;1;Köln Messe/Deutz;1141;1142;0
808;2;Siegburg/Bonn;1154;1156;0
808;3;Frankfurt(M) Flughafen Fernbf;1197;1199;0
808;4;Frankfurt(Main)Hbf;1209;1216;1
808;5;Aschaffenburg Hbf;1245;1246;0
808;6;Würzburg Hbf;1287;1291;1
808;7;Nürnberg Hbf;1374;1378;1
808;8;München Hbf;1459;;1
809;0;Düsseldorf Hbf;;1179;0
809;1;Köln Messe/Deutz;1201;1202;0
809;2;Siegburg/Bonn;1214;1216;0
809;3;Frankfurt(M) Flughafen Fernbf;1257;1259;0
809;4;Frankfurt(Main)Hbf;1269;1276;1
809;5;Aschaffenburg Hbf;1305;1306;0
809;6;Würzburg Hbf;1347;1351;1
809;7;Nürnberg Hbf;1434;1438;1
809;8;München Hbf;1519;;1
810;0;Düsseldorf Hbf;;1239;0
810;1;Köln Messe/Deutz;1261;1262;0
810;2;Siegburg/Bonn;1274;1276;0
810;3;Frankfurt(M) Flughafen Fernbf;1317;1319;0
810;4;Frankfurt(Main)Hbf;1329;1336;1
810;5;Aschaffenburg Hbf;1365;1366;0
810;6;Würzburg Hbf;1407;1411;1
810;7;Nürnberg Hbf;1494;1498;1
810;8;München Hbf;1579;;1
811;0;Düsseldorf Hbf;;1299;0
811;1;Köln Messe/Deutz;1321;1322;0
811;2;Siegburg/Bonn;1334;1336;0
811;3;Frankfurt(M) Flughafen Fernbf;1377;1379;0
811;4;Frankfurt(Main)Hbf;1389;1396;1
811;5;Aschaffenburg Hbf;1425;1426;0
811;6;Würzburg Hbf;1467;1471;1
811;7;Nürnberg Hbf;1554;1558;1
811;8;München Hbf;1639;;1
812;0;Düsseldorf Hbf;;1359;0
812;1;Köln Messe/Deutz;1381;1382;0
812;2;Siegburg/Bonn;1394;1396;0
812;3;Frankfurt(M) Flughafen Fernbf;1437;1439;0
812;4;Frankfurt(Main)Hbf;1449;1456;1
812;5;Aschaffenburg Hbf;1485;1486;0
812;6;Würzburg Hbf;1527;1531;1
812;7;Nürnberg Hbf;1614;1618;1
812;8;München Hbf;1699;;1
813;0;Hamburg-Altona;;362;0
813;1;Hamburg Dammtor;368;369;0
813;2;Hamburg Hbf;373;377;1
813;3;Hamburg-Harburg;387;389;0
813;4;Bremen Hbf;433;437;1
813;5;Osnabrück Hbf;492;494;0
813;6;Münster(Westf)Hbf;520;530;1
813;7;Dortmund Hbf;567;573;1
813;8;Hagen Hbf;596;597;0
813;9;Wuppertal Hbf;616;617;0
813;10;Solingen Hbf;631;632;0
813;11;Köln Hbf;654;664;1
813;12;Frankfurt(M) Flughafen Fernbf;732;734;0
813;13;Mannheim Hbf;776;785;1
813;14;Stuttgart Hbf;825;830;1
813;15;Ulm Hbf;894;896;0
813;16;Augsburg Hbf;942;944;0
813;17;München-Pasing;969;970;0
813;18;München Hbf;979;;1
814;0;Hamburg-Altona;;482;0
814;1;Hamburg Dammtor;488;489;0
814;2;Hamburg Hbf;493;497;1
814;3;Hamburg-Harburg;507;509;0
814;4;Bremen Hbf;553;557;1
814;5;Osnabrück Hbf;612;614;0
814;6;Münster(Westf)Hbf;640;650;1
814;7;Dortmund Hbf;687;693;1
814;8;Hagen Hbf;716;717;0
814;9;Wuppertal Hbf;736;737;0
814;10;Solingen Hbf;751;752;0
814;11;Köln Hbf;774;784;1
814;12;Frankfurt(M) Flughafen Fernbf;852;854;0
814;13;Mannheim Hbf;896;905;1
814;14;Stuttgart Hbf;945;950;1
814;15;Ulm Hbf;1014;1016;0
814;16;Augsburg Hbf;1062;1064;0
814;17;München-Pasing;1089;1090;0
814;18;München Hbf;1099;;1
815;0;Hamburg-Altona;;602;0
815;1;Hamburg Dammtor;608;609;0
815;2;Hamburg Hbf;613;617;1
815;3;Hamburg-Harburg;627;629;0
815;4;Bremen Hbf;673;677;1
815;5;Osnabrück Hbf;732;734;0
815;6;Münster(Westf)Hbf;760;770;1
815;7;Dortmund Hbf;807;813;1
815;8;Hagen Hbf;836;837;0
815;9;Wuppertal Hbf;856;857;0
815;10;Solingen Hbf;871;872;0
815;11;Köln Hbf;894;904;1
815;12;Frankfurt(M) Flughafen Fernbf;972;974;0
815;13;Mannheim Hbf;1016;1025;1
815;14;Stuttgart Hbf;1065;1070;1
815;15;Ulm Hbf;1134;1136;0
815;16;Augsburg Hbf;1182;1184;0
815;17;München-Pasing;1209;1210;0
815;18;München Hbf;1219;;1
816;0;Hamburg-Altona;;722;0
816;1;Hamburg Dammtor;728;729;0
816;2;Hamburg Hbf;733;737;1
816;3;Hamburg-Harburg;747;749;0
816;4;Bremen Hbf;793;797;1
816;5;Osnabrück Hbf;852;854;0
816;6;Münster(Westf)Hbf;880;890;1
816;7;Dortmund Hbf;927;933;1
816;8;Hagen Hbf;956;957;0
816;9;Wuppertal Hbf;976;977;0
816;10;Solingen Hbf;991;992;0
816;11;Köln Hbf;1014;1024;1
816;12;Frankfurt(M) Flughafen Fernbf;1092;1094;0
816;13;Mannheim Hbf;1136;1145;1
816;14;Stuttgart Hbf;1185;1190;1
816;15;Ulm Hbf;1254;1256;0
816;16;Augsburg Hbf;1302;1304;0
816;17;München-Pasing;1329;1330;0
816;18;München Hbf;1339;;1
817;0;Hamburg-Altona;;842;0
817;1;Hamburg Dammtor;848;849;0
817;2;Hamburg Hbf;853;857;1
817;3;Hamburg-Harburg;867;869;0
817;4;Bremen Hbf;913;917;1
817;5;Osnabrück Hbf;972;974;0
817;6;Münster(Westf)Hbf;1000;1010;1
817;7;Dortmund Hbf;1047;1053;1
817;8;Hagen Hbf;1076;1077;0
817;9;Wuppertal Hbf;1096;1097;0
817;10;Solingen Hbf;1111;1112;0
817;11;Köln Hbf;1134;1144;1
817;12;Frankfurt(M) Flughafen Fernbf;1212;1214;0
817;13;Mannheim Hbf;1256;1265;1
817;14;Stuttgart Hbf;1305;1310;1
817;15;Ulm Hbf;1374;1376;0
817;16;Augsburg Hbf;1422;1424;0
817;17;München-Pasing;1449;1450;0
817;18;München Hbf;1459;;1
818;0;Hamburg-Altona;;962;0
818;1;Hamburg Dammtor;968;969;0
818;2;Hamburg Hbf;973;977;1
818;3;Hamburg-Harburg;987;989;0
818;4;Bremen Hbf;1033;1037;1
818;5;Osnabrück Hbf;1092;1094;0
818;6;Münster(Westf)Hbf;1120;1130;1
818;7;Dortmund Hbf;1167;1173;1
818;8;Hagen Hbf;1196;1197;0
818;9;Wuppertal Hbf;1216;1217;0
818;10;Solingen Hbf;1231;1232;0
818;11;Köln Hbf;1254;1264;1
818;12;Frankfurt(M) Flughafen Fernbf;1332;1334;0
818;13;Mannheim Hbf;1376;1385;1
818;14;Stuttgart Hbf;1425;1430;1
818;15;Ulm Hbf;1494;1496;0
818;16;Augsburg Hbf;1542;1544;0
818;17;München-Pasing;1569;1570;0
818;18;München Hbf;1579;;1
819;0;Hamburg-Altona;;1082;0
819;1;Hamburg Dammtor;1088;1089;0
819;2;Hamburg Hbf;1093;1097;1
819;3;Hamburg-Harburg;1107;1109;0
819;4;Bremen Hbf;1153;1157;1
819;5;Osnabrück Hbf;1212;1214;0
819;6;Münster(Westf)Hbf;1240;1250;1
819;7;Dortmund Hbf;1287;1293;1
819;8;Hagen Hbf;1316;1317;0
819;9;Wuppertal Hbf;1336;1337;0
819;10;Solingen Hbf;1351;1352;0
819;11;Köln Hbf;1374;1384;1
819;12;Frankfurt(M) Flughafen Fernbf;1452;1454;0
819;13;Mannheim Hbf;1496;1505;1
819;14;Stuttgart Hbf;1545;1550;1
819;15;Ulm Hbf;1614;1616;0
819;16;Augsburg Hbf;1662;1664;0
819;17;München-Pasing;1689;1690;0
819;18;München Hbf;1699;;1
820;0;Hamburg-Altona;;1202;0
820;1;Hamburg Dammtor;1208;1209;0
820;2;Hamburg Hbf;1213;1217;1
820;3;Hamburg-Harburg;1227;1229;0
820;4;Bremen Hbf;1273;1277;1
820;5;Osnabrück Hbf;1332;1334;0
820;6;Münster(Westf)Hbf;1360;1370;1
820;7;Dortmund Hbf;1407;1413;1
820;8;Hagen Hbf;1436;1437;0
820;9;Wuppertal Hbf;1456;1457;0
820;10;Solingen Hbf;1471;1472;0
820;11;Köln Hbf;1494;1504;1
820;12;Frankfurt(M) Flughafen Fernbf;1572;1574;0
820;13;Mannheim Hbf;1616;1625;1
820;14;Stuttgart Hbf;1665;1670;1
820;15;Ulm Hbf;1734;1736;0
820;16;Augsburg Hbf;1782;1784;0
820;17;München-Pasing;1809;1810;0
820;18;München Hbf;1819;;1
821;0;Hamburg-Altona;;1322;0
821;1;Hamburg Dammtor;1328;1329;0
821;2;Hamburg Hbf;1333;1337;1
821;3;Hamburg-Harburg;1347;1349;0
821;4;Bremen Hbf;1393;1397;1
821;5;Osnabrück Hbf;1452;1454;0
821;6;Münster(Westf)Hbf;1480;1490;1
821;7;Dortmund Hbf;1527;1533;1
821;8;Hagen Hbf;1556;1557;0
821;9;Wuppertal Hbf;1576;1577;0
821;10;Solingen Hbf;1591;1592;0
821;11;Köln Hbf;1614;1624;1
821;12;Frankfurt(M) Flughafen Fernbf;1692;1694;0
821;13;Mannheim Hbf;1736;1745;1
821;14;Stuttgart Hbf;1785;1790;1
821;15;Ulm Hbf;1854;1856;0
821;16;Augsburg Hbf;1902;1904;0
821;17;München-Pasing;1929;1930;0
821;18;München Hbf;1939;;1
822;0;München Hbf;;389;1
822;1;München-Pasing;397;398;0
822;2;Augsburg Hbf;421;423;0
822;3;Ulm Hbf;467;469;0
822;4;Stuttgart Hbf;525;530;1
822;5;Mannheim Hbf;568;572;1
822;6;Frankfurt(M) Flughafen Fernbf;614;616;0
822;7;Köln Hbf;684;694;1
822;8;Solingen Hbf;717;718;0
822;9;Wuppertal Hbf;731;732;0
822;10;Hagen Hbf;751;752;0
822;11;Dortmund Hbf;777;783;1
822;12;Münster(Westf)Hbf;820;830;1
822;13;Osnabrück Hbf;857;859;0
822;14;Bremen Hbf;913;917;1
822;15;Hamburg-Harburg;985;987;0
822;16;Hamburg Hbf;1003;1007;1
822;17;Hamburg Dammtor;1010;1011;0
822;18;Hamburg-Altona;1019;;0
823;0;München Hbf;;509;1
823;1;München-Pasing;517;518;0
823;2;Augsburg Hbf;541;543;0
823;3;Ulm Hbf;587;589;0
823;4;Stuttgart Hbf;645;650;1
823;5;Mannheim Hbf;688;692;1
823;6;Frankfurt(M) Flughafen Fernbf;734;736;0
823;7;Köln Hbf;804;814;1
823;8;Solingen Hbf;837;838;0
823;9;Wuppertal Hbf;851;852;0
823;10;Hagen Hbf;871;872;0
823;11;Dortmund Hbf;897;903;1
823;12;Münster(Westf)Hbf;940;950;1
823;13;Osnabrück Hbf;977;979;0
823;14;Bremen Hbf;1033;1037;1
823;15;Hamburg-Harburg;1105;1107;0
823;16;Hamburg Hbf;1123;1127;1
823;17;Hamburg Dammtor;1130;1131;0
823;18;Hamburg-Altona;1139;;0
824;0;München Hbf;;629;1
824;1;München-Pasing;637;638;0
824;2;Augsburg Hbf;661;663;0
824;3;Ulm Hbf;707;709;0
824;4;Stuttgart Hbf;765;770;1
824;5;Mannheim Hbf;808;812;1
824;6;Frankfurt(M) Flughafen Fernbf;854;856;0
824;7;Köln Hbf;924;934;1
824;8;Solingen Hbf;957;958;0
824;9;Wuppertal Hbf;971;972;0
824;10;Hagen Hbf;991;992;0
824;11;Dortmund Hbf;1017;1023;1
824;12;Münster(Westf)Hbf;1060;1070;1
824;13;Osnabrück Hbf;1097;1099;0
824;14;Bremen Hbf;1153;1157;1
824;15;Hamburg-Harburg;1225;1227;0
824;16;Hamburg Hbf;1243;1247;1
824;17;Hamburg Dammtor;1250;1251;0
824;18;Hamburg-Altona;1259;;0
825;0;München Hbf;;749;1
825;1;München-Pasing;757;758;0
825;2;Augsburg Hbf;781;783;0
825;3;Ulm Hbf;827;829;0
825;4;Stuttgart Hbf;885;890;1
825;5;Mannheim Hbf;928;932;1
825;6;Frankfurt(M) Flughafen Fernbf;974;976;0
825;7;Köln Hbf;1044;1054;1
825;8;Solingen Hbf;1077;1078;0
825;9;Wuppertal Hbf;1091;1092;0
825;10;Hagen Hbf;1111;1112;0
825;11;Dortmund Hbf;1137;1143;1
825;12;Münster(Westf)Hbf;1180;1190;1
825;13;Osnabrück Hbf;1217;1219;0
825;14;Bremen Hbf;1273;1277;1
825;15;Hamburg-Harburg;1345;1347;0
825;16;Hamburg Hbf;1363;1367;1
825;17;Hamburg Dammtor;1370;1371;0
825;18;Hamburg-Altona;1379;;0
826;0;München Hbf;;869;1
826;1;München-Pasing;877;878;0
826;2;Augsburg Hbf;901;903;0
826;3;Ulm Hbf;947;949;0
826;4;Stuttgart Hbf;1005;1010;1
826;5;Mannheim Hbf;1048;1052;1
826;6;Frankfurt(M) Flughafen Fernbf;1094;1096;0
826;7;Köln Hbf;1164;1174;1
826;8;Solingen Hbf;1197;1198;0
826;9;Wuppertal Hbf;1211;1212;0
826;10;Hagen Hbf;1231;1232;0
826;11;Dortmund Hbf;1257;1263;1
826;12;Münster(Westf)Hbf;1300;1310;1
826;13;Osnabrück Hbf;1337;1339;0
826;14;Bremen Hbf;1393;1397;1
826;15;Hamburg-Harburg;1465;1467;0
826;16;Hamburg Hbf;1483;1487;1
826;17;Hamburg Dammtor;1490;1491;0
826;18;Hamburg-Altona;1499;;0
827;0;München Hbf;;989;1
827;1;München-Pasing;997;998;0
827;2;Augsburg Hbf;1021;1023;0
827;3;Ulm Hbf;1067;1069;0
827;4;Stuttgart Hbf;1125;1130;1
827;5;Mannheim Hbf;1168;1172;1
827;6;Frankfurt(M) Flughafen Fernbf;1214;1216;0
827;7;Köln Hbf;1284;1294;1
827;8;Solingen Hbf;1317;1318;0
827;9;Wuppertal Hbf;1331;1332;0
827;10;Hagen Hbf;1351;1352;0
827;11;Dortmund Hbf;1377;1383;1
827;12;Münster(Westf)Hbf;1420;1430;1
827;13;Osnabrück Hbf;1457;1459;0
827;14;Bremen Hbf;1513;1517;1
827;15;Hamburg-Harburg;1585;1587;0
827;16;Hamburg Hbf;1603;1607;1
827;17;Hamburg Dammtor;1610;1611;0
827;18;Hamburg-Altona;1619;;0
828;0;München Hbf;;1109;1
828;1;München-Pasing;1117;1118;0
828;2;Augsburg Hbf;1141;1143;0
828;3;Ulm Hbf;1187;1189;0
828;4;Stuttgart Hbf;1245;1250;1
828;5;Mannheim Hbf;1288;1292;1
828;6;Frankfurt(M) Flughafen Fernbf;1334;1336;0
828;7;Köln Hbf;1404;1414;1
828;8;Solingen Hbf;1437;1438;0
828;9;Wuppertal Hbf;1451;1452;0
828;10;Hagen Hbf;1471;1472;0
828;11;Dortmund Hbf;1497;1503;1
828;12;Münster(Westf)Hbf;1540;1550;1
828;13;Osnabrück Hbf;1577;1579;0
828;14;Bremen Hbf;1633;1637;1
828;15;Hamburg-Harburg;1705;1707;0
828;16;Hamburg Hbf;1723;1727;1
828;17;Hamburg Dammtor;1730;1731;0
828;18;Hamburg-Altona;1739;;0
829;0;München Hbf;;1229;1
829;1;München-Pasing;1237;1238;0
829;2;Augsburg Hbf;1261;1263;0
829;3;Ulm Hbf;1307;1309;0
829;4;Stuttgart Hbf;1365;1370;1
829;5;Mannheim Hbf;1408;1412;1
829;6;Frankfurt(M) Flughafen Fernbf;1454;1456;0
829;7;Köln Hbf;1524;1534;1
829;8;Solingen Hbf;1557;1558;0
829;9;Wuppertal Hbf;1571;1572;0
829;10;Hagen Hbf;1591;1592;0
829;11;Dortmund Hbf;1617;1623;1
829;12;Münster(Westf)Hbf;1660;1670;1
829;13;Osnabrück Hbf;1697;1699;0
829;14;Bremen Hbf;1753;1757;1
829;15;Hamburg-Harburg;1825;1827;0
829;16;Hamburg Hbf;1843;1847;1
829;17;Hamburg Dammtor;1850;1851;0
829;18;Hamburg-Altona;1859;;0
830;0;München Hbf;;1349;1
830;1;München-Pasing;1357;1358;0
830;2;Augsburg Hbf;1381;1383;0
830;3;Ulm Hbf;1427;1429;0
830;4;Stuttgart Hbf;1485;1490;1
830;5;Mannheim Hbf;1528;1532;1
830;6;Frankfurt(M) Flughafen Fernbf;1574;1576;0
830;7;Köln Hbf;1644;1654;1
830;8;Solingen Hbf;1677;1678;0
830;9;Wuppertal Hbf;1691;1692;0
830;10;Hagen Hbf;1711;1712;0
830;11;Dortmund Hbf;1737;1743;1
830;12;Münster(Westf)Hbf;1780;1790;1
830;13;Osnabrück Hbf;1817;1819;0
830;14;Bremen Hbf;1873;1877;1
830;15;Hamburg-Harburg;1945;1947;0
830;16;Hamburg Hbf;1963;1967;1
830;17;Hamburg Dammtor;1970;1971;0
830;18;Hamburg-Altona;1979;;0
831;0;Hamburg-Altona;;362;0
831;1;Hamburg Dammtor;368;369;0
831;2;Hamburg Hbf;373;377;1
831;3;Hamburg-Harburg;387;389;0
831;4;Bremen Hbf;433;437;1
831;5;Osnabrück Hbf;492;494;0
831;6;Münster(Westf)Hbf;520;530;1
831;7;Gelsenkirchen Hbf;580;582;0
831;8;Oberhausen Hbf;602;603;0
831;9;Duisburg Hbf;611;617;1
831;10;Düsseldorf Hbf;628;630;0
831;11;Köln Hbf;654;664;1
831;12;Frankfurt(M) Flughafen Fernbf;731;733;0
831;13;Mannheim Hbf;776;782;1
831;14;Karlsruhe Hbf;805;809;1
831;15;Baden-Baden;826;827;0
831;16;Freiburg(Breisgau) Hbf;870;871;0
831;17;Basel Bad Bf;901;902;0
831;18;Basel SBB;909;;0
832;0;Hamburg-Altona;;482;0
832;1;Hamburg Dammtor;488;489;0
832;2;Hamburg Hbf;493;497;1
832;3;Hamburg-Harburg;507;509;0
832;4;Bremen Hbf;553;557;1
832;5;Osnabrück Hbf;612;614;0
832;6;Münster(Westf)Hbf;640;650;1
832;7;Gelsenkirchen Hbf;700;702;0
832;8;Oberhausen Hbf;722;723;0
832;9;Duisburg Hbf;731;737;1
832;10;Düsseldorf Hbf;748;750;0
832;11;Köln Hbf;774;784;1
832;12;Frankfurt(M) Flughafen Fernbf;851;853;0
832;13;Mannheim Hbf;896;902;1
832;14;Karlsruhe Hbf;925;929;1
832;15;Baden-Baden;946;947;0
832;16;Freiburg(Breisgau) Hbf;990;991;0
832;17;Basel Bad Bf;1021;1022;0
832;18;Basel SBB;1029;;0
833;0;Hamburg-Altona;;602;0
833;1;Hamburg Dammtor;608;609;0
833;2;Hamburg Hbf;613;617;1
833;3;Hamburg-Harburg;627;629;0
833;4;Bremen Hbf;673;677;1
833;5;Osnabrück Hbf;732;734;0
833;6;Münster(Westf)Hbf;760;770;1
833;7;Gelsenkirchen Hbf;820;822;0
833;8;Oberhausen Hbf;842;843;0
833;9;Duisburg Hbf;851;857;1
833;10;Düsseldorf Hbf;868;870;0
833;11;Köln Hbf;894;904;1
833;12;Frankfurt(M) Flughafen Fernbf;971;973;0
833;13;Mannheim Hbf;1016;1022;1
833;14;Karlsruhe Hbf;1045;1049;1
833;15;Baden-Baden;1066;1067;0
833;16;Freiburg(Breisgau) Hbf;1110;1111;0
833;17;Basel Bad Bf;1141;1142;0
833;18;Basel SBB;1149;;0
834;0;Hamburg-Altona;;722;0
834;1;Hamburg Dammtor;728;729;0
834;2;Hamburg Hbf;733;737;1
834;3;Hamburg-Harburg;747;749;0
834;4;Bremen Hbf;793;797;1
834;5;Osnabrück Hbf;852;854;0
834;6;Münster(Westf)Hbf;880;890;1
834;7;Gelsenkirchen Hbf;940;942;0
834;8;Oberhausen Hbf;962;963;0
834;9;Duisburg Hbf;971;977;1
834;10;Düsseldorf Hbf;988;990;0
834;11;Köln Hbf;1014;1024;1
834;12;Frankfurt(M) Flughafen Fernbf;1091;1093;0
834;13;Mannheim Hbf;1136;1142;1
834;14;Karlsruhe Hbf;1165;1169;1
834;15;Baden-Baden;1186;1187;0
834;16;Freiburg(Breisgau) Hbf;1230;1231;0
834;17;Basel Bad Bf;1261;1262;0
834;18;Basel SBB;1269;;0
835;0;Hamburg-Altona;;842;0
835;1;Hamburg Dammtor;848;849;0
835;2;Hamburg Hbf;853;857;1
835;3;Hamburg-Harburg;867;869;0
835;4;Bremen Hbf;913;917;1
835;5;Osnabrück Hbf;972;974;0
835;6;Münster(Westf)Hbf;1000;1010;1
835;7;Gelsenkirchen Hbf;1060;1062;0
835;8;Oberhausen Hbf;1082;1083;0
835;9;Duisburg Hbf;1091;1097;1
835;10;Düsseldorf Hbf;1108;1110;0
835;11;Köln Hbf;1134;1144;1
835;12;Frankfurt(M) Flughafen Fernbf;1211;1213;0
835;13;Mannheim Hbf;1256;1262;1
835;14;Karlsruhe Hbf;1285;1289;1
835;15;Baden-Baden;1306;1307;0
835;16;Freiburg(Breisgau) Hbf;1350;1351;0
835;17;Basel Bad Bf;1381;1382;0
835;18;Basel SBB;1389;;0
836;0;Hamburg-Altona;;962;0
836;1;Hamburg Dammtor;968;969;0
836;2;Hamburg Hbf;973;977;1
836;3;Hamburg-Harburg;987;989;0
836;4;Bremen Hbf;1033;1037;1
836;5;Osnabrück Hbf;1092;1094;0
836;6;Münster(Westf)Hbf;1120;1130;1
836;7;Gelsenkirchen Hbf;1180;1182;0
836;8;Oberhausen Hbf;1202;1203;0
836;9;Duisburg Hbf;1211;1217;1
836;10;Düsseldorf Hbf;1228;1230;0
836;11;Köln Hbf;1254;1264;1
836;12;Frankfurt(M) Flughafen Fernbf;1331;1333;0
836;13;Mannheim Hbf;1376;1382;1
836;14;Karlsruhe Hbf;1405;1409;1
836;15;Baden-Baden;1426;1427;0
836;16;Freiburg(Breisgau) Hbf;1470;1471;0
836;17;Basel Bad Bf;1501;1502;0
836;18;Basel SBB;1509;;0
837;0;Hamburg-Altona;;1082;0
837;1;Hamburg Dammtor;1088;1089;0
837;2;Hamburg Hbf;1093;1097;1
837;3;Hamburg-Harburg;1107;1109;0
837;4;Bremen Hbf;1153;1157;1
837;5;Osnabrück Hbf;1212;1214;0
837;6;Münster(Westf)Hbf;1240;1250;1
837;7;Gelsenkirchen Hbf;1300;1302;0
837;8;Oberhausen Hbf;1322;1323;0
837;9;Duisburg Hbf;1331;1337;1
837;10;Düsseldorf Hbf;1348;1350;0
837;11;Köln Hbf;1374;1384;1
837;12;Frankfurt(M) Flughafen Fernbf;1451;1453;0
837;13;Mannheim Hbf;1496;1502;1
837;14;Karlsruhe Hbf;1525;1529;1
837;15;Baden-Baden;1546;1547;0
837;16;Freiburg(Breisgau) Hbf;1590;1591;0
837;17;Basel Bad Bf;1621;1622;0
837;18;Basel SBB;1629;;0
838;0;Hamburg-Altona;;1202;0
838;1;Hamburg Dammtor;1208;1209;0
838;2;Hamburg Hbf;1213;1217;1
838;3;Hamburg-Harburg;1227;1229;0
838;4;Bremen Hbf;1273;1277;1
838;5;Osnabrück Hbf;1332;1334;0
838;6;Münster(Westf)Hbf;1360;1370;1
838;7;Gelsenkirchen Hbf;1420;1422;0
838;8;Oberhausen Hbf;1442;1443;0
838;9;Duisburg Hbf;1451;1457;1
838;10;Düsseldorf Hbf;1468;1470;0
838;11;Köln Hbf;1494;1504;1
838;12;Frankfurt(M) Flughafen Fernbf;1571;1573;0
838;13;Mannheim Hbf;1616;1622;1
838;14;Karlsruhe Hbf;1645;1649;1
838;15;Baden-Baden;1666;1667;0
838;16;Freiburg(Breisgau) Hbf;1710;1711;0
838;17;Basel Bad Bf;1741;1742;0
838;18;Basel SBB;1749;;0
839;0;Hamburg-Altona;;1322;0
839;1;Hamburg Dammtor;1328;1329;0
839;2;Hamburg Hbf;1333;1337;1
839;3;Hamburg-Harburg;1347;1349;0
839;4;Bremen Hbf;1393;1397;1
839;5;Osnabrück Hbf;1452;1454;0
839;6;Münster(Westf)Hbf;1480;1490;1
839;7;Gelsenkirchen Hbf;1540;1542;0
839;8;Oberhausen Hbf;1562;1563;0
839;9;Duisburg Hbf;1571;1577;1
839;10;Düsseldorf Hbf;1588;1590;0
839;11;Köln Hbf;1614;1624;1
839;12;Frankfurt(M) Flughafen Fernbf;1691;1693;0
839;13;Mannheim Hbf;1736;1742;1
839;14;Karlsruhe Hbf;1765;1769;1
839;15;Baden-Baden;1786;1787;0
839;16;Freiburg(Breisgau) Hbf;1830;1831;0
839;17;Basel Bad Bf;1861;1862;0
839;18;Basel SBB;1869;;0
840;0;Basel SBB;;405;0
840;1;Basel Bad Bf;412;413;0
840;2;Freiburg(Breisgau) Hbf;440;441;0
840;3;Baden-Baden;484;485;0
840;4;Karlsruhe Hbf;502;510;1
840;5;Mannheim Hbf;536;542;1
840;6;Frankfurt(M) Flughafen Fernbf;585;587;0
840;7;Köln Hbf;654;664;1
840;8;Düsseldorf Hbf;687;689;0
840;9;Duisburg Hbf;701;707;1
840;10;Oberhausen Hbf;713;714;0
840;11;Gelsenkirchen Hbf;728;730;0
840;12;Münster(Westf)Hbf;790;800;1
840;13;Osnabrück Hbf;827;829;0
840;14;Bremen Hbf;883;887;1
840;15;Hamburg-Harburg;955;957;0
840;16;Hamburg Hbf;973;977;1
840;17;Hamburg Dammtor;980;981;0
840;18;Hamburg-Altona;988;;0
841;0;Basel SBB;;525;0
841;1;Basel Bad Bf;532;533;0
841;2;Freiburg(Breisgau) Hbf;560;561;0
841;3;Baden-Baden;604;605;0
841;4;Karlsruhe Hbf;622;630;1
841;5;Mannheim Hbf;656;662;1
841;6;Frankfurt(M) Flughafen Fernbf;705;707;0
841;7;Köln Hbf;774;784;1
841;8;Düsseldorf Hbf;807;809;0
841;9;Duisburg Hbf;821;827;1
841;10;Oberhausen Hbf;833;834;0
841;11;Gelsenkirchen Hbf;848;850;0
841;12;Münster(Westf)Hbf;910;920;1
841;13;Osnabrück Hbf;947;949;0
841;14;Bremen Hbf;1003;1007;1
841;15;Hamburg-Harburg;1075;1077;0
841;16;Hamburg Hbf;1093;1097;1
841;17;Hamburg Dammtor;1100;1101;0
841;18;Hamburg-Altona;1108;;0
842;0;Basel SBB;;645;0
842;1;Basel Bad Bf;652;653;0
842;2;Freiburg(Breisgau) Hbf;680;681;0
842;3;Baden-Baden;724;725;0
842;4;Karlsruhe Hbf;742;750;1
842;5;Mannheim Hbf;776;782;1
842;6;Frankfurt(M) Flughafen Fernbf;825;827;0
842;7;Köln Hbf;894;904;1
842;8;Düsseldorf Hbf;927;929;0
842;9;Duisburg Hbf;941;947;1
842;10;Oberhausen Hbf;953;954;0
842;11;Gelsenkirchen Hbf;968;970;0
842;12;Münster(Westf)Hbf;1030;1040;1
842;13;Osnabrück Hbf;1067;1069;0
842;14;Bremen Hbf;1123;1127;1
842;15;Hamburg-Harburg;1195;1197;0
842;16;Hamburg Hbf;1213;1217;1
842;17;Hamburg Dammtor;1220;1221;0
842;18;Hamburg-Altona;1228;;0
843;0;Basel SBB;;765;0
843;1;Basel Bad Bf;772;773;0
843;2;Freiburg(Breisgau) Hbf;800;801;0
843;3;Baden-Baden;844;845;0
843;4;Karlsruhe Hbf;862;870;1
843;5;Mannheim Hbf;896;902;1
843;6;Frankfurt(M) Flughafen Fernbf;945;947;0
843;7;Köln Hbf;1014;1024;1
843;8;Düsseldorf Hbf;1047;1049;0
843;9;Duisburg Hbf;1061;1067;1
843;10;Oberhausen Hbf;1073;1074;0
843;11;Gelsenkirchen Hbf;1088;1090;0
843;12;Münster(Westf)Hbf;1150;1160;1
843;13;Osnabrück Hbf;1187;1189;0
843;14;Bremen Hbf;1243;1247;1
843;15;Hamburg-Harburg;1315;1317;0
843;16;Hamburg Hbf;1333;1337;1
843;17;Hamburg Dammtor;1340;1341;0
843;18;Hamburg-Altona;1348;;0
844;0;Basel SBB;;885;0
844;1;Basel Bad Bf;892;893;0
844;2;Freiburg(Breisgau) Hbf;920;921;0
844;3;Baden-Baden;964;965;0
844;4;Karlsruhe Hbf;982;990;1
844;5;Mannheim Hbf;1016;1022;1
844;6;Frankfurt(M) Flughafen Fernbf;1065;1067;0
844;7;Köln Hbf;1134;1144;1
844;8;Düsseldorf Hbf;1167;1169;0
844;9;Duisburg Hbf;1181;1187;1
844;10;Oberhausen Hbf;1193;1194;0
844;11;Gelsenkirchen Hbf;1208;1210;0
844;12;Münster(Westf)Hbf;1270;1280;1
844;13;Osnabrück Hbf;1307;1309;0
844;14;Bremen Hbf;1363;1367;1
844;15;Hamburg-Harburg;1435;1437;0
844;16;Hamburg Hbf;1453;1457;1
844;17;Hamburg Dammtor;1460;1461;0
844;18;Hamburg-Altona;1468;;0
845;0;Basel SBB;;1005;0
845;1;Basel Bad Bf;1012;1013;0
845;2;Freiburg(Breisgau) Hbf;1040;1041;0
845;3;Baden-Baden;1084;1085;0
845;4;Karlsruhe Hbf;1102;1110;1
845;5;Mannheim Hbf;1136;1142;1
845;6;Frankfurt(M) Flughafen Fernbf;1185;1187;0
845;7;Köln Hbf;1254;1264;1
845;8;Düsseldorf Hbf;1287;1289;0
845;9;Duisburg Hbf;1301;1307;1
845;10;Oberhausen Hbf;1313;1314;0
845;11;Gelsenkirchen Hbf;1328;1330;0
845;12;Münster(Westf)Hbf;1390;1400;1
845;13;Osnabrück Hbf;1427;1429;0
845;14;Bremen Hbf;1483;1487;1
845;15;Hamburg-Harburg;1555;1557;0
845;16;Hamburg Hbf;1573;1577;1
845;17;Hamburg Dammtor;1580;1581;0
845;18;Hamburg-Altona;1588;;0
846;0;Basel SBB;;1125;0
846;1;Basel Bad Bf;1132;1133;0
846;2;Freiburg(Breisgau) Hbf;1160;1161;0
846;3;Baden-Baden;1204;1205;0
846;4;Karlsruhe Hbf;1222;1230;1
846;5;Mannheim Hbf;1256;1262;1
846;6;Frankfurt(M) Flughafen Fernbf;1305;1307;0
846;7;Köln Hbf;1374;1384;1
846;8;Düsseldorf Hbf;1407;1409;0
846;9;Duisburg Hbf;1421;1427;1
846;10;Oberhausen Hbf;1433;1434;0
846;11;Gelsenkirchen Hbf;1448;1450;0
846;12;Münster(Westf)Hbf;1510;1520;1
846;13;Osnabrück Hbf;1547;1549;0
846;14;Bremen Hbf;1603;1607;1
846;15;Hamburg-Harburg;1675;1677;0
846;16;Hamburg Hbf;1693;1697;1
846;17;Hamburg Dammtor;1700;1701;0
846;18;Hamburg-Altona;1708;;0
847;0;Basel SBB;;1245;0
847;1;Basel Bad Bf;1252;1253;0
847;2;Freiburg(Breisgau) Hbf;1280;1281;0
847;3;Baden-Baden;1324;1325;0
847;4;Karlsruhe Hbf;1342;1350;1
847;5;Mannheim Hbf;1376;1382;1
847;6;Frankfurt(M) Flughafen Fernbf;1425;1427;0
847;7;Köln Hbf;1494;1504;1
847;8;Düsseldorf Hbf;1527;1529;0
847;9;Duisburg Hbf;1541;1547;1
847;10;Oberhausen Hbf;1553;1554;0
847;11;Gelsenkirchen Hbf;1568;1570;0
847;12;Münster(Westf)Hbf;1630;1640;1
847;13;Osnabrück Hbf;1667;1669;0
847;14;Bremen Hbf;1723;1727;1
847;15;Hamburg-Harburg;1795;1797;0
847;16;Hamburg Hbf;1813;1817;1
847;17;Hamburg Dammtor;1820;1821;0
847;18;Hamburg-Altona;1828;;0
848;0;Basel SBB;;1365;0
848;1;Basel Bad Bf;1372;1373;0
848;2;Freiburg(Breisgau) Hbf;1400;1401;0
848;3;Baden-Baden;1444;1445;0
848;4;Karlsruhe Hbf;1462;1470;1
848;5;Mannheim Hbf;1496;1502;1
848;6;Frankfurt(M) Flughafen Fernbf;1545;1547;0
848;7;Köln Hbf;1614;1624;1
848;8;Düsseldorf Hbf;1647;1649;0
848;9;Duisburg Hbf;1661;1667;1
848;10;Oberhausen Hbf;1673;1674;0
848;11;Gelsenkirchen Hbf;1688;1690;0
848;12;Münster(Westf)Hbf;1750;1760;1
848;13;Osnabrück Hbf;1787;1789;0
848;14;Bremen Hbf;1843;1847;1
848;15;Hamburg-Harburg;1915;1917;0
848;16;Hamburg Hbf;1933;1937;1
848;17;Hamburg Dammtor;1940;1941;0
848;18;Hamburg-Altona;1948;;0
849;0;Köln Hbf;;394;1
849;1;Siegburg/Bonn;410;412;0
849;2;Montabaur;436;437;0
849;3;Limburg Süd;448;449;0
849;4;Wiesbaden Hbf;478;479;0
849;5;Mainz Hbf;492;493;0
849;6;Mannheim Hbf;536;545;1
849;7;Stuttgart Hbf;585;;1
850;0;Köln Hbf;;514;1
850;1;Siegburg/Bonn;530;532;0
850;2;Montabaur;556;557;0
850;3;Limburg Süd;568;569;0
850;4;Wiesbaden Hbf;598;599;0
850;5;Mainz Hbf;612;613;0
850;6;Mannheim Hbf;656;665;1
850;7;Stuttgart Hbf;705;;1
851;0;Köln Hbf;;634;1
851;1;Siegburg/Bonn;650;652;0
851;2;Montabaur;676;677;0
851;3;Limburg Süd;688;689;0
851;4;Wiesbaden Hbf;718;719;0
851;5;Mainz Hbf;732;733;0
851;6;Mannheim Hbf;776;785;1
851;7;Stuttgart Hbf;825;;1
852;0;Köln Hbf;;754;1
852;1;Siegburg/Bonn;770;772;0
852;2;Montabaur;796;797;0
852;3;Limburg Süd;808;809;0
852;4;Wiesbaden Hbf;838;839;0
852;5;Mainz Hbf;852;853;0
852;6;Mannheim Hbf;896;905;1
852;7;Stuttgart Hbf;945;;1
853;0;Köln Hbf;;874;1
853;1;Siegburg/Bonn;890;892;0
853;2;Montabaur;916;917;0
853;3;Limburg Süd;928;929;0
853;4;Wiesbaden Hbf;958;959;0
853;5;Mainz Hbf;972;973;0
853;6;Mannheim Hbf;1016;1025;1
853;7;Stuttgart Hbf;1065;;1
854;0;Köln Hbf;;994;1
854;1;Siegburg/Bonn;1010;1012;0
854;2;Montabaur;1036;1037;0
854;3;Limburg Süd;1048;1049;0
854;4;Wiesbaden Hbf;1078;1079;0
854;5;Mainz Hbf;1092;1093;0
854;6;Mannheim Hbf;1136;1145;1
854;7;Stuttgart Hbf;1185;;1
855;0;Köln Hbf;;1114;1
855;1;Siegburg/Bonn;1130;1132;0
855;2;Montabaur;1156;1157;0
855;3;Limburg Süd;1168;1169;0
855;4;Wiesbaden Hbf;1198;1199;0
855;5;Mainz Hbf;1212;1213;0
855;6;Mannheim Hbf;1256;1265;1
855;7;Stuttgart Hbf;1305;;1
856;0;Köln Hbf;;1234;1
856;1;Siegburg/Bonn;1250;1252;0
856;2;Montabaur;1276;1277;0
856;3;Limburg Süd;1288;1289;0
856;4;Wiesbaden Hbf;1318;1319;0
856;5;Mainz Hbf;1332;1333;0
856;6;Mannheim Hbf;1376;1385;1
856;7;Stuttgart Hbf;1425;;1
857;0;Köln Hbf;;1354;1
857;1;Siegburg/Bonn;1370;1372;0
857;2;Montabaur;1396;1397;0
857;3;Limburg Süd;1408;1409;0
857;4;Wiesbaden Hbf;1438;1439;0
857;5;Mainz Hbf;1452;1453;0
857;6;Mannheim Hbf;1496;1505;1
857;7;Stuttgart Hbf;1545;;1
858;0;Stuttgart Hbf;;380;1
858;1;Mannheim Hbf;418;422;1
858;2;Mainz Hbf;470;471;0
858;3;Wiesbaden Hbf;483;484;0
858;4;Limburg Süd;507;508;0
858;5;Montabaur;520;521;0
858;6;Siegburg/Bonn;545;547;0
858;7;Köln Hbf;564;;1
859;0;Stuttgart Hbf;;500;1
859;1;Mannheim Hbf;538;542;1
859;2;Mainz Hbf;590;591;0
859;3;Wiesbaden Hbf;603;604;0
859;4;Limburg Süd;627;628;0
859;5;Montabaur;640;641;0
859;6;Siegburg/Bonn;665;667;0
859;7;Köln Hbf;684;;1
860;0;Stuttgart Hbf;;620;1
860;1;Mannheim Hbf;658;662;1
860;2;Mainz Hbf;710;711;0
860;3;Wiesbaden Hbf;723;724;0
860;4;Limburg Süd;747;748;0
860;5;Montabaur;760;761;0
860;6;Siegburg/Bonn;785;787;0
860;7;Köln Hbf;804;;1
861;0;Stuttgart Hbf;;740;1
861;1;Mannheim Hbf;778;782;1
861;2;Mainz Hbf;830;831;0
861;3;Wiesbaden Hbf;843;844;0
861;4;Limburg Süd;867;868;0
861;5;Montabaur;880;881;0
861;6;Siegburg/Bonn;905;907;0
861;7;Köln Hbf;924;;1
862;0;Stuttgart Hbf;;860;1
862;1;Mannheim Hbf;898;902;1
862;2;Mainz Hbf;950;951;0
862;3;Wiesbaden Hbf;963;964;0
862;4;Limburg Süd;987;988;0
862;5;Montabaur;1000;1001;0
862;6;Siegburg/Bonn;1025;1027;0
862;7;Köln Hbf;1044;;1
863;0;Stuttgart Hbf;;980;1
863;1;Mannheim Hbf;1018;1022;1
863;2;Mainz Hbf;1070;1071;0
863;3;Wiesbaden Hbf;1083;1084;0
863;4;Limburg Süd;1107;1108;0
863;5;Montabaur;1120;1121;0
863;6;Siegburg/Bonn;1145;1147;0
863;7;Köln Hbf;1164;;1
864;0;Stuttgart Hbf;;1100;1
864;1;Mannheim Hbf;1138;1142;1
864;2;Mainz Hbf;1190;1191;0
864;3;Wiesbaden Hbf;1203;1204;0
864;4;Limburg Süd;1227;1228;0
864;5;Montabaur;1240;1241;0
864;6;Siegburg/Bonn;1265;1267;0
864;7;Köln Hbf;1284;;1
865;0;Stuttgart Hbf;;1220;1
865;1;Mannheim Hbf;1258;1262;1
865;2;Mainz Hbf;1310;1311;0
865;3;Wiesbaden Hbf;1323;1324;0
865;4;Limburg Süd;1347;1348;0
865;5;Montabaur;1360;1361;0
865;6;Siegburg/Bonn;1385;1387;0
865;7;Köln Hbf;1404;;1
866;0;Stuttgart Hbf;;1340;1
866;1;Mannheim Hbf;1378;1382;1
866;2;Mainz Hbf;1430;1431;0
866;3;Wiesbaden Hbf;1443;1444;0
866;4;Limburg Süd;1467;1468;0
866;5;Montabaur;1480;1481;0
866;6;Siegburg/Bonn;1505;1507;0
866;7;Köln Hbf;1524;;1
867;0;Essen Hbf;;416;0
867;1;Duisburg Hbf;428;437;1
867;2;Düsseldorf Hbf;451;453;0
867;3;Köln Messe/Deutz;478;479;0
867;4;Frankfurt(M) Flughafen Fernbf;531;533;0
867;5;Mannheim Hbf;566;575;1
867;6;Vaihingen(Enz);601;602;0
867;7;Esslingen(Neckar);626;627;0
867;8;Ulm Hbf;662;664;0
867;9;Augsburg Hbf;708;710;0
867;10;München Hbf;739;;1
868;0;Essen Hbf;;536;0
868;1;Duisburg Hbf;548;557;1
868;2;Düsseldorf Hbf;571;573;0
868;3;Köln Messe/Deutz;598;599;0
868;4;Frankfurt(M) Flughafen Fernbf;651;653;0
868;5;Mannheim Hbf;686;695;1
868;6;Vaihingen(Enz);721;722;0
868;7;Esslingen(Neckar);746;747;0
868;8;Ulm Hbf;782;784;0
868;9;Augsburg Hbf;828;830;0
868;10;München Hbf;859;;1
869;0;Essen Hbf;;656;0
869;1;Duisburg Hbf;668;677;1
869;2;Düsseldorf Hbf;691;693;0
869;3;Köln Messe/Deutz;718;719;0
869;4;Frankfurt(M) Flughafen Fernbf;771;773;0
869;5;Mannheim Hbf;806;815;1
869;6;Vaihingen(Enz);841;842;0
869;7;Esslingen(Neckar);866;867;0
869;8;Ulm Hbf;902;904;0
869;9;Augsburg Hbf;948;950;0
869;10;München Hbf;979;;1
870;0;Essen Hbf;;776;0
870;1;Duisburg Hbf;788;797;1
870;2;Düsseldorf Hbf;811;813;0
870;3;Köln Messe/Deutz;838;839;0
870;4;Frankfurt(M) Flughafen Fernbf;891;893;0
870;5;Mannheim Hbf;926;935;1
870;6;Vaihingen(Enz);961;962;0
870;7;Esslingen(Neckar);986;987;0
870;8;Ulm Hbf;1022;1024;0
870;9;Augsburg Hbf;1068;1070;0
870;10;München Hbf;1099;;1
871;0;Essen Hbf;;896;0
871;1;Duisburg Hbf;908;917;1
871;2;Düsseldorf Hbf;931;933;0
871;3;Köln Messe/Deutz;958;959;0
871;4;Frankfurt(M) Flughafen Fernbf;1011;1013;0
871;5;Mannheim Hbf;1046;1055;1
871;6;Vaihingen(Enz);1081;1082;0
871;7;Esslingen(Neckar);1106;1107;0
871;8;Ulm Hbf;1142;1144;0
871;9;Augsburg Hbf;1188;1190;0
871;10;München Hbf;1219;;1
872;0;Essen Hbf;;1016;0
872;1;Duisburg Hbf;1028;1037;1
872;2;Düsseldorf Hbf;1051;1053;0
872;3;Köln Messe/Deutz;1078;1079;0
872;4;Frankfurt(M) Flughafen Fernbf;1131;1133;0
872;5;Mannheim Hbf;1166;1175;1
872;6;Vaihingen(Enz);1201;1202;0
872;7;Esslingen(Neckar);1226;1227;0
872;8;Ulm Hbf;1262;1264;0
872;9;Augsburg Hbf;1308;1310;0
872;10;München Hbf;1339;;1
873;0;Essen Hbf;;1136;0
873;1;Duisburg Hbf;1148;1157;1
873;2;Düsseldorf Hbf;1171;1173;0
873;3;Köln Messe/Deutz;1198;1199;0
873;4;Frankfurt(M) Flughafen Fernbf;1251;1253;0
873;5;Mannheim Hbf;1286;1295;1
873;6;Vaihingen(Enz);1321;1322;0
873;7;Esslingen(Neckar);1346;1347;0
873;8;Ulm Hbf;1382;1384;0
873;9;Augsburg Hbf;1428;1430;0
873;10;München Hbf;1459;;1
874;0;Essen Hbf;;1256;0
874;1;Duisburg Hbf;1268;1277;1
874;2;Düsseldorf Hbf;1291;1293;0
874;3;Köln Messe/Deutz;1318;1319;0
874;4;Frankfurt(M) Flughafen Fernbf;1371;1373;0
874;5;Mannheim Hbf;1406;1415;1
874;6;Vaihingen(Enz);1441;1442;0
874;7;Esslingen(Neckar);1466;1467;0
874;8;Ulm Hbf;1502;1504;0
874;9;Augsburg Hbf;1548;1550;0
874;10;München Hbf;1579;;1
875;0;Essen Hbf;;1376;0
875;1;Duisburg Hbf;1388;1397;1
875;2;Düsseldorf Hbf;1411;1413;0
875;3;Köln Messe/Deutz;1438;1439;0
875;4;Frankfurt(M) Flughafen Fernbf;1491;1493;0
875;5;Mannheim Hbf;1526;1535;1
875;6;Vaihingen(Enz);1561;1562;0
875;7;Esslingen(Neckar);1586;1587;0
875;8;Ulm Hbf;1622;1624;0
875;9;Augsburg Hbf;1668;1670;0
875;10;München Hbf;1699;;1
876;0;München Hbf;;389;1
876;1;Augsburg Hbf;417;419;0
876;2;Ulm Hbf;467;469;0
876;3;Esslingen(Neckar);507;508;0
876;4;Vaihingen(Enz);537;538;0
876;5;Mannheim Hbf;568;572;1
876;6;Frankfurt(M) Flughafen Fernbf;606;608;0
876;7;Köln Messe/Deutz;661;662;0
876;8;Düsseldorf Hbf;685;687;0
876;9;Duisburg Hbf;701;708;1
876;10;Essen Hbf;721;;0
877;0;München Hbf;;509;1
877;1;Augsburg Hbf;537;539;0
877;2;Ulm Hbf;587;589;0
877;3;Esslingen(Neckar);627;628;0
877;4;Vaihingen(Enz);657;658;0
877;5;Mannheim Hbf;688;692;1
877;6;Frankfurt(M) Flughafen Fernbf;726;728;0
877;7;Köln Messe/Deutz;781;782;0
877;8;Düsseldorf Hbf;805;807;0
877;9;Duisburg Hbf;821;828;1
877;10;Essen Hbf;841;;0
878;0;München Hbf;;629;1
878;1;Augsburg Hbf;657;659;0
878;2;Ulm Hbf;707;709;0
878;3;Esslingen(Neckar);747;748;0
878;4;Vaihingen(Enz);777;778;0
878;5;Mannheim Hbf;808;812;1
878;6;Frankfurt(M) Flughafen Fernbf;846;848;0
878;7;Köln Messe/Deutz;901;902;0
878;8;Düsseldorf Hbf;925;927;0
878;9;Duisburg Hbf;941;948;1
878;10;Essen Hbf;961;;0
879;0;München Hbf;;749;1
879;1;Augsburg Hbf;777;779;0
879;2;Ulm Hbf;827;829;0
879;3;Esslingen(Neckar);867;868;0
879;4;Vaihingen(Enz);897;898;0
879;5;Mannheim Hbf;928;932;1
879;6;Frankfurt(M) Flughafen Fernbf;966;968;0
879;7;Köln Messe/Deutz;1021;1022;0
879;8;Düsseldorf Hbf;1045;1047;0
879;9;Duisburg Hbf;1061;1068;1
879;10;Essen Hbf;1081;;0
880;0;München Hbf;;869;1
880;1;Augsburg Hbf;897;899;0
880;2;Ulm Hbf;947;949;0
880;3;Esslingen(Neckar);987;988;0
880;4;Vaihingen(Enz);1017;1018;0
880;5;Mannheim Hbf;1048;1052;1
880;6;Frankfurt(M) Flughafen Fernbf;1086;1088;0
880;7;Köln Messe/Deutz;1141;1142;0
880;8;Düsseldorf Hbf;1165;1167;0
880;9;Duisburg Hbf;1181;1188;1
880;10;Essen Hbf;1201;;0
881;0;München Hbf;;989;1
881;1;Augsburg Hbf;1017;1019;0
881;2;Ulm Hbf;1067;1069;0
881;3;Esslingen(Neckar);1107;1108;0
881;4;Vaihingen(Enz);1137;1138;0
881;5;Mannheim Hbf;1168;1172;1
881;6;Frankfurt(M) Flughafen Fernbf;1206;1208;0
881;7;Köln Messe/Deutz;1261;1262;0
881;8;Düsseldorf Hbf;1285;1287;0
881;9;Duisburg Hbf;1301;1308;1
881;10;Essen Hbf;1321;;0
882;0;München Hbf;;1109;1
882;1;Augsburg Hbf;1137;1139;0
882;2;Ulm Hbf;1187;1189;0
882;3;Esslingen(Neckar);1227;1228;0
882;4;Vaihingen(Enz);1257;1258;0
882;5;Mannheim Hbf;1288;1292;1
882;6;Frankfurt(M) Flughafen Fernbf;1326;1328;0
882;7;Köln Messe/Deutz;1381;1382;0
882;8;Düsseldorf Hbf;1405;1407;0
882;9;Duisburg Hbf;1421;1428;1
882;10;Essen Hbf;1441;;0
883;0;München Hbf;;1229;1
883;1;Augsburg Hbf;1257;1259;0
883;2;Ulm Hbf;1307;1309;0
883;3;Esslingen(Neckar);1347;1348;0
883;4;Vaihingen(Enz);1377;1378;0
883;5;Mannheim Hbf;1408;1412;1
883;6;Frankfurt(M) Flughafen Fernbf;1446;1448;0
883;7;Köln Messe/Deutz;1501;1502;0
883;8;Düsseldorf Hbf;1525;1527;0
883;9;Duisburg Hbf;1541;1548;1
883;10;Essen Hbf;1561;;0
884;0;München Hbf;;1349;1
884;1;Augsburg Hbf;1377;1379;0
884;2;Ulm Hbf;1427;1429;0
884;3;Esslingen(Neckar);1467;1468;0
884;4;Vaihingen(Enz);1497;1498;0
884;5;Mannheim Hbf;1528;1532;1
884;6;Frankfurt(M) Flughafen Fernbf;1566;1568;0
884;7;Köln Messe/Deutz;1621;1622;0
884;8;Düsseldorf Hbf;1645;1647;0
884;9;Duisburg Hbf;1661;1668;1
884;10;Essen Hbf;1681;;0
885;0;Köln Hbf;;394;1
885;1;Siegburg/Bonn;410;412;0
885;2;Montabaur;436;437;0
885;3;Limburg Süd;449;450;0
885;4;Frankfurt(M) Flughafen Fernbf;473;475;0
885;5;Frankfurt(Main)Hbf;492;;1
886;0;Köln Hbf;;514;1
886;1;Siegburg/Bonn;530;532;0
886;2;Montabaur;556;557;0
886;3;Limburg Süd;569;570;0
886;4;Frankfurt(M) Flughafen Fernbf;593;595;0
886;5;Frankfurt(Main)Hbf;612;;1
887;0;Köln Hbf;;634;1
887;1;Siegburg/Bonn;650;652;0
887;2;Montabaur;676;677;0
887;3;Limburg Süd;689;690;0
887;4;Frankfurt(M) Flughafen Fernbf;713;715;0
887;5;Frankfurt(Main)Hbf;732;;1
888;0;Köln Hbf;;754;1
888;1;Siegburg/Bonn;770;772;0
888;2;Montabaur;796;797;0
888;3;Limburg Süd;809;810;0
888;4;Frankfurt(M) Flughafen Fernbf;833;835;0
888;5;Frankfurt(Main)Hbf;852;;1
889;0;Köln Hbf;;874;1
889;1;Siegburg/Bonn;890;892;0
889;2;Montabaur;916;917;0
889;3;Limburg Süd;929;930;0
889;4;Frankfurt(M) Flughafen Fernbf;953;955;0
889;5;Frankfurt(Main)Hbf;972;;1
890;0;Köln Hbf;;994;1
890;1;Siegburg/Bonn;1010;1012;0
890;2;Montabaur;1036;1037;0
890;3;Limburg Süd;1049;1050;0
890;4;Frankfurt(M) Flughafen Fernbf;1073;1075;0
890;5;Frankfurt(Main)Hbf;1092;;1
891;0;Köln Hbf;;1114;1
891;1;Siegburg/Bonn;1130;1132;0
891;2;Montabaur;1156;1157;0
891;3;Limburg Süd;1169;1170;0
891;4;Frankfurt(M) Flughafen Fernbf;1193;1195;0
891;5;Frankfurt(Main)Hbf;1212;;1
892;0;Köln Hbf;;1234;1
892;1;Siegburg/Bonn;1250;1252;0
892;2;Montabaur;1276;1277;0
892;3;Limburg Süd;1289;1290;0
892;4;Frankfurt(M) Flughafen Fernbf;1313;1315;0
892;5;Frankfurt(Main)Hbf;1332;;1
893;0;Köln Hbf;;1354;1
893;1;Siegburg/Bonn;1370;1372;0
893;2;Montabaur;1396;1397;0
893;3;Limburg Süd;1409;1410;0
893;4;Frankfurt(M) Flughafen Fernbf;1433;1435;0
893;5;Frankfurt(Main)Hbf;1452;;1
894;0;Frankfurt(Main)Hbf;;376;1
894;1;Frankfurt(M) Flughafen Fernbf;391;393;0
894;2;Limburg Süd;416;417;0
894;3;Montabaur;429;430;0
894;4;Siegburg/Bonn;454;456;0
894;5;Köln Hbf;474;;1
895;0;Frankfurt(Main)Hbf;;496;1
895;1;Frankfurt(M) Flughafen Fernbf;511;513;0
895;2;Limburg Süd;536;537;0
895;3;Montabaur;549;550;0
895;4;Siegburg/Bonn;574;576;0
895;5;Köln Hbf;594;;1
896;0;Frankfurt(Main)Hbf;;616;1
896;1;Frankfurt(M) Flughafen Fernbf;631;633;0
896;2;Limburg Süd;656;657;0
896;3;Montabaur;669;670;0
896;4;Siegburg/Bonn;694;696;0
896;5;Köln Hbf;714;;1
897;0;Frankfurt(Main)Hbf;;736;1
897;1;Frankfurt(M) Flughafen Fernbf;751;753;0
897;2;Limburg Süd;776;777;0
897;3;Montabaur;789;790;0
897;4;Siegburg/Bonn;814;816;0
897;5;Köln Hbf;834;;1
898;0;Frankfurt(Main)Hbf;;856;1
898;1;Frankfurt(M) Flughafen Fernbf;871;873;0
898;2;Limburg Süd;896;897;0
898;3;Montabaur;909;910;0
898;4;Siegburg/Bonn;934;936;0
898;5;Köln Hbf;954;;1
899;0;Frankfurt(Main)Hbf;;976;1
899;1;Frankfurt(M) Flughafen Fernbf;991;993;0
899;2;Limburg Süd;1016;1017;0
899;3;Montabaur;1029;1030;0
899;4;Siegburg/Bonn;1054;1056;0
899;5;Köln Hbf;1074;;1
900;0;Frankfurt(Main)Hbf;;1096;1
900;1;Frankfurt(M) Flughafen Fernbf;1111;1113;0
900;2;Limburg Süd;1136;1137;0
900;3;Montabaur;1149;1150;0
900;4;Siegburg/Bonn;1174;1176;0
900;5;Köln Hbf;1194;;1
901;0;Frankfurt(Main)Hbf;;1216;1
901;1;Frankfurt(M) Flughafen Fernbf;1231;1233;0
901;2;Limburg Süd;1256;1257;0
901;3;Montabaur;1269;1270;0
901;4;Siegburg/Bonn;1294;1296;0
901;5;Köln Hbf;1314;;1
902;0;Frankfurt(Main)Hbf;;1336;1
902;1;Frankfurt(M) Flughafen Fernbf;1351;1353;0
902;2;Limburg Süd;1376;1377;0
902;3;Montabaur;1389;1390;0
902;4;Siegburg/Bonn;1414;1416;0
902;5;Köln Hbf;1434;;1
903;0;Frankfurt(M) Flughafen Fernbf;;418;0
903;1;Frankfurt(Main)Hbf;429;436;1
903;2;Fulda;492;496;1
903;3;Bad Hersfeld;522;523;0
903;4;Eisenach Hbf;551;552;0
903;5;Gotha;566;567;0
903;6;Erfurt Hbf;584;588;1
903;7;Leipzig Hbf;658;662;1
903;8;Dresden-Neustadt;726;727;0
903;9;Dresden Hbf;733;;1
904;0;Frankfurt(M) Flughafen Fernbf;;538;0
904;1;Frankfurt(Main)Hbf;549;556;1
904;2;Fulda;612;616;1
904;3;Bad Hersfeld;642;643;0
904;4;Eisenach Hbf;671;672;0
904;5;Gotha;686;687;0
904;6;Erfurt Hbf;704;708;1
904;7;Leipzig Hbf;778;782;1
904;8;Dresden-Neustadt;846;847;0
904;9;Dresden Hbf;853;;1
905;0;Frankfurt(M) Flughafen Fernbf;;658;0
905;1;Frankfurt(Main)Hbf;669;676;1
905;2;Fulda;732;736;1
905;3;Bad Hersfeld;762;763;0
905;4;Eisenach Hbf;791;792;0
905;5;Gotha;806;807;0
905;6;Erfurt Hbf;824;828;1
905;7;Leipzig Hbf;898;902;1
905;8;Dresden-Neustadt;966;967;0
905;9;Dresden Hbf;973;;1
906;0;Frankfurt(M) Flughafen Fernbf;;778;0
906;1;Frankfurt(Main)Hbf;789;796;1
906;2;Fulda;852;856;1
906;3;Bad Hersfeld;882;883;0
906;4;Eisenach Hbf;911;912;0
906;5;Gotha;926;927;0
906;6;Erfurt Hbf;944;948;1
906;7;Leipzig Hbf;1018;1022;1
906;8;Dresden-Neustadt;1086;1087;0
906;9;Dresden Hbf;1093;;1
907;0;Frankfurt(M) Flughafen Fernbf;;898;0
907;1;Frankfurt(Main)Hbf;909;916;1
907;2;Fulda;972;976;1
907;3;Bad Hersfeld;1002;1003;0
907;4;Eisenach Hbf;1031;1032;0
907;5;Gotha;1046;1047;0
907;6;Erfurt Hbf;1064;1068;1
907;7;Leipzig Hbf;1138;1142;1
907;8;Dresden-Neustadt;1206;1207;0
907;9;Dresden Hbf;1213;;1
908;0;Frankfurt(M) Flughafen Fernbf;;1018;0
908;1;Frankfurt(Main)Hbf;1029;1036;1
908;2;Fulda;1092;1096;1
908;3;Bad Hersfeld;1122;1123;0
908;4;Eisenach Hbf;1151;1152;0
908;5;Gotha;1166;1167;0
908;6;Erfurt Hbf;1184;1188;1
908;7;Leipzig Hbf;1258;1262;1
908;8;Dresden-Neustadt;1326;1327;0
908;9;Dresden Hbf;1333;;1
909;0;Frankfurt(M) Flughafen Fernbf;;1138;0
909;1;Frankfurt(Main)Hbf;1149;1156;1
909;2;Fulda;1212;1216;1
909;3;Bad Hersfeld;1242;1243;0
909;4;Eisenach Hbf;1271;1272;0
909;5;Gotha;1286;1287;0
909;6;Erfurt Hbf;1304;1308;1
909;7;Leipzig Hbf;1378;1382;1
909;8;Dresden-Neustadt;1446;1447;0
909;9;Dresden Hbf;1453;;1
910;0;Frankfurt(M) Flughafen Fernbf;;1258;0
910;1;Frankfurt(Main)Hbf;1269;1276;1
910;2;Fulda;1332;1336;1
910;3;Bad Hersfeld;1362;1363;0
910;4;Eisenach Hbf;1391;1392;0
910;5;Gotha;1406;1407;0
910;6;Erfurt Hbf;1424;1428;1
910;7;Leipzig Hbf;1498;1502;1
910;8;Dresden-Neustadt;1566;1567;0
910;9;Dresden Hbf;1573;;1
911;0;Frankfurt(M) Flughafen Fernbf;;1378;0
911;1;Frankfurt(Main)Hbf;1389;1396;1
911;2;Fulda;1452;1456;1
911;3;Bad Hersfeld;1482;1483;0
911;4;Eisenach Hbf;1511;1512;0
911;5;Gotha;1526;1527;0
911;6;Erfurt Hbf;1544;1548;1
911;7;Leipzig Hbf;1618;1622;1
911;8;Dresden-Neustadt;1686;1687;0
911;9;Dresden Hbf;1693;;1
912;0;Dresden Hbf;;377;1
912;1;Dresden-Neustadt;381;382;0
912;2;Leipzig Hbf;448;452;1
912;3;Erfurt Hbf;494;498;1
912;4;Gotha;513;514;0
912;5;Eisenach Hbf;529;530;0
912;6;Bad Hersfeld;557;558;0
912;7;Fulda;582;586;1
912;8;Frankfurt(Main)Hbf;642;649;1
912;9;Frankfurt(M) Flughafen Fernbf;662;;0
913;0;Dresden Hbf;;497;1
913;1;Dresden-Neustadt;501;502;0
913;2;Leipzig Hbf;568;572;1
913;3;Erfurt Hbf;614;618;1
913;4;Gotha;633;634;0
913;5;Eisenach Hbf;649;650;0
913;6;Bad Hersfeld;677;678;0
913;7;Fulda;702;706;1
913;8;Frankfurt(Main)Hbf;762;769;1
913;9;Frankfurt(M) Flughafen Fernbf;782;;0
914;0;Dresden Hbf;;617;1
914;1;Dresden-Neustadt;621;622;0
914;2;Leipzig Hbf;688;692;1
914;3;Erfurt Hbf;734;738;1
914;4;Gotha;753;754;0
914;5;Eisenach Hbf;769;770;0
914;6;Bad Hersfeld;797;798;0
914;7;Fulda;822;826;1
914;8;Frankfurt(Main)Hbf;882;889;1
914;9;Frankfurt(M) Flughafen Fernbf;902;;0
915;0;Dresden Hbf;;737;1
915;1;Dresden-Neustadt;741;742;0
915;2;Leipzig Hbf;808;812;1
915;3;Erfurt Hbf;854;858;1
915;4;Gotha;873;874;0
915;5;Eisenach Hbf;889;890;0
915;6;Bad Hersfeld;917;918;0
915;7;Fulda;942;946;1
915;8;Frankfurt(Main)Hbf;1002;1009;1
915;9;Frankfurt(M) Flughafen Fernbf;1022;;0
916;0;Dresden Hbf;;857;1
916;1;Dresden-Neustadt;861;862;0
916;2;Leipzig Hbf;928;932;1
916;3;Erfurt Hbf;974;978;1
916;4;Gotha;993;994;0
916;5;Eisenach Hbf;1009;1010;0
916;6;Bad Hersfeld;1037;1038;0
916;7;Fulda;1062;1066;1
916;8;Frankfurt(Main)Hbf;1122;1129;1
916;9;Frankfurt(M) Flughafen Fernbf;1142;;0
917;0;Dresden Hbf;;977;1
917;1;Dresden-Neustadt;981;982;0
917;2;Leipzig Hbf;1048;1052;1
917;3;Erfurt Hbf;1094;1098;1
917;4;Gotha;1113;1114;0
917;5;Eisenach Hbf;1129;1130;0
917;6;Bad Hersfeld;1157;1158;0
917;7;Fulda;1182;1186;1
917;8;Frankfurt(Main)Hbf;1242;1249;1
917;9;Frankfurt(M) Flughafen Fernbf;1262;;0
918;0;Dresden Hbf;;1097;1
918;1;Dresden-Neustadt;1101;1102;0
918;2;Leipzig Hbf;1168;1172;1
918;3;Erfurt Hbf;1214;1218;1
918;4;Gotha;1233;1234;0
918;5;Eisenach Hbf;1249;1250;0
918;6;Bad Hersfeld;1277;1278;0
918;7;Fulda;1302;1306;1
918;8;Frankfurt(Main)Hbf;1362;1369;1
918;9;Frankfurt(M) Flughafen Fernbf;1382;;0
919;0;Dresden Hbf;;1217;1
919;1;Dresden-Neustadt;1221;1222;0
919;2;Leipzig Hbf;1288;1292;1
919;3;Erfurt Hbf;1334;1338;1
919;4;Gotha;1353;1354;0
919;5;Eisenach Hbf;1369;1370;0
919;6;Bad Hersfeld;1397;1398;0
919;7;Fulda;1422;1426;1
919;8;Frankfurt(Main)Hbf;1482;1489;1
919;9;Frankfurt(M) Flughafen Fernbf;1502;;0
920;0;Dresden Hbf;;1337;1
920;1;Dresden-Neustadt;1341;1342;0
920;2;Leipzig Hbf;1408;1412;1
920;3;Erfurt Hbf;1454;1458;1
920;4;Gotha;1473;1474;0
920;5;Eisenach Hbf;1489;1490;0
920;6;Bad Hersfeld;1517;1518;0
920;7;Fulda;1542;1546;1
920;8;Frankfurt(Main)Hbf;1602;1609;1
920;9;Frankfurt(M) Flughafen Fernbf;1622;;0
921;0;Dresden Hbf;;377;1
921;1;Dresden-Neustadt;382;383;0
921;2;Leipzig Hbf;448;452;1
921;3;Erfurt Hbf;494;498;1
921;4;Kassel-Wilhelmshöhe;594;604;1
921;5;Altenbeken;661;662;0
921;6;Paderborn Hbf;674;675;0
921;7;Lippstadt;691;692;0
921;8;Soest;703;704;0
921;9;Dortmund Hbf;747;753;1
921;10;Bochum Hbf;773;774;0
921;11;Essen Hbf;793;794;0
921;12;Duisburg Hbf;818;827;1
921;13;Düsseldorf Hbf;840;;0
922;0;Dresden Hbf;;497;1
922;1;Dresden-Neustadt;502;503;0
922;2;Leipzig Hbf;568;572;1
922;3;Erfurt Hbf;614;618;1
922;4;Kassel-Wilhelmshöhe;714;724;1
922;5;Altenbeken;781;782;0
922;6;Paderborn Hbf;794;795;0
922;7;Lippstadt;811;812;0
922;8;Soest;823;824;0
922;9;Dortmund Hbf;867;873;1
922;10;Bochum Hbf;893;894;0
922;11;Essen Hbf;913;914;0
922;12;Duisburg Hbf;938;947;1
922;13;Düsseldorf Hbf;960;;0
923;0;Dresden Hbf;;617;1
923;1;Dresden-Neustadt;622;623;0
923;2;Leipzig Hbf;688;692;1
923;3;Erfurt Hbf;734;738;1
923;4;Kassel-Wilhelmshöhe;834;844;1
923;5;Altenbeken;901;902;0
923;6;Paderborn Hbf;914;915;0
923;7;Lippstadt;931;932;0
923;8;Soest;943;944;0
923;9;Dortmund Hbf;987;993;1
923;10;Bochum Hbf;1013;1014;0
923;11;Essen Hbf;1033;1034;0
923;12;Duisburg Hbf;1058;1067;1
923;13;Düsseldorf Hbf;1080;;0
924;0;Dresden Hbf;;737;1
924;1;Dresden-Neustadt;742;743;0
924;2;Leipzig Hbf;808;812;1
924;3;Erfurt Hbf;854;858;1
924;4;Kassel-Wilhelmshöhe;954;964;1
924;5;Altenbeken;1021;1022;0
924;6;Paderborn Hbf;1034;1035;0
924;7;Lippstadt;1051;1052;0
924;8;Soest;1063;1064;0
924;9;Dortmund Hbf;1107;1113;1
924;10;Bochum Hbf;1133;1134;0
924;11;Essen Hbf;1153;1154;0
924;12;Duisburg Hbf;1178;1187;1
924;13;Düsseldorf Hbf;1200;;0
925;0;Dresden Hbf;;857;1
925;1;Dresden-Neustadt;862;863;0
925;2;Leipzig Hbf;928;932;1
925;3;Erfurt Hbf;974;978;1
925;4;Kassel-Wilhelmshöhe;1074;1084;1
925;5;Altenbeken;1141;1142;0
925;6;Paderborn Hbf;1154;1155;0
925;7;Lippstadt;1171;1172;0
925;8;Soest;1183;1184;0
925;9;Dortmund Hbf;1227;1233;1
925;10;Bochum Hbf;1253;1254;0
925;11;Essen Hbf;1273;1274;0
925;12;Duisburg Hbf;1298;1307;1
925;13;Düsseldorf Hbf;1320;;0
926;0;Dresden Hbf;;977;1
926;1;Dresden-Neustadt;982;983;0
926;2;Leipzig Hbf;1048;1052;1
926;3;Erfurt Hbf;1094;1098;1
926;4;Kassel-Wilhelmshöhe;1194;1204;1
926;5;Altenbeken;1261;1262;0
926;6;Paderborn Hbf;1274;1275;0
926;7;Lippstadt;1291;1292;0
926;8;Soest;1303;1304;0
926;9;Dortmund Hbf;1347;1353;1
926;10;Bochum Hbf;1373;1374;0
926;11;Essen Hbf;1393;1394;0
926;12;Duisburg Hbf;1418;1427;1
926;13;Düsseldorf Hbf;1440;;0
927;0;Dresden Hbf;;1097;1
927;1;Dresden-Neustadt;1102;1103;0
927;2;Leipzig Hbf;1168;1172;1
927;3;Erfurt Hbf;1214;1218;1
927;4;Kassel-Wilhelmshöhe;1314;1324;1
927;5;Altenbeken;1381;1382;0
927;6;Paderborn Hbf;1394;1395;0
927;7;Lippstadt;1411;1412;0
927;8;Soest;1423;1424;0
927;9;Dortmund Hbf;1467;1473;1
927;10;Bochum Hbf;1493;1494;0
927;11;Essen Hbf;1513;1514;0
927;12;Duisburg Hbf;1538;1547;1
927;13;Düsseldorf Hbf;1560;;0
928;0;Dresden Hbf;;1217;1
928;1;Dresden-Neustadt;1222;1223;0
928;2;Leipzig Hbf;1288;1292;1
928;3;Erfurt Hbf;1334;1338;1
928;4;Kassel-Wilhelmshöhe;1434;1444;1
928;5;Altenbeken;1501;1502;0
928;6;Paderborn Hbf;1514;1515;0
928;7;Lippstadt;1531;1532;0
928;8;Soest;1543;1544;0
928;9;Dortmund Hbf;1587;1593;1
928;10;Bochum Hbf;1613;1614;0
928;11;Essen Hbf;1633;1634;0
928;12;Duisburg Hbf;1658;1667;1
928;13;Düsseldorf Hbf;1680;;0
929;0;Dresden Hbf;;1337;1
929;1;Dresden-Neustadt;1342;1343;0
929;2;Leipzig Hbf;1408;1412;1
929;3;Erfurt Hbf;1454;1458;1
929;4;Kassel-Wilhelmshöhe;1554;1564;1
929;5;Altenbeken;1621;1622;0
929;6;Paderborn Hbf;1634;1635;0
929;7;Lippstadt;1651;1652;0
929;8;Soest;1663;1664;0
929;9;Dortmund Hbf;1707;1713;1
929;10;Bochum Hbf;1733;1734;0
929;11;Essen Hbf;1753;1754;0
929;12;Duisburg Hbf;1778;1787;1
929;13;Düsseldorf Hbf;1800;;0
930;0;Düsseldorf Hbf;;418;0
930;1;Duisburg Hbf;431;438;1
930;2;Essen Hbf;451;452;0
930;3;Bochum Hbf;463;464;0
930;4;Dortmund Hbf;477;483;1
930;5;Soest;519;520;0
930;6;Lippstadt;530;531;0
930;7;Paderborn Hbf;548;549;0
930;8;Altenbeken;563;564;0
930;9;Kassel-Wilhelmshöhe;624;634;1
930;10;Erfurt Hbf;734;738;1
930;11;Leipzig Hbf;808;812;1
930;12;Dresden-Neustadt;905;906;0
930;13;Dresden Hbf;913;;1
931;0;Düsseldorf Hbf;;538;0
931;1;Duisburg Hbf;551;558;1
931;2;Essen Hbf;571;572;0
931;3;Bochum Hbf;583;584;0
931;4;Dortmund Hbf;597;603;1
931;5;Soest;639;640;0
931;6;Lippstadt;650;651;0
931;7;Paderborn Hbf;668;669;0
931;8;Altenbeken;683;684;0
931;9;Kassel-Wilhelmshöhe;744;754;1
931;10;Erfurt Hbf;854;858;1
931;11;Leipzig Hbf;928;932;1
931;12;Dresden-Neustadt;1025;1026;0
931;13;Dresden Hbf;1033;;1
932;0;Düsseldorf Hbf;;658;0
932;1;Duisburg Hbf;671;678;1
932;2;Essen Hbf;691;692;0
932;3;Bochum Hbf;703;704;0
932;4;Dortmund Hbf;717;723;1
932;5;Soest;759;760;0
932;6;Lippstadt;770;771;0
932;7;Paderborn Hbf;788;789;0
932;8;Altenbeken;803;804;0
932;9;Kassel-Wilhelmshöhe;864;874;1
932;10;Erfurt Hbf;974;978;1
932;11;Leipzig Hbf;1048;1052;1
932;12;Dresden-Neustadt;1145;1146;0
932;13;Dresden Hbf;1153;;1
933;0;Düsseldorf Hbf;;778;0
933;1;Duisburg Hbf;791;798;1
933;2;Essen Hbf;811;812;0
933;3;Bochum Hbf;823;824;0
933;4;Dortmund Hbf;837;843;1
933;5;Soest;879;880;0
933;6;Lippstadt;890;891;0
933;7;Paderborn Hbf;908;909;0
933;8;Altenbeken;923;924;0
933;9;Kassel-Wilhelmshöhe;984;994;1
933;10;Erfurt Hbf;1094;1098;1
933;11;Leipzig Hbf;1168;1172;1
933;12;Dresden-Neustadt;1265;1266;0
933;13;Dresden Hbf;1273;;1
934;0;Düsseldorf Hbf;;898;0
934;1;Duisburg Hbf;911;918;1
934;2;Essen Hbf;931;932;0
934;3;Bochum Hbf;943;944;0
934;4;Dortmund Hbf;957;963;1
934;5;Soest;999;1000;0
934;6;Lippstadt;1010;1011;0
934;7;Paderborn Hbf;1028;1029;0
934;8;Altenbeken;1043;1044;0
934;9;Kassel-Wilhelmshöhe;1104;1114;1
934;10;Erfurt Hbf;1214;1218;1
934;11;Leipzig Hbf;1288;1292;1
934;12;Dresden-Neustadt;1385;1386;0
934;13;Dresden Hbf;1393;;1
935;0;Düsseldorf Hbf;;1018;0
935;1;Duisburg Hbf;1031;1038;1
935;2;Essen Hbf;1051;1052;0
935;3;Bochum Hbf;1063;1064;0
935;4;Dortmund Hbf;1077;1083;1
935;5;Soest;1119;1120;0
935;6;Lippstadt;1130;1131;0
935;7;Paderborn Hbf;1148;1149;0
935;8;Altenbeken;1163;1164;0
935;9;Kassel-Wilhelmshöhe;1224;1234;1
935;10;Erfurt Hbf;1334;1338;1
935;11;Leipzig Hbf;1408;1412;1
935;12;Dresden-Neustadt;1505;1506;0
935;13;Dresden Hbf;1513;;1
936;0;Düsseldorf Hbf;;1138;0
936;1;Duisburg Hbf;1151;1158;1
936;2;Essen Hbf;1171;1172;0
936;3;Bochum Hbf;1183;1184;0
936;4;Dortmund Hbf;1197;1203;1
936;5;Soest;1239;1240;0
936;6;Lippstadt;1250;1251;0
936;7;Paderborn Hbf;1268;1269;0
936;8;Altenbeken;1283;1284;0
936;9;Kassel-Wilhelmshöhe;1344;1354;1
936;10;Erfurt Hbf;1454;1458;1
936;11;Leipzig Hbf;1528;1532;1
936;12;Dresden-Neustadt;1625;1626;0
936;13;Dresden Hbf;1633;;1
937;0;Düsseldorf Hbf;;1258;0
937;1;Duisburg Hbf;1271;1278;1
937;2;Essen Hbf;1291;1292;0
937;3;Bochum Hbf;1303;1304;0
937;4;Dortmund Hbf;1317;1323;1
937;5;Soest;1359;1360;0
937;6;Lippstadt;1370;1371;0
937;7;Paderborn Hbf;1388;1389;0
937;8;Altenbeken;1403;1404;0
937;9;Kassel-Wilhelmshöhe;1464;1474;1
937;10;Erfurt Hbf;1574;1578;1
937;11;Leipzig Hbf;1648;1652;1
937;12;Dresden-Neustadt;1745;1746;0
937;13;Dresden Hbf;1753;;1
938;0;Düsseldorf Hbf;;1378;0
938;1;Duisburg Hbf;1391;1398;1
938;2;Essen Hbf;1411;1412;0
938;3;Bochum Hbf;1423;1424;0
938;4;Dortmund Hbf;1437;1443;1
938;5;Soest;1479;1480;0
938;6;Lippstadt;1490;1491;0
938;7;Paderborn Hbf;1508;1509;0
938;8;Altenbeken;1523;1524;0
938;9;Kassel-Wilhelmshöhe;1584;1594;1
938;10;Erfurt Hbf;1694;1698;1
938;11;Leipzig Hbf;1768;1772;1
938;12;Dresden-Neustadt;1865;1866;0
938;13;Dresden Hbf;1873;;1
939;0;Köln Hbf;;394;1
939;1;Bonn Hbf;418;419;0
939;2;Koblenz Hbf;457;458;0
939;3;Mainz Hbf;519;520;0
939;4;Mannheim Hbf;566;575;1
939;5;Heidelberg Hbf;588;589;0
939;6;Vaihingen(Enz);634;635;0
939;7;Stuttgart Hbf;675;;1
940;0;Köln Hbf;;514;1
940;1;Bonn Hbf;538;539;0
940;2;Koblenz Hbf;577;578;0
940;3;Mainz Hbf;639;640;0
940;4;Mannheim Hbf;686;695;1
940;5;Heidelberg Hbf;708;709;0
940;6;Vaihingen(Enz);754;755;0
940;7;Stuttgart Hbf;795;;1
941;0;Köln Hbf;;634;1
941;1;Bonn Hbf;658;659;0
941;2;Koblenz Hbf;697;698;0
941;3;Mainz Hbf;759;760;0
941;4;Mannheim Hbf;806;815;1
941;5;Heidelberg Hbf;828;829;0
941;6;Vaihingen(Enz);874;875;0
941;7;Stuttgart Hbf;915;;1
942;0;Köln Hbf;;754;1
942;1;Bonn Hbf;778;779;0
942;2;Koblenz Hbf;817;818;0
942;3;Mainz Hbf;879;880;0
942;4;Mannheim Hbf;926;935;1
942;5;Heidelberg Hbf;948;949;0
942;6;Vaihingen(Enz);994;995;0
942;7;Stuttgart Hbf;1035;;1
943;0;Köln Hbf;;874;1
943;1;Bonn Hbf;898;899;0
943;2;Koblenz Hbf;937;938;0
943;3;Mainz Hbf;999;1000;0
943;4;Mannheim Hbf;1046;1055;1
943;5;Heidelberg Hbf;1068;1069;0
943;6;Vaihingen(Enz);1114;1115;0
943;7;Stuttgart Hbf;1155;;1
944;0;Köln Hbf;;994;1
944;1;Bonn Hbf;1018;1019;0
944;2;Koblenz Hbf;1057;1058;0
944;3;Mainz Hbf;1119;1120;0
944;4;Mannheim Hbf;1166;1175;1
944;5;Heidelberg Hbf;1188;1189;0
944;6;Vaihingen(Enz);1234;1235;0
944;7;Stuttgart Hbf;1275;;1
945;0;Köln Hbf;;1114;1
945;1;Bonn Hbf;1138;1139;0
945;2;Koblenz Hbf;1177;1178;0
945;3;Mainz Hbf;1239;1240;0
945;4;Mannheim Hbf;1286;1295;1
945;5;Heidelberg Hbf;1308;1309;0
945;6;Vaihingen(Enz);1354;1355;0
945;7;Stuttgart Hbf;1395;;1
946;0;Köln Hbf;;1234;1
946;1;Bonn Hbf;1258;1259;0
946;2;Koblenz Hbf;1297;1298;0
946;3;Mainz Hbf;1359;1360;0
946;4;Mannheim Hbf;1406;1415;1
946;5;Heidelberg Hbf;1428;1429;0
946;6;Vaihingen(Enz);1474;1475;0
946;7;Stuttgart Hbf;1515;;1
947;0;Köln Hbf;;1354;1
947;1;Bonn Hbf;1378;1379;0
947;2;Koblenz Hbf;1417;1418;0
947;3;Mainz Hbf;1479;1480;0
947;4;Mannheim Hbf;1526;1535;1
947;5;Heidelberg Hbf;1548;1549;0
947;6;Vaihingen(Enz);1594;1595;0
947;7;Stuttgart Hbf;1635;;1
948;0;Stuttgart Hbf;;380;1
948;1;Vaihingen(Enz);416;417;0
948;2;Heidelberg Hbf;464;465;0
948;3;Mannheim Hbf;478;482;1
948;4;Mainz Hbf;528;529;0
948;5;Koblenz Hbf;589;590;0
948;6;Bonn Hbf;627;628;0
948;7;Köln Hbf;654;;1
949;0;Stuttgart Hbf;;500;1
949;1;Vaihingen(Enz);536;537;0
949;2;Heidelberg Hbf;584;585;0
949;3;Mannheim Hbf;598;602;1
949;4;Mainz Hbf;648;649;0
949;5;Koblenz Hbf;709;710;0
949;6;Bonn Hbf;747;748;0
949;7;Köln Hbf;774;;1
950;0;Stuttgart Hbf;;620;1
950;1;Vaihingen(Enz);656;657;0
950;2;Heidelberg Hbf;704;705;0
950;3;Mannheim Hbf;718;722;1
950;4;Mainz Hbf;768;769;0
950;5;Koblenz Hbf;829;830;0
950;6;Bonn Hbf;867;868;0
950;7;Köln Hbf;894;;1
951;0;Stuttgart Hbf;;740;1
951;1;Vaihingen(Enz);776;777;0
951;2;Heidelberg Hbf;824;825;0
951;3;Mannheim Hbf;838;842;1
951;4;Mainz Hbf;888;889;0
951;5;Koblenz Hbf;949;950;0
951;6;Bonn Hbf;987;988;0
951;7;Köln Hbf;1014;;1
952;0;Stuttgart Hbf;;860;1
952;1;Vaihingen(Enz);896;897;0
952;2;Heidelberg Hbf;944;945;0
952;3;Mannheim Hbf;958;962;1
952;4;Mainz Hbf;1008;1009;0
952;5;Koblenz Hbf;1069;1070;0
952;6;Bonn Hbf;1107;1108;0
952;7;Köln Hbf;1134;;1
953;0;Stuttgart Hbf;;980;1
953;1;Vaihingen(Enz);1016;1017;0
953;2;Heidelberg Hbf;1064;1065;0
953;3;Mannheim Hbf;1078;1082;1
953;4;Mainz Hbf;1128;1129;0
953;5;Koblenz Hbf;1189;1190;0
953;6;Bonn Hbf;1227;1228;0
953;7;Köln Hbf;1254;;1
954;0;Stuttgart Hbf;;1100;1
954;1;Vaihingen(Enz);1136;1137;0
954;2;Heidelberg Hbf;1184;1185;0
954;3;Mannheim Hbf;1198;1202;1
954;4;Mainz Hbf;1248;1249;0
954;5;Koblenz Hbf;1309;1310;0
954;6;Bonn Hbf;1347;1348;0
954;7;Köln Hbf;1374;;1
955;0;Stuttgart Hbf;;1220;1
955;1;Vaihingen(Enz);1256;1257;0
955;2;Heidelberg Hbf;1304;1305;0
955;3;Mannheim Hbf;1318;1322;1
955;4;Mainz Hbf;1368;1369;0
955;5;Koblenz Hbf;1429;1430;0
955;6;Bonn Hbf;1467;1468;0
955;7;Köln Hbf;1494;;1
956;0;Stuttgart Hbf;;1340;1
956;1;Vaihingen(Enz);1376;1377;0
956;2;Heidelberg Hbf;1424;1425;0
956;3;Mannheim Hbf;1438;1442;1
956;4;Mainz Hbf;1488;1489;0
956;5;Koblenz Hbf;1549;1550;0
956;6;Bonn Hbf;1587;1588;0
956;7;Köln Hbf;1614;;1
957;0;Stuttgart Hbf;;380;1
957;1;Nürnberg Hbf;534;538;1
957;2;Berlin Südkreuz;707;709;0
957;3;Berlin Hbf;715;722;1
957;4;Berlin Gesundbrunnen;726;;0
958;0;Stuttgart Hbf;;500;1
958;1;Nürnberg Hbf;654;658;1
958;2;Berlin Südkreuz;827;829;0
958;3;Berlin Hbf;835;842;1
958;4;Berlin Gesundbrunnen;846;;0
959;0;Stuttgart Hbf;;620;1
959;1;Nürnberg Hbf;774;778;1
959;2;Berlin Südkreuz;947;949;0
959;3;Berlin Hbf;955;962;1
959;4;Berlin Gesundbrunnen;966;;0
960;0;Stuttgart Hbf;;740;1
960;1;Nürnberg Hbf;894;898;1
960;2;Berlin Südkreuz;1067;1069;0
960;3;Berlin Hbf;1075;1082;1
960;4;Berlin Gesundbrunnen;1086;;0
961;0;Stuttgart Hbf;;860;1
961;1;Nürnberg Hbf;1014;1018;1
961;2;Berlin Südkreuz;1187;1189;0
961;3;Berlin Hbf;1195;1202;1
961;4;Berlin Gesundbrunnen;1206;;0
962;0;Stuttgart Hbf;;980;1
962;1;Nürnberg Hbf;1134;1138;1
962;2;Berlin Südkreuz;1307;1309;0
962;3;Berlin Hbf;1315;1322;1
962;4;Berlin Gesundbrunnen;1326;;0
963;0;Stuttgart Hbf;;1100;1
963;1;Nürnberg Hbf;1254;1258;1
963;2;Berlin Südkreuz;1427;1429;0
963;3;Berlin Hbf;1435;1442;1
963;4;Berlin Gesundbrunnen;1446;;0
964;0;Stuttgart Hbf;;1220;1
964;1;Nürnberg Hbf;1374;1378;1
964;2;Berlin Südkreuz;1547;1549;0
964;3;Berlin Hbf;1555;1562;1
964;4;Berlin Gesundbrunnen;1566;;0
965;0;Stuttgart Hbf;;1340;1
965;1;Nürnberg Hbf;1494;1498;1
965;2;Berlin Südkreuz;1667;1669;0
965;3;Berlin Hbf;1675;1682;1
965;4;Berlin Gesundbrunnen;1686;;0
966;0;Berlin Gesundbrunnen;;412;0
966;1;Berlin Hbf;418;425;1
966;2;Berlin Südkreuz;430;432;0
966;3;Nürnberg Hbf;591;601;1
966;4;Stuttgart Hbf;735;;1
967;0;Berlin Gesundbrunnen;;532;0
967;1;Berlin Hbf;538;545;1
967;2;Berlin Südkreuz;550;552;0
967;3;Nürnberg Hbf;711;721;1
967;4;Stuttgart Hbf;855;;1
968;0;Berlin Gesundbrunnen;;652;0
968;1;Berlin Hbf;658;665;1
968;2;Berlin Südkreuz;670;672;0
968;3;Nürnberg Hbf;831;841;1
968;4;Stuttgart Hbf;975;;1
969;0;Berlin Gesundbrunnen;;772;0
969;1;Berlin Hbf;778;785;1
969;2;Berlin Südkreuz;790;792;0
969;3;Nürnberg Hbf;951;961;1
969;4;Stuttgart Hbf;1095;;1
970;0;Berlin Gesundbrunnen;;892;0
970;1;Berlin Hbf;898;905;1
970;2;Berlin Südkreuz;910;912;0
970;3;Nürnberg Hbf;1071;1081;1
970;4;Stuttgart Hbf;1215;;1
971;0;Berlin Gesundbrunnen;;1012;0
971;1;Berlin Hbf;1018;1025;1
971;2;Berlin Südkreuz;1030;1032;0
971;3;Nürnberg Hbf;1191;1201;1
971;4;Stuttgart Hbf;1335;;1
972;0;Berlin Gesundbrunnen;;1132;0
972;1;Berlin Hbf;1138;1145;1
972;2;Berlin Südkreuz;1150;1152;0
972;3;Nürnberg Hbf;1311;1321;1
972;4;Stuttgart Hbf;1455;;1
973;0;Berlin Gesundbrunnen;;1252;0
973;1;Berlin Hbf;1258;1265;1
973;2;Berlin Südkreuz;1270;1272;0
973;3;Nürnberg Hbf;1431;1441;1
973;4;Stuttgart Hbf;1575;;1
974;0;Berlin Gesundbrunnen;;1372;0
974;1;Berlin Hbf;1378;1385;1
974;2;Berlin Südkreuz;1390;1392;0
974;3;Nürnberg Hbf;1551;1561;1
974;4;Stuttgart Hbf;1695;;1
975;0;Karlsruhe Hbf;;390;1
975;1;Bruchsal;403;404;0
975;2;Stuttgart Hbf;435;440;1
975;3;Ulm Hbf;495;497;0
975;4;Augsburg Hbf;550;552;0
975;5;München-Pasing;579;580;0
975;6;München Hbf;589;;1
976;0;Karlsruhe Hbf;;510;1
976;1;Bruchsal;523;524;0
976;2;Stuttgart Hbf;555;560;1
976;3;Ulm Hbf;615;617;0
976;4;Augsburg Hbf;670;672;0
976;5;München-Pasing;699;700;0
976;6;München Hbf;709;;1
977;0;Karlsruhe Hbf;;630;1
977;1;Bruchsal;643;644;0
977;2;Stuttgart Hbf;675;680;1
977;3;Ulm Hbf;735;737;0
977;4;Augsburg Hbf;790;792;0
977;5;München-Pasing;819;820;0
977;6;München Hbf;829;;1
978;0;Karlsruhe Hbf;;750;1
978;1;Bruchsal;763;764;0
978;2;Stuttgart Hbf;795;800;1
978;3;Ulm Hbf;855;857;0
978;4;Augsburg Hbf;910;912;0
978;5;München-Pasing;939;940;0
978;6;München Hbf;949;;1
979;0;Karlsruhe Hbf;;870;1
979;1;Bruchsal;883;884;0
979;2;Stuttgart Hbf;915;920;1
979;3;Ulm Hbf;975;977;0
979;4;Augsburg Hbf;1030;1032;0
979;5;München-Pasing;1059;1060;0
979;6;München Hbf;1069;;1
980;0;Karlsruhe Hbf;;990;1
980;1;Bruchsal;1003;1004;0
980;2;Stuttgart Hbf;1035;1040;1
980;3;Ulm Hbf;1095;1097;0
980;4;Augsburg Hbf;1150;1152;0
980;5;München-Pasing;1179;1180;0
980;6;München Hbf;1189;;1
981;0;Karlsruhe Hbf;;1110;1
981;1;Bruchsal;1123;1124;0
981;2;Stuttgart Hbf;1155;1160;1
981;3;Ulm Hbf;1215;1217;0
981;4;Augsburg Hbf;1270;1272;0
981;5;München-Pasing;1299;1300;0
981;6;München Hbf;1309;;1
982;0;Karlsruhe Hbf;;1230;1
982;1;Bruchsal;1243;1244;0
982;2;Stuttgart Hbf;1275;1280;1
982;3;Ulm Hbf;1335;1337;0
982;4;Augsburg Hbf;1390;1392;0
982;5;München-Pasing;1419;1420;0
982;6;München Hbf;1429;;1
983;0;Karlsruhe Hbf;;1350;1
983;1;Bruchsal;1363;1364;0
983;2;Stuttgart Hbf;1395;1400;1
983;3;Ulm Hbf;1455;1457;0
983;4;Augsburg Hbf;1510;1512;0
983;5;München-Pasing;1539;1540;0
983;6;München Hbf;1549;;1
984;0;München Hbf;;389;1
984;1;München-Pasing;399;400;0
984;2;Augsburg Hbf;425;427;0
984;3;Ulm Hbf;475;477;0
984;4;Stuttgart Hbf;525;530;1
984;5;Bruchsal;573;574;0
984;6;Karlsruhe Hbf;595;;1
985;0;München Hbf;;509;1
985;1;München-Pasing;519;520;0
985;2;Augsburg Hbf;545;547;0
985;3;Ulm Hbf;595;597;0
985;4;Stuttgart Hbf;645;650;1
985;5;Bruchsal;693;694;0
985;6;Karlsruhe Hbf;715;;1
986;0;München Hbf;;629;1
986;1;München-Pasing;639;640;0
986;2;Augsburg Hbf;665;667;0
986;3;Ulm Hbf;715;717;0
986;4;Stuttgart Hbf;765;770;1
986;5;Bruchsal;813;814;0
986;6;Karlsruhe Hbf;835;;1
987;0;München Hbf;;749;1
987;1;München-Pasing;759;760;0
987;2;Augsburg Hbf;785;787;0
987;3;Ulm Hbf;835;837;0
987;4;Stuttgart Hbf;885;890;1
987;5;Bruchsal;933;934;0
987;6;Karlsruhe Hbf;955;;1
988;0;München Hbf;;869;1
988;1;München-Pasing;879;880;0
988;2;Augsburg Hbf;905;907;0
988;3;Ulm Hbf;955;957;0
988;4;Stuttgart Hbf;1005;1010;1
988;5;Bruchsal;1053;1054;0
988;6;Karlsruhe Hbf;1075;;1
989;0;München Hbf;;989;1
989;1;München-Pasing;999;1000;0
989;2;Augsburg Hbf;1025;1027;0
989;3;Ulm Hbf;1075;1077;0
989;4;Stuttgart Hbf;1125;1130;1
989;5;Bruchsal;1173;1174;0
989;6;Karlsruhe Hbf;1195;;1
990;0;München Hbf;;1109;1
990;1;München-Pasing;1119;1120;0
990;2;Augsburg Hbf;1145;1147;0
990;3;Ulm Hbf;1195;1197;0
990;4;Stuttgart Hbf;1245;1250;1
990;5;Bruchsal;1293;1294;0
990;6;Karlsruhe Hbf;1315;;1
991;0;München Hbf;;1229;1
991;1;München-Pasing;1239;1240;0
991;2;Augsburg Hbf;1265;1267;0
991;3;Ulm Hbf;1315;1317;0
991;4;Stuttgart Hbf;1365;1370;1
991;5;Bruchsal;1413;1414;0
991;6;Karlsruhe Hbf;1435;;1
992;0;München Hbf;;1349;1
992;1;München-Pasing;1359;1360;0
992;2;Augsburg Hbf;1385;1387;0
992;3;Ulm Hbf;1435;1437;0
992;4;Stuttgart Hbf;1485;1490;1
992;5;Bruchsal;1533;1534;0
992;6;Karlsruhe Hbf;1555;;1
993;0;Frankfurt(Main)Hbf;;376;1
993;1;Darmstadt Hbf;397;398;0
993;2;Bensheim;414;415;0
993;3;Weinheim(Bergstr)Hbf;427;428;0
993;4;Heidelberg Hbf;445;446;0
993;5;Stuttgart Hbf;495;;1
994;0;Frankfurt(Main)Hbf;;496;1
994;1;Darmstadt Hbf;517;518;0
994;2;Bensheim;534;535;0
994;3;Weinheim(Bergstr)Hbf;547;548;0
994;4;Heidelberg Hbf;565;566;0
994;5;Stuttgart Hbf;615;;1
995;0;Frankfurt(Main)Hbf;;616;1
995;1;Darmstadt Hbf;637;638;0
995;2;Bensheim;654;655;0
995;3;Weinheim(Bergstr)Hbf;667;668;0
995;4;Heidelberg Hbf;685;686;0
995;5;Stuttgart Hbf;735;;1
996;0;Frankfurt(Main)Hbf;;736;1
996;1;Darmstadt Hbf;757;758;0
996;2;Bensheim;774;775;0
996;3;Weinheim(Bergstr)Hbf;787;788;0
996;4;Heidelberg Hbf;805;806;0
996;5;Stuttgart Hbf;855;;1
997;0;Frankfurt(Main)Hbf;;856;1
997;1;Darmstadt Hbf;877;878;0
997;2;Bensheim;894;895;0
997;3;Weinheim(Bergstr)Hbf;907;908;0
997;4;Heidelberg Hbf;925;926;0
997;5;Stuttgart Hbf;975;;1
998;0;Frankfurt(Main)Hbf;;976;1
998;1;Darmstadt Hbf;997;998;0
998;2;Bensheim;1014;1015;0
998;3;Weinheim(Bergstr)Hbf;1027;1028;0
998;4;Heidelberg Hbf;1045;1046;0
998;5;Stuttgart Hbf;1095;;1
999;0;Frankfurt(Main)Hbf;;1096;1
999;1;Darmstadt Hbf;1117;1118;0
999;2;Bensheim;1134;1135;0
999;3;Weinheim(Bergstr)Hbf;1147;1148;0
999;4;Heidelberg Hbf;1165;1166;0
999;5;Stuttgart Hbf;1215;;1
1000;0;Frankfurt(Main)Hbf;;1216;1
1000;1;Darmstadt Hbf;1237;1238;0
1000;2;Bensheim;1254;1255;0
1000;3;Weinheim(Bergstr)Hbf;1267;1268;0
1000;4;Heidelberg Hbf;1285;1286;0
1000;5;Stuttgart Hbf;1335;;1
1001;0;Frankfurt(Main)Hbf;;1336;1
1001;1;Darmstadt Hbf;1357;1358;0
1001;2;Bensheim;1374;1375;0
1001;3;Weinheim(Bergstr)Hbf;1387;1388;0
1001;4;Heidelberg Hbf;1405;1406;0
1001;5;Stuttgart Hbf;1455;;1
1002;0;Stuttgart Hbf;;380;1
1002;1;Heidelberg Hbf;426;427;0
1002;2;Weinheim(Bergstr)Hbf;444;445;0
1002;3;Bensheim;456;457;0
1002;4;Darmstadt Hbf;471;472;0
1002;5;Frankfurt(Main)Hbf;492;;1
1003;0;Stuttgart Hbf;;500;1
1003;1;Heidelberg Hbf;546;547;0
1003;2;Weinheim(Bergstr)Hbf;564;565;0
1003;3;Bensheim;576;577;0
1003;4;Darmstadt Hbf;591;592;0
1003;5;Frankfurt(Main)Hbf;612;;1
1004;0;Stuttgart Hbf;;620;1
1004;1;Heidelberg Hbf;666;667;0
1004;2;Weinheim(Bergstr)Hbf;684;685;0
1004;3;Bensheim;696;697;0
1004;4;Darmstadt Hbf;711;712;0
1004;5;Frankfurt(Main)Hbf;732;;1
1005;0;Stuttgart Hbf;;740;1
1005;1;Heidelberg Hbf;786;787;0
1005;2;Weinheim(Bergstr)Hbf;804;805;0
1005;3;Bensheim;816;817;0
1005;4;Darmstadt Hbf;831;832;0
1005;5;Frankfurt(Main)Hbf;852;;1
1006;0;Stuttgart Hbf;;860;1
1006;1;Heidelberg Hbf;906;907;0
1006;2;Weinheim(Bergstr)Hbf;924;925;0
1006;3;Bensheim;936;937;0
1006;4;Darmstadt Hbf;951;952;0
1006;5;Frankfurt(Main)Hbf;972;;1
1007;0;Stuttgart Hbf;;980;1
1007;1;Heidelberg Hbf;1026;1027;0
1007;2;Weinheim(Bergstr)Hbf;1044;1045;0
1007;3;Bensheim;1056;1057;0
1007;4;Darmstadt Hbf;1071;1072;0
1007;5;Frankfurt(Main)Hbf;1092;;1
1008;0;Stuttgart Hbf;;1100;1
1008;1;Heidelberg Hbf;1146;1147;0
1008;2;Weinheim(Bergstr)Hbf;1164;1165;0
1008;3;Bensheim;1176;1177;0
1008;4;Darmstadt Hbf;1191;1192;0
1008;5;Frankfurt(Main)Hbf;1212;;1
1009;0;Stuttgart Hbf;;1220;1
1009;1;Heidelberg Hbf;1266;1267;0
1009;2;Weinheim(Bergstr)Hbf;1284;1285;0
1009;3;Bensheim;1296;1297;0
1009;4;Darmstadt Hbf;1311;1312;0
1009;5;Frankfurt(Main)Hbf;1332;;1
1010;0;Stuttgart Hbf;;1340;1
1010;1;Heidelberg Hbf;1386;1387;0
1010;2;Weinheim(Bergstr)Hbf;1404;1405;0
1010;3;Bensheim;1416;1417;0
1010;4;Darmstadt Hbf;1431;1432;0
1010;5;Frankfurt(Main)Hbf;1452;;1
1011;0;Berlin Südkreuz;;412;0
1011;1;Berlin Hbf;418;425;1
1011;2;Berlin-Spandau;434;436;0
1011;3;Hannover Hbf;536;541;1
1011;4;Bünde(Westf);586;587;0
1011;5;Osnabrück Hbf;608;610;0
1011;6;Rheine;637;638;0
1011;7;Bad Bentheim;650;651;0
1011;8;Bad Bentheim(Gr);656;657;0
1011;9;Hengelo;668;;0
1012;0;Berlin Südkreuz;;532;0
1012;1;Berlin Hbf;538;545;1
1012;2;Berlin-Spandau;554;556;0
1012;3;Hannover Hbf;656;661;1
1012;4;Bünde(Westf);706;707;0
1012;5;Osnabrück Hbf;728;730;0
1012;6;Rheine;757;758;0
1012;7;Bad Bentheim;770;771;0
1012;8;Bad Bentheim(Gr);776;777;0
1012;9;Hengelo;788;;0
1013;0;Berlin Südkreuz;;652;0
1013;1;Berlin Hbf;658;665;1
1013;2;Berlin-Spandau;674;676;0
1013;3;Hannover Hbf;776;781;1
1013;4;Bünde(Westf);826;827;0
1013;5;Osnabrück Hbf;848;850;0
1013;6;Rheine;877;878;0
1013;7;Bad Bentheim;890;891;0
1013;8;Bad Bentheim(Gr);896;897;0
1013;9;Hengelo;908;;0
1014;0;Berlin Südkreuz;;772;0
1014;1;Berlin Hbf;778;785;1
1014;2;Berlin-Spandau;794;796;0
1014;3;Hannover Hbf;896;901;1
1014;4;Bünde(Westf);946;947;0
1014;5;Osnabrück Hbf;968;970;0
1014;6;Rheine;997;998;0
1014;7;Bad Bentheim;1010;1011;0
1014;8;Bad Bentheim(Gr);1016;1017;0
1014;9;Hengelo;1028;;0
1015;0;Berlin Südkreuz;;892;0
1015;1;Berlin Hbf;898;905;1
1015;2;Berlin-Spandau;914;916;0
1015;3;Hannover Hbf;1016;1021;1
1015;4;Bünde(Westf);1066;1067;0
1015;5;Osnabrück Hbf;1088;1090;0
1015;6;Rheine;1117;1118;0
1015;7;Bad Bentheim;1130;1131;0
1015;8;Bad Bentheim(Gr);1136;1137;0
1015;9;Hengelo;1148;;0
1016;0;Berlin Südkreuz;;1012;0
1016;1;Berlin Hbf;1018;1025;1
1016;2;Berlin-Spandau;1034;1036;0
1016;3;Hannover Hbf;1136;1141;1
1016;4;Bünde(Westf);1186;1187;0
1016;5;Osnabrück Hbf;1208;1210;0
1016;6;Rheine;1237;1238;0
1016;7;Bad Bentheim;1250;1251;0
1016;8;Bad Bentheim(Gr);1256;1257;0
1016;9;Hengelo;1268;;0
1017;0;Berlin Südkreuz;;1132;0
1017;1;Berlin Hbf;1138;1145;1
1017;2;Berlin-Spandau;1154;1156;0
1017;3;Hannover Hbf;1256;1261;1
1017;4;Bünde(Westf);1306;1307;0
1017;5;Osnabrück Hbf;1328;1330;0
1017;6;Rheine;1357;1358;0
1017;7;Bad Bentheim;1370;1371;0
1017;8;Bad Bentheim(Gr);1376;1377;0
1017;9;Hengelo;1388;;0
1018;0;Berlin Südkreuz;;1252;0
1018;1;Berlin Hbf;1258;1265;1
1018;2;Berlin-Spandau;1274;1276;0
1018;3;Hannover Hbf;1376;1381;1
1018;4;Bünde(Westf);1426;1427;0
1018;5;Osnabrück Hbf;1448;1450;0
1018;6;Rheine;1477;1478;0
1018;7;Bad Bentheim;1490;1491;0
1018;8;Bad Bentheim(Gr);1496;1497;0
1018;9;Hengelo;1508;;0
1019;0;Berlin Südkreuz;;1372;0
1019;1;Berlin Hbf;1378;1385;1
1019;2;Berlin-Spandau;1394;1396;0
1019;3;Hannover Hbf;1496;1501;1
1019;4;Bünde(Westf);1546;1547;0
1019;5;Osnabrück Hbf;1568;1570;0
1019;6;Rheine;1597;1598;0
1019;7;Bad Bentheim;1610;1611;0
1019;8;Bad Bentheim(Gr);1616;1617;0
1019;9;Hengelo;1628;;0
1020;0;Hengelo;;382;0
1020;1;Bad Bentheim(Gr);394;395;0
1020;2;Bad Bentheim;400;401;0
1020;3;Rheine;413;414;0
1020;4;Osnabrück Hbf;439;441;0
1020;5;Bünde(Westf);461;462;0
1020;6;Hannover Hbf;507;514;1
1020;7;Berlin-Spandau;610;612;0
1020;8;Berlin Hbf;625;632;1
1020;9;Berlin Südkreuz;637;;0
1021;0;Hengelo;;502;0
1021;1;Bad Bentheim(Gr);514;515;0
1021;2;Bad Bentheim;520;521;0
1021;3;Rheine;533;534;0
1021;4;Osnabrück Hbf;559;561;0
1021;5;Bünde(Westf);581;582;0
1021;6;Hannover Hbf;627;634;1
1021;7;Berlin-Spandau;730;732;0
1021;8;Berlin Hbf;745;752;1
1021;9;Berlin Südkreuz;757;;0
1022;0;Hengelo;;622;0
1022;1;Bad Bentheim(Gr);634;635;0
1022;2;Bad Bentheim;640;641;0
1022;3;Rheine;653;654;0
1022;4;Osnabrück Hbf;679;681;0
1022;5;Bünde(Westf);701;702;0
1022;6;Hannover Hbf;747;754;1
1022;7;Berlin-Spandau;850;852;0
1022;8;Berlin Hbf;865;872;1
1022;9;Berlin Südkreuz;877;;0
1023;0;Hengelo;;742;0
1023;1;Bad Bentheim(Gr);754;755;0
1023;2;Bad Bentheim;760;761;0
1023;3;Rheine;773;774;0
1023;4;Osnabrück Hbf;799;801;0
1023;5;Bünde(Westf);821;822;0
1023;6;Hannover Hbf;867;874;1
1023;7;Berlin-Spandau;970;972;0
1023;8;Berlin Hbf;985;992;1
1023;9;Berlin Südkreuz;997;;0
1024;0;Hengelo;;862;0
1024;1;Bad Bentheim(Gr);874;875;0
1024;2;Bad Bentheim;880;881;0
1024;3;Rheine;893;894;0
1024;4;Osnabrück Hbf;919;921;0
1024;5;Bünde(Westf);941;942;0
1024;6;Hannover Hbf;987;994;1
1024;7;Berlin-Spandau;1090;1092;0
1024;8;Berlin Hbf;1105;1112;1
1024;9;Berlin Südkreuz;1117;;0
1025;0;Hengelo;;982;0
1025;1;Bad Bentheim(Gr);994;995;0
1025;2;Bad Bentheim;1000;1001;0
1025;3;Rheine;1013;1014;0
1025;4;Osnabrück Hbf;1039;1041;0
1025;5;Bünde(Westf);1061;1062;0
1025;6;Hannover Hbf;1107;1114;1
1025;7;Berlin-Spandau;1210;1212;0
1025;8;Berlin Hbf;1225;1232;1
1025;9;Berlin Südkreuz;1237;;0
1026;0;Hengelo;;1102;0
1026;1;Bad Bentheim(Gr);1114;1115;0
1026;2;Bad Bentheim;1120;1121;0
1026;3;Rheine;1133;1134;0
1026;4;Osnabrück Hbf;1159;1161;0
1026;5;Bünde(Westf);1181;1182;0
1026;6;Hannover Hbf;1227;1234;1
1026;7;Berlin-Spandau;1330;1332;0
1026;8;Berlin Hbf;1345;1352;1
1026;9;Berlin Südkreuz;1357;;0
1027;0;Hengelo;;1222;0
1027;1;Bad Bentheim(Gr);1234;1235;0
1027;2;Bad Bentheim;1240;1241;0
1027;3;Rheine;1253;1254;0
1027;4;Osnabrück Hbf;1279;1281;0
1027;5;Bünde(Westf);1301;1302;0
1027;6;Hannover Hbf;1347;1354;1
1027;7;Berlin-Spandau;1450;1452;0
1027;8;Berlin Hbf;1465;1472;1
1027;9;Berlin Südkreuz;1477;;0
1028;0;Hengelo;;1342;0
1028;1;Bad Bentheim(Gr);1354;1355;0
1028;2;Bad Bentheim;1360;1361;0
1028;3;Rheine;1373;1374;0
1028;4;Osnabrück Hbf;1399;1401;0
1028;5;Bünde(Westf);1421;1422;0
1028;6;Hannover Hbf;1467;1474;1
1028;7;Berlin-Spandau;1570;1572;0
1028;8;Berlin Hbf;1585;1592;1
1028;9;Berlin Südkreuz;1597;;0
1029;0;Frankfurt(Main)Hbf;;376;1
1029;1;Frankfurt(M) Flughafen Fernbf;387;389;0
1029;2;Siegburg/Bonn;426;428;0
1029;3;Köln Hbf;444;454;1
1029;4;Düsseldorf Hbf;476;478;0
1029;5;Duisburg Hbf;491;498;1
1029;6;Oberhausen Hbf;505;506;0
1029;7;Emmerich(Gr);548;549;0
1029;8;Arnhem Centraal;560;;0
1030;0;Frankfurt(Main)Hbf;;496;1
1030;1;Frankfurt(M) Flughafen Fernbf;507;509;0
1030;2;Siegburg/Bonn;546;548;0
1030;3;Köln Hbf;564;574;1
1030;4;Düsseldorf Hbf;596;598;0
1030;5;Duisburg Hbf;611;618;1
1030;6;Oberhausen Hbf;625;626;0
1030;7;Emmerich(Gr);668;669;0
1030;8;Arnhem Centraal;680;;0
1031;0;Frankfurt(Main)Hbf;;616;1
1031;1;Frankfurt(M) Flughafen Fernbf;627;629;0
1031;2;Siegburg/Bonn;666;668;0
1031;3;Köln Hbf;684;694;1
1031;4;Düsseldorf Hbf;716;718;0
1031;5;Duisburg Hbf;731;738;1
1031;6;Oberhausen Hbf;745;746;0
1031;7;Emmerich(Gr);788;789;0
1031;8;Arnhem Centraal;800;;0
1032;0;Frankfurt(Main)Hbf;;736;1
1032;1;Frankfurt(M) Flughafen Fernbf;747;749;0
1032;2;Siegburg/Bonn;786;788;0
1032;3;Köln Hbf;804;814;1
1032;4;Düsseldorf Hbf;836;838;0
1032;5;Duisburg Hbf;851;858;1
1032;6;Oberhausen Hbf;865;866;0
1032;7;Emmerich(Gr);908;909;0
1032;8;Arnhem Centraal;920;;0
1033;0;Frankfurt(Main)Hbf;;856;1
1033;1;Frankfurt(M) Flughafen Fernbf;867;869;0
1033;2;Siegburg/Bonn;906;908;0
1033;3;Köln Hbf;924;934;1
1033;4;Düsseldorf Hbf;956;958;0
1033;5;Duisburg Hbf;971;978;1
1033;6;Oberhausen Hbf;985;986;0
1033;7;Emmerich(Gr);1028;1029;0
1033;8;Arnhem Centraal;1040;;0
1034;0;Frankfurt(Main)Hbf;;976;1
1034;1;Frankfurt(M) Flughafen Fernbf;987;989;0
1034;2;Siegburg/Bonn;1026;1028;0
1034;3;Köln Hbf;1044;1054;1
1034;4;Düsseldorf Hbf;1076;1078;0
1034;5;Duisburg Hbf;1091;1098;1
1034;6;Oberhausen Hbf;1105;1106;0
1034;7;Emmerich(Gr);1148;1149;0
1034;8;Arnhem Centraal;1160;;0
1035;0;Frankfurt(Main)Hbf;;1096;1
1035;1;Frankfurt(M) Flughafen Fernbf;1107;1109;0
1035;2;Siegburg/Bonn;1146;1148;0
1035;3;Köln Hbf;1164;1174;1
1035;4;Düsseldorf Hbf;1196;1198;0
1035;5;Duisburg Hbf;1211;1218;1
1035;6;Oberhausen Hbf;1225;1226;0
1035;7;Emmerich(Gr);1268;1269;0
1035;8;Arnhem Centraal;1280;;0
1036;0;Frankfurt(Main)Hbf;;1216;1
1036;1;Frankfurt(M) Flughafen Fernbf;1227;1229;0
1036;2;Siegburg/Bonn;1266;1268;0
1036;3;Köln Hbf;1284;1294;1
1036;4;Düsseldorf Hbf;1316;1318;0
1036;5;Duisburg Hbf;1331;1338;1
1036;6;Oberhausen Hbf;1345;1346;0
1036;7;Emmerich(Gr);1388;1389;0
1036;8;Arnhem Centraal;1400;;0
1037;0;Frankfurt(Main)Hbf;;1336;1
1037;1;Frankfurt(M) Flughafen Fernbf;1347;1349;0
1037;2;Siegburg/Bonn;1386;1388;0
1037;3;Köln Hbf;1404;1414;1
1037;4;Düsseldorf Hbf;1436;1438;0
1037;5;Duisburg Hbf;1451;1458;1
1037;6;Oberhausen Hbf;1465;1466;0
1037;7;Emmerich(Gr);1508;1509;0
1037;8;Arnhem Centraal;1520;;0
1038;0;Arnhem Centraal;;366;0
1038;1;Emmerich(Gr);377;378;0
1038;2;Oberhausen Hbf;420;421;0
1038;3;Duisburg Hbf;428;437;1
1038;4;Düsseldorf Hbf;458;460;0
1038;5;Köln Hbf;504;514;1
1038;6;Siegburg/Bonn;526;528;0
1038;7;Frankfurt(M) Flughafen Fernbf;569;571;0
1038;8;Frankfurt(Main)Hbf;582;;1
1039;0;Arnhem Centraal;;486;0
1039;1;Emmerich(Gr);497;498;0
1039;2;Oberhausen Hbf;540;541;0
1039;3;Duisburg Hbf;548;557;1
1039;4;Düsseldorf Hbf;578;580;0
1039;5;Köln Hbf;624;634;1
1039;6;Siegburg/Bonn;646;648;0
1039;7;Frankfurt(M) Flughafen Fernbf;689;691;0
1039;8;Frankfurt(Main)Hbf;702;;1
1040;0;Arnhem Centraal;;606;0
1040;1;Emmerich(Gr);617;618;0
1040;2;Oberhausen Hbf;660;661;0
1040;3;Duisburg Hbf;668;677;1
1040;4;Düsseldorf Hbf;698;700;0
1040;5;Köln Hbf;744;754;1
1040;6;Siegburg/Bonn;766;768;0
1040;7;Frankfurt(M) Flughafen Fernbf;809;811;0
1040;8;Frankfurt(Main)Hbf;822;;1
1041;0;Arnhem Centraal;;726;0
1041;1;Emmerich(Gr);737;738;0
1041;2;Oberhausen Hbf;780;781;0
1041;3;Duisburg Hbf;788;797;1
1041;4;Düsseldorf Hbf;818;820;0
1041;5;Köln Hbf;864;874;1
1041;6;Siegburg/Bonn;886;888;0
1041;7;Frankfurt(M) Flughafen Fernbf;929;931;0
1041;8;Frankfurt(Main)Hbf;942;;1
1042;0;Arnhem Centraal;;846;0
1042;1;Emmerich(Gr);857;858;0
1042;2;Oberhausen Hbf;900;901;0
1042;3;Duisburg Hbf;908;917;1
1042;4;Düsseldorf Hbf;938;940;0
1042;5;Köln Hbf;984;994;1
1042;6;Siegburg/Bonn;1006;1008;0
1042;7;Frankfurt(M) Flughafen Fernbf;1049;1051;0
1042;8;Frankfurt(Main)Hbf;1062;;1
1043;0;Arnhem Centraal;;966;0
1043;1;Emmerich(Gr);977;978;0
1043;2;Oberhausen Hbf;1020;1021;0
1043;3;Duisburg Hbf;1028;1037;1
1043;4;Düsseldorf Hbf;1058;1060;0
1043;5;Köln Hbf;1104;1114;1
1043;6;Siegburg/Bonn;1126;1128;0
1043;7;Frankfurt(M) Flughafen Fernbf;1169;1171;0
1043;8;Frankfurt(Main)Hbf;1182;;1
1044;0;Arnhem Centraal;;1086;0
1044;1;Emmerich(Gr);1097;1098;0
1044;2;Oberhausen Hbf;1140;1141;0
1044;3;Duisburg Hbf;1148;1157;1
1044;4;Düsseldorf Hbf;1178;1180;0
1044;5;Köln Hbf;1224;1234;1
1044;6;Siegburg/Bonn;1246;1248;0
1044;7;Frankfurt(M) Flughafen Fernbf;1289;1291;0
1044;8;Frankfurt(Main)Hbf;1302;;1
1045;0;Arnhem Centraal;;1206;0
1045;1;Emmerich(Gr);1217;1218;0
1045;2;Oberhausen Hbf;1260;1261;0
1045;3;Duisburg Hbf;1268;1277;1
1045;4;Düsseldorf Hbf;1298;1300;0
1045;5;Köln Hbf;1344;1354;1
1045;6;Siegburg/Bonn;1366;1368;0
1045;7;Frankfurt(M) Flughafen Fernbf;1409;1411;0
1045;8;Frankfurt(Main)Hbf;1422;;1
1046;0;Arnhem Centraal;;1326;0
1046;1;Emmerich(Gr);1337;1338;0
1046;2;Oberhausen Hbf;1380;1381;0
1046;3;Duisburg Hbf;1388;1397;1
1046;4;Düsseldorf Hbf;1418;1420;0
1046;5;Köln Hbf;1464;1474;1
1046;6;Siegburg/Bonn;1486;1488;0
1046;7;Frankfurt(M) Flughafen Fernbf;1529;1531;0
1046;8;Frankfurt(Main)Hbf;1542;;1
1047;0;Bruxelles Midi;;396;0
1047;1;Bruxelles-Nord;403;404;0
1047;2;Liège-Guillemins;442;443;0
1047;3;Aachen Süd(Gr);462;463;0
1047;4;Aachen Hbf;466;467;0
1047;5;Köln Hbf;504;514;1
1047;6;Frankfurt(M) Flughafen Fernbf;593;595;0
1047;7;Frankfurt(Main)Hbf;612;;1
1048;0;Bruxelles Midi;;516;0
1048;1;Bruxelles-Nord;523;524;0
1048;2;Liège-Guillemins;562;563;0
1048;3;Aachen Süd(Gr);582;583;0
1048;4;Aachen Hbf;586;587;0
1048;5;Köln Hbf;624;634;1
1048;6;Frankfurt(M) Flughafen Fernbf;713;715;0
1048;7;Frankfurt(Main)Hbf;732;;1
1049;0;Bruxelles Midi;;636;0
1049;1;Bruxelles-Nord;643;644;0
1049;2;Liège-Guillemins;682;683;0
1049;3;Aachen Süd(Gr);702;703;0
1049;4;Aachen Hbf;706;707;0
1049;5;Köln Hbf;744;754;1
1049;6;Frankfurt(M) Flughafen Fernbf;833;835;0
1049;7;Frankfurt(Main)Hbf;852;;1
1050;0;Bruxelles Midi;;756;0
1050;1;Bruxelles-Nord;763;764;0
1050;2;Liège-Guillemins;802;803;0
1050;3;Aachen Süd(Gr);822;823;0
1050;4;Aachen Hbf;826;827;0
1050;5;Köln Hbf;864;874;1
1050;6;Frankfurt(M) Flughafen Fernbf;953;955;0
1050;7;Frankfurt(Main)Hbf;972;;1
1051;0;Bruxelles Midi;;876;0
1051;1;Bruxelles-Nord;883;884;0
1051;2;Liège-Guillemins;922;923;0
1051;3;Aachen Süd(Gr);942;943;0
1051;4;Aachen Hbf;946;947;0
1051;5;Köln Hbf;984;994;1
1051;6;Frankfurt(M) Flughafen Fernbf;1073;1075;0
1051;7;Frankfurt(Main)Hbf;1092;;1
1052;0;Bruxelles Midi;;996;0
1052;1;Bruxelles-Nord;1003;1004;0
1052;2;Liège-Guillemins;1042;1043;0
1052;3;Aachen Süd(Gr);1062;1063;0
1052;4;Aachen Hbf;1066;1067;0
1052;5;Köln Hbf;1104;1114;1
1052;6;Frankfurt(M) Flughafen Fernbf;1193;1195;0
1052;7;Frankfurt(Main)Hbf;1212;;1
1053;0;Bruxelles Midi;;1116;0
1053;1;Bruxelles-Nord;1123;1124;0
1053;2;Liège-Guillemins;1162;1163;0
1053;3;Aachen Süd(Gr);1182;1183;0
1053;4;Aachen Hbf;1186;1187;0
1053;5;Köln Hbf;1224;1234;1
1053;6;Frankfurt(M) Flughafen Fernbf;1313;1315;0
1053;7;Frankfurt(Main)Hbf;1332;;1
1054;0;Bruxelles Midi;;1236;0
1054;1;Bruxelles-Nord;1243;1244;0
1054;2;Liège-Guillemins;1282;1283;0
1054;3;Aachen Süd(Gr);1302;1303;0
1054;4;Aachen Hbf;1306;1307;0
1054;5;Köln Hbf;1344;1354;1
1054;6;Frankfurt(M) Flughafen Fernbf;1433;1435;0
1054;7;Frankfurt(Main)Hbf;1452;;1
1055;0;Bruxelles Midi;;1356;0
1055;1;Bruxelles-Nord;1363;1364;0
1055;2;Liège-Guillemins;1402;1403;0
1055;3;Aachen Süd(Gr);1422;1423;0
1055;4;Aachen Hbf;1426;1427;0
1055;5;Köln Hbf;1464;1474;1
1055;6;Frankfurt(M) Flughafen Fernbf;1553;1555;0
1055;7;Frankfurt(Main)Hbf;1572;;1
1056;0;Frankfurt(Main)Hbf;;376;1
1056;1;Frankfurt(M) Flughafen Fernbf;388;390;0
1056;2;Köln Hbf;444;454;1
1056;3;Aachen Hbf;487;488;0
1056;4;Aachen Süd(Gr);491;492;0
1056;5;Liège-Guillemins;512;513;0
1056;6;Bruxelles-Nord;553;554;0
1056;7;Bruxelles Midi;561;;0
1057;0;Frankfurt(Main)Hbf;;496;1
1057;1;Frankfurt(M) Flughafen Fernbf;508;510;0
1057;2;Köln Hbf;564;574;1
1057;3;Aachen Hbf;607;608;0
1057;4;Aachen Süd(Gr);611;612;0
1057;5;Liège-Guillemins;632;633;0
1057;6;Bruxelles-Nord;673;674;0
1057;7;Bruxelles Midi;681;;0
1058;0;Frankfurt(Main)Hbf;;616;1
1058;1;Frankfurt(M) Flughafen Fernbf;628;630;0
1058;2;Köln Hbf;684;694;1
1058;3;Aachen Hbf;727;728;0
1058;4;Aachen Süd(Gr);731;732;0
1058;5;Liège-Guillemins;752;753;0
1058;6;Bruxelles-Nord;793;794;0
1058;7;Bruxelles Midi;801;;0
1059;0;Frankfurt(Main)Hbf;;736;1
1059;1;Frankfurt(M) Flughafen Fernbf;748;750;0
1059;2;Köln Hbf;804;814;1
1059;3;Aachen Hbf;847;848;0
1059;4;Aachen Süd(Gr);851;852;0
1059;5;Liège-Guillemins;872;873;0
1059;6;Bruxelles-Nord;913;914;0
1059;7;Bruxelles Midi;921;;0
1060;0;Frankfurt(Main)Hbf;;856;1
1060;1;Frankfurt(M) Flughafen Fernbf;868;870;0
1060;2;Köln Hbf;924;934;1
1060;3;Aachen Hbf;967;968;0
1060;4;Aachen Süd(Gr);971;972;0
1060;5;Liège-Guillemins;992;993;0
1060;6;Bruxelles-Nord;1033;1034;0
1060;7;Bruxelles Midi;1041;;0
1061;0;Frankfurt(Main)Hbf;;976;1
1061;1;Frankfurt(M) Flughafen Fernbf;988;990;0
1061;2;Köln Hbf;1044;1054;1
1061;3;Aachen Hbf;1087;1088;0
1061;4;Aachen Süd(Gr);1091;1092;0
1061;5;Liège-Guillemins;1112;1113;0
1061;6;Bruxelles-Nord;1153;1154;0
1061;7;Bruxelles Midi;1161;;0
1062;0;Frankfurt(Main)Hbf;;1096;1
1062;1;Frankfurt(M) Flughafen Fernbf;1108;1110;0
1062;2;Köln Hbf;1164;1174;1
1062;3;Aachen Hbf;1207;1208;0
1062;4;Aachen Süd(Gr);1211;1212;0
1062;5;Liège-Guillemins;1232;1233;0
1062;6;Bruxelles-Nord;1273;1274;0
1062;7;Bruxelles Midi;1281;;0
1063;0;Frankfurt(Main)Hbf;;1216;1
1063;1;Frankfurt(M) Flughafen Fernbf;1228;1230;0
1063;2;Köln Hbf;1284;1294;1
1063;3;Aachen Hbf;1327;1328;0
1063;4;Aachen Süd(Gr);1331;1332;0
1063;5;Liège-Guillemins;1352;1353;0
1063;6;Bruxelles-Nord;1393;1394;0
1063;7;Bruxelles Midi;1401;;0
1064;0;Frankfurt(Main)Hbf;;1336;1
1064;1;Frankfurt(M) Flughafen Fernbf;1348;1350;0
1064;2;Köln Hbf;1404;1414;1
1064;3;Aachen Hbf;1447;1448;0
1064;4;Aachen Süd(Gr);1451;1452;0
1064;5;Liège-Guillemins;1472;1473;0
1064;6;Bruxelles-Nord;1513;1514;0
1064;7;Bruxelles Midi;1521;;0
1065;0;Saarbrücken Hbf;;403;0
1065;1;Kaiserslautern Hbf;439;440;0
1065;2;Mannheim Hbf;478;482;1
1065;3;Frankfurt(Main)Hbf;552;;1
1066;0;Saarbrücken Hbf;;523;0
1066;1;Kaiserslautern Hbf;559;560;0
1066;2;Mannheim Hbf;598;602;1
1066;3;Frankfurt(Main)Hbf;672;;1
1067;0;Saarbrücken Hbf;;643;0
1067;1;Kaiserslautern Hbf;679;680;0
1067;2;Mannheim Hbf;718;722;1
1067;3;Frankfurt(Main)Hbf;792;;1
1068;0;Saarbrücken Hbf;;763;0
1068;1;Kaiserslautern Hbf;799;800;0
1068;2;Mannheim Hbf;838;842;1
1068;3;Frankfurt(Main)Hbf;912;;1
1069;0;Saarbrücken Hbf;;883;0
1069;1;Kaiserslautern Hbf;919;920;0
1069;2;Mannheim Hbf;958;962;1
1069;3;Frankfurt(Main)Hbf;1032;;1
1070;0;Saarbrücken Hbf;;1003;0
1070;1;Kaiserslautern Hbf;1039;1040;0
1070;2;Mannheim Hbf;1078;1082;1
1070;3;Frankfurt(Main)Hbf;1152;;1
1071;0;Saarbrücken Hbf;;1123;0
1071;1;Kaiserslautern Hbf;1159;1160;0
1071;2;Mannheim Hbf;1198;1202;1
1071;3;Frankfurt(Main)Hbf;1272;;1
1072;0;Saarbrücken Hbf;;1243;0
1072;1;Kaiserslautern Hbf;1279;1280;0
1072;2;Mannheim Hbf;1318;1322;1
1072;3;Frankfurt(Main)Hbf;1392;;1
1073;0;Saarbrücken Hbf;;1363;0
1073;1;Kaiserslautern Hbf;1399;1400;0
1073;2;Mannheim Hbf;1438;1442;1
1073;3;Frankfurt(Main)Hbf;1512;;1
1074;0;Frankfurt(Main)Hbf;;376;1
1074;1;Mannheim Hbf;446;455;1
1074;2;Kaiserslautern Hbf;496;497;0
1074;3;Saarbrücken Hbf;534;;0
1075;0;Frankfurt(Main)Hbf;;496;1
1075;1;Mannheim Hbf;566;575;1
1075;2;Kaiserslautern Hbf;616;617;0
1075;3;Saarbrücken Hbf;654;;0
1076;0;Frankfurt(Main)Hbf;;616;1
1076;1;Mannheim Hbf;686;695;1
1076;2;Kaiserslautern Hbf;736;737;0
1076;3;Saarbrücken Hbf;774;;0
1077;0;Frankfurt(Main)Hbf;;736;1
1077;1;Mannheim Hbf;806;815;1
1077;2;Kaiserslautern Hbf;856;857;0
1077;3;Saarbrücken Hbf;894;;0
1078;0;Frankfurt(Main)Hbf;;856;1
1078;1;Mannheim Hbf;926;935;1
1078;2;Kaiserslautern Hbf;976;977;0
1078;3;Saarbrücken Hbf;1014;;0
1079;0;Frankfurt(Main)Hbf;;976;1
1079;1;Mannheim Hbf;1046;1055;1
1079;2;Kaiserslautern Hbf;1096;1097;0
1079;3;Saarbrücken Hbf;1134;;0
1080;0;Frankfurt(Main)Hbf;;1096;1
1080;1;Mannheim Hbf;1166;1175;1
1080;2;Kaiserslautern Hbf;1216;1217;0
1080;3;Saarbrücken Hbf;1254;;0
1081;0;Frankfurt(Main)Hbf;;1216;1
1081;1;Mannheim Hbf;1286;1295;1
1081;2;Kaiserslautern Hbf;1336;1337;0
1081;3;Saarbrücken Hbf;1374;;0
1082;0;Frankfurt(Main)Hbf;;1336;1
1082;1;Mannheim Hbf;1406;1415;1
1082;2;Kaiserslautern Hbf;1456;1457;0
1082;3;Saarbrücken Hbf;1494;;0
1083;0;Strasbourg;;360;0
1083;1;Paris Est;463;;0
1084;0;Strasbourg;;480;0
1084;1;Paris Est;583;;0
1085;0;Strasbourg;;600;0
1085;1;Paris Est;703;;0
1086;0;Strasbourg;;720;0
1086;1;Paris Est;823;;0
1087;0;Strasbourg;;840;0
1087;1;Paris Est;943;;0
1088;0;Strasbourg;;960;0
1088;1;Paris Est;1063;;0
1089;0;Strasbourg;;1080;0
1089;1;Paris Est;1183;;0
1090;0;Strasbourg;;1200;0
1090;1;Paris Est;1303;;0
1091;0;Strasbourg;;1320;0
1091;1;Paris Est;1423;;0
1092;0;Paris Est;;360;0
1092;1;Strasbourg;465;;0
1093;0;Paris Est;;480;0
1093;1;Strasbourg;585;;0
1094;0;Paris Est;;600;0
1094;1;Strasbourg;705;;0
1095;0;Paris Est;;720;0
1095;1;Strasbourg;825;;0
1096;0;Paris Est;;840;0
1096;1;Strasbourg;945;;0
1097;0;Paris Est;;960;0
1097;1;Strasbourg;1065;;0
1098;0;Paris Est;;1080;0
1098;1;Strasbourg;1185;;0
1099;0;Paris Est;;1200;0
1099;1;Strasbourg;1305;;0
1100;0;Paris Est;;1320;0
1100;1;Strasbourg;1425;;0
1101;0;Salzburg Hbf;;389;0
1101;1;Traunstein;416;417;0
1101;2;Prien am Chiemsee;434;435;0
1101;3;Rosenheim;451;452;0
1101;4;München Hbf;499;;1
1102;0;Salzburg Hbf;;509;0
1102;1;Traunstein;536;537;0
1102;2;Prien am Chiemsee;554;555;0
1102;3;Rosenheim;571;572;0
1102;4;München Hbf;619;;1
1103;0;Salzburg Hbf;;629;0
1103;1;Traunstein;656;657;0
1103;2;Prien am Chiemsee;674;675;0
1103;3;Rosenheim;691;692;0
1103;4;München Hbf;739;;1
1104;0;Salzburg Hbf;;749;0
1104;1;Traunstein;776;777;0
1104;2;Prien am Chiemsee;794;795;0
1104;3;Rosenheim;811;812;0
1104;4;München Hbf;859;;1
1105;0;Salzburg Hbf;;869;0
1105;1;Traunstein;896;897;0
1105;2;Prien am Chiemsee;914;915;0
1105;3;Rosenheim;931;932;0
1105;4;München Hbf;979;;1
1106;0;Salzburg Hbf;;989;0
1106;1;Traunstein;1016;1017;0
1106;2;Prien am Chiemsee;1034;1035;0
1106;3;Rosenheim;1051;1052;0
1106;4;München Hbf;1099;;1
1107;0;Salzburg Hbf;;1109;0
1107;1;Traunstein;1136;1137;0
1107;2;Prien am Chiemsee;1154;1155;0
1107;3;Rosenheim;1171;1172;0
1107;4;München Hbf;1219;;1
1108;0;Salzburg Hbf;;1229;0
1108;1;Traunstein;1256;1257;0
1108;2;Prien am Chiemsee;1274;1275;0
1108;3;Rosenheim;1291;1292;0
1108;4;München Hbf;1339;;1
1109;0;Salzburg Hbf;;1349;0
1109;1;Traunstein;1376;1377;0
1109;2;Prien am Chiemsee;1394;1395;0
1109;3;Rosenheim;1411;1412;0
1109;4;München Hbf;1459;;1
1110;0;München Hbf;;389;1
1110;1;Rosenheim;436;437;0
1110;2;Prien am Chiemsee;453;454;0
1110;3;Traunstein;471;472;0
1110;4;Salzburg Hbf;499;;0
1111;0;München Hbf;;509;1
1111;1;Rosenheim;556;557;0
1111;2;Prien am Chiemsee;573;574;0
1111;3;Traunstein;591;592;0
1111;4;Salzburg Hbf;619;;0
1112;0;München Hbf;;629;1
1112;1;Rosenheim;676;677;0
1112;2;Prien am Chiemsee;693;694;0
1112;3;Traunstein;711;712;0
1112;4;Salzburg Hbf;739;;0
1113;0;München Hbf;;749;1
1113;1;Rosenheim;796;797;0
1113;2;Prien am Chiemsee;813;814;0
1113;3;Traunstein;831;832;0
1113;4;Salzburg Hbf;859;;0
1114;0;München Hbf;;869;1
1114;1;Rosenheim;916;917;0
1114;2;Prien am Chiemsee;933;934;0
1114;3;Traunstein;951;952;0
1114;4;Salzburg Hbf;979;;0
1115;0;München Hbf;;989;1
1115;1;Rosenheim;1036;1037;0
1115;2;Prien am Chiemsee;1053;1054;0
1115;3;Traunstein;1071;1072;0
1115;4;Salzburg Hbf;1099;;0
1116;0;München Hbf;;1109;1
1116;1;Rosenheim;1156;1157;0
1116;2;Prien am Chiemsee;1173;1174;0
1116;3;Traunstein;1191;1192;0
1116;4;Salzburg Hbf;1219;;0
1117;0;München Hbf;;1229;1
1117;1;Rosenheim;1276;1277;0
1117;2;Prien am Chiemsee;1293;1294;0
1117;3;Traunstein;1311;1312;0
1117;4;Salzburg Hbf;1339;;0
1118;0;München Hbf;;1349;1
1118;1;Rosenheim;1396;1397;0
1118;2;Prien am Chiemsee;1413;1414;0
1118;3;Traunstein;1431;1432;0
1118;4;Salzburg Hbf;1459;;0
1119;0;Nürnberg Hbf;;391;1
1119;1;Würzburg Hbf;447;451;1
1119;2;Hanau Hbf;502;503;0
1119;3;Frankfurt(Main)Hbf;522;526;1
1119;4;Frankfurt(M) Flughafen Fernbf;541;543;0
1119;5;Mainz Hbf;564;565;0
1119;6;Koblenz Hbf;622;623;0
1119;7;Bonn Hbf;658;659;0
1119;8;Köln Hbf;684;694;1
1119;9;Düsseldorf Hbf;716;718;0
1119;10;Duisburg Hbf;731;738;1
1119;11;Oberhausen Hbf;748;749;0
1119;12;Gelsenkirchen Hbf;769;771;0
1119;13;Herne-Wanne-Eickel Hbf;779;780;0
1119;14;Dortmund Hbf;807;;1
1120;0;Nürnberg Hbf;;511;1
1120;1;Würzburg Hbf;567;571;1
1120;2;Hanau Hbf;622;623;0
1120;3;Frankfurt(Main)Hbf;642;646;1
1120;4;Frankfurt(M) Flughafen Fernbf;661;663;0
1120;5;Mainz Hbf;684;685;0
1120;6;Koblenz Hbf;742;743;0
1120;7;Bonn Hbf;778;779;0
1120;8;Köln Hbf;804;814;1
1120;9;Düsseldorf Hbf;836;838;0
1120;10;Duisburg Hbf;851;858;1
1120;11;Oberhausen Hbf;868;869;0
1120;12;Gelsenkirchen Hbf;889;891;0
1120;13;Herne-Wanne-Eickel Hbf;899;900;0
1120;14;Dortmund Hbf;927;;1
1121;0;Nürnberg Hbf;;631;1
1121;1;Würzburg Hbf;687;691;1
1121;2;Hanau Hbf;742;743;0
1121;3;Frankfurt(Main)Hbf;762;766;1
1121;4;Frankfurt(M) Flughafen Fernbf;781;783;0
1121;5;Mainz Hbf;804;805;0
1121;6;Koblenz Hbf;862;863;0
1121;7;Bonn Hbf;898;899;0
1121;8;Köln Hbf;924;934;1
1121;9;Düsseldorf Hbf;956;958;0
1121;10;Duisburg Hbf;971;978;1
1121;11;Oberhausen Hbf;988;989;0
1121;12;Gelsenkirchen Hbf;1009;1011;0
1121;13;Herne-Wanne-Eickel Hbf;1019;1020;0
1121;14;Dortmund Hbf;1047;;1
1122;0;Nürnberg Hbf;;751;1
1122;1;Würzburg Hbf;807;811;1
1122;2;Hanau Hbf;862;863;0
1122;3;Frankfurt(Main)Hbf;882;886;1
1122;4;Frankfurt(M) Flughafen Fernbf;901;903;0
1122;5;Mainz Hbf;924;925;0
1122;6;Koblenz Hbf;982;983;0
1122;7;Bonn Hbf;1018;1019;0
1122;8;Köln Hbf;1044;1054;1
1122;9;Düsseldorf Hbf;1076;1078;0
1122;10;Duisburg Hbf;1091;1098;1
1122;11;Oberhausen Hbf;1108;1109;0
1122;12;Gelsenkirchen Hbf;1129;1131;0
1122;13;Herne-Wanne-Eickel Hbf;1139;1140;0
1122;14;Dortmund Hbf;1167;;1
1123;0;Nürnberg Hbf;;871;1
1123;1;Würzburg Hbf;927;931;1
1123;2;Hanau Hbf;982;983;0
1123;3;Frankfurt(Main)Hbf;1002;1006;1
1123;4;Frankfurt(M) Flughafen Fernbf;1021;1023;0
1123;5;Mainz Hbf;1044;1045;0
1123;6;Koblenz Hbf;1102;1103;0
1123;7;Bonn Hbf;1138;1139;0
1123;8;Köln Hbf;1164;1174;1
1123;9;Düsseldorf Hbf;1196;1198;0
1123;10;Duisburg Hbf;1211;1218;1
1123;11;Oberhausen Hbf;1228;1229;0
1123;12;Gelsenkirchen Hbf;1249;1251;0
1123;13;Herne-Wanne-Eickel Hbf;1259;1260;0
1123;14;Dortmund Hbf;1287;;1
1124;0;Nürnberg Hbf;;991;1
1124;1;Würzburg Hbf;1047;1051;1
1124;2;Hanau Hbf;1102;1103;0
1124;3;Frankfurt(Main)Hbf;1122;1126;1
1124;4;Frankfurt(M) Flughafen Fernbf;1141;1143;0
1124;5;Mainz Hbf;1164;1165;0
1124;6;Koblenz Hbf;1222;1223;0
1124;7;Bonn Hbf;1258;1259;0
1124;8;Köln Hbf;1284;1294;1
1124;9;Düsseldorf Hbf;1316;1318;0
1124;10;Duisburg Hbf;1331;1338;1
1124;11;Oberhausen Hbf;1348;1349;0
1124;12;Gelsenkirchen Hbf;1369;1371;0
1124;13;Herne-Wanne-Eickel Hbf;1379;1380;0
1124;14;Dortmund Hbf;1407;;1
1125;0;Nürnberg Hbf;;1111;1
1125;1;Würzburg Hbf;1167;1171;1
1125;2;Hanau Hbf;1222;1223;0
1125;3;Frankfurt(Main)Hbf;1242;1246;1
1125;4;Frankfurt(M) Flughafen Fernbf;1261;1263;0
1125;5;Mainz Hbf;1284;1285;0
1125;6;Koblenz Hbf;1342;1343;0
1125;7;Bonn Hbf;1378;1379;0
1125;8;Köln Hbf;1404;1414;1
1125;9;Düsseldorf Hbf;1436;1438;0
1125;10;Duisburg Hbf;1451;1458;1
1125;11;Oberhausen Hbf;1468;1469;0
1125;12;Gelsenkirchen Hbf;1489;1491;0
1125;13;Herne-Wanne-Eickel Hbf;1499;1500;0
1125;14;Dortmund Hbf;1527;;1
1126;0;Nürnberg Hbf;;1231;1
1126;1;Würzburg Hbf;1287;1291;1
1126;2;Hanau Hbf;1342;1343;0
1126;3;Frankfurt(Main)Hbf;1362;1366;1
1126;4;Frankfurt(M) Flughafen Fernbf;1381;1383;0
1126;5;Mainz Hbf;1404;1405;0
1126;6;Koblenz Hbf;1462;1463;0
1126;7;Bonn Hbf;1498;1499;0
1126;8;Köln Hbf;1524;1534;1
1126;9;Düsseldorf Hbf;1556;1558;0
1126;10;Duisburg Hbf;1571;1578;1
1126;11;Oberhausen Hbf;1588;1589;0
1126;12;Gelsenkirchen Hbf;1609;1611;0
1126;13;Herne-Wanne-Eickel Hbf;1619;1620;0
1126;14;Dortmund Hbf;1647;;1
1127;0;Nürnberg Hbf;;1351;1
1127;1;Würzburg Hbf;1407;1411;1
1127;2;Hanau Hbf;1462;1463;0
1127;3;Frankfurt(Main)Hbf;1482;1486;1
1127;4;Frankfurt(M) Flughafen Fernbf;1501;1503;0
1127;5;Mainz Hbf;1524;1525;0
1127;6;Koblenz Hbf;1582;1583;0
1127;7;Bonn Hbf;1618;1619;0
1127;8;Köln Hbf;1644;1654;1
1127;9;Düsseldorf Hbf;1676;1678;0
1127;10;Duisburg Hbf;1691;1698;1
1127;11;Oberhausen Hbf;1708;1709;0
1127;12;Gelsenkirchen Hbf;1729;1731;0
1127;13;Herne-Wanne-Eickel Hbf;1739;1740;0
1127;14;Dortmund Hbf;1767;;1
1128;0;Dortmund Hbf;;363;1
1128;1;Herne-Wanne-Eickel Hbf;391;392;0
1128;2;Gelsenkirchen Hbf;400;402;0
1128;3;Oberhausen Hbf;417;418;0
1128;4;Duisburg Hbf;428;437;1
1128;5;Düsseldorf Hbf;459;461;0
1128;6;Köln Hbf;504;514;1
1128;7;Bonn Hbf;537;538;0
1128;8;Koblenz Hbf;575;576;0
1128;9;Mainz Hbf;636;637;0
1128;10;Frankfurt(M) Flughafen Fernbf;657;659;0
1128;11;Frankfurt(Main)Hbf;672;676;1
1128;12;Hanau Hbf;697;698;0
1128;13;Würzburg Hbf;777;781;1
1128;14;Nürnberg Hbf;864;;1
1129;0;Dortmund Hbf;;483;1
1129;1;Herne-Wanne-Eickel Hbf;511;512;0
1129;2;Gelsenkirchen Hbf;520;522;0
1129;3;Oberhausen Hbf;537;538;0
1129;4;Duisburg Hbf;548;557;1
1129;5;Düsseldorf Hbf;579;581;0
1129;6;Köln Hbf;624;634;1
1129;7;Bonn Hbf;657;658;0
1129;8;Koblenz Hbf;695;696;0
1129;9;Mainz Hbf;756;757;0
1129;10;Frankfurt(M) Flughafen Fernbf;777;779;0
1129;11;Frankfurt(Main)Hbf;792;796;1
1129;12;Hanau Hbf;817;818;0
1129;13;Würzburg Hbf;897;901;1
1129;14;Nürnberg Hbf;984;;1
1130;0;Dortmund Hbf;;603;1
1130;1;Herne-Wanne-Eickel Hbf;631;632;0
1130;2;Gelsenkirchen Hbf;640;642;0
1130;3;Oberhausen Hbf;657;658;0
1130;4;Duisburg Hbf;668;677;1
1130;5;Düsseldorf Hbf;699;701;0
1130;6;Köln Hbf;744;754;1
1130;7;Bonn Hbf;777;778;0
1130;8;Koblenz Hbf;815;816;0
1130;9;Mainz Hbf;876;877;0
1130;10;Frankfurt(M) Flughafen Fernbf;897;899;0
1130;11;Frankfurt(Main)Hbf;912;916;1
1130;12;Hanau Hbf;937;938;0
1130;13;Würzburg Hbf;1017;1021;1
1130;14;Nürnberg Hbf;1104;;1
1131;0;Dortmund Hbf;;723;1
1131;1;Herne-Wanne-Eickel Hbf;751;752;0
1131;2;Gelsenkirchen Hbf;760;762;0
1131;3;Oberhausen Hbf;777;778;0
1131;4;Duisburg Hbf;788;797;1
1131;5;Düsseldorf Hbf;819;821;0
1131;6;Köln Hbf;864;874;1
1131;7;Bonn Hbf;897;898;0
1131;8;Koblenz Hbf;935;936;0
1131;9;Mainz Hbf;996;997;0
1131;10;Frankfurt(M) Flughafen Fernbf;1017;1019;0
1131;11;Frankfurt(Main)Hbf;1032;1036;1
1131;12;Hanau Hbf;1057;1058;0
1131;13;Würzburg Hbf;1137;1141;1
1131;14;Nürnberg Hbf;1224;;1
1132;0;Dortmund Hbf;;843;1
1132;1;Herne-Wanne-Eickel Hbf;871;872;0
1132;2;Gelsenkirchen Hbf;880;882;0
1132;3;Oberhausen Hbf;897;898;0
1132;4;Duisburg Hbf;908;917;1
1132;5;Düsseldorf Hbf;939;941;0
1132;6;Köln Hbf;984;994;1
1132;7;Bonn Hbf;1017;1018;0
1132;8;Koblenz Hbf;1055;1056;0
1132;9;Mainz Hbf;1116;1117;0
1132;10;Frankfurt(M) Flughafen Fernbf;1137;1139;0
1132;11;Frankfurt(Main)Hbf;1152;1156;1
1132;12;Hanau Hbf;1177;1178;0
1132;13;Würzburg Hbf;1257;1261;1
1132;14;Nürnberg Hbf;1344;;1
1133;0;Dortmund Hbf;;963;1
1133;1;Herne-Wanne-Eickel Hbf;991;992;0
1133;2;Gelsenkirchen Hbf;1000;1002;0
1133;3;Oberhausen Hbf;1017;1018;0
1133;4;Duisburg Hbf;1028;1037;1
1133;5;Düsseldorf Hbf;1059;1061;0
1133;6;Köln Hbf;1104;1114;1
1133;7;Bonn Hbf;1137;1138;0
1133;8;Koblenz Hbf;1175;1176;0
1133;9;Mainz Hbf;1236;1237;0
1133;10;Frankfurt(M) Flughafen Fernbf;1257;1259;0
1133;11;Frankfurt(Main)Hbf;1272;1276;1
1133;12;Hanau Hbf;1297;1298;0
1133;13;Würzburg Hbf;1377;1381;1
1133;14;Nürnberg Hbf;1464;;1
1134;0;Dortmund Hbf;;1083;1
1134;1;Herne-Wanne-Eickel Hbf;1111;1112;0
1134;2;Gelsenkirchen Hbf;1120;1122;0
1134;3;Oberhausen Hbf;1137;1138;0
1134;4;Duisburg Hbf;1148;1157;1
1134;5;Düsseldorf Hbf;1179;1181;0
1134;6;Köln Hbf;1224;1234;1
1134;7;Bonn Hbf;1257;1258;0
1134;8;Koblenz Hbf;1295;1296;0
1134;9;Mainz Hbf;1356;1357;0
1134;10;Frankfurt(M) Flughafen Fernbf;1377;1379;0
1134;11;Frankfurt(Main)Hbf;1392;1396;1
1134;12;Hanau Hbf;1417;1418;0
1134;13;Würzburg Hbf;1497;1501;1
1134;14;Nürnberg Hbf;1584;;1
1135;0;Dortmund Hbf;;1203;1
1135;1;Herne-Wanne-Eickel Hbf;1231;1232;0
1135;2;Gelsenkirchen Hbf;1240;1242;0
1135;3;Oberhausen Hbf;1257;1258;0
1135;4;Duisburg Hbf;1268;1277;1
1135;5;Düsseldorf Hbf;1299;1301;0
1135;6;Köln Hbf;1344;1354;1
1135;7;Bonn Hbf;1377;1378;0
1135;8;Koblenz Hbf;1415;1416;0
1135;9;Mainz Hbf;1476;1477;0
1135;10;Frankfurt(M) Flughafen Fernbf;1497;1499;0
1135;11;Frankfurt(Main)Hbf;1512;1516;1
1135;12;Hanau Hbf;1537;1538;0
1135;13;Würzburg Hbf;1617;1621;1
1135;14;Nürnberg Hbf;1704;;1
1136;0;Dortmund Hbf;;1323;1
1136;1;Herne-Wanne-Eickel Hbf;1351;1352;0
1136;2;Gelsenkirchen Hbf;1360;1362;0
1136;3;Oberhausen Hbf;1377;1378;0
1136;4;Duisburg Hbf;1388;1397;1
1136;5;Düsseldorf Hbf;1419;1421;0
1136;6;Köln Hbf;1464;1474;1
1136;7;Bonn Hbf;1497;1498;0
1136;8;Koblenz Hbf;1535;1536;0
1136;9;Mainz Hbf;1596;1597;0
1136;10;Frankfurt(M) Flughafen Fernbf;1617;1619;0
1136;11;Frankfurt(Main)Hbf;1632;1636;1
1136;12;Hanau Hbf;1657;1658;0
1136;13;Würzburg Hbf;1737;1741;1
1136;14;Nürnberg Hbf;1824;;1
1137;0;Praha hl.n.;;360;0
1137;1;Praha-Holesovice;368;369;0
1137;2;Usti nad Labem hl.n.;429;430;0
1137;3;Decin hl.n.;445;;0
1138;0;Praha hl.n.;;480;0
1138;1;Praha-Holesovice;488;489;0
1138;2;Usti nad Labem hl.n.;549;550;0
1138;3;Decin hl.n.;565;;0
1139;0;Praha hl.n.;;600;0
1139;1;Praha-Holesovice;608;609;0
1139;2;Usti nad Labem hl.n.;669;670;0
1139;3;Decin hl.n.;685;;0
1140;0;Praha hl.n.;;720;0
1140;1;Praha-Holesovice;728;729;0
1140;2;Usti nad Labem hl.n.;789;790;0
1140;3;Decin hl.n.;805;;0
1141;0;Praha hl.n.;;840;0
1141;1;Praha-Holesovice;848;849;0
1141;2;Usti nad Labem hl.n.;909;910;0
1141;3;Decin hl.n.;925;;0
1142;0;Praha hl.n.;;960;0
1142;1;Praha-Holesovice;968;969;0
1142;2;Usti nad Labem hl.n.;1029;1030;0
1142;3;Decin hl.n.;1045;;0
1143;0;Praha hl.n.;;1080;0
1143;1;Praha-Holesovice;1088;1089;0
1143;2;Usti nad Labem hl.n.;1149;1150;0
1143;3;Decin hl.n.;1165;;0
1144;0;Praha hl.n.;;1200;0
1144;1;Praha-Holesovice;1208;1209;0
1144;2;Usti nad Labem hl.n.;1269;1270;0
1144;3;Decin hl.n.;1285;;0
1145;0;Praha hl.n.;;1320;0
1145;1;Praha-Holesovice;1328;1329;0
1145;2;Usti nad Labem hl.n.;1389;1390;0
1145;3;Decin hl.n.;1405;;0
1146;0;Decin hl.n.;;360;0
1146;1;Usti nad Labem hl.n.;374;375;0
1146;2;Praha-Holesovice;437;438;0
1146;3;Praha hl.n.;448;;0
1147;0;Decin hl.n.;;480;0
1147;1;Usti nad Labem hl.n.;494;495;0
1147;2;Praha-Holesovice;557;558;0
1147;3;Praha hl.n.;568;;0
1148;0;Decin hl.n.;;600;0
1148;1;Usti nad Labem hl.n.;614;615;0
1148;2;Praha-Holesovice;677;678;0
1148;3;Praha hl.n.;688;;0
1149;0;Decin hl.n.;;720;0
1149;1;Usti nad Labem hl.n.;734;735;0
1149;2;Praha-Holesovice;797;798;0
1149;3;Praha hl.n.;808;;0
1150;0;Decin hl.n.;;840;0
1150;1;Usti nad Labem hl.n.;854;855;0
1150;2;Praha-Holesovice;917;918;0
1150;3;Praha hl.n.;928;;0
1151;0;Decin hl.n.;;960;0
1151;1;Usti nad Labem hl.n.;974;975;0
1151;2;Praha-Holesovice;1037;1038;0
1151;3;Praha hl.n.;1048;;0
1152;0;Decin hl.n.;;1080;0
1152;1;Usti nad Labem hl.n.;1094;1095;0
1152;2;Praha-Holesovice;1157;1158;0
1152;3;Praha hl.n.;1168;;0
1153;0;Decin hl.n.;;1200;0
1153;1;Usti nad Labem hl.n.;1214;1215;0
1153;2;Praha-Holesovice;1277;1278;0
1153;3;Praha hl.n.;1288;;0
1154;0;Decin hl.n.;;1320;0
1154;1;Usti nad Labem hl.n.;1334;1335;0
1154;2;Praha-Holesovice;1397;1398;0
1154;3;Praha hl.n.;1408;;0
1155;0;Dobova(Gr);;360;0
1155;1;Zapresic;370;371;0
1155;2;Zagreb Glavni kolodvor;383;;0
1156;0;Dobova(Gr);;480;0
1156;1;Zapresic;490;491;0
1156;2;Zagreb Glavni kolodvor;503;;0
1157;0;Dobova(Gr);;600;0
1157;1;Zapresic;610;611;0
1157;2;Zagreb Glavni kolodvor;623;;0
1158;0;Dobova(Gr);;720;0
1158;1;Zapresic;730;731;0
1158;2;Zagreb Glavni kolodvor;743;;0
1159;0;Dobova(Gr);;840;0
1159;1;Zapresic;850;851;0
1159;2;Zagreb Glavni kolodvor;863;;0
1160;0;Dobova(Gr);;960;0
1160;1;Zapresic;970;971;0
1160;2;Zagreb Glavni kolodvor;983;;0
1161;0;Dobova(Gr);;1080;0
1161;1;Zapresic;1090;1091;0
1161;2;Zagreb Glavni kolodvor;1103;;0
1162;0;Dobova(Gr);;1200;0
1162;1;Zapresic;1210;1211;0
1162;2;Zagreb Glavni kolodvor;1223;;0
1163;0;Dobova(Gr);;1320;0
1163;1;Zapresic;1330;1331;0
1163;2;Zagreb Glavni kolodvor;1343;;0
1164;0;Zagreb Glavni kolodvor;;360;0
1164;1;Zapresic;372;373;0
1164;2;Dobova(Gr);383;;0
1165;0;Zagreb Glavni kolodvor;;480;0
1165;1;Zapresic;492;493;0
1165;2;Dobova(Gr);503;;0
1166;0;Zagreb Glavni kolodvor;;600;0
1166;1;Zapresic;612;613;0
1166;2;Dobova(Gr);623;;0
1167;0;Zagreb Glavni kolodvor;;720;0
1167;1;Zapresic;732;733;0
1167;2;Dobova(Gr);743;;0
1168;0;Zagreb Glavni kolodvor;;840;0
1168;1;Zapresic;852;853;0
1168;2;Dobova(Gr);863;;0
1169;0;Zagreb Glavni kolodvor;;960;0
1169;1;Zapresic;972;973;0
1169;2;Dobova(Gr);983;;0
1170;0;Zagreb Glavni kolodvor;;1080;0
1170;1;Zapresic;1092;1093;0
1170;2;Dobova(Gr);1103;;0
1171;0;Zagreb Glavni kolodvor;;1200;0
1171;1;Zapresic;1212;1213;0
1171;2;Dobova(Gr);1223;;0
1172;0;Zagreb Glavni kolodvor;;1320;0
1172;1;Zapresic;1332;1333;0
1172;2;Dobova(Gr);1343;;0
1173;0;Hegyeshalom(Gr);;360;0
1173;1;Hegyeshalom;363;;0
1174;0;Hegyeshalom(Gr);;480;0
1174;1;Hegyeshalom;483;;0
1175;0;Hegyeshalom(Gr);;600;0
1175;1;Hegyeshalom;603;;0
1176;0;Hegyeshalom(Gr);;720;0
1176;1;Hegyeshalom;723;;0
1177;0;Hegyeshalom(Gr);;840;0
1177;1;Hegyeshalom;843;;0
1178;0;Hegyeshalom(Gr);;960;0
1178;1;Hegyeshalom;963;;0
1179;0;Hegyeshalom(Gr);;1080;0
1179;1;Hegyeshalom;1083;;0
1180;0;Hegyeshalom(Gr);;1200;0
1180;1;Hegyeshalom;1203;;0
1181;0;Hegyeshalom(Gr);;1320;0
1181;1;Hegyeshalom;1323;;0
1182;0;Hegyeshalom;;360;0
1182;1;Hegyeshalom(Gr);363;;0
1183;0;Hegyeshalom;;480;0
1183;1;Hegyeshalom(Gr);483;;0
1184;0;Hegyeshalom;;600;0
1184;1;Hegyeshalom(Gr);603;;0
1185;0;Hegyeshalom;;720;0
1185;1;Hegyeshalom(Gr);723;;0
1186;0;Hegyeshalom;;840;0
1186;1;Hegyeshalom(Gr);843;;0
1187;0;Hegyeshalom;;960;0
1187;1;Hegyeshalom(Gr);963;;0
1188;0;Hegyeshalom;;1080;0
1188;1;Hegyeshalom(Gr);1083;;0
1189;0;Hegyeshalom;;1200;0
1189;1;Hegyeshalom(Gr);1203;;0
1190;0;Hegyeshalom;;1320;0
1190;1;Hegyeshalom(Gr);1323;;0
1191;0;St. Margrethen SG;;360;0
1191;1;St. Gallen(CH);378;379;0
1191;2;Winterthur;411;412;0
1191;3;Zürich Flughafen;426;427;0
1191;4;Zürich HB;436;;0
1192;0;St. Margrethen SG;;480;0
1192;1;St. Gallen(CH);498;499;0
1192;2;Winterthur;531;532;0
1192;3;Zürich Flughafen;546;547;0
1192;4;Zürich HB;556;;0
1193;0;St. Margrethen SG;;600;0
1193;1;St. Gallen(CH);618;619;0
1193;2;Winterthur;651;652;0
1193;3;Zürich Flughafen;666;667;0
1193;4;Zürich HB;676;;0
1194;0;St. Margrethen SG;;720;0
1194;1;St. Gallen(CH);738;739;0
1194;2;Winterthur;771;772;0
1194;3;Zürich Flughafen;786;787;0
1194;4;Zürich HB;796;;0
1195;0;St. Margrethen SG;;840;0
1195;1;St. Gallen(CH);858;859;0
1195;2;Winterthur;891;892;0
1195;3;Zürich Flughafen;906;907;0
1195;4;Zürich HB;916;;0
1196;0;St. Margrethen SG;;960;0
1196;1;St. Gallen(CH);978;979;0
1196;2;Winterthur;1011;1012;0
1196;3;Zürich Flughafen;1026;1027;0
1196;4;Zürich HB;1036;;0
1197;0;St. Margrethen SG;;1080;0
1197;1;St. Gallen(CH);1098;1099;0
1197;2;Winterthur;1131;1132;0
1197;3;Zürich Flughafen;1146;1147;0
1197;4;Zürich HB;1156;;0
1198;0;St. Margrethen SG;;1200;0
1198;1;St. Gallen(CH);1218;1219;0
1198;2;Winterthur;1251;1252;0
1198;3;Zürich Flughafen;1266;1267;0
1198;4;Zürich HB;1276;;0
1199;0;St. Margrethen SG;;1320;0
1199;1;St. Gallen(CH);1338;1339;0
1199;2;Winterthur;1371;1372;0
1199;3;Zürich Flughafen;1386;1387;0
1199;4;Zürich HB;1396;;0
1200;0;Zürich HB;;360;0
1200;1;Zürich Flughafen;369;370;0
1200;2;Winterthur;384;385;0
1200;3;St. Gallen(CH);417;418;0
1200;4;St. Margrethen SG;435;;0
1201;0;Zürich HB;;480;0
1201;1;Zürich Flughafen;489;490;0
1201;2;Winterthur;504;505;0
1201;3;St. Gallen(CH);537;538;0
1201;4;St. Margrethen SG;555;;0
1202;0;Zürich HB;;600;0
1202;1;Zürich Flughafen;609;610;0
1202;2;Winterthur;624;625;0
1202;3;St. Gallen(CH);657;658;0
1202;4;St. Margrethen SG;675;;0
1203;0;Zürich HB;;720;0
1203;1;Zürich Flughafen;729;730;0
1203;2;Winterthur;744;745;0
1203;3;St. Gallen(CH);777;778;0
1203;4;St. Margrethen SG;795;;0
1204;0;Zürich HB;;840;0
1204;1;Zürich Flughafen;849;850;0
1204;2;Winterthur;864;865;0
1204;3;St. Gallen(CH);897;898;0
1204;4;St. Margrethen SG;915;;0
1205;0;Zürich HB;;960;0
1205;1;Zürich Flughafen;969;970;0
1205;2;Winterthur;984;985;0
1205;3;St. Gallen(CH);1017;1018;0
1205;4;St. Margrethen SG;1035;;0
1206;0;Zürich HB;;1080;0
1206;1;Zürich Flughafen;1089;1090;0
1206;2;Winterthur;1104;1105;0
1206;3;St. Gallen(CH);1137;1138;0
1206;4;St. Margrethen SG;1155;;0
1207;0;Zürich HB;;1200;0
1207;1;Zürich Flughafen;1209;1210;0
1207;2;Winterthur;1224;1225;0
1207;3;St. Gallen(CH);1257;1258;0
1207;4;St. Margrethen SG;1275;;0
1208;0;Zürich HB;;1320;0
1208;1;Zürich Flughafen;1329;1330;0
1208;2;Winterthur;1344;1345;0
1208;3;St. Gallen(CH);1377;1378;0
1208;4;St. Margrethen SG;1395;;0
1209;0;Lindau-Reutin;;360;0
1209;1;Bregenz;366;367;0
1209;2;St. Margrethen SG;376;;0
1210;0;Lindau-Reutin;;480;0
1210;1;Bregenz;486;487;0
1210;2;St. Margrethen SG;496;;0
1211;0;Lindau-Reutin;;600;0
1211;1;Bregenz;606;607;0
1211;2;St. Margrethen SG;616;;0
1212;0;Lindau-Reutin;;720;0
1212;1;Bregenz;726;727;0
1212;2;St. Margrethen SG;736;;0
1213;0;Lindau-Reutin;;840;0
1213;1;Bregenz;846;847;0
1213;2;St. Margrethen SG;856;;0
1214;0;Lindau-Reutin;;960;0
1214;1;Bregenz;966;967;0
1214;2;St. Margrethen SG;976;;0
1215;0;Lindau-Reutin;;1080;0
1215;1;Bregenz;1086;1087;0
1215;2;St. Margrethen SG;1096;;0
1216;0;Lindau-Reutin;;1200;0
1216;1;Bregenz;1206;1207;0
1216;2;St. Margrethen SG;1216;;0
1217;0;Lindau-Reutin;;1320;0
1217;1;Bregenz;1326;1327;0
1217;2;St. Margrethen SG;1336;;0
1218;0;St. Margrethen SG;;360;0
1218;1;Bregenz;369;370;0
1218;2;Lindau-Reutin;376;;0
1219;0;St. Margrethen SG;;480;0
1219;1;Bregenz;489;490;0
1219;2;Lindau-Reutin;496;;0
1220;0;St. Margrethen SG;;600;0
1220;1;Bregenz;609;610;0
1220;2;Lindau-Reutin;616;;0
1221;0;St. Margrethen SG;;720;0
1221;1;Bregenz;729;730;0
1221;2;Lindau-Reutin;736;;0
1222;0;St. Margrethen SG;;840;0
1222;1;Bregenz;849;850;0
1222;2;Lindau-Reutin;856;;0
1223;0;St. Margrethen SG;;960;0
1223;1;Bregenz;969;970;0
1223;2;Lindau-Reutin;976;;0
1224;0;St. Margrethen SG;;1080;0
1224;1;Bregenz;1089;1090;0
1224;2;Lindau-Reutin;1096;;0
1225;0;St. Margrethen SG;;1200;0
1225;1;Bregenz;1209;1210;0
1225;2;Lindau-Reutin;1216;;0
1226;0;St. Margrethen SG;;1320;0
1226;1;Bregenz;1329;1330;0
1226;2;Lindau-Reutin;1336;;0
1227;0;München Hbf;;389;1
1227;1;Rosenheim;429;430;0
1227;2;Traunstein;463;464;0
1227;3;Freilassing;480;481;0
1227;4;Salzburg Hbf;488;;0
1228;0;München Hbf;;509;1
1228;1;Rosenheim;549;550;0
1228;2;Traunstein;583;584;0
1228;3;Freilassing;600;601;0
1228;4;Salzburg Hbf;608;;0
1229;0;München Hbf;;629;1
1229;1;Rosenheim;669;670;0
1229;2;Traunstein;703;704;0
1229;3;Freilassing;720;721;0
1229;4;Salzburg Hbf;728;;0
1230;0;München Hbf;;749;1
1230;1;Rosenheim;789;790;0
1230;2;Traunstein;823;824;0
1230;3;Freilassing;840;841;0
1230;4;Salzburg Hbf;848;;0
1231;0;München Hbf;;869;1
1231;1;Rosenheim;909;910;0
1231;2;Traunstein;943;944;0
1231;3;Freilassing;960;961;0
1231;4;Salzburg Hbf;968;;0
1232;0;München Hbf;;989;1
1232;1;Rosenheim;1029;1030;0
1232;2;Traunstein;1063;1064;0
1232;3;Freilassing;1080;1081;0
1232;4;Salzburg Hbf;1088;;0
1233;0;München Hbf;;1109;1
1233;1;Rosenheim;1149;1150;0
1233;2;Traunstein;1183;1184;0
1233;3;Freilassing;1200;1201;0
1233;4;Salzburg Hbf;1208;;0
1234;0;München Hbf;;1229;1
1234;1;Rosenheim;1269;1270;0
1234;2;Traunstein;1303;1304;0
1234;3;Freilassing;1320;1321;0
1234;4;Salzburg Hbf;1328;;0
1235;0;München Hbf;;1349;1
1235;1;Rosenheim;1389;1390;0
1235;2;Traunstein;1423;1424;0
1235;3;Freilassing;1440;1441;0
1235;4;Salzburg Hbf;1448;;0
1236;0;Salzburg Hbf;;400;0
1236;1;Freilassing;406;407;0
1236;2;Traunstein;423;424;0
1236;3;Rosenheim;457;458;0
1236;4;München Hbf;499;;1
1237;0;Salzburg Hbf;;520;0
1237;1;Freilassing;526;527;0
1237;2;Traunstein;543;544;0
1237;3;Rosenheim;577;578;0
1237;4;München Hbf;619;;1
1238;0;Salzburg Hbf;;640;0
1238;1;Freilassing;646;647;0
1238;2;Traunstein;663;664;0
1238;3;Rosenheim;697;698;0
1238;4;München Hbf;739;;1
1239;0;Salzburg Hbf;;760;0
1239;1;Freilassing;766;767;0
1239;2;Traunstein;783;784;0
1239;3;Rosenheim;817;818;0
1239;4;München Hbf;859;;1
1240;0;Salzburg Hbf;;880;0
1240;1;Freilassing;886;887;0
1240;2;Traunstein;903;904;0
1240;3;Rosenheim;937;938;0
1240;4;München Hbf;979;;1
1241;0;Salzburg Hbf;;1000;0
1241;1;Freilassing;1006;1007;0
1241;2;Traunstein;1023;1024;0
1241;3;Rosenheim;1057;1058;0
1241;4;München Hbf;1099;;1
1242;0;Salzburg Hbf;;1120;0
1242;1;Freilassing;1126;1127;0
1242;2;Traunstein;1143;1144;0
1242;3;Rosenheim;1177;1178;0
1242;4;München Hbf;1219;;1
1243;0;Salzburg Hbf;;1240;0
1243;1;Freilassing;1246;1247;0
1243;2;Traunstein;1263;1264;0
1243;3;Rosenheim;1297;1298;0
1243;4;München Hbf;1339;;1
1244;0;Salzburg Hbf;;1360;0
1244;1;Freilassing;1366;1367;0
1244;2;Traunstein;1383;1384;0
1244;3;Rosenheim;1417;1418;0
1244;4;München Hbf;1459;;1
1245;0;Basel SBB;;360;0
1245;1;Basel Bad Bf;367;;0
1246;0;Basel SBB;;480;0
1246;1;Basel Bad Bf;487;;0
1247;0;Basel SBB;;600;0
1247;1;Basel Bad Bf;607;;0
1248;0;Basel SBB;;720;0
1248;1;Basel Bad Bf;727;;0
1249;0;Basel SBB;;840;0
1249;1;Basel Bad Bf;847;;0
1250;0;Basel SBB;;960;0
1250;1;Basel Bad Bf;967;;0
1251;0;Basel SBB;;1080;0
1251;1;Basel Bad Bf;1087;;0
1252;0;Basel SBB;;1200;0
1252;1;Basel Bad Bf;1207;;0
1253;0;Basel SBB;;1320;0
1253;1;Basel Bad Bf;1327;;0
1254;0;Basel Bad Bf;;360;0
1254;1;Basel SBB;367;;0
1255;0;Basel Bad Bf;;480;0
1255;1;Basel SBB;487;;0
1256;0;Basel Bad Bf;;600;0
1256;1;Basel SBB;607;;0
1257;0;Basel Bad Bf;;720;0
1257;1;Basel SBB;727;;0
1258;0;Basel Bad Bf;;840;0
1258;1;Basel SBB;847;;0
1259;0;Basel Bad Bf;;960;0
1259;1;Basel SBB;967;;0
1260;0;Basel Bad Bf;;1080;0
1260;1;Basel SBB;1087;;0
1261;0;Basel Bad Bf;;1200;0
1261;1;Basel SBB;1207;;0
1262;0;Basel Bad Bf;;1320;0
1262;1;Basel SBB;1327;;0
1263;0;Simbach(Inn);;360;0
1263;1;Wels Hbf;427;428;0
1263;2;Linz/Donau Hbf;443;444;0
1263;3;St.Pölten Hbf;490;491;0
1263;4;Wien Meidling;515;516;0
1263;5;Wien Hbf;521;;0
1264;0;Simbach(Inn);;480;0
1264;1;Wels Hbf;547;548;0
1264;2;Linz/Donau Hbf;563;564;0
1264;3;St.Pölten Hbf;610;611;0
1264;4;Wien Meidling;635;636;0
1264;5;Wien Hbf;641;;0
1265;0;Simbach(Inn);;600;0
1265;1;Wels Hbf;667;668;0
1265;2;Linz/Donau Hbf;683;684;0
1265;3;St.Pölten Hbf;730;731;0
1265;4;Wien Meidling;755;756;0
1265;5;Wien Hbf;761;;0
1266;0;Simbach(Inn);;720;0
1266;1;Wels Hbf;787;788;0
1266;2;Linz/Donau Hbf;803;804;0
1266;3;St.Pölten Hbf;850;851;0
1266;4;Wien Meidling;875;876;0
1266;5;Wien Hbf;881;;0
1267;0;Simbach(Inn);;840;0
1267;1;Wels Hbf;907;908;0
1267;2;Linz/Donau Hbf;923;924;0
1267;3;St.Pölten Hbf;970;971;0
1267;4;Wien Meidling;995;996;0
1267;5;Wien Hbf;1001;;0
1268;0;Simbach(Inn);;960;0
1268;1;Wels Hbf;1027;1028;0
1268;2;Linz/Donau Hbf;1043;1044;0
1268;3;St.Pölten Hbf;1090;1091;0
1268;4;Wien Meidling;1115;1116;0
1268;5;Wien Hbf;1121;;0
1269;0;Simbach(Inn);;1080;0
1269;1;Wels Hbf;1147;1148;0
1269;2;Linz/Donau Hbf;1163;1164;0
1269;3;St.Pölten Hbf;1210;1211;0
1269;4;Wien Meidling;1235;1236;0
1269;5;Wien Hbf;1241;;0
1270;0;Simbach(Inn);;1200;0
1270;1;Wels Hbf;1267;1268;0
1270;2;Linz/Donau Hbf;1283;1284;0
1270;3;St.Pölten Hbf;1330;1331;0
1270;4;Wien Meidling;1355;1356;0
1270;5;Wien Hbf;1361;;0
1271;0;Simbach(Inn);;1320;0
1271;1;Wels Hbf;1387;1388;0
1271;2;Linz/Donau Hbf;1403;1404;0
1271;3;St.Pölten Hbf;1450;1451;0
1271;4;Wien Meidling;1475;1476;0
1271;5;Wien Hbf;1481;;0
1272;0;Wien Hbf;;360;0
1272;1;Wien Meidling;365;366;0
1272;2;St.Pölten Hbf;390;391;0
1272;3;Linz/Donau Hbf;437;438;0
1272;4;Wels Hbf;453;454;0
1272;5;Simbach(Inn);522;;0
1273;0;Wien Hbf;;480;0
1273;1;Wien Meidling;485;486;0
1273;2;St.Pölten Hbf;510;511;0
1273;3;Linz/Donau Hbf;557;558;0
1273;4;Wels Hbf;573;574;0
1273;5;Simbach(Inn);642;;0
1274;0;Wien Hbf;;600;0
1274;1;Wien Meidling;605;606;0
1274;2;St.Pölten Hbf;630;631;0
1274;3;Linz/Donau Hbf;677;678;0
1274;4;Wels Hbf;693;694;0
1274;5;Simbach(Inn);762;;0
1275;0;Wien Hbf;;720;0
1275;1;Wien Meidling;725;726;0
1275;2;St.Pölten Hbf;750;751;0
1275;3;Linz/Donau Hbf;797;798;0
1275;4;Wels Hbf;813;814;0
1275;5;Simbach(Inn);882;;0
1276;0;Wien Hbf;;840;0
1276;1;Wien Meidling;845;846;0
1276;2;St.Pölten Hbf;870;871;0
1276;3;Linz/Donau Hbf;917;918;0
1276;4;Wels Hbf;933;934;0
1276;5;Simbach(Inn);1002;;0
1277;0;Wien Hbf;;960;0
1277;1;Wien Meidling;965;966;0
1277;2;St.Pölten Hbf;990;991;0
1277;3;Linz/Donau Hbf;1037;1038;0
1277;4;Wels Hbf;1053;1054;0
1277;5;Simbach(Inn);1122;;0
1278;0;Wien Hbf;;1080;0
1278;1;Wien Meidling;1085;1086;0
1278;2;St.Pölten Hbf;1110;1111;0
1278;3;Linz/Donau Hbf;1157;1158;0
1278;4;Wels Hbf;1173;1174;0
1278;5;Simbach(Inn);1242;;0
1279;0;Wien Hbf;;1200;0
1279;1;Wien Meidling;1205;1206;0
1279;2;St.Pölten Hbf;1230;1231;0
1279;3;Linz/Donau Hbf;1277;1278;0
1279;4;Wels Hbf;1293;1294;0
1279;5;Simbach(Inn);1362;;0
1280;0;Wien Hbf;;1320;0
1280;1;Wien Meidling;1325;1326;0
1280;2;St.Pölten Hbf;1350;1351;0
1280;3;Linz/Donau Hbf;1397;1398;0
1280;4;Wels Hbf;1413;1414;0
1280;5;Simbach(Inn);1482;;0
1281;0;Berlin Gesundbrunnen;;300;0
1281;1;Berlin-Lichtenberg;310;311;0
1281;2;Frankfurt(Oder);361;362;0
1281;3;Frankfurt(Oder)(Gr);364;365;0
1281;4;Rzepin;380;;0
1282;0;Berlin Gesundbrunnen;;360;0
1282;1;Berlin-Lichtenberg;370;371;0
1282;2;Frankfurt(Oder);421;422;0
1282;3;Frankfurt(Oder)(Gr);424;425;0
1282;4;Rzepin;440;;0
1283;0;Berlin Gesundbrunnen;;420;0
1283;1;Berlin-Lichtenberg;430;431;0
1283;2;Frankfurt(Oder);481;482;0
1283;3;Frankfurt(Oder)(Gr);484;485;0
1283;4;Rzepin;500;;0
1284;0;Berlin Gesundbrunnen;;480;0
1284;1;Berlin-Lichtenberg;490;491;0
1284;2;Frankfurt(Oder);541;542;0
1284;3;Frankfurt(Oder)(Gr);544;545;0
1284;4;Rzepin;560;;0
1285;0;Berlin Gesundbrunnen;;540;0
1285;1;Berlin-Lichtenberg;550;551;0
1285;2;Frankfurt(Oder);601;602;0
1285;3;Frankfurt(Oder)(Gr);604;605;0
1285;4;Rzepin;620;;0
1286;0;Berlin Gesundbrunnen;;600;0
1286;1;Berlin-Lichtenberg;610;611;0
1286;2;Frankfurt(Oder);661;662;0
1286;3;Frankfurt(Oder)(Gr);664;665;0
1286;4;Rzepin;680;;0
1287;0;Berlin Gesundbrunnen;;660;0
1287;1;Berlin-Lichtenberg;670;671;0
1287;2;Frankfurt(Oder);721;722;0
1287;3;Frankfurt(Oder)(Gr);724;725;0
1287;4;Rzepin;740;;0
1288;0;Berlin Gesundbrunnen;;720;0
1288;1;Berlin-Lichtenberg;730;731;0
1288;2;Frankfurt(Oder);781;782;0
1288;3;Frankfurt(Oder)(Gr);784;785;0
1288;4;Rzepin;800;;0
1289;0;Berlin Gesundbrunnen;;780;0
1289;1;Berlin-Lichtenberg;790;791;0
1289;2;Frankfurt(Oder);841;842;0
1289;3;Frankfurt(Oder)(Gr);844;845;0
1289;4;Rzepin;860;;0
1290;0;Berlin Gesundbrunnen;;840;0
1290;1;Berlin-Lichtenberg;850;851;0
1290;2;Frankfurt(Oder);901;902;0
1290;3;Frankfurt(Oder)(Gr);904;905;0
1290;4;Rzepin;920;;0
1291;0;Berlin Gesundbrunnen;;900;0
1291;1;Berlin-Lichtenberg;910;911;0
1291;2;Frankfurt(Oder);961;962;0
1291;3;Frankfurt(Oder)(Gr);964;965;0
1291;4;Rzepin;980;;0
1292;0;Berlin Gesundbrunnen;;960;0
1292;1;Berlin-Lichtenberg;970;971;0
1292;2;Frankfurt(Oder);1021;1022;0
1292;3;Frankfurt(Oder)(Gr);1024;1025;0
1292;4;Rzepin;1040;;0
1293;0;Berlin Gesundbrunnen;;1020;0
1293;1;Berlin-Lichtenberg;1030;1031;0
1293;2;Frankfurt(Oder);1081;1082;0
1293;3;Frankfurt(Oder)(Gr);1084;1085;0
1293;4;Rzepin;1100;;0
1294;0;Berlin Gesundbrunnen;;1080;0
1294;1;Berlin-Lichtenberg;1090;1091;0
1294;2;Frankfurt(Oder);1141;1142;0
1294;3;Frankfurt(Oder)(Gr);1144;1145;0
1294;4;Rzepin;1160;;0
1295;0;Berlin Gesundbrunnen;;1140;0
1295;1;Berlin-Lichtenberg;1150;1151;0
1295;2;Frankfurt(Oder);1201;1202;0
1295;3;Frankfurt(Oder)(Gr);1204;1205;0
1295;4;Rzepin;1220;;0
1296;0;Berlin Gesundbrunnen;;1200;0
1296;1;Berlin-Lichtenberg;1210;1211;0
1296;2;Frankfurt(Oder);1261;1262;0
1296;3;Frankfurt(Oder)(Gr);1264;1265;0
1296;4;Rzepin;1280;;0
1297;0;Berlin Gesundbrunnen;;1260;0
1297;1;Berlin-Lichtenberg;1270;1271;0
1297;2;Frankfurt(Oder);1321;1322;0
1297;3;Frankfurt(Oder)(Gr);1324;1325;0
1297;4;Rzepin;1340;;0
1298;0;Berlin Gesundbrunnen;;1320;0
1298;1;Berlin-Lichtenberg;1330;1331;0
1298;2;Frankfurt(Oder);1381;1382;0
1298;3;Frankfurt(Oder)(Gr);1384;1385;0
1298;4;Rzepin;1400;;0
1299;0;Berlin Gesundbrunnen;;1380;0
1299;1;Berlin-Lichtenberg;1390;1391;0
1299;2;Frankfurt(Oder);1441;1442;0
1299;3;Frankfurt(Oder)(Gr);1444;1445;0
1299;4;Rzepin;1460;;0
1300;0;Rzepin;;300;0
1300;1;Frankfurt(Oder)(Gr);316;317;0
1300;2;Frankfurt(Oder);320;321;0
1300;3;Berlin-Lichtenberg;374;375;0
1300;4;Berlin Gesundbrunnen;389;;0
1301;0;Rzepin;;360;0
1301;1;Frankfurt(Oder)(Gr);376;377;0
1301;2;Frankfurt(Oder);380;381;0
1301;3;Berlin-Lichtenberg;434;435;0
1301;4;Berlin Gesundbrunnen;449;;0
1302;0;Rzepin;;420;0
1302;1;Frankfurt(Oder)(Gr);436;437;0
1302;2;Frankfurt(Oder);440;441;0
1302;3;Berlin-Lichtenberg;494;495;0
1302;4;Berlin Gesundbrunnen;509;;0
1303;0;Rzepin;;480;0
1303;1;Frankfurt(Oder)(Gr);496;497;0
1303;2;Frankfurt(Oder);500;501;0
1303;3;Berlin-Lichtenberg;554;555;0
1303;4;Berlin Gesundbrunnen;569;;0
1304;0;Rzepin;;540;0
1304;1;Frankfurt(Oder)(Gr);556;557;0
1304;2;Frankfurt(Oder);560;561;0
1304;3;Berlin-Lichtenberg;614;615;0
1304;4;Berlin Gesundbrunnen;629;;0
1305;0;Rzepin;;600;0
1305;1;Frankfurt(Oder)(Gr);616;617;0
1305;2;Frankfurt(Oder);620;621;0
1305;3;Berlin-Lichtenberg;674;675;0
1305;4;Berlin Gesundbrunnen;689;;0
1306;0;Rzepin;;660;0
1306;1;Frankfurt(Oder)(Gr);676;677;0
1306;2;Frankfurt(Oder);680;681;0
1306;3;Berlin-Lichtenberg;734;735;0
1306;4;Berlin Gesundbrunnen;749;;0
1307;0;Rzepin;;720;0
1307;1;Frankfurt(Oder)(Gr);736;737;0
1307;2;Frankfurt(Oder);740;741;0
1307;3;Berlin-Lichtenberg;794;795;0
1307;4;Berlin Gesundbrunnen;809;;0
1308;0;Rzepin;;780;0
1308;1;Frankfurt(Oder)(Gr);796;797;0
1308;2;Frankfurt(Oder);800;801;0
1308;3;Berlin-Lichtenberg;854;855;0
1308;4;Berlin Gesundbrunnen;869;;0
1309;0;Rzepin;;840;0
1309;1;Frankfurt(Oder)(Gr);856;857;0
1309;2;Frankfurt(Oder);860;861;0
1309;3;Berlin-Lichtenberg;914;915;0
1309;4;Berlin Gesundbrunnen;929;;0
1310;0;Rzepin;;900;0
1310;1;Frankfurt(Oder)(Gr);916;917;0
1310;2;Frankfurt(Oder);920;921;0
1310;3;Berlin-Lichtenberg;974;975;0
1310;4;Berlin Gesundbrunnen;989;;0
1311;0;Rzepin;;960;0
1311;1;Frankfurt(Oder)(Gr);976;977;0
1311;2;Frankfurt(Oder);980;981;0
1311;3;Berlin-Lichtenberg;1034;1035;0
1311;4;Berlin Gesundbrunnen;1049;;0
1312;0;Rzepin;;1020;0
1312;1;Frankfurt(Oder)(Gr);1036;1037;0
1312;2;Frankfurt(Oder);1040;1041;0
1312;3;Berlin-Lichtenberg;1094;1095;0
1312;4;Berlin Gesundbrunnen;1109;;0
1313;0;Rzepin;;1080;0
1313;1;Frankfurt(Oder)(Gr);1096;1097;0
1313;2;Frankfurt(Oder);1100;1101;0
1313;3;Berlin-Lichtenberg;1154;1155;0
1313;4;Berlin Gesundbrunnen;1169;;0
1314;0;Rzepin;;1140;0
1314;1;Frankfurt(Oder)(Gr);1156;1157;0
1314;2;Frankfurt(Oder);1160;1161;0
1314;3;Berlin-Lichtenberg;1214;1215;0
1314;4;Berlin Gesundbrunnen;1229;;0
1315;0;Rzepin;;1200;0
1315;1;Frankfurt(Oder)(Gr);1216;1217;0
1315;2;Frankfurt(Oder);1220;1221;0
1315;3;Berlin-Lichtenberg;1274;1275;0
1315;4;Berlin Gesundbrunnen;1289;;0
1316;0;Rzepin;;1260;0
1316;1;Frankfurt(Oder)(Gr);1276;1277;0
1316;2;Frankfurt(Oder);1280;1281;0
1316;3;Berlin-Lichtenberg;1334;1335;0
1316;4;Berlin Gesundbrunnen;1349;;0
1317;0;Rzepin;;1320;0
1317;1;Frankfurt(Oder)(Gr);1336;1337;0
1317;2;Frankfurt(Oder);1340;1341;0
1317;3;Berlin-Lichtenberg;1394;1395;0
1317;4;Berlin Gesundbrunnen;1409;;0
1318;0;Rzepin;;1380;0
1318;1;Frankfurt(Oder)(Gr);1396;1397;0
1318;2;Frankfurt(Oder);1400;1401;0
1318;3;Berlin-Lichtenberg;1454;1455;0
1318;4;Berlin Gesundbrunnen;1469;;0
1319;0;Rzepin;;360;0
1319;1;Frankfurt(Oder)(Gr);377;378;0
1319;2;Frankfurt(Oder);381;382;0
1319;3;Berlin-Lichtenberg;438;;0
1320;0;Rzepin;;480;0
1320;1;Frankfurt(Oder)(Gr);497;498;0
1320;2;Frankfurt(Oder);501;502;0
1320;3;Berlin-Lichtenberg;558;;0
1321;0;Rzepin;;600;0
1321;1;Frankfurt(Oder)(Gr);617;618;0
1321;2;Frankfurt(Oder);621;622;0
1321;3;Berlin-Lichtenberg;678;;0
1322;0;Rzepin;;720;0
1322;1;Frankfurt(Oder)(Gr);737;738;0
1322;2;Frankfurt(Oder);741;742;0
1322;3;Berlin-Lichtenberg;798;;0
1323;0;Rzepin;;840;0
1323;1;Frankfurt(Oder)(Gr);857;858;0
1323;2;Frankfurt(Oder);861;862;0
1323;3;Berlin-Lichtenberg;918;;0
1324;0;Rzepin;;960;0
1324;1;Frankfurt(Oder)(Gr);977;978;0
1324;2;Frankfurt(Oder);981;982;0
1324;3;Berlin-Lichtenberg;1038;;0
1325;0;Rzepin;;1080;0
1325;1;Frankfurt(Oder)(Gr);1097;1098;0
1325;2;Frankfurt(Oder);1101;1102;0
1325;3;Berlin-Lichtenberg;1158;;0
1326;0;Rzepin;;1200;0
1326;1;Frankfurt(Oder)(Gr);1217;1218;0
1326;2;Frankfurt(Oder);1221;1222;0
1326;3;Berlin-Lichtenberg;1278;;0
1327;0;Rzepin;;1320;0
1327;1;Frankfurt(Oder)(Gr);1337;1338;0
1327;2;Frankfurt(Oder);1341;1342;0
1327;3;Berlin-Lichtenberg;1398;;0
1328;0;Berlin-Lichtenberg;;360;0
1328;1;Frankfurt(Oder);410;411;0
1328;2;Frankfurt(Oder)(Gr);414;415;0
1328;3;Rzepin;431;;0
1329;0;Berlin-Lichtenberg;;480;0
1329;1;Frankfurt(Oder);530;531;0
1329;2;Frankfurt(Oder)(Gr);534;535;0
1329;3;Rzepin;551;;0
1330;0;Berlin-Lichtenberg;;600;0
1330;1;Frankfurt(Oder);650;651;0
1330;2;Frankfurt(Oder)(Gr);654;655;0
1330;3;Rzepin;671;;0
1331;0;Berlin-Lichtenberg;;720;0
1331;1;Frankfurt(Oder);770;771;0
1331;2;Frankfurt(Oder)(Gr);774;775;0
1331;3;Rzepin;791;;0
1332;0;Berlin-Lichtenberg;;840;0
1332;1;Frankfurt(Oder);890;891;0
1332;2;Frankfurt(Oder)(Gr);894;895;0
1332;3;Rzepin;911;;0
1333;0;Berlin-Lichtenberg;;960;0
1333;1;Frankfurt(Oder);1010;1011;0
1333;2;Frankfurt(Oder)(Gr);1014;1015;0
1333;3;Rzepin;1031;;0
1334;0;Berlin-Lichtenberg;;1080;0
1334;1;Frankfurt(Oder);1130;1131;0
1334;2;Frankfurt(Oder)(Gr);1134;1135;0
1334;3;Rzepin;1151;;0
1335;0;Berlin-Lichtenberg;;1200;0
1335;1;Frankfurt(Oder);1250;1251;0
1335;2;Frankfurt(Oder)(Gr);1254;1255;0
1335;3;Rzepin;1271;;0
1336;0;Berlin-Lichtenberg;;1320;0
1336;1;Frankfurt(Oder);1370;1371;0
1336;2;Frankfurt(Oder)(Gr);1374;1375;0
1336;3;Rzepin;1391;;0
1337;0;Horka(Gr);;410;0
1337;1;Hoyerswerda;442;443;0
1337;2;Ruhland;460;461;0
1337;3;Elsterwerda;481;482;0
1337;4;Riesa;500;501;0
1337;5;Leipzig Hbf;538;;1
1338;0;Horka(Gr);;530;0
1338;1;Hoyerswerda;562;563;0
1338;2;Ruhland;580;581;0
1338;3;Elsterwerda;601;602;0
1338;4;Riesa;620;621;0
1338;5;Leipzig Hbf;658;;1
1339;0;Horka(Gr);;650;0
1339;1;Hoyerswerda;682;683;0
1339;2;Ruhland;700;701;0
1339;3;Elsterwerda;721;722;0
1339;4;Riesa;740;741;0
1339;5;Leipzig Hbf;778;;1
1340;0;Horka(Gr);;770;0
1340;1;Hoyerswerda;802;803;0
1340;2;Ruhland;820;821;0
1340;3;Elsterwerda;841;842;0
1340;4;Riesa;860;861;0
1340;5;Leipzig Hbf;898;;1
1341;0;Horka(Gr);;890;0
1341;1;Hoyerswerda;922;923;0
1341;2;Ruhland;940;941;0
1341;3;Elsterwerda;961;962;0
1341;4;Riesa;980;981;0
1341;5;Leipzig Hbf;1018;;1
1342;0;Horka(Gr);;1010;0
1342;1;Hoyerswerda;1042;1043;0
1342;2;Ruhland;1060;1061;0
1342;3;Elsterwerda;1081;1082;0
1342;4;Riesa;1100;1101;0
1342;5;Leipzig Hbf;1138;;1
1343;0;Horka(Gr);;1130;0
1343;1;Hoyerswerda;1162;1163;0
1343;2;Ruhland;1180;1181;0
1343;3;Elsterwerda;1201;1202;0
1343;4;Riesa;1220;1221;0
1343;5;Leipzig Hbf;1258;;1
1344;0;Horka(Gr);;1250;0
1344;1;Hoyerswerda;1282;1283;0
1344;2;Ruhland;1300;1301;0
1344;3;Elsterwerda;1321;1322;0
1344;4;Riesa;1340;1341;0
1344;5;Leipzig Hbf;1378;;1
1345;0;Horka(Gr);;1370;0
1345;1;Hoyerswerda;1402;1403;0
1345;2;Ruhland;1420;1421;0
1345;3;Elsterwerda;1441;1442;0
1345;4;Riesa;1460;1461;0
1345;5;Leipzig Hbf;1498;;1
1346;0;Leipzig Hbf;;365;1
1346;1;Riesa;399;400;0
1346;2;Elsterwerda;416;417;0
1346;3;Ruhland;437;438;0
1346;4;Hoyerswerda;456;457;0
1346;5;Horka(Gr);487;;0
1347;0;Leipzig Hbf;;485;1
1347;1;Riesa;519;520;0
1347;2;Elsterwerda;536;537;0
1347;3;Ruhland;557;558;0
1347;4;Hoyerswerda;576;577;0
1347;5;Horka(Gr);607;;0
1348;0;Leipzig Hbf;;605;1
1348;1;Riesa;639;640;0
1348;2;Elsterwerda;656;657;0
1348;3;Ruhland;677;678;0
1348;4;Hoyerswerda;696;697;0
1348;5;Horka(Gr);727;;0
1349;0;Leipzig Hbf;;725;1
1349;1;Riesa;759;760;0
1349;2;Elsterwerda;776;777;0
1349;3;Ruhland;797;798;0
1349;4;Hoyerswerda;816;817;0
1349;5;Horka(Gr);847;;0
1350;0;Leipzig Hbf;;845;1
1350;1;Riesa;879;880;0
1350;2;Elsterwerda;896;897;0
1350;3;Ruhland;917;918;0
1350;4;Hoyerswerda;936;937;0
1350;5;Horka(Gr);967;;0
1351;0;Leipzig Hbf;;965;1
1351;1;Riesa;999;1000;0
1351;2;Elsterwerda;1016;1017;0
1351;3;Ruhland;1037;1038;0
1351;4;Hoyerswerda;1056;1057;0
1351;5;Horka(Gr);1087;;0
1352;0;Leipzig Hbf;;1085;1
1352;1;Riesa;1119;1120;0
1352;2;Elsterwerda;1136;1137;0
1352;3;Ruhland;1157;1158;0
1352;4;Hoyerswerda;1176;1177;0
1352;5;Horka(Gr);1207;;0
1353;0;Leipzig Hbf;;1205;1
1353;1;Riesa;1239;1240;0
1353;2;Elsterwerda;1256;1257;0
1353;3;Ruhland;1277;1278;0
1353;4;Hoyerswerda;1296;1297;0
1353;5;Horka(Gr);1327;;0
1354;0;Leipzig Hbf;;1325;1
1354;1;Riesa;1359;1360;0
1354;2;Elsterwerda;1376;1377;0
1354;3;Ruhland;1397;1398;0
1354;4;Hoyerswerda;1416;1417;0
1354;5;Horka(Gr);1447;;0
1355;0;Breclav;;360;0
1355;1;Ostrava hl.n.;462;463;0
1355;2;Bohumin;470;471;0
1355;3;Bohumin(Gr);475;;0
1356;0;Breclav;;480;0
1356;1;Ostrava hl.n.;582;583;0
1356;2;Bohumin;590;591;0
1356;3;Bohumin(Gr);595;;0
1357;0;Breclav;;600;0
1357;1;Ostrava hl.n.;702;703;0
1357;2;Bohumin;710;711;0
1357;3;Bohumin(Gr);715;;0
1358;0;Breclav;;720;0
1358;1;Ostrava hl.n.;822;823;0
1358;2;Bohumin;830;831;0
1358;3;Bohumin(Gr);835;;0
1359;0;Breclav;;840;0
1359;1;Ostrava hl.n.;942;943;0
1359;2;Bohumin;950;951;0
1359;3;Bohumin(Gr);955;;0
1360;0;Breclav;;960;0
1360;1;Ostrava hl.n.;1062;1063;0
1360;2;Bohumin;1070;1071;0
1360;3;Bohumin(Gr);1075;;0
1361;0;Breclav;;1080;0
1361;1;Ostrava hl.n.;1182;1183;0
1361;2;Bohumin;1190;1191;0
1361;3;Bohumin(Gr);1195;;0
1362;0;Breclav;;1200;0
1362;1;Ostrava hl.n.;1302;1303;0
1362;2;Bohumin;1310;1311;0
1362;3;Bohumin(Gr);1315;;0
1363;0;Breclav;;1320;0
1363;1;Ostrava hl.n.;1422;1423;0
1363;2;Bohumin;1430;1431;0
1363;3;Bohumin(Gr);1435;;0
1364;0;Bohumin(Gr);;360;0
1364;1;Bohumin;364;365;0
1364;2;Ostrava hl.n.;372;373;0
1364;3;Breclav;474;;0
1365;0;Bohumin(Gr);;480;0
1365;1;Bohumin;484;485;0
1365;2;Ostrava hl.n.;492;493;0
1365;3;Breclav;594;;0
1366;0;Bohumin(Gr);;600;0
1366;1;Bohumin;604;605;0
1366;2;Ostrava hl.n.;612;613;0
1366;3;Breclav;714;;0
1367;0;Bohumin(Gr);;720;0
1367;1;Bohumin;724;725;0
1367;2;Ostrava hl.n.;732;733;0
1367;3;Breclav;834;;0
1368;0;Bohumin(Gr);;840;0
1368;1;Bohumin;844;845;0
1368;2;Ostrava hl.n.;852;853;0
1368;3;Breclav;954;;0
1369;0;Bohumin(Gr);;960;0
1369;1;Bohumin;964;965;0
1369;2;Ostrava hl.n.;972;973;0
1369;3;Breclav;1074;;0
1370;0;Bohumin(Gr);;1080;0
1370;1;Bohumin;1084;1085;0
1370;2;Ostrava hl.n.;1092;1093;0
1370;3;Breclav;1194;;0
1371;0;Bohumin(Gr);;1200;0
1371;1;Bohumin;1204;1205;0
1371;2;Ostrava hl.n.;1212;1213;0
1371;3;Breclav;1314;;0
1372;0;Bohumin(Gr);;1320;0
1372;1;Bohumin;1324;1325;0
1372;2;Ostrava hl.n.;1332;1333;0
1372;3;Breclav;1434;;0
1373;0;Zürich HB;;360;0
1373;1;Basel SBB;413;;0
1374;0;Zürich HB;;480;0
1374;1;Basel SBB;533;;0
1375;0;Zürich HB;;600;0
1375;1;Basel SBB;653;;0
1376;0;Zürich HB;;720;0
1376;1;Basel SBB;773;;0
1377;0;Zürich HB;;840;0
1377;1;Basel SBB;893;;0
1378;0;Zürich HB;;960;0
1378;1;Basel SBB;1013;;0
1379;0;Zürich HB;;1080;0
1379;1;Basel SBB;1133;;0
1380;0;Zürich HB;;1200;0
1380;1;Basel SBB;1253;;0
1381;0;Zürich HB;;1320;0
1381;1;Basel SBB;1373;;0
1382;0;Basel SBB;;360;0
1382;1;Zürich HB;447;;0
1383;0;Basel SBB;;480;0
1383;1;Zürich HB;567;;0
1384;0;Basel SBB;;600;0
1384;1;Zürich HB;687;;0
1385;0;Basel SBB;;720;0
1385;1;Zürich HB;807;;0
1386;0;Basel SBB;;840;0
1386;1;Zürich HB;927;;0
1387;0;Basel SBB;;960;0
1387;1;Zürich HB;1047;;0
1388;0;Basel SBB;;1080;0
1388;1;Zürich HB;1167;;0
1389;0;Basel SBB;;1200;0
1389;1;Zürich HB;1287;;0
1390;0;Basel SBB;;1320;0
1390;1;Zürich HB;1407;;0
1391;0;Fredericia st;;360;0
1391;1;Kolding st;370;371;0
1391;2;Lunderskov st;378;379;0
1391;3;Vamdrup st;383;384;0
1391;4;Vojens st;394;395;0
1391;5;Roedekro st;404;405;0
1391;6;Tinglev st;413;414;0
1391;7;Padborg st;424;425;0
1391;8;Flensburg(Gr);427;428;0
1391;9;Flensburg;437;;0
1392;0;Fredericia st;;480;0
1392;1;Kolding st;490;491;0
1392;2;Lunderskov st;498;499;0
1392;3;Vamdrup st;503;504;0
1392;4;Vojens st;514;515;0
1392;5;Roedekro st;524;525;0
1392;6;Tinglev st;533;534;0
1392;7;Padborg st;544;545;0
1392;8;Flensburg(Gr);547;548;0
1392;9;Flensburg;557;;0
1393;0;Fredericia st;;600;0
1393;1;Kolding st;610;611;0
1393;2;Lunderskov st;618;619;0
1393;3;Vamdrup st;623;624;0
1393;4;Vojens st;634;635;0
1393;5;Roedekro st;644;645;0
1393;6;Tinglev st;653;654;0
1393;7;Padborg st;664;665;0
1393;8;Flensburg(Gr);667;668;0
1393;9;Flensburg;677;;0
1394;0;Fredericia st;;720;0
1394;1;Kolding st;730;731;0
1394;2;Lunderskov st;738;739;0
1394;3;Vamdrup st;743;744;0
1394;4;Vojens st;754;755;0
1394;5;Roedekro st;764;765;0
1394;6;Tinglev st;773;774;0
1394;7;Padborg st;784;785;0
1394;8;Flensburg(Gr);787;788;0
1394;9;Flensburg;797;;0
1395;0;Fredericia st;;840;0
1395;1;Kolding st;850;851;0
1395;2;Lunderskov st;858;859;0
1395;3;Vamdrup st;863;864;0
1395;4;Vojens st;874;875;0
1395;5;Roedekro st;884;885;0
1395;6;Tinglev st;893;894;0
1395;7;Padborg st;904;905;0
1395;8;Flensburg(Gr);907;908;0
1395;9;Flensburg;917;;0
1396;0;Fredericia st;;960;0
1396;1;Kolding st;970;971;0
1396;2;Lunderskov st;978;979;0
1396;3;Vamdrup st;983;984;0
1396;4;Vojens st;994;995;0
1396;5;Roedekro st;1004;1005;0
1396;6;Tinglev st;1013;1014;0
1396;7;Padborg st;1024;1025;0
1396;8;Flensburg(Gr);1027;1028;0
1396;9;Flensburg;1037;;0
1397;0;Fredericia st;;1080;0
1397;1;Kolding st;1090;1091;0
1397;2;Lunderskov st;1098;1099;0
1397;3;Vamdrup st;1103;1104;0
1397;4;Vojens st;1114;1115;0
1397;5;Roedekro st;1124;1125;0
1397;6;Tinglev st;1133;1134;0
1397;7;Padborg st;1144;1145;0
1397;8;Flensburg(Gr);1147;1148;0
1397;9;Flensburg;1157;;0
1398;0;Fredericia st;;1200;0
1398;1;Kolding st;1210;1211;0
1398;2;Lunderskov st;1218;1219;0
1398;3;Vamdrup st;1223;1224;0
1398;4;Vojens st;1234;1235;0
1398;5;Roedekro st;1244;1245;0
1398;6;Tinglev st;1253;1254;0
1398;7;Padborg st;1264;1265;0
1398;8;Flensburg(Gr);1267;1268;0
1398;9;Flensburg;1277;;0
1399;0;Fredericia st;;1320;0
1399;1;Kolding st;1330;1331;0
1399;2;Lunderskov st;1338;1339;0
1399;3;Vamdrup st;1343;1344;0
1399;4;Vojens st;1354;1355;0
1399;5;Roedekro st;1364;1365;0
1399;6;Tinglev st;1373;1374;0
1399;7;Padborg st;1384;1385;0
1399;8;Flensburg(Gr);1387;1388;0
1399;9;Flensburg;1397;;0
1400;0;Flensburg;;360;0
1400;1;Flensburg(Gr);369;370;0
1400;2;Padborg st;371;372;0
1400;3;Tinglev st;381;382;0
1400;4;Roedekro st;390;391;0
1400;5;Vojens st;401;402;0
1400;6;Vamdrup st;412;413;0
1400;7;Lunderskov st;418;419;0
1400;8;Kolding st;426;427;0
1400;9;Fredericia st;439;;0
1401;0;Flensburg;;480;0
1401;1;Flensburg(Gr);489;490;0
1401;2;Padborg st;491;492;0
1401;3;Tinglev st;501;502;0
1401;4;Roedekro st;510;511;0
1401;5;Vojens st;521;522;0
1401;6;Vamdrup st;532;533;0
1401;7;Lunderskov st;538;539;0
1401;8;Kolding st;546;547;0
1401;9;Fredericia st;559;;0
1402;0;Flensburg;;600;0
1402;1;Flensburg(Gr);609;610;0
1402;2;Padborg st;611;612;0
1402;3;Tinglev st;621;622;0
1402;4;Roedekro st;630;631;0
1402;5;Vojens st;641;642;0
1402;6;Vamdrup st;652;653;0
1402;7;Lunderskov st;658;659;0
1402;8;Kolding st;666;667;0
1402;9;Fredericia st;679;;0
1403;0;Flensburg;;720;0
1403;1;Flensburg(Gr);729;730;0
1403;2;Padborg st;731;732;0
1403;3;Tinglev st;741;742;0
1403;4;Roedekro st;750;751;0
1403;5;Vojens st;761;762;0
1403;6;Vamdrup st;772;773;0
1403;7;Lunderskov st;778;779;0
1403;8;Kolding st;786;787;0
1403;9;Fredericia st;799;;0
1404;0;Flensburg;;840;0
1404;1;Flensburg(Gr);849;850;0
1404;2;Padborg st;851;852;0
1404;3;Tinglev st;861;862;0
1404;4;Roedekro st;870;871;0
1404;5;Vojens st;881;882;0
1404;6;Vamdrup st;892;893;0
1404;7;Lunderskov st;898;899;0
1404;8;Kolding st;906;907;0
1404;9;Fredericia st;919;;0
1405;0;Flensburg;;960;0
1405;1;Flensburg(Gr);969;970;0
1405;2;Padborg st;971;972;0
1405;3;Tinglev st;981;982;0
1405;4;Roedekro st;990;991;0
1405;5;Vojens st;1001;1002;0
1405;6;Vamdrup st;1012;1013;0
1405;7;Lunderskov st;1018;1019;0
1405;8;Kolding st;1026;1027;0
1405;9;Fredericia st;1039;;0
1406;0;Flensburg;;1080;0
1406;1;Flensburg(Gr);1089;1090;0
1406;2;Padborg st;1091;1092;0
1406;3;Tinglev st;1101;1102;0
1406;4;Roedekro st;1110;1111;0
1406;5;Vojens st;1121;1122;0
1406;6;Vamdrup st;1132;1133;0
1406;7;Lunderskov st;1138;1139;0
1406;8;Kolding st;1146;1147;0
1406;9;Fredericia st;1159;;0
1407;0;Flensburg;;1200;0
1407;1;Flensburg(Gr);1209;1210;0
1407;2;Padborg st;1211;1212;0
1407;3;Tinglev st;1221;1222;0
1407;4;Roedekro st;1230;1231;0
1407;5;Vojens st;1241;1242;0
1407;6;Vamdrup st;1252;1253;0
1407;7;Lunderskov st;1258;1259;0
1407;8;Kolding st;1266;1267;0
1407;9;Fredericia st;1279;;0
1408;0;Flensburg;;1320;0
1408;1;Flensburg(Gr);1329;1330;0
1408;2;Padborg st;1331;1332;0
1408;3;Tinglev st;1341;1342;0
1408;4;Roedekro st;1350;1351;0
1408;5;Vojens st;1361;1362;0
1408;6;Vamdrup st;1372;1373;0
1408;7;Lunderskov st;1378;1379;0
1408;8;Kolding st;1386;1387;0
1408;9;Fredericia st;1399;;0
1409;0;Wroclaw Glowny;;360;0
1409;1;Brzeg Dolny;381;382;0
1409;2;Wolow;390;391;0
1409;3;Scinawa;403;404;0
1409;4;Glogow;428;429;0
1409;5;Nowa Sol;449;450;0
1409;6;Zielona Gora Glowna;464;465;0
1409;7;Rzepin;508;509;0
1409;8;Kostrzyn;531;532;0
1409;9;Mieszkowice;548;549;0
1409;10;Chojna;561;562;0
1409;11;Gryfino;579;580;0
1409;12;Szczecin Glowny;595;596;0
1409;13;Szczecin Dabie;608;609;0
1409;14;Goleniow;624;625;0
1409;15;Wysoka Kamienska;641;642;0
1409;16;Miedzyzdroje;662;663;0
1409;17;Swinoujscie;674;;0
1410;0;Wroclaw Glowny;;480;0
1410;1;Brzeg Dolny;501;502;0
1410;2;Wolow;510;511;0
1410;3;Scinawa;523;524;0
1410;4;Glogow;548;549;0
1410;5;Nowa Sol;569;570;0
1410;6;Zielona Gora Glowna;584;585;0
1410;7;Rzepin;628;629;0
1410;8;Kostrzyn;651;652;0
1410;9;Mieszkowice;668;669;0
1410;10;Chojna;681;682;0
1410;11;Gryfino;699;700;0
1410;12;Szczecin Glowny;715;716;0
1410;13;Szczecin Dabie;728;729;0
1410;14;Goleniow;744;745;0
1410;15;Wysoka Kamienska;761;762;0
1410;16;Miedzyzdroje;782;783;0
1410;17;Swinoujscie;794;;0
1411;0;Wroclaw Glowny;;600;0
1411;1;Brzeg Dolny;621;622;0
1411;2;Wolow;630;631;0
1411;3;Scinawa;643;644;0
1411;4;Glogow;668;669;0
1411;5;Nowa Sol;689;690;0
1411;6;Zielona Gora Glowna;704;705;0
1411;7;Rzepin;748;749;0
1411;8;Kostrzyn;771;772;0
1411;9;Mieszkowice;788;789;0
1411;10;Chojna;801;802;0
1411;11;Gryfino;819;820;0
1411;12;Szczecin Glowny;835;836;0
1411;13;Szczecin Dabie;848;849;0
1411;14;Goleniow;864;865;0
1411;15;Wysoka Kamienska;881;882;0
1411;16;Miedzyzdroje;902;903;0
1411;17;Swinoujscie;914;;0
1412;0;Wroclaw Glowny;;720;0
1412;1;Brzeg Dolny;741;742;0
1412;2;Wolow;750;751;0
1412;3;Scinawa;763;764;0
1412;4;Glogow;788;789;0
1412;5;Nowa Sol;809;810;0
1412;6;Zielona Gora Glowna;824;825;0
1412;7;Rzepin;868;869;0
1412;8;Kostrzyn;891;892;0
1412;9;Mieszkowice;908;909;0
1412;10;Chojna;921;922;0
1412;11;Gryfino;939;940;0
1412;12;Szczecin Glowny;955;956;0
1412;13;Szczecin Dabie;968;969;0
1412;14;Goleniow;984;985;0
1412;15;Wysoka Kamienska;1001;1002;0
1412;16;Miedzyzdroje;1022;1023;0
1412;17;Swinoujscie;1034;;0
1413;0;Wroclaw Glowny;;840;0
1413;1;Brzeg Dolny;861;862;0
1413;2;Wolow;870;871;0
1413;3;Scinawa;883;884;0
1413;4;Glogow;908;909;0
1413;5;Nowa Sol;929;930;0
1413;6;Zielona Gora Glowna;944;945;0
1413;7;Rzepin;988;989;0
1413;8;Kostrzyn;1011;1012;0
1413;9;Mieszkowice;1028;1029;0
1413;10;Chojna;1041;1042;0
1413;11;Gryfino;1059;1060;0
1413;12;Szczecin Glowny;1075;1076;0
1413;13;Szczecin Dabie;1088;1089;0
1413;14;Goleniow;1104;1105;0
1413;15;Wysoka Kamienska;1121;1122;0
1413;16;Miedzyzdroje;1142;1143;0
1413;17;Swinoujscie;1154;;0
1414;0;Wroclaw Glowny;;960;0
1414;1;Brzeg Dolny;981;982;0
1414;2;Wolow;990;991;0
1414;3;Scinawa;1003;1004;0
1414;4;Glogow;1028;1029;0
1414;5;Nowa Sol;1049;1050;0
1414;6;Zielona Gora Glowna;1064;1065;0
1414;7;Rzepin;1108;1109;0
1414;8;Kostrzyn;1131;1132;0
1414;9;Mieszkowice;1148;1149;0
1414;10;Chojna;1161;1162;0
1414;11;Gryfino;1179;1180;0
1414;12;Szczecin Glowny;1195;1196;0
1414;13;Szczecin Dabie;1208;1209;0
1414;14;Goleniow;1224;1225;0
1414;15;Wysoka Kamienska;1241;1242;0
1414;16;Miedzyzdroje;1262;1263;0
1414;17;Swinoujscie;1274;;0
1415;0;Wroclaw Glowny;;1080;0
1415;1;Brzeg Dolny;1101;1102;0
1415;2;Wolow;1110;1111;0
1415;3;Scinawa;1123;1124;0
1415;4;Glogow;1148;1149;0
1415;5;Nowa Sol;1169;1170;0
1415;6;Zielona Gora Glowna;1184;1185;0
1415;7;Rzepin;1228;1229;0
1415;8;Kostrzyn;1251;1252;0
1415;9;Mieszkowice;1268;1269;0
1415;10;Chojna;1281;1282;0
1415;11;Gryfino;1299;1300;0
1415;12;Szczecin Glowny;1315;1316;0
1415;13;Szczecin Dabie;1328;1329;0
1415;14;Goleniow;1344;1345;0
1415;15;Wysoka Kamienska;1361;1362;0
1415;16;Miedzyzdroje;1382;1383;0
1415;17;Swinoujscie;1394;;0
1416;0;Wroclaw Glowny;;1200;0
1416;1;Brzeg Dolny;1221;1222;0
1416;2;Wolow;1230;1231;0
1416;3;Scinawa;1243;1244;0
1416;4;Glogow;1268;1269;0
1416;5;Nowa Sol;1289;1290;0
1416;6;Zielona Gora Glowna;1304;1305;0
1416;7;Rzepin;1348;1349;0
1416;8;Kostrzyn;1371;1372;0
1416;9;Mieszkowice;1388;1389;0
1416;10;Chojna;1401;1402;0
1416;11;Gryfino;1419;1420;0
1416;12;Szczecin Glowny;1435;1436;0
1416;13;Szczecin Dabie;1448;1449;0
1416;14;Goleniow;1464;1465;0
1416;15;Wysoka Kamienska;1481;1482;0
1416;16;Miedzyzdroje;1502;1503;0
1416;17;Swinoujscie;1514;;0
1417;0;Wroclaw Glowny;;1320;0
1417;1;Brzeg Dolny;1341;1342;0
1417;2;Wolow;1350;1351;0
1417;3;Scinawa;1363;1364;0
1417;4;Glogow;1388;1389;0
1417;5;Nowa Sol;1409;1410;0
1417;6;Zielona Gora Glowna;1424;1425;0
1417;7;Rzepin;1468;1469;0
1417;8;Kostrzyn;1491;1492;0
1417;9;Mieszkowice;1508;1509;0
1417;10;Chojna;1521;1522;0
1417;11;Gryfino;1539;1540;0
1417;12;Szczecin Glowny;1555;1556;0
1417;13;Szczecin Dabie;1568;1569;0
1417;14;Goleniow;1584;1585;0
1417;15;Wysoka Kamienska;1601;1602;0
1417;16;Miedzyzdroje;1622;1623;0
1417;17;Swinoujscie;1634;;0
1418;0;Swinoujscie;;360;0
1418;1;Miedzyzdroje;370;371;0
1418;2;Wysoka Kamienska;392;393;0
1418;3;Goleniow;409;410;0
1418;4;Szczecin Dabie;426;427;0
1418;5;Szczecin Glowny;439;440;0
1418;6;Gryfino;455;456;0
1418;7;Chojna;473;474;0
1418;8;Mieszkowice;486;487;0
1418;9;Kostrzyn;504;505;0
1418;10;Rzepin;528;529;0
1418;11;Zielona Gora Glowna;572;573;0
1418;12;Nowa Sol;587;588;0
1418;13;Glogow;609;610;0
1418;14;Scinawa;635;636;0
1418;15;Wolow;649;650;0
1418;16;Brzeg Dolny;657;658;0
1418;17;Wroclaw Glowny;680;;0
1419;0;Swinoujscie;;480;0
1419;1;Miedzyzdroje;490;491;0
1419;2;Wysoka Kamienska;512;513;0
1419;3;Goleniow;529;530;0
1419;4;Szczecin Dabie;546;547;0
1419;5;Szczecin Glowny;559;560;0
1419;6;Gryfino;575;576;0
1419;7;Chojna;593;594;0
1419;8;Mieszkowice;606;607;0
1419;9;Kostrzyn;624;625;0
1419;10;Rzepin;648;649;0
1419;11;Zielona Gora Glowna;692;693;0
1419;12;Nowa Sol;707;708;0
1419;13;Glogow;729;730;0
1419;14;Scinawa;755;756;0
1419;15;Wolow;769;770;0
1419;16;Brzeg Dolny;777;778;0
1419;17;Wroclaw Glowny;800;;0
1420;0;Swinoujscie;;600;0
1420;1;Miedzyzdroje;610;611;0
1420;2;Wysoka Kamienska;632;633;0
1420;3;Goleniow;649;650;0
1420;4;Szczecin Dabie;666;667;0
1420;5;Szczecin Glowny;679;680;0
1420;6;Gryfino;695;696;0
1420;7;Chojna;713;714;0
1420;8;Mieszkowice;726;727;0
1420;9;Kostrzyn;744;745;0
1420;10;Rzepin;768;769;0
1420;11;Zielona Gora Glowna;812;813;0
1420;12;Nowa Sol;827;828;0
1420;13;Glogow;849;850;0
1420;14;Scinawa;875;876;0
1420;15;Wolow;889;890;0
1420;16;Brzeg Dolny;897;898;0
1420;17;Wroclaw Glowny;920;;0
1421;0;Swinoujscie;;720;0
1421;1;Miedzyzdroje;730;731;0
1421;2;Wysoka Kamienska;752;753;0
1421;3;Goleniow;769;770;0
1421;4;Szczecin Dabie;786;787;0
1421;5;Szczecin Glowny;799;800;0
1421;6;Gryfino;815;816;0
1421;7;Chojna;833;834;0
1421;8;Mieszkowice;846;847;0
1421;9;Kostrzyn;864;865;0
1421;10;Rzepin;888;889;0
1421;11;Zielona Gora Glowna;932;933;0
1421;12;Nowa Sol;947;948;0
1421;13;Glogow;969;970;0
1421;14;Scinawa;995;996;0
1421;15;Wolow;1009;1010;0
1421;16;Brzeg Dolny;1017;1018;0
1421;17;Wroclaw Glowny;1040;;0
1422;0;Swinoujscie;;840;0
1422;1;Miedzyzdroje;850;851;0
1422;2;Wysoka Kamienska;872;873;0
1422;3;Goleniow;889;890;0
1422;4;Szczecin Dabie;906;907;0
1422;5;Szczecin Glowny;919;920;0
1422;6;Gryfino;935;936;0
1422;7;Chojna;953;954;0
1422;8;Mieszkowice;966;967;0
1422;9;Kostrzyn;984;985;0
1422;10;Rzepin;1008;1009;0
1422;11;Zielona Gora Glowna;1052;1053;0
1422;12;Nowa Sol;1067;1068;0
1422;13;Glogow;1089;1090;0
1422;14;Scinawa;1115;1116;0
1422;15;Wolow;1129;1130;0
1422;16;Brzeg Dolny;1137;1138;0
1422;17;Wroclaw Glowny;1160;;0
1423;0;Swinoujscie;;960;0
1423;1;Miedzyzdroje;970;971;0
1423;2;Wysoka Kamienska;992;993;0
1423;3;Goleniow;1009;1010;0
1423;4;Szczecin Dabie;1026;1027;0
1423;5;Szczecin Glowny;1039;1040;0
1423;6;Gryfino;1055;1056;0
1423;7;Chojna;1073;1074;0
1423;8;Mieszkowice;1086;1087;0
1423;9;Kostrzyn;1104;1105;0
1423;10;Rzepin;1128;1129;0
1423;11;Zielona Gora Glowna;1172;1173;0
1423;12;Nowa Sol;1187;1188;0
1423;13;Glogow;1209;1210;0
1423;14;Scinawa;1235;1236;0
1423;15;Wolow;1249;1250;0
1423;16;Brzeg Dolny;1257;1258;0
1423;17;Wroclaw Glowny;1280;;0
1424;0;Swinoujscie;;1080;0
1424;1;Miedzyzdroje;1090;1091;0
1424;2;Wysoka Kamienska;1112;1113;0
1424;3;Goleniow;1129;1130;0
1424;4;Szczecin Dabie;1146;1147;0
1424;5;Szczecin Glowny;1159;1160;0
1424;6;Gryfino;1175;1176;0
1424;7;Chojna;1193;1194;0
1424;8;Mieszkowice;1206;1207;0
1424;9;Kostrzyn;1224;1225;0
1424;10;Rzepin;1248;1249;0
1424;11;Zielona Gora Glowna;1292;1293;0
1424;12;Nowa Sol;1307;1308;0
1424;13;Glogow;1329;1330;0
1424;14;Scinawa;1355;1356;0
1424;15;Wolow;1369;1370;0
1424;16;Brzeg Dolny;1377;1378;0
1424;17;Wroclaw Glowny;1400;;0
1425;0;Swinoujscie;;1200;0
1425;1;Miedzyzdroje;1210;1211;0
1425;2;Wysoka Kamienska;1232;1233;0
1425;3;Goleniow;1249;1250;0
1425;4;Szczecin Dabie;1266;1267;0
1425;5;Szczecin Glowny;1279;1280;0
1425;6;Gryfino;1295;1296;0
1425;7;Chojna;1313;1314;0
1425;8;Mieszkowice;1326;1327;0
1425;9;Kostrzyn;1344;1345;0
1425;10;Rzepin;1368;1369;0
1425;11;Zielona Gora Glowna;1412;1413;0
1425;12;Nowa Sol;1427;1428;0
1425;13;Glogow;1449;1450;0
1425;14;Scinawa;1475;1476;0
1425;15;Wolow;1489;1490;0
1425;16;Brzeg Dolny;1497;1498;0
1425;17;Wroclaw Glowny;1520;;0
1426;0;Swinoujscie;;1320;0
1426;1;Miedzyzdroje;1330;1331;0
1426;2;Wysoka Kamienska;1352;1353;0
1426;3;Goleniow;1369;1370;0
1426;4;Szczecin Dabie;1386;1387;0
1426;5;Szczecin Glowny;1399;1400;0
1426;6;Gryfino;1415;1416;0
1426;7;Chojna;1433;1434;0
1426;8;Mieszkowice;1446;1447;0
1426;9;Kostrzyn;1464;1465;0
1426;10;Rzepin;1488;1489;0
1426;11;Zielona Gora Glowna;1532;1533;0
1426;12;Nowa Sol;1547;1548;0
1426;13;Glogow;1569;1570;0
1426;14;Scinawa;1595;1596;0
1426;15;Wolow;1609;1610;0
1426;16;Brzeg Dolny;1617;1618;0
1426;17;Wroclaw Glowny;1640;;0
1427;0;Schaffhausen;;300;0
1427;1;Zürich HB;336;;0
1428;0;Schaffhausen;;360;0
1428;1;Zürich HB;396;;0
1429;0;Schaffhausen;;420;0
1429;1;Zürich HB;456;;0
1430;0;Schaffhausen;;480;0
1430;1;Zürich HB;516;;0
1431;0;Schaffhausen;;540;0
1431;1;Zürich HB;576;;0
1432;0;Schaffhausen;;600;0
1432;1;Zürich HB;636;;0
1433;0;Schaffhausen;;660;0
1433;1;Zürich HB;696;;0
1434;0;Schaffhausen;;720;0
1434;1;Zürich HB;756;;0
1435;0;Schaffhausen;;780;0
1435;1;Zürich HB;816;;0
1436;0;Schaffhausen;;840;0
1436;1;Zürich HB;876;;0
1437;0;Schaffhausen;;900;0
1437;1;Zürich HB;936;;0
1438;0;Schaffhausen;;960;0
1438;1;Zürich HB;996;;0
1439;0;Schaffhausen;;1020;0
1439;1;Zürich HB;1056;;0
1440;0;Schaffhausen;;1080;0
1440;1;Zürich HB;1116;;0
1441;0;Schaffhausen;;1140;0
1441;1;Zürich HB;1176;;0
1442;0;Schaffhausen;;1200;0
1442;1;Zürich HB;1236;;0
1443;0;Schaffhausen;;1260;0
1443;1;Zürich HB;1296;;0
1444;0;Schaffhausen;;1320;0
1444;1;Zürich HB;1356;;0
1445;0;Schaffhausen;;1380;0
1445;1;Zürich HB;1416;;0
1446;0;Zürich HB;;300;0
1446;1;Schaffhausen;336;;0
1447;0;Zürich HB;;360;0
1447;1;Schaffhausen;396;;0
1448;0;Zürich HB;;420;0
1448;1;Schaffhausen;456;;0
1449;0;Zürich HB;;480;0
1449;1;Schaffhausen;516;;0
1450;0;Zürich HB;;540;0
1450;1;Schaffhausen;576;;0
1451;0;Zürich HB;;600;0
1451;1;Schaffhausen;636;;0
1452;0;Zürich HB;;660;0
1452;1;Schaffhausen;696;;0
1453;0;Zürich HB;;720;0
1453;1;Schaffhausen;756;;0
1454;0;Zürich HB;;780;0
1454;1;Schaffhausen;816;;0
1455;0;Zürich HB;;840;0
1455;1;Schaffhausen;876;;0
1456;0;Zürich HB;;900;0
1456;1;Schaffhausen;936;;0
1457;0;Zürich HB;;960;0
1457;1;Schaffhausen;996;;0
1458;0;Zürich HB;;1020;0
1458;1;Schaffhausen;1056;;0
1459;0;Zürich HB;;1080;0
1459;1;Schaffhausen;1116;;0
1460;0;Zürich HB;;1140;0
1460;1;Schaffhausen;1176;;0
1461;0;Zürich HB;;1200;0
1461;1;Schaffhausen;1236;;0
1462;0;Zürich HB;;1260;0
1462;1;Schaffhausen;1296;;0
1463;0;Zürich HB;;1320;0
1463;1;Schaffhausen;1356;;0
1464;0;Zürich HB;;1380;0
1464;1;Schaffhausen;1416;;0
1465;0;Wien Hbf;;360;0
1465;1;Breclav(Gr);430;431;0
1465;2;Breclav;436;;0
1466;0;Wien Hbf;;480;0
1466;1;Breclav(Gr);550;551;0
1466;2;Breclav;556;;0
1467;0;Wien Hbf;;600;0
1467;1;Breclav(Gr);670;671;0
1467;2;Breclav;676;;0
1468;0;Wien Hbf;;720;0
1468;1;Breclav(Gr);790;791;0
1468;2;Breclav;796;;0
1469;0;Wien Hbf;;840;0
1469;1;Breclav(Gr);910;911;0
1469;2;Breclav;916;;0
1470;0;Wien Hbf;;960;0
1470;1;Breclav(Gr);1030;1031;0
1470;2;Breclav;1036;;0
1471;0;Wien Hbf;;1080;0
1471;1;Breclav(Gr);1150;1151;0
1471;2;Breclav;1156;;0
1472;0;Wien Hbf;;1200;0
1472;1;Breclav(Gr);1270;1271;0
1472;2;Breclav;1276;;0
1473;0;Wien Hbf;;1320;0
1473;1;Breclav(Gr);1390;1391;0
1473;2;Breclav;1396;;0
1474;0;Breclav;;360;0
1474;1;Breclav(Gr);364;365;0
1474;2;Wien Hbf;426;;0
1475;0;Breclav;;480;0
1475;1;Breclav(Gr);484;485;0
1475;2;Wien Hbf;546;;0
1476;0;Breclav;;600;0
1476;1;Breclav(Gr);604;605;0
1476;2;Wien Hbf;666;;0
1477;0;Breclav;;720;0
1477;1;Breclav(Gr);724;725;0
1477;2;Wien Hbf;786;;0
1478;0;Breclav;;840;0
1478;1;Breclav(Gr);844;845;0
1478;2;Wien Hbf;906;;0
1479;0;Breclav;;960;0
1479;1;Breclav(Gr);964;965;0
1479;2;Wien Hbf;1026;;0
1480;0;Breclav;;1080;0
1480;1;Breclav(Gr);1084;1085;0
1480;2;Wien Hbf;1146;;0
1481;0;Breclav;;1200;0
1481;1;Breclav(Gr);1204;1205;0
1481;2;Wien Hbf;1266;;0
1482;0;Breclav;;1320;0
1482;1;Breclav(Gr);1324;1325;0
1482;2;Wien Hbf;1386;;0
1483;0;Zürich HB;;360;0
1483;1;Olten;390;391;0
1483;2;Bern;418;;0
1484;0;Zürich HB;;480;0
1484;1;Olten;510;511;0
1484;2;Bern;538;;0
1485;0;Zürich HB;;600;0
1485;1;Olten;630;631;0
1485;2;Bern;658;;0
1486;0;Zürich HB;;720;0
1486;1;Olten;750;751;0
1486;2;Bern;778;;0
1487;0;Zürich HB;;840;0
1487;1;Olten;870;871;0
1487;2;Bern;898;;0
1488;0;Zürich HB;;960;0
1488;1;Olten;990;991;0
1488;2;Bern;1018;;0
1489;0;Zürich HB;;1080;0
1489;1;Olten;1110;1111;0
1489;2;Bern;1138;;0
1490;0;Zürich HB;;1200;0
1490;1;Olten;1230;1231;0
1490;2;Bern;1258;;0
1491;0;Zürich HB;;1320;0
1491;1;Olten;1350;1351;0
1491;2;Bern;1378;;0
1492;0;Bern;;360;0
1492;1;Olten;387;388;0
1492;2;Zürich HB;418;;0
1493;0;Bern;;480;0
1493;1;Olten;507;508;0
1493;2;Zürich HB;538;;0
1494;0;Bern;;600;0
1494;1;Olten;627;628;0
1494;2;Zürich HB;658;;0
1495;0;Bern;;720;0
1495;1;Olten;747;748;0
1495;2;Zürich HB;778;;0
1496;0;Bern;;840;0
1496;1;Olten;867;868;0
1496;2;Zürich HB;898;;0
1497;0;Bern;;960;0
1497;1;Olten;987;988;0
1497;2;Zürich HB;1018;;0
1498;0;Bern;;1080;0
1498;1;Olten;1107;1108;0
1498;2;Zürich HB;1138;;0
1499;0;Bern;;1200;0
1499;1;Olten;1227;1228;0
1499;2;Zürich HB;1258;;0
1500;0;Bern;;1320;0
1500;1;Olten;1347;1348;0
1500;2;Zürich HB;1378;;0
1501;0;Dresden Hbf;;377;1
1501;1;Dresden-Neustadt;382;383;0
1501;2;Elsterwerda;409;410;0
1501;3;Flughafen BER;467;468;0
1501;4;Berlin Ostkreuz;489;490;0
1501;5;Oranienburg;521;522;0
1501;6;Neustrelitz Hbf;555;556;0
1501;7;Waren(Müritz);572;573;0
1501;8;Rostock Hbf;611;;0
1502;0;Dresden Hbf;;497;1
1502;1;Dresden-Neustadt;502;503;0
1502;2;Elsterwerda;529;530;0
1502;3;Flughafen BER;587;588;0
1502;4;Berlin Ostkreuz;609;610;0
1502;5;Oranienburg;641;642;0
1502;6;Neustrelitz Hbf;675;676;0
1502;7;Waren(Müritz);692;693;0
1502;8;Rostock Hbf;731;;0
1503;0;Dresden Hbf;;617;1
1503;1;Dresden-Neustadt;622;623;0
1503;2;Elsterwerda;649;650;0
1503;3;Flughafen BER;707;708;0
1503;4;Berlin Ostkreuz;729;730;0
1503;5;Oranienburg;761;762;0
1503;6;Neustrelitz Hbf;795;796;0
1503;7;Waren(Müritz);812;813;0
1503;8;Rostock Hbf;851;;0
1504;0;Dresden Hbf;;737;1
1504;1;Dresden-Neustadt;742;743;0
1504;2;Elsterwerda;769;770;0
1504;3;Flughafen BER;827;828;0
1504;4;Berlin Ostkreuz;849;850;0
1504;5;Oranienburg;881;882;0
1504;6;Neustrelitz Hbf;915;916;0
1504;7;Waren(Müritz);932;933;0
1504;8;Rostock Hbf;971;;0
1505;0;Dresden Hbf;;857;1
1505;1;Dresden-Neustadt;862;863;0
1505;2;Elsterwerda;889;890;0
1505;3;Flughafen BER;947;948;0
1505;4;Berlin Ostkreuz;969;970;0
1505;5;Oranienburg;1001;1002;0
1505;6;Neustrelitz Hbf;1035;1036;0
1505;7;Waren(Müritz);1052;1053;0
1505;8;Rostock Hbf;1091;;0
1506;0;Dresden Hbf;;977;1
1506;1;Dresden-Neustadt;982;983;0
1506;2;Elsterwerda;1009;1010;0
1506;3;Flughafen BER;1067;1068;0
1506;4;Berlin Ostkreuz;1089;1090;0
1506;5;Oranienburg;1121;1122;0
1506;6;Neustrelitz Hbf;1155;1156;0
1506;7;Waren(Müritz);1172;1173;0
1506;8;Rostock Hbf;1211;;0
1507;0;Dresden Hbf;;1097;1
1507;1;Dresden-Neustadt;1102;1103;0
1507;2;Elsterwerda;1129;1130;0
1507;3;Flughafen BER;1187;1188;0
1507;4;Berlin Ostkreuz;1209;1210;0
1507;5;Oranienburg;1241;1242;0
1507;6;Neustrelitz Hbf;1275;1276;0
1507;7;Waren(Müritz);1292;1293;0
1507;8;Rostock Hbf;1331;;0
1508;0;Dresden Hbf;;1217;1
1508;1;Dresden-Neustadt;1222;1223;0
1508;2;Elsterwerda;1249;1250;0
1508;3;Flughafen BER;1307;1308;0
1508;4;Berlin Ostkreuz;1329;1330;0
1508;5;Oranienburg;1361;1362;0
1508;6;Neustrelitz Hbf;1395;1396;0
1508;7;Waren(Müritz);1412;1413;0
1508;8;Rostock Hbf;1451;;0
1509;0;Dresden Hbf;;1337;1
1509;1;Dresden-Neustadt;1342;1343;0
1509;2;Elsterwerda;1369;1370;0
1509;3;Flughafen BER;1427;1428;0
1509;4;Berlin Ostkreuz;1449;1450;0
1509;5;Oranienburg;1481;1482;0
1509;6;Neustrelitz Hbf;1515;1516;0
1509;7;Waren(Müritz);1532;1533;0
1509;8;Rostock Hbf;1571;;0
1510;0;Rostock Hbf;;376;0
1510;1;Waren(Müritz);415;416;0
1510;2;Neustrelitz Hbf;433;434;0
1510;3;Oranienburg;467;468;0
1510;4;Berlin Ostkreuz;499;500;0
1510;5;Flughafen BER;518;519;0
1510;6;Elsterwerda;575;576;0
1510;7;Dresden-Neustadt;604;605;0
1510;8;Dresden Hbf;610;;1
1511;0;Rostock Hbf;;496;0
1511;1;Waren(Müritz);535;536;0
1511;2;Neustrelitz Hbf;553;554;0
1511;3;Oranienburg;587;588;0
1511;4;Berlin Ostkreuz;619;620;0
1511;5;Flughafen BER;638;639;0
1511;6;Elsterwerda;695;696;0
1511;7;Dresden-Neustadt;724;725;0
1511;8;Dresden Hbf;730;;1
1512;0;Rostock Hbf;;616;0
1512;1;Waren(Müritz);655;656;0
1512;2;Neustrelitz Hbf;673;674;0
1512;3;Oranienburg;707;708;0
1512;4;Berlin Ostkreuz;739;740;0
1512;5;Flughafen BER;758;759;0
1512;6;Elsterwerda;815;816;0
1512;7;Dresden-Neustadt;844;845;0
1512;8;Dresden Hbf;850;;1
1513;0;Rostock Hbf;;736;0
1513;1;Waren(Müritz);775;776;0
1513;2;Neustrelitz Hbf;793;794;0
1513;3;Oranienburg;827;828;0
1513;4;Berlin Ostkreuz;859;860;0
1513;5;Flughafen BER;878;879;0
1513;6;Elsterwerda;935;936;0
1513;7;Dresden-Neustadt;964;965;0
1513;8;Dresden Hbf;970;;1
1514;0;Rostock Hbf;;856;0
1514;1;Waren(Müritz);895;896;0
1514;2;Neustrelitz Hbf;913;914;0
1514;3;Oranienburg;947;948;0
1514;4;Berlin Ostkreuz;979;980;0
1514;5;Flughafen BER;998;999;0
1514;6;Elsterwerda;1055;1056;0
1514;7;Dresden-Neustadt;1084;1085;0
1514;8;Dresden Hbf;1090;;1
1515;0;Rostock Hbf;;976;0
1515;1;Waren(Müritz);1015;1016;0
1515;2;Neustrelitz Hbf;1033;1034;0
1515;3;Oranienburg;1067;1068;0
1515;4;Berlin Ostkreuz;1099;1100;0
1515;5;Flughafen BER;1118;1119;0
1515;6;Elsterwerda;1175;1176;0
1515;7;Dresden-Neustadt;1204;1205;0
1515;8;Dresden Hbf;1210;;1
1516;0;Rostock Hbf;;1096;0
1516;1;Waren(Müritz);1135;1136;0
1516;2;Neustrelitz Hbf;1153;1154;0
1516;3;Oranienburg;1187;1188;0
1516;4;Berlin Ostkreuz;1219;1220;0
1516;5;Flughafen BER;1238;1239;0
1516;6;Elsterwerda;1295;1296;0
1516;7;Dresden-Neustadt;1324;1325;0
1516;8;Dresden Hbf;1330;;1
1517;0;Rostock Hbf;;1216;0
1517;1;Waren(Müritz);1255;1256;0
1517;2;Neustrelitz Hbf;1273;1274;0
1517;3;Oranienburg;1307;1308;0
1517;4;Berlin Ostkreuz;1339;1340;0
1517;5;Flughafen BER;1358;1359;0
1517;6;Elsterwerda;1415;1416;0
1517;7;Dresden-Neustadt;1444;1445;0
1517;8;Dresden Hbf;1450;;1
1518;0;Rostock Hbf;;1336;0
1518;1;Waren(Müritz);1375;1376;0
1518;2;Neustrelitz Hbf;1393;1394;0
1518;3;Oranienburg;1427;1428;0
1518;4;Berlin Ostkreuz;1459;1460;0
1518;5;Flughafen BER;1478;1479;0
1518;6;Elsterwerda;1535;1536;0
1518;7;Dresden-Neustadt;1564;1565;0
1518;8;Dresden Hbf;1570;;1
1519;0;Norddeich Mole;;409;0
1519;1;Norddeich;410;411;0
1519;2;Norden;417;418;0
1519;3;Emden Hbf;440;441;0
1519;4;Leer(Ostfriesl);458;459;0
1519;5;Papenburg(Ems);469;470;0
1519;6;Meppen;496;497;0
1519;7;Lingen(Ems);509;510;0
1519;8;Rheine;528;529;0
1519;9;Münster(Westf)Hbf;553;560;1
1519;10;Recklinghausen Hbf;597;598;0
1519;11;Herne-Wanne-Eickel Hbf;607;608;0
1519;12;Gelsenkirchen Hbf;615;617;0
1519;13;Oberhausen Hbf;632;633;0
1519;14;Duisburg Hbf;641;647;1
1519;15;Düsseldorf Hbf;669;671;0
1519;16;Köln Hbf;714;;1
1520;0;Norddeich Mole;;529;0
1520;1;Norddeich;530;531;0
1520;2;Norden;537;538;0
1520;3;Emden Hbf;560;561;0
1520;4;Leer(Ostfriesl);578;579;0
1520;5;Papenburg(Ems);589;590;0
1520;6;Meppen;616;617;0
1520;7;Lingen(Ems);629;630;0
1520;8;Rheine;648;649;0
1520;9;Münster(Westf)Hbf;673;680;1
1520;10;Recklinghausen Hbf;717;718;0
1520;11;Herne-Wanne-Eickel Hbf;727;728;0
1520;12;Gelsenkirchen Hbf;735;737;0
1520;13;Oberhausen Hbf;752;753;0
1520;14;Duisburg Hbf;761;767;1
1520;15;Düsseldorf Hbf;789;791;0
1520;16;Köln Hbf;834;;1
1521;0;Norddeich Mole;;649;0
1521;1;Norddeich;650;651;0
1521;2;Norden;657;658;0
1521;3;Emden Hbf;680;681;0
1521;4;Leer(Ostfriesl);698;699;0
1521;5;Papenburg(Ems);709;710;0
1521;6;Meppen;736;737;0
1521;7;Lingen(Ems);749;750;0
1521;8;Rheine;768;769;0
1521;9;Münster(Westf)Hbf;793;800;1
1521;10;Recklinghausen Hbf;837;838;0
1521;11;Herne-Wanne-Eickel Hbf;847;848;0
1521;12;Gelsenkirchen Hbf;855;857;0
1521;13;Oberhausen Hbf;872;873;0
1521;14;Duisburg Hbf;881;887;1
1521;15;Düsseldorf Hbf;909;911;0
1521;16;Köln Hbf;954;;1
1522;0;Norddeich Mole;;769;0
1522;1;Norddeich;770;771;0
1522;2;Norden;777;778;0
1522;3;Emden Hbf;800;801;0
1522;4;Leer(Ostfriesl);818;819;0
1522;5;Papenburg(Ems);829;830;0
1522;6;Meppen;856;857;0
1522;7;Lingen(Ems);869;870;0
1522;8;Rheine;888;889;0
1522;9;Münster(Westf)Hbf;913;920;1
1522;10;Recklinghausen Hbf;957;958;0
1522;11;Herne-Wanne-Eickel Hbf;967;968;0
1522;12;Gelsenkirchen Hbf;975;977;0
1522;13;Oberhausen Hbf;992;993;0
1522;14;Duisburg Hbf;1001;1007;1
1522;15;Düsseldorf Hbf;1029;1031;0
1522;16;Köln Hbf;1074;;1
1523;0;Norddeich Mole;;889;0
1523;1;Norddeich;890;891;0
1523;2;Norden;897;898;0
1523;3;Emden Hbf;920;921;0
1523;4;Leer(Ostfriesl);938;939;0
1523;5;Papenburg(Ems);949;950;0
1523;6;Meppen;976;977;0
1523;7;Lingen(Ems);989;990;0
1523;8;Rheine;1008;1009;0
1523;9;Münster(Westf)Hbf;1033;1040;1
1523;10;Recklinghausen Hbf;1077;1078;0
1523;11;Herne-Wanne-Eickel Hbf;1087;1088;0
1523;12;Gelsenkirchen Hbf;1095;1097;0
1523;13;Oberhausen Hbf;1112;1113;0
1523;14;Duisburg Hbf;1121;1127;1
1523;15;Düsseldorf Hbf;1149;1151;0
1523;16;Köln Hbf;1194;;1
1524;0;Norddeich Mole;;1009;0
1524;1;Norddeich;1010;1011;0
1524;2;Norden;1017;1018;0
1524;3;Emden Hbf;1040;1041;0
1524;4;Leer(Ostfriesl);1058;1059;0
1524;5;Papenburg(Ems);1069;1070;0
1524;6;Meppen;1096;1097;0
1524;7;Lingen(Ems);1109;1110;0
1524;8;Rheine;1128;1129;0
1524;9;Münster(Westf)Hbf;1153;1160;1
1524;10;Recklinghausen Hbf;1197;1198;0
1524;11;Herne-Wanne-Eickel Hbf;1207;1208;0
1524;12;Gelsenkirchen Hbf;1215;1217;0
1524;13;Oberhausen Hbf;1232;1233;0
1524;14;Duisburg Hbf;1241;1247;1
1524;15;Düsseldorf Hbf;1269;1271;0
1524;16;Köln Hbf;1314;;1
1525;0;Norddeich Mole;;1129;0
1525;1;Norddeich;1130;1131;0
1525;2;Norden;1137;1138;0
1525;3;Emden Hbf;1160;1161;0
1525;4;Leer(Ostfriesl);1178;1179;0
1525;5;Papenburg(Ems);1189;1190;0
1525;6;Meppen;1216;1217;0
1525;7;Lingen(Ems);1229;1230;0
1525;8;Rheine;1248;1249;0
1525;9;Münster(Westf)Hbf;1273;1280;1
1525;10;Recklinghausen Hbf;1317;1318;0
1525;11;Herne-Wanne-Eickel Hbf;1327;1328;0
1525;12;Gelsenkirchen Hbf;1335;1337;0
1525;13;Oberhausen Hbf;1352;1353;0
1525;14;Duisburg Hbf;1361;1367;1
1525;15;Düsseldorf Hbf;1389;1391;0
1525;16;Köln Hbf;1434;;1
1526;0;Norddeich Mole;;1249;0
1526;1;Norddeich;1250;1251;0
1526;2;Norden;1257;1258;0
1526;3;Emden Hbf;1280;1281;0
1526;4;Leer(Ostfriesl);1298;1299;0
1526;5;Papenburg(Ems);1309;1310;0
1526;6;Meppen;1336;1337;0
1526;7;Lingen(Ems);1349;1350;0
1526;8;Rheine;1368;1369;0
1526;9;Münster(Westf)Hbf;1393;1400;1
1526;10;Recklinghausen Hbf;1437;1438;0
1526;11;Herne-Wanne-Eickel Hbf;1447;1448;0
1526;12;Gelsenkirchen Hbf;1455;1457;0
1526;13;Oberhausen Hbf;1472;1473;0
1526;14;Duisburg Hbf;1481;1487;1
1526;15;Düsseldorf Hbf;1509;1511;0
1526;16;Köln Hbf;1554;;1
1527;0;Norddeich Mole;;1369;0
1527;1;Norddeich;1370;1371;0
1527;2;Norden;1377;1378;0
1527;3;Emden Hbf;1400;1401;0
1527;4;Leer(Ostfriesl);1418;1419;0
1527;5;Papenburg(Ems);1429;1430;0
1527;6;Meppen;1456;1457;0
1527;7;Lingen(Ems);1469;1470;0
1527;8;Rheine;1488;1489;0
1527;9;Münster(Westf)Hbf;1513;1520;1
1527;10;Recklinghausen Hbf;1557;1558;0
1527;11;Herne-Wanne-Eickel Hbf;1567;1568;0
1527;12;Gelsenkirchen Hbf;1575;1577;0
1527;13;Oberhausen Hbf;1592;1593;0
1527;14;Duisburg Hbf;1601;1607;1
1527;15;Düsseldorf Hbf;1629;1631;0
1527;16;Köln Hbf;1674;;1
1528;0;Köln Hbf;;394;1
1528;1;Düsseldorf Hbf;416;418;0
1528;2;Duisburg Hbf;431;437;1
1528;3;Oberhausen Hbf;446;447;0
1528;4;Gelsenkirchen Hbf;460;462;0
1528;5;Herne-Wanne-Eickel Hbf;469;470;0
1528;6;Recklinghausen Hbf;479;480;0
1528;7;Münster(Westf)Hbf;520;527;1
1528;8;Rheine;551;552;0
1528;9;Lingen(Ems);569;570;0
1528;10;Meppen;582;583;0
1528;11;Papenburg(Ems);609;610;0
1528;12;Leer(Ostfriesl);622;623;0
1528;13;Emden Hbf;640;641;0
1528;14;Norden;662;663;0
1528;15;Norddeich;669;670;0
1528;16;Norddeich Mole;673;;0
1529;0;Köln Hbf;;514;1
1529;1;Düsseldorf Hbf;536;538;0
1529;2;Duisburg Hbf;551;557;1
1529;3;Oberhausen Hbf;566;567;0
1529;4;Gelsenkirchen Hbf;580;582;0
1529;5;Herne-Wanne-Eickel Hbf;589;590;0
1529;6;Recklinghausen Hbf;599;600;0
1529;7;Münster(Westf)Hbf;640;647;1
1529;8;Rheine;671;672;0
1529;9;Lingen(Ems);689;690;0
1529;10;Meppen;702;703;0
1529;11;Papenburg(Ems);729;730;0
1529;12;Leer(Ostfriesl);742;743;0
1529;13;Emden Hbf;760;761;0
1529;14;Norden;782;783;0
1529;15;Norddeich;789;790;0
1529;16;Norddeich Mole;793;;0
1530;0;Köln Hbf;;634;1
1530;1;Düsseldorf Hbf;656;658;0
1530;2;Duisburg Hbf;671;677;1
1530;3;Oberhausen Hbf;686;687;0
1530;4;Gelsenkirchen Hbf;700;702;0
1530;5;Herne-Wanne-Eickel Hbf;709;710;0
1530;6;Recklinghausen Hbf;719;720;0
1530;7;Münster(Westf)Hbf;760;767;1
1530;8;Rheine;791;792;0
1530;9;Lingen(Ems);809;810;0
1530;10;Meppen;822;823;0
1530;11;Papenburg(Ems);849;850;0
1530;12;Leer(Ostfriesl);862;863;0
1530;13;Emden Hbf;880;881;0
1530;14;Norden;902;903;0
1530;15;Norddeich;909;910;0
1530;16;Norddeich Mole;913;;0
1531;0;Köln Hbf;;754;1
1531;1;Düsseldorf Hbf;776;778;0
1531;2;Duisburg Hbf;791;797;1
1531;3;Oberhausen Hbf;806;807;0
1531;4;Gelsenkirchen Hbf;820;822;0
1531;5;Herne-Wanne-Eickel Hbf;829;830;0
1531;6;Recklinghausen Hbf;839;840;0
1531;7;Münster(Westf)Hbf;880;887;1
1531;8;Rheine;911;912;0
1531;9;Lingen(Ems);929;930;0
1531;10;Meppen;942;943;0
1531;11;Papenburg(Ems);969;970;0
1531;12;Leer(Ostfriesl);982;983;0
1531;13;Emden Hbf;1000;1001;0
1531;14;Norden;1022;1023;0
1531;15;Norddeich;1029;1030;0
1531;16;Norddeich Mole;1033;;0
1532;0;Köln Hbf;;874;1
1532;1;Düsseldorf Hbf;896;898;0
1532;2;Duisburg Hbf;911;917;1
1532;3;Oberhausen Hbf;926;927;0
1532;4;Gelsenkirchen Hbf;940;942;0
1532;5;Herne-Wanne-Eickel Hbf;949;950;0
1532;6;Recklinghausen Hbf;959;960;0
1532;7;Münster(Westf)Hbf;1000;1007;1
1532;8;Rheine;1031;1032;0
1532;9;Lingen(Ems);1049;1050;0
1532;10;Meppen;1062;1063;0
1532;11;Papenburg(Ems);1089;1090;0
1532;12;Leer(Ostfriesl);1102;1103;0
1532;13;Emden Hbf;1120;1121;0
1532;14;Norden;1142;1143;0
1532;15;Norddeich;1149;1150;0
1532;16;Norddeich Mole;1153;;0
1533;0;Köln Hbf;;994;1
1533;1;Düsseldorf Hbf;1016;1018;0
1533;2;Duisburg Hbf;1031;1037;1
1533;3;Oberhausen Hbf;1046;1047;0
1533;4;Gelsenkirchen Hbf;1060;1062;0
1533;5;Herne-Wanne-Eickel Hbf;1069;1070;0
1533;6;Recklinghausen Hbf;1079;1080;0
1533;7;Münster(Westf)Hbf;1120;1127;1
1533;8;Rheine;1151;1152;0
1533;9;Lingen(Ems);1169;1170;0
1533;10;Meppen;1182;1183;0
1533;11;Papenburg(Ems);1209;1210;0
1533;12;Leer(Ostfriesl);1222;1223;0
1533;13;Emden Hbf;1240;1241;0
1533;14;Norden;1262;1263;0
1533;15;Norddeich;1269;1270;0
1533;16;Norddeich Mole;1273;;0
1534;0;Köln Hbf;;1114;1
1534;1;Düsseldorf Hbf;1136;1138;0
1534;2;Duisburg Hbf;1151;1157;1
1534;3;Oberhausen Hbf;1166;1167;0
1534;4;Gelsenkirchen Hbf;1180;1182;0
1534;5;Herne-Wanne-Eickel Hbf;1189;1190;0
1534;6;Recklinghausen Hbf;1199;1200;0
1534;7;Münster(Westf)Hbf;1240;1247;1
1534;8;Rheine;1271;1272;0
1534;9;Lingen(Ems);1289;1290;0
1534;10;Meppen;1302;1303;0
1534;11;Papenburg(Ems);1329;1330;0
1534;12;Leer(Ostfriesl);1342;1343;0
1534;13;Emden Hbf;1360;1361;0
1534;14;Norden;1382;1383;0
1534;15;Norddeich;1389;1390;0
1534;16;Norddeich Mole;1393;;0
1535;0;Köln Hbf;;1234;1
1535;1;Düsseldorf Hbf;1256;1258;0
1535;2;Duisburg Hbf;1271;1277;1
1535;3;Oberhausen Hbf;1286;1287;0
1535;4;Gelsenkirchen Hbf;1300;1302;0
1535;5;Herne-Wanne-Eickel Hbf;1309;1310;0
1535;6;Recklinghausen Hbf;1319;1320;0
1535;7;Münster(Westf)Hbf;1360;1367;1
1535;8;Rheine;1391;1392;0
1535;9;Lingen(Ems);1409;1410;0
1535;10;Meppen;1422;1423;0
1535;11;Papenburg(Ems);1449;1450;0
1535;12;Leer(Ostfriesl);1462;1463;0
1535;13;Emden Hbf;1480;1481;0
1535;14;Norden;1502;1503;0
1535;15;Norddeich;1509;1510;0
1535;16;Norddeich Mole;1513;;0
1536;0;Köln Hbf;;1354;1
1536;1;Düsseldorf Hbf;1376;1378;0
1536;2;Duisburg Hbf;1391;1397;1
1536;3;Oberhausen Hbf;1406;1407;0
1536;4;Gelsenkirchen Hbf;1420;1422;0
1536;5;Herne-Wanne-Eickel Hbf;1429;1430;0
1536;6;Recklinghausen Hbf;1439;1440;0
1536;7;Münster(Westf)Hbf;1480;1487;1
1536;8;Rheine;1511;1512;0
1536;9;Lingen(Ems);1529;1530;0
1536;10;Meppen;1542;1543;0
1536;11;Papenburg(Ems);1569;1570;0
1536;12;Leer(Ostfriesl);1582;1583;0
1536;13;Emden Hbf;1600;1601;0
1536;14;Norden;1622;1623;0
1536;15;Norddeich;1629;1630;0
1536;16;Norddeich Mole;1633;;0
1537;0;Dortmund Hbf;;363;1
1537;1;Hamm(Westf)Hbf;384;386;0
1537;2;Soest;401;402;0
1537;3;Lippstadt;411;412;0
1537;4;Paderborn Hbf;429;430;0
1537;5;Altenbeken;442;443;0
1537;6;Warburg(Westf);466;467;0
1537;7;Kassel-Wilhelmshöhe;504;514;1
1537;8;Eisenach Hbf;577;578;0
1537;9;Gotha;594;595;0
1537;10;Erfurt Hbf;614;618;1
1537;11;Weimar;631;632;0
1537;12;Jena West;647;648;0
1537;13;Jena-Göschwitz;653;654;0
1537;14;Stadtroda;662;663;0
1537;15;Hermsdorf-Klosterlausnitz;672;673;0
1537;16;Gera Hbf;689;;0
1538;0;Dortmund Hbf;;483;1
1538;1;Hamm(Westf)Hbf;504;506;0
1538;2;Soest;521;522;0
1538;3;Lippstadt;531;532;0
1538;4;Paderborn Hbf;549;550;0
1538;5;Altenbeken;562;563;0
1538;6;Warburg(Westf);586;587;0
1538;7;Kassel-Wilhelmshöhe;624;634;1
1538;8;Eisenach Hbf;697;698;0
1538;9;Gotha;714;715;0
1538;10;Erfurt Hbf;734;738;1
1538;11;Weimar;751;752;0
1538;12;Jena West;767;768;0
1538;13;Jena-Göschwitz;773;774;0
1538;14;Stadtroda;782;783;0
1538;15;Hermsdorf-Klosterlausnitz;792;793;0
1538;16;Gera Hbf;809;;0
1539;0;Dortmund Hbf;;603;1
1539;1;Hamm(Westf)Hbf;624;626;0
1539;2;Soest;641;642;0
1539;3;Lippstadt;651;652;0
1539;4;Paderborn Hbf;669;670;0
1539;5;Altenbeken;682;683;0
1539;6;Warburg(Westf);706;707;0
1539;7;Kassel-Wilhelmshöhe;744;754;1
1539;8;Eisenach Hbf;817;818;0
1539;9;Gotha;834;835;0
1539;10;Erfurt Hbf;854;858;1
1539;11;Weimar;871;872;0
1539;12;Jena West;887;888;0
1539;13;Jena-Göschwitz;893;894;0
1539;14;Stadtroda;902;903;0
1539;15;Hermsdorf-Klosterlausnitz;912;913;0
1539;16;Gera Hbf;929;;0
1540;0;Dortmund Hbf;;723;1
1540;1;Hamm(Westf)Hbf;744;746;0
1540;2;Soest;761;762;0
1540;3;Lippstadt;771;772;0
1540;4;Paderborn Hbf;789;790;0
1540;5;Altenbeken;802;803;0
1540;6;Warburg(Westf);826;827;0
1540;7;Kassel-Wilhelmshöhe;864;874;1
1540;8;Eisenach Hbf;937;938;0
1540;9;Gotha;954;955;0
1540;10;Erfurt Hbf;974;978;1
1540;11;Weimar;991;992;0
1540;12;Jena West;1007;1008;0
1540;13;Jena-Göschwitz;1013;1014;0
1540;14;Stadtroda;1022;1023;0
1540;15;Hermsdorf-Klosterlausnitz;1032;1033;0
1540;16;Gera Hbf;1049;;0
1541;0;Dortmund Hbf;;843;1
1541;1;Hamm(Westf)Hbf;864;866;0
1541;2;Soest;881;882;0
1541;3;Lippstadt;891;892;0
1541;4;Paderborn Hbf;909;910;0
1541;5;Altenbeken;922;923;0
1541;6;Warburg(Westf);946;947;0
1541;7;Kassel-Wilhelmshöhe;984;994;1
1541;8;Eisenach Hbf;1057;1058;0
1541;9;Gotha;1074;1075;0
1541;10;Erfurt Hbf;1094;1098;1
1541;11;Weimar;1111;1112;0
1541;12;Jena West;1127;1128;0
1541;13;Jena-Göschwitz;1133;1134;0
1541;14;Stadtroda;1142;1143;0
1541;15;Hermsdorf-Klosterlausnitz;1152;1153;0
1541;16;Gera Hbf;1169;;0
1542;0;Dortmund Hbf;;963;1
1542;1;Hamm(Westf)Hbf;984;986;0
1542;2;Soest;1001;1002;0
1542;3;Lippstadt;1011;1012;0
1542;4;Paderborn Hbf;1029;1030;0
1542;5;Altenbeken;1042;1043;0
1542;6;Warburg(Westf);1066;1067;0
1542;7;Kassel-Wilhelmshöhe;1104;1114;1
1542;8;Eisenach Hbf;1177;1178;0
1542;9;Gotha;1194;1195;0
1542;10;Erfurt Hbf;1214;1218;1
1542;11;Weimar;1231;1232;0
1542;12;Jena West;1247;1248;0
1542;13;Jena-Göschwitz;1253;1254;0
1542;14;Stadtroda;1262;1263;0
1542;15;Hermsdorf-Klosterlausnitz;1272;1273;0
1542;16;Gera Hbf;1289;;0
1543;0;Dortmund Hbf;;1083;1
1543;1;Hamm(Westf)Hbf;1104;1106;0
1543;2;Soest;1121;1122;0
1543;3;Lippstadt;1131;1132;0
1543;4;Paderborn Hbf;1149;1150;0
1543;5;Altenbeken;1162;1163;0
1543;6;Warburg(Westf);1186;1187;0
1543;7;Kassel-Wilhelmshöhe;1224;1234;1
1543;8;Eisenach Hbf;1297;1298;0
1543;9;Gotha;1314;1315;0
1543;10;Erfurt Hbf;1334;1338;1
1543;11;Weimar;1351;1352;0
1543;12;Jena West;1367;1368;0
1543;13;Jena-Göschwitz;1373;1374;0
1543;14;Stadtroda;1382;1383;0
1543;15;Hermsdorf-Klosterlausnitz;1392;1393;0
1543;16;Gera Hbf;1409;;0
1544;0;Dortmund Hbf;;1203;1
1544;1;Hamm(Westf)Hbf;1224;1226;0
1544;2;Soest;1241;1242;0
1544;3;Lippstadt;1251;1252;0
1544;4;Paderborn Hbf;1269;1270;0
1544;5;Altenbeken;1282;1283;0
1544;6;Warburg(Westf);1306;1307;0
1544;7;Kassel-Wilhelmshöhe;1344;1354;1
1544;8;Eisenach Hbf;1417;1418;0
1544;9;Gotha;1434;1435;0
1544;10;Erfurt Hbf;1454;1458;1
1544;11;Weimar;1471;1472;0
1544;12;Jena West;1487;1488;0
1544;13;Jena-Göschwitz;1493;1494;0
1544;14;Stadtroda;1502;1503;0
1544;15;Hermsdorf-Klosterlausnitz;1512;1513;0
1544;16;Gera Hbf;1529;;0
1545;0;Dortmund Hbf;;1323;1
1545;1;Hamm(Westf)Hbf;1344;1346;0
1545;2;Soest;1361;1362;0
1545;3;Lippstadt;1371;1372;0
1545;4;Paderborn Hbf;1389;1390;0
1545;5;Altenbeken;1402;1403;0
1545;6;Warburg(Westf);1426;1427;0
1545;7;Kassel-Wilhelmshöhe;1464;1474;1
1545;8;Eisenach Hbf;1537;1538;0
1545;9;Gotha;1554;1555;0
1545;10;Erfurt Hbf;1574;1578;1
1545;11;Weimar;1591;1592;0
1545;12;Jena West;1607;1608;0
1545;13;Jena-Göschwitz;1613;1614;0
1545;14;Stadtroda;1622;1623;0
1545;15;Hermsdorf-Klosterlausnitz;1632;1633;0
1545;16;Gera Hbf;1649;;0
1546;0;Gera Hbf;;361;0
1546;1;Hermsdorf-Klosterlausnitz;375;376;0
1546;2;Stadtroda;385;386;0
1546;3;Jena-Göschwitz;394;395;0
1546;4;Jena West;401;402;0
1546;5;Weimar;419;420;0
1546;6;Erfurt Hbf;432;438;1
1546;7;Gotha;456;457;0
1546;8;Eisenach Hbf;472;473;0
1546;9;Kassel-Wilhelmshöhe;534;544;1
1546;10;Warburg(Westf);579;580;0
1546;11;Altenbeken;604;605;0
1546;12;Paderborn Hbf;619;620;0
1546;13;Lippstadt;637;638;0
1546;14;Soest;649;650;0
1546;15;Hamm(Westf)Hbf;665;667;0
1546;16;Dortmund Hbf;687;;1
1547;0;Gera Hbf;;481;0
1547;1;Hermsdorf-Klosterlausnitz;495;496;0
1547;2;Stadtroda;505;506;0
1547;3;Jena-Göschwitz;514;515;0
1547;4;Jena West;521;522;0
1547;5;Weimar;539;540;0
1547;6;Erfurt Hbf;552;558;1
1547;7;Gotha;576;577;0
1547;8;Eisenach Hbf;592;593;0
1547;9;Kassel-Wilhelmshöhe;654;664;1
1547;10;Warburg(Westf);699;700;0
1547;11;Altenbeken;724;725;0
1547;12;Paderborn Hbf;739;740;0
1547;13;Lippstadt;757;758;0
1547;14;Soest;769;770;0
1547;15;Hamm(Westf)Hbf;785;787;0
1547;16;Dortmund Hbf;807;;1
1548;0;Gera Hbf;;601;0
1548;1;Hermsdorf-Klosterlausnitz;615;616;0
1548;2;Stadtroda;625;626;0
1548;3;Jena-Göschwitz;634;635;0
1548;4;Jena West;641;642;0
1548;5;Weimar;659;660;0
1548;6;Erfurt Hbf;672;678;1
1548;7;Gotha;696;697;0
1548;8;Eisenach Hbf;712;713;0
1548;9;Kassel-Wilhelmshöhe;774;784;1
1548;10;Warburg(Westf);819;820;0
1548;11;Altenbeken;844;845;0
1548;12;Paderborn Hbf;859;860;0
1548;13;Lippstadt;877;878;0
1548;14;Soest;889;890;0
1548;15;Hamm(Westf)Hbf;905;907;0
1548;16;Dortmund Hbf;927;;1
1549;0;Gera Hbf;;721;0
1549;1;Hermsdorf-Klosterlausnitz;735;736;0
1549;2;Stadtroda;745;746;0
1549;3;Jena-Göschwitz;754;755;0
1549;4;Jena West;761;762;0
1549;5;Weimar;779;780;0
1549;6;Erfurt Hbf;792;798;1
1549;7;Gotha;816;817;0
1549;8;Eisenach Hbf;832;833;0
1549;9;Kassel-Wilhelmshöhe;894;904;1
1549;10;Warburg(Westf);939;940;0
1549;11;Altenbeken;964;965;0
1549;12;Paderborn Hbf;979;980;0
1549;13;Lippstadt;997;998;0
1549;14;Soest;1009;1010;0
1549;15;Hamm(Westf)Hbf;1025;1027;0
1549;16;Dortmund Hbf;1047;;1
1550;0;Gera Hbf;;841;0
1550;1;Hermsdorf-Klosterlausnitz;855;856;0
1550;2;Stadtroda;865;866;0
1550;3;Jena-Göschwitz;874;875;0
1550;4;Jena West;881;882;0
1550;5;Weimar;899;900;0
1550;6;Erfurt Hbf;912;918;1
1550;7;Gotha;936;937;0
1550;8;Eisenach Hbf;952;953;0
1550;9;Kassel-Wilhelmshöhe;1014;1024;1
1550;10;Warburg(Westf);1059;1060;0
1550;11;Altenbeken;1084;1085;0
1550;12;Paderborn Hbf;1099;1100;0
1550;13;Lippstadt;1117;1118;0
1550;14;Soest;1129;1130;0
1550;15;Hamm(Westf)Hbf;1145;1147;0
1550;16;Dortmund Hbf;1167;;1
1551;0;Gera Hbf;;961;0
1551;1;Hermsdorf-Klosterlausnitz;975;976;0
1551;2;Stadtroda;985;986;0
1551;3;Jena-Göschwitz;994;995;0
1551;4;Jena West;1001;1002;0
1551;5;Weimar;1019;1020;0
1551;6;Erfurt Hbf;1032;1038;1
1551;7;Gotha;1056;1057;0
1551;8;Eisenach Hbf;1072;1073;0
1551;9;Kassel-Wilhelmshöhe;1134;1144;1
1551;10;Warburg(Westf);1179;1180;0
1551;11;Altenbeken;1204;1205;0
1551;12;Paderborn Hbf;1219;1220;0
1551;13;Lippstadt;1237;1238;0
1551;14;Soest;1249;1250;0
1551;15;Hamm(Westf)Hbf;1265;1267;0
1551;16;Dortmund Hbf;1287;;1
1552;0;Gera Hbf;;1081;0
1552;1;Hermsdorf-Klosterlausnitz;1095;1096;0
1552;2;Stadtroda;1105;1106;0
1552;3;Jena-Göschwitz;1114;1115;0
1552;4;Jena West;1121;1122;0
1552;5;Weimar;1139;1140;0
1552;6;Erfurt Hbf;1152;1158;1
1552;7;Gotha;1176;1177;0
1552;8;Eisenach Hbf;1192;1193;0
1552;9;Kassel-Wilhelmshöhe;1254;1264;1
1552;10;Warburg(Westf);1299;1300;0
1552;11;Altenbeken;1324;1325;0
1552;12;Paderborn Hbf;1339;1340;0
1552;13;Lippstadt;1357;1358;0
1552;14;Soest;1369;1370;0
1552;15;Hamm(Westf)Hbf;1385;1387;0
1552;16;Dortmund Hbf;1407;;1
1553;0;Gera Hbf;;1201;0
1553;1;Hermsdorf-Klosterlausnitz;1215;1216;0
1553;2;Stadtroda;1225;1226;0
1553;3;Jena-Göschwitz;1234;1235;0
1553;4;Jena West;1241;1242;0
1553;5;Weimar;1259;1260;0
1553;6;Erfurt Hbf;1272;1278;1
1553;7;Gotha;1296;1297;0
1553;8;Eisenach Hbf;1312;1313;0
1553;9;Kassel-Wilhelmshöhe;1374;1384;1
1553;10;Warburg(Westf);1419;1420;0
1553;11;Altenbeken;1444;1445;0
1553;12;Paderborn Hbf;1459;1460;0
1553;13;Lippstadt;1477;1478;0
1553;14;Soest;1489;1490;0
1553;15;Hamm(Westf)Hbf;1505;1507;0
1553;16;Dortmund Hbf;1527;;1
1554;0;Gera Hbf;;1321;0
1554;1;Hermsdorf-Klosterlausnitz;1335;1336;0
1554;2;Stadtroda;1345;1346;0
1554;3;Jena-Göschwitz;1354;1355;0
1554;4;Jena West;1361;1362;0
1554;5;Weimar;1379;1380;0
1554;6;Erfurt Hbf;1392;1398;1
1554;7;Gotha;1416;1417;0
1554;8;Eisenach Hbf;1432;1433;0
1554;9;Kassel-Wilhelmshöhe;1494;1504;1
1554;10;Warburg(Westf);1539;1540;0
1554;11;Altenbeken;1564;1565;0
1554;12;Paderborn Hbf;1579;1580;0
1554;13;Lippstadt;1597;1598;0
1554;14;Soest;1609;1610;0
1554;15;Hamm(Westf)Hbf;1625;1627;0
1554;16;Dortmund Hbf;1647;;1
1555;0;Magdeburg Hbf;;343;0
1555;1;Köthen;371;372;0
1555;2;Halle(Saale)Hbf;390;392;0
1555;3;Leipzig/Halle Flughafen;402;403;0
1555;4;Leipzig Hbf;415;422;1
1555;5;Riesa;457;458;0
1555;6;Dresden-Neustadt;487;488;0
1555;7;Dresden Hbf;493;;1
1556;0;Magdeburg Hbf;;403;0
1556;1;Köthen;431;432;0
1556;2;Halle(Saale)Hbf;450;452;0
1556;3;Leipzig/Halle Flughafen;462;463;0
1556;4;Leipzig Hbf;475;482;1
1556;5;Riesa;517;518;0
1556;6;Dresden-Neustadt;547;548;0
1556;7;Dresden Hbf;553;;1
1557;0;Magdeburg Hbf;;463;0
1557;1;Köthen;491;492;0
1557;2;Halle(Saale)Hbf;510;512;0
1557;3;Leipzig/Halle Flughafen;522;523;0
1557;4;Leipzig Hbf;535;542;1
1557;5;Riesa;577;578;0
1557;6;Dresden-Neustadt;607;608;0
1557;7;Dresden Hbf;613;;1
1558;0;Magdeburg Hbf;;523;0
1558;1;Köthen;551;552;0
1558;2;Halle(Saale)Hbf;570;572;0
1558;3;Leipzig/Halle Flughafen;582;583;0
1558;4;Leipzig Hbf;595;602;1
1558;5;Riesa;637;638;0
1558;6;Dresden-Neustadt;667;668;0
1558;7;Dresden Hbf;673;;1
1559;0;Magdeburg Hbf;;583;0
1559;1;Köthen;611;612;0
1559;2;Halle(Saale)Hbf;630;632;0
1559;3;Leipzig/Halle Flughafen;642;643;0
1559;4;Leipzig Hbf;655;662;1
1559;5;Riesa;697;698;0
1559;6;Dresden-Neustadt;727;728;0
1559;7;Dresden Hbf;733;;1
1560;0;Magdeburg Hbf;;643;0
1560;1;Köthen;671;672;0
1560;2;Halle(Saale)Hbf;690;692;0
1560;3;Leipzig/Halle Flughafen;702;703;0
1560;4;Leipzig Hbf;715;722;1
1560;5;Riesa;757;758;0
1560;6;Dresden-Neustadt;787;788;0
1560;7;Dresden Hbf;793;;1
1561;0;Magdeburg Hbf;;703;0
1561;1;Köthen;731;732;0
1561;2;Halle(Saale)Hbf;750;752;0
1561;3;Leipzig/Halle Flughafen;762;763;0
1561;4;Leipzig Hbf;775;782;1
1561;5;Riesa;817;818;0
1561;6;Dresden-Neustadt;847;848;0
1561;7;Dresden Hbf;853;;1
1562;0;Magdeburg Hbf;;763;0
1562;1;Köthen;791;792;0
1562;2;Halle(Saale)Hbf;810;812;0
1562;3;Leipzig/Halle Flughafen;822;823;0
1562;4;Leipzig Hbf;835;842;1
1562;5;Riesa;877;878;0
1562;6;Dresden-Neustadt;907;908;0
1562;7;Dresden Hbf;913;;1
1563;0;Magdeburg Hbf;;823;0
1563;1;Köthen;851;852;0
1563;2;Halle(Saale)Hbf;870;872;0
1563;3;Leipzig/Halle Flughafen;882;883;0
1563;4;Leipzig Hbf;895;902;1
1563;5;Riesa;937;938;0
1563;6;Dresden-Neustadt;967;968;0
1563;7;Dresden Hbf;973;;1
1564;0;Magdeburg Hbf;;883;0
1564;1;Köthen;911;912;0
1564;2;Halle(Saale)Hbf;930;932;0
1564;3;Leipzig/Halle Flughafen;942;943;0
1564;4;Leipzig Hbf;955;962;1
1564;5;Riesa;997;998;0
1564;6;Dresden-Neustadt;1027;1028;0
1564;7;Dresden Hbf;1033;;1
1565;0;Magdeburg Hbf;;943;0
1565;1;Köthen;971;972;0
1565;2;Halle(Saale)Hbf;990;992;0
1565;3;Leipzig/Halle Flughafen;1002;1003;0
1565;4;Leipzig Hbf;1015;1022;1
1565;5;Riesa;1057;1058;0
1565;6;Dresden-Neustadt;1087;1088;0
1565;7;Dresden Hbf;1093;;1
1566;0;Magdeburg Hbf;;1003;0
1566;1;Köthen;1031;1032;0
1566;2;Halle(Saale)Hbf;1050;1052;0
1566;3;Leipzig/Halle Flughafen;1062;1063;0
1566;4;Leipzig Hbf;1075;1082;1
1566;5;Riesa;1117;1118;0
1566;6;Dresden-Neustadt;1147;1148;0
1566;7;Dresden Hbf;1153;;1
1567;0;Magdeburg Hbf;;1063;0
1567;1;Köthen;1091;1092;0
1567;2;Halle(Saale)Hbf;1110;1112;0
1567;3;Leipzig/Halle Flughafen;1122;1123;0
1567;4;Leipzig Hbf;1135;1142;1
1567;5;Riesa;1177;1178;0
1567;6;Dresden-Neustadt;1207;1208;0
1567;7;Dresden Hbf;1213;;1
1568;0;Magdeburg Hbf;;1123;0
1568;1;Köthen;1151;1152;0
1568;2;Halle(Saale)Hbf;1170;1172;0
1568;3;Leipzig/Halle Flughafen;1182;1183;0
1568;4;Leipzig Hbf;1195;1202;1
1568;5;Riesa;1237;1238;0
1568;6;Dresden-Neustadt;1267;1268;0
1568;7;Dresden Hbf;1273;;1
1569;0;Magdeburg Hbf;;1183;0
1569;1;Köthen;1211;1212;0
1569;2;Halle(Saale)Hbf;1230;1232;0
1569;3;Leipzig/Halle Flughafen;1242;1243;0
1569;4;Leipzig Hbf;1255;1262;1
1569;5;Riesa;1297;1298;0
1569;6;Dresden-Neustadt;1327;1328;0
1569;7;Dresden Hbf;1333;;1
1570;0;Magdeburg Hbf;;1243;0
1570;1;Köthen;1271;1272;0
1570;2;Halle(Saale)Hbf;1290;1292;0
1570;3;Leipzig/Halle Flughafen;1302;1303;0
1570;4;Leipzig Hbf;1315;1322;1
1570;5;Riesa;1357;1358;0
1570;6;Dresden-Neustadt;1387;1388;0
1570;7;Dresden Hbf;1393;;1
1571;0;Magdeburg Hbf;;1303;0
1571;1;Köthen;1331;1332;0
1571;2;Halle(Saale)Hbf;1350;1352;0
1571;3;Leipzig/Halle Flughafen;1362;1363;0
1571;4;Leipzig Hbf;1375;1382;1
1571;5;Riesa;1417;1418;0
1571;6;Dresden-Neustadt;1447;1448;0
1571;7;Dresden Hbf;1453;;1
1572;0;Magdeburg Hbf;;1363;0
1572;1;Köthen;1391;1392;0
1572;2;Halle(Saale)Hbf;1410;1412;0
1572;3;Leipzig/Halle Flughafen;1422;1423;0
1572;4;Leipzig Hbf;1435;1442;1
1572;5;Riesa;1477;1478;0
1572;6;Dresden-Neustadt;1507;1508;0
1572;7;Dresden Hbf;1513;;1
1573;0;Dresden Hbf;;317;1
1573;1;Dresden-Neustadt;323;324;0
1573;2;Riesa;353;354;0
1573;3;Leipzig Hbf;388;395;1
1573;4;Leipzig/Halle Flughafen;405;406;0
1573;5;Halle(Saale)Hbf;417;419;0
1573;6;Köthen;436;437;0
1573;7;Magdeburg Hbf;467;;0
1574;0;Dresden Hbf;;377;1
1574;1;Dresden-Neustadt;383;384;0
1574;2;Riesa;413;414;0
1574;3;Leipzig Hbf;448;455;1
1574;4;Leipzig/Halle Flughafen;465;466;0
1574;5;Halle(Saale)Hbf;477;479;0
1574;6;Köthen;496;497;0
1574;7;Magdeburg Hbf;527;;0
1575;0;Dresden Hbf;;437;1
1575;1;Dresden-Neustadt;443;444;0
1575;2;Riesa;473;474;0
1575;3;Leipzig Hbf;508;515;1
1575;4;Leipzig/Halle Flughafen;525;526;0
1575;5;Halle(Saale)Hbf;537;539;0
1575;6;Köthen;556;557;0
1575;7;Magdeburg Hbf;587;;0
1576;0;Dresden Hbf;;497;1
1576;1;Dresden-Neustadt;503;504;0
1576;2;Riesa;533;534;0
1576;3;Leipzig Hbf;568;575;1
1576;4;Leipzig/Halle Flughafen;585;586;0
1576;5;Halle(Saale)Hbf;597;599;0
1576;6;Köthen;616;617;0
1576;7;Magdeburg Hbf;647;;0
1577;0;Dresden Hbf;;557;1
1577;1;Dresden-Neustadt;563;564;0
1577;2;Riesa;593;594;0
1577;3;Leipzig Hbf;628;635;1
1577;4;Leipzig/Halle Flughafen;645;646;0
1577;5;Halle(Saale)Hbf;657;659;0
1577;6;Köthen;676;677;0
1577;7;Magdeburg Hbf;707;;0
1578;0;Dresden Hbf;;617;1
1578;1;Dresden-Neustadt;623;624;0
1578;2;Riesa;653;654;0
1578;3;Leipzig Hbf;688;695;1
1578;4;Leipzig/Halle Flughafen;705;706;0
1578;5;Halle(Saale)Hbf;717;719;0
1578;6;Köthen;736;737;0
1578;7;Magdeburg Hbf;767;;0
1579;0;Dresden Hbf;;677;1
1579;1;Dresden-Neustadt;683;684;0
1579;2;Riesa;713;714;0
1579;3;Leipzig Hbf;748;755;1
1579;4;Leipzig/Halle Flughafen;765;766;0
1579;5;Halle(Saale)Hbf;777;779;0
1579;6;Köthen;796;797;0
1579;7;Magdeburg Hbf;827;;0
1580;0;Dresden Hbf;;737;1
1580;1;Dresden-Neustadt;743;744;0
1580;2;Riesa;773;774;0
1580;3;Leipzig Hbf;808;815;1
1580;4;Leipzig/Halle Flughafen;825;826;0
1580;5;Halle(Saale)Hbf;837;839;0
1580;6;Köthen;856;857;0
1580;7;Magdeburg Hbf;887;;0
1581;0;Dresden Hbf;;797;1
1581;1;Dresden-Neustadt;803;804;0
1581;2;Riesa;833;834;0
1581;3;Leipzig Hbf;868;875;1
1581;4;Leipzig/Halle Flughafen;885;886;0
1581;5;Halle(Saale)Hbf;897;899;0
1581;6;Köthen;916;917;0
1581;7;Magdeburg Hbf;947;;0
1582;0;Dresden Hbf;;857;1
1582;1;Dresden-Neustadt;863;864;0
1582;2;Riesa;893;894;0
1582;3;Leipzig Hbf;928;935;1
1582;4;Leipzig/Halle Flughafen;945;946;0
1582;5;Halle(Saale)Hbf;957;959;0
1582;6;Köthen;976;977;0
1582;7;Magdeburg Hbf;1007;;0
1583;0;Dresden Hbf;;917;1
1583;1;Dresden-Neustadt;923;924;0
1583;2;Riesa;953;954;0
1583;3;Leipzig Hbf;988;995;1
1583;4;Leipzig/Halle Flughafen;1005;1006;0
1583;5;Halle(Saale)Hbf;1017;1019;0
1583;6;Köthen;1036;1037;0
1583;7;Magdeburg Hbf;1067;;0
1584;0;Dresden Hbf;;977;1
1584;1;Dresden-Neustadt;983;984;0
1584;2;Riesa;1013;1014;0
1584;3;Leipzig Hbf;1048;1055;1
1584;4;Leipzig/Halle Flughafen;1065;1066;0
1584;5;Halle(Saale)Hbf;1077;1079;0
1584;6;Köthen;1096;1097;0
1584;7;Magdeburg Hbf;1127;;0
1585;0;Dresden Hbf;;1037;1
1585;1;Dresden-Neustadt;1043;1044;0
1585;2;Riesa;1073;1074;0
1585;3;Leipzig Hbf;1108;1115;1
1585;4;Leipzig/Halle Flughafen;1125;1126;0
1585;5;Halle(Saale)Hbf;1137;1139;0
1585;6;Köthen;1156;1157;0
1585;7;Magdeburg Hbf;1187;;0
1586;0;Dresden Hbf;;1097;1
1586;1;Dresden-Neustadt;1103;1104;0
1586;2;Riesa;1133;1134;0
1586;3;Leipzig Hbf;1168;1175;1
1586;4;Leipzig/Halle Flughafen;1185;1186;0
1586;5;Halle(Saale)Hbf;1197;1199;0
1586;6;Köthen;1216;1217;0
1586;7;Magdeburg Hbf;1247;;0
1587;0;Dresden Hbf;;1157;1
1587;1;Dresden-Neustadt;1163;1164;0
1587;2;Riesa;1193;1194;0
1587;3;Leipzig Hbf;1228;1235;1
1587;4;Leipzig/Halle Flughafen;1245;1246;0
1587;5;Halle(Saale)Hbf;1257;1259;0
1587;6;Köthen;1276;1277;0
1587;7;Magdeburg Hbf;1307;;0
1588;0;Dresden Hbf;;1217;1
1588;1;Dresden-Neustadt;1223;1224;0
1588;2;Riesa;1253;1254;0
1588;3;Leipzig Hbf;1288;1295;1
1588;4;Leipzig/Halle Flughafen;1305;1306;0
1588;5;Halle(Saale)Hbf;1317;1319;0
1588;6;Köthen;1336;1337;0
1588;7;Magdeburg Hbf;1367;;0
1589;0;Dresden Hbf;;1277;1
1589;1;Dresden-Neustadt;1283;1284;0
1589;2;Riesa;1313;1314;0
1589;3;Leipzig Hbf;1348;1355;1
1589;4;Leipzig/Halle Flughafen;1365;1366;0
1589;5;Halle(Saale)Hbf;1377;1379;0
1589;6;Köthen;1396;1397;0
1589;7;Magdeburg Hbf;1427;;0
1590;0;Dresden Hbf;;1337;1
1590;1;Dresden-Neustadt;1343;1344;0
1590;2;Riesa;1373;1374;0
1590;3;Leipzig Hbf;1408;1415;1
1590;4;Leipzig/Halle Flughafen;1425;1426;0
1590;5;Halle(Saale)Hbf;1437;1439;0
1590;6;Köthen;1456;1457;0
1590;7;Magdeburg Hbf;1487;;0
1591;0;Leipzig Hbf;;362;1
1591;1;Halle(Saale)Hbf;384;386;0
1591;2;Köthen;408;409;0
1591;3;Magdeburg Hbf;441;442;0
1591;4;Helmstedt;470;471;0
1591;5;Braunschweig Hbf;496;498;0
1591;6;Hannover Hbf;537;544;1
1591;7;Nienburg(Weser);573;574;0
1591;8;Verden(Aller);590;591;0
1591;9;Bremen Hbf;613;617;1
1591;10;Delmenhorst;626;627;0
1591;11;Hude;635;636;0
1591;12;Oldenburg(Oldb)Hbf;646;647;0
1591;13;Bad Zwischenahn;657;658;0
1591;14;Westerstede-Ocholt;664;665;0
1591;15;Augustfehn;672;673;0
1591;16;Leer(Ostfriesl);688;689;0
1591;17;Emden Hbf;705;;0
1592;0;Leipzig Hbf;;482;1
1592;1;Halle(Saale)Hbf;504;506;0
1592;2;Köthen;528;529;0
1592;3;Magdeburg Hbf;561;562;0
1592;4;Helmstedt;590;591;0
1592;5;Braunschweig Hbf;616;618;0
1592;6;Hannover Hbf;657;664;1
1592;7;Nienburg(Weser);693;694;0
1592;8;Verden(Aller);710;711;0
1592;9;Bremen Hbf;733;737;1
1592;10;Delmenhorst;746;747;0
1592;11;Hude;755;756;0
1592;12;Oldenburg(Oldb)Hbf;766;767;0
1592;13;Bad Zwischenahn;777;778;0
1592;14;Westerstede-Ocholt;784;785;0
1592;15;Augustfehn;792;793;0
1592;16;Leer(Ostfriesl);808;809;0
1592;17;Emden Hbf;825;;0
1593;0;Leipzig Hbf;;602;1
1593;1;Halle(Saale)Hbf;624;626;0
1593;2;Köthen;648;649;0
1593;3;Magdeburg Hbf;681;682;0
1593;4;Helmstedt;710;711;0
1593;5;Braunschweig Hbf;736;738;0
1593;6;Hannover Hbf;777;784;1
1593;7;Nienburg(Weser);813;814;0
1593;8;Verden(Aller);830;831;0
1593;9;Bremen Hbf;853;857;1
1593;10;Delmenhorst;866;867;0
1593;11;Hude;875;876;0
1593;12;Oldenburg(Oldb)Hbf;886;887;0
1593;13;Bad Zwischenahn;897;898;0
1593;14;Westerstede-Ocholt;904;905;0
1593;15;Augustfehn;912;913;0
1593;16;Leer(Ostfriesl);928;929;0
1593;17;Emden Hbf;945;;0
1594;0;Leipzig Hbf;;722;1
1594;1;Halle(Saale)Hbf;744;746;0
1594;2;Köthen;768;769;0
1594;3;Magdeburg Hbf;801;802;0
1594;4;Helmstedt;830;831;0
1594;5;Braunschweig Hbf;856;858;0
1594;6;Hannover Hbf;897;904;1
1594;7;Nienburg(Weser);933;934;0
1594;8;Verden(Aller);950;951;0
1594;9;Bremen Hbf;973;977;1
1594;10;Delmenhorst;986;987;0
1594;11;Hude;995;996;0
1594;12;Oldenburg(Oldb)Hbf;1006;1007;0
1594;13;Bad Zwischenahn;1017;1018;0
1594;14;Westerstede-Ocholt;1024;1025;0
1594;15;Augustfehn;1032;1033;0
1594;16;Leer(Ostfriesl);1048;1049;0
1594;17;Emden Hbf;1065;;0
1595;0;Leipzig Hbf;;842;1
1595;1;Halle(Saale)Hbf;864;866;0
1595;2;Köthen;888;889;0
1595;3;Magdeburg Hbf;921;922;0
1595;4;Helmstedt;950;951;0
1595;5;Braunschweig Hbf;976;978;0
1595;6;Hannover Hbf;1017;1024;1
1595;7;Nienburg(Weser);1053;1054;0
1595;8;Verden(Aller);1070;1071;0
1595;9;Bremen Hbf;1093;1097;1
1595;10;Delmenhorst;1106;1107;0
1595;11;Hude;1115;1116;0
1595;12;Oldenburg(Oldb)Hbf;1126;1127;0
1595;13;Bad Zwischenahn;1137;1138;0
1595;14;Westerstede-Ocholt;1144;1145;0
1595;15;Augustfehn;1152;1153;0
1595;16;Leer(Ostfriesl);1168;1169;0
1595;17;Emden Hbf;1185;;0
1596;0;Leipzig Hbf;;962;1
1596;1;Halle(Saale)Hbf;984;986;0
1596;2;Köthen;1008;1009;0
1596;3;Magdeburg Hbf;1041;1042;0
1596;4;Helmstedt;1070;1071;0
1596;5;Braunschweig Hbf;1096;1098;0
1596;6;Hannover Hbf;1137;1144;1
1596;7;Nienburg(Weser);1173;1174;0
1596;8;Verden(Aller);1190;1191;0
1596;9;Bremen Hbf;1213;1217;1
1596;10;Delmenhorst;1226;1227;0
1596;11;Hude;1235;1236;0
1596;12;Oldenburg(Oldb)Hbf;1246;1247;0
1596;13;Bad Zwischenahn;1257;1258;0
1596;14;Westerstede-Ocholt;1264;1265;0
1596;15;Augustfehn;1272;1273;0
1596;16;Leer(Ostfriesl);1288;1289;0
1596;17;Emden Hbf;1305;;0
1597;0;Leipzig Hbf;;1082;1
1597;1;Halle(Saale)Hbf;1104;1106;0
1597;2;Köthen;1128;1129;0
1597;3;Magdeburg Hbf;1161;1162;0
1597;4;Helmstedt;1190;1191;0
1597;5;Braunschweig Hbf;1216;1218;0
1597;6;Hannover Hbf;1257;1264;1
1597;7;Nienburg(Weser);1293;1294;0
1597;8;Verden(Aller);1310;1311;0
1597;9;Bremen Hbf;1333;1337;1
1597;10;Delmenhorst;1346;1347;0
1597;11;Hude;1355;1356;0
1597;12;Oldenburg(Oldb)Hbf;1366;1367;0
1597;13;Bad Zwischenahn;1377;1378;0
1597;14;Westerstede-Ocholt;1384;1385;0
1597;15;Augustfehn;1392;1393;0
1597;16;Leer(Ostfriesl);1408;1409;0
1597;17;Emden Hbf;1425;;0
1598;0;Leipzig Hbf;;1202;1
1598;1;Halle(Saale)Hbf;1224;1226;0
1598;2;Köthen;1248;1249;0
1598;3;Magdeburg Hbf;1281;1282;0
1598;4;Helmstedt;1310;1311;0
1598;5;Braunschweig Hbf;1336;1338;0
1598;6;Hannover Hbf;1377;1384;1
1598;7;Nienburg(Weser);1413;1414;0
1598;8;Verden(Aller);1430;1431;0
1598;9;Bremen Hbf;1453;1457;1
1598;10;Delmenhorst;1466;1467;0
1598;11;Hude;1475;1476;0
1598;12;Oldenburg(Oldb)Hbf;1486;1487;0
1598;13;Bad Zwischenahn;1497;1498;0
1598;14;Westerstede-Ocholt;1504;1505;0
1598;15;Augustfehn;1512;1513;0
1598;16;Leer(Ostfriesl);1528;1529;0
1598;17;Emden Hbf;1545;;0
1599;0;Leipzig Hbf;;1322;1
1599;1;Halle(Saale)Hbf;1344;1346;0
1599;2;Köthen;1368;1369;0
1599;3;Magdeburg Hbf;1401;1402;0
1599;4;Helmstedt;1430;1431;0
1599;5;Braunschweig Hbf;1456;1458;0
1599;6;Hannover Hbf;1497;1504;1
1599;7;Nienburg(Weser);1533;1534;0
1599;8;Verden(Aller);1550;1551;0
1599;9;Bremen Hbf;1573;1577;1
1599;10;Delmenhorst;1586;1587;0
1599;11;Hude;1595;1596;0
1599;12;Oldenburg(Oldb)Hbf;1606;1607;0
1599;13;Bad Zwischenahn;1617;1618;0
1599;14;Westerstede-Ocholt;1624;1625;0
1599;15;Augustfehn;1632;1633;0
1599;16;Leer(Ostfriesl);1648;1649;0
1599;17;Emden Hbf;1665;;0
1600;0;Emden Hbf;;406;0
1600;1;Leer(Ostfriesl);423;424;0
1600;2;Augustfehn;438;439;0
1600;3;Westerstede-Ocholt;445;446;0
1600;4;Bad Zwischenahn;452;453;0
1600;5;Oldenburg(Oldb)Hbf;463;464;0
1600;6;Hude;473;474;0
1600;7;Delmenhorst;481;482;0
1600;8;Bremen Hbf;493;497;1
1600;9;Verden(Aller);518;519;0
1600;10;Nienburg(Weser);535;536;0
1600;11;Hannover Hbf;566;571;1
1600;12;Braunschweig Hbf;610;612;0
1600;13;Helmstedt;635;636;0
1600;14;Magdeburg Hbf;666;667;0
1600;15;Köthen;700;701;0
1600;16;Halle(Saale)Hbf;724;726;0
1600;17;Leipzig Hbf;748;;1
1601;0;Emden Hbf;;526;0
1601;1;Leer(Ostfriesl);543;544;0
1601;2;Augustfehn;558;559;0
1601;3;Westerstede-Ocholt;565;566;0
1601;4;Bad Zwischenahn;572;573;0
1601;5;Oldenburg(Oldb)Hbf;583;584;0
1601;6;Hude;593;594;0
1601;7;Delmenhorst;601;602;0
1601;8;Bremen Hbf;613;617;1
1601;9;Verden(Aller);638;639;0
1601;10;Nienburg(Weser);655;656;0
1601;11;Hannover Hbf;686;691;1
1601;12;Braunschweig Hbf;730;732;0
1601;13;Helmstedt;755;756;0
1601;14;Magdeburg Hbf;786;787;0
1601;15;Köthen;820;821;0
1601;16;Halle(Saale)Hbf;844;846;0
1601;17;Leipzig Hbf;868;;1
1602;0;Emden Hbf;;646;0
1602;1;Leer(Ostfriesl);663;664;0
1602;2;Augustfehn;678;679;0
1602;3;Westerstede-Ocholt;685;686;0
1602;4;Bad Zwischenahn;692;693;0
1602;5;Oldenburg(Oldb)Hbf;703;704;0
1602;6;Hude;713;714;0
1602;7;Delmenhorst;721;722;0
1602;8;Bremen Hbf;733;737;1
1602;9;Verden(Aller);758;759;0
1602;10;Nienburg(Weser);775;776;0
1602;11;Hannover Hbf;806;811;1
1602;12;Braunschweig Hbf;850;852;0
1602;13;Helmstedt;875;876;0
1602;14;Magdeburg Hbf;906;907;0
1602;15;Köthen;940;941;0
1602;16;Halle(Saale)Hbf;964;966;0
1602;17;Leipzig Hbf;988;;1
1603;0;Emden Hbf;;766;0
1603;1;Leer(Ostfriesl);783;784;0
1603;2;Augustfehn;798;799;0
1603;3;Westerstede-Ocholt;805;806;0
1603;4;Bad Zwischenahn;812;813;0
1603;5;Oldenburg(Oldb)Hbf;823;824;0
1603;6;Hude;833;834;0
1603;7;Delmenhorst;841;842;0
1603;8;Bremen Hbf;853;857;1
1603;9;Verden(Aller);878;879;0
1603;10;Nienburg(Weser);895;896;0
1603;11;Hannover Hbf;926;931;1
1603;12;Braunschweig Hbf;970;972;0
1603;13;Helmstedt;995;996;0
1603;14;Magdeburg Hbf;1026;1027;0
1603;15;Köthen;1060;1061;0
1603;16;Halle(Saale)Hbf;1084;1086;0
1603;17;Leipzig Hbf;1108;;1
1604;0;Emden Hbf;;886;0
1604;1;Leer(Ostfriesl);903;904;0
1604;2;Augustfehn;918;919;0
1604;3;Westerstede-Ocholt;925;926;0
1604;4;Bad Zwischenahn;932;933;0
1604;5;Oldenburg(Oldb)Hbf;943;944;0
1604;6;Hude;953;954;0
1604;7;Delmenhorst;961;962;0
1604;8;Bremen Hbf;973;977;1
1604;9;Verden(Aller);998;999;0
1604;10;Nienburg(Weser);1015;1016;0
1604;11;Hannover Hbf;1046;1051;1
1604;12;Braunschweig Hbf;1090;1092;0
1604;13;Helmstedt;1115;1116;0
1604;14;Magdeburg Hbf;1146;1147;0
1604;15;Köthen;1180;1181;0
1604;16;Halle(Saale)Hbf;1204;1206;0
1604;17;Leipzig Hbf;1228;;1
1605;0;Emden Hbf;;1006;0
1605;1;Leer(Ostfriesl);1023;1024;0
1605;2;Augustfehn;1038;1039;0
1605;3;Westerstede-Ocholt;1045;1046;0
1605;4;Bad Zwischenahn;1052;1053;0
1605;5;Oldenburg(Oldb)Hbf;1063;1064;0
1605;6;Hude;1073;1074;0
1605;7;Delmenhorst;1081;1082;0
1605;8;Bremen Hbf;1093;1097;1
1605;9;Verden(Aller);1118;1119;0
1605;10;Nienburg(Weser);1135;1136;0
1605;11;Hannover Hbf;1166;1171;1
1605;12;Braunschweig Hbf;1210;1212;0
1605;13;Helmstedt;1235;1236;0
1605;14;Magdeburg Hbf;1266;1267;0
1605;15;Köthen;1300;1301;0
1605;16;Halle(Saale)Hbf;1324;1326;0
1605;17;Leipzig Hbf;1348;;1
1606;0;Emden Hbf;;1126;0
1606;1;Leer(Ostfriesl);1143;1144;0
1606;2;Augustfehn;1158;1159;0
1606;3;Westerstede-Ocholt;1165;1166;0
1606;4;Bad Zwischenahn;1172;1173;0
1606;5;Oldenburg(Oldb)Hbf;1183;1184;0
1606;6;Hude;1193;1194;0
1606;7;Delmenhorst;1201;1202;0
1606;8;Bremen Hbf;1213;1217;1
1606;9;Verden(Aller);1238;1239;0
1606;10;Nienburg(Weser);1255;1256;0
1606;11;Hannover Hbf;1286;1291;1
1606;12;Braunschweig Hbf;1330;1332;0
1606;13;Helmstedt;1355;1356;0
1606;14;Magdeburg Hbf;1386;1387;0
1606;15;Köthen;1420;1421;0
1606;16;Halle(Saale)Hbf;1444;1446;0
1606;17;Leipzig Hbf;1468;;1
1607;0;Emden Hbf;;1246;0
1607;1;Leer(Ostfriesl);1263;1264;0
1607;2;Augustfehn;1278;1279;0
1607;3;Westerstede-Ocholt;1285;1286;0
1607;4;Bad Zwischenahn;1292;1293;0
1607;5;Oldenburg(Oldb)Hbf;1303;1304;0
1607;6;Hude;1313;1314;0
1607;7;Delmenhorst;1321;1322;0
1607;8;Bremen Hbf;1333;1337;1
1607;9;Verden(Aller);1358;1359;0
1607;10;Nienburg(Weser);1375;1376;0
1607;11;Hannover Hbf;1406;1411;1
1607;12;Braunschweig Hbf;1450;1452;0
1607;13;Helmstedt;1475;1476;0
1607;14;Magdeburg Hbf;1506;1507;0
1607;15;Köthen;1540;1541;0
1607;16;Halle(Saale)Hbf;1564;1566;0
1607;17;Leipzig Hbf;1588;;1
1608;0;Emden Hbf;;1366;0
1608;1;Leer(Ostfriesl);1383;1384;0
1608;2;Augustfehn;1398;1399;0
1608;3;Westerstede-Ocholt;1405;1406;0
1608;4;Bad Zwischenahn;1412;1413;0
1608;5;Oldenburg(Oldb)Hbf;1423;1424;0
1608;6;Hude;1433;1434;0
1608;7;Delmenhorst;1441;1442;0
1608;8;Bremen Hbf;1453;1457;1
1608;9;Verden(Aller);1478;1479;0
1608;10;Nienburg(Weser);1495;1496;0
1608;11;Hannover Hbf;1526;1531;1
1608;12;Braunschweig Hbf;1570;1572;0
1608;13;Helmstedt;1595;1596;0
1608;14;Magdeburg Hbf;1626;1627;0
1608;15;Köthen;1660;1661;0
1608;16;Halle(Saale)Hbf;1684;1686;0
1608;17;Leipzig Hbf;1708;;1
1609;0;Leipzig Hbf;;365;1
1609;1;Halle(Saale)Hbf;384;386;0
1609;2;Köthen;405;406;0
1609;3;Magdeburg Hbf;435;436;0
1609;4;Stendal Hbf;472;473;0
1609;5;Wittenberge;507;508;0
1609;6;Ludwigslust;528;529;0
1609;7;Schwerin Hbf;554;555;0
1609;8;Bad Kleinen;564;565;0
1609;9;Bützow;589;590;0
1609;10;Rostock Hbf;610;;0
1610;0;Leipzig Hbf;;485;1
1610;1;Halle(Saale)Hbf;504;506;0
1610;2;Köthen;525;526;0
1610;3;Magdeburg Hbf;555;556;0
1610;4;Stendal Hbf;592;593;0
1610;5;Wittenberge;627;628;0
1610;6;Ludwigslust;648;649;0
1610;7;Schwerin Hbf;674;675;0
1610;8;Bad Kleinen;684;685;0
1610;9;Bützow;709;710;0
1610;10;Rostock Hbf;730;;0
1611;0;Leipzig Hbf;;605;1
1611;1;Halle(Saale)Hbf;624;626;0
1611;2;Köthen;645;646;0
1611;3;Magdeburg Hbf;675;676;0
1611;4;Stendal Hbf;712;713;0
1611;5;Wittenberge;747;748;0
1611;6;Ludwigslust;768;769;0
1611;7;Schwerin Hbf;794;795;0
1611;8;Bad Kleinen;804;805;0
1611;9;Bützow;829;830;0
1611;10;Rostock Hbf;850;;0
1612;0;Leipzig Hbf;;725;1
1612;1;Halle(Saale)Hbf;744;746;0
1612;2;Köthen;765;766;0
1612;3;Magdeburg Hbf;795;796;0
1612;4;Stendal Hbf;832;833;0
1612;5;Wittenberge;867;868;0
1612;6;Ludwigslust;888;889;0
1612;7;Schwerin Hbf;914;915;0
1612;8;Bad Kleinen;924;925;0
1612;9;Bützow;949;950;0
1612;10;Rostock Hbf;970;;0
1613;0;Leipzig Hbf;;845;1
1613;1;Halle(Saale)Hbf;864;866;0
1613;2;Köthen;885;886;0
1613;3;Magdeburg Hbf;915;916;0
1613;4;Stendal Hbf;952;953;0
1613;5;Wittenberge;987;988;0
1613;6;Ludwigslust;1008;1009;0
1613;7;Schwerin Hbf;1034;1035;0
1613;8;Bad Kleinen;1044;1045;0
1613;9;Bützow;1069;1070;0
1613;10;Rostock Hbf;1090;;0
1614;0;Leipzig Hbf;;965;1
1614;1;Halle(Saale)Hbf;984;986;0
1614;2;Köthen;1005;1006;0
1614;3;Magdeburg Hbf;1035;1036;0
1614;4;Stendal Hbf;1072;1073;0
1614;5;Wittenberge;1107;1108;0
1614;6;Ludwigslust;1128;1129;0
1614;7;Schwerin Hbf;1154;1155;0
1614;8;Bad Kleinen;1164;1165;0
1614;9;Bützow;1189;1190;0
1614;10;Rostock Hbf;1210;;0
1615;0;Leipzig Hbf;;1085;1
1615;1;Halle(Saale)Hbf;1104;1106;0
1615;2;Köthen;1125;1126;0
1615;3;Magdeburg Hbf;1155;1156;0
1615;4;Stendal Hbf;1192;1193;0
1615;5;Wittenberge;1227;1228;0
1615;6;Ludwigslust;1248;1249;0
1615;7;Schwerin Hbf;1274;1275;0
1615;8;Bad Kleinen;1284;1285;0
1615;9;Bützow;1309;1310;0
1615;10;Rostock Hbf;1330;;0
1616;0;Leipzig Hbf;;1205;1
1616;1;Halle(Saale)Hbf;1224;1226;0
1616;2;Köthen;1245;1246;0
1616;3;Magdeburg Hbf;1275;1276;0
1616;4;Stendal Hbf;1312;1313;0
1616;5;Wittenberge;1347;1348;0
1616;6;Ludwigslust;1368;1369;0
1616;7;Schwerin Hbf;1394;1395;0
1616;8;Bad Kleinen;1404;1405;0
1616;9;Bützow;1429;1430;0
1616;10;Rostock Hbf;1450;;0
1617;0;Leipzig Hbf;;1325;1
1617;1;Halle(Saale)Hbf;1344;1346;0
1617;2;Köthen;1365;1366;0
1617;3;Magdeburg Hbf;1395;1396;0
1617;4;Stendal Hbf;1432;1433;0
1617;5;Wittenberge;1467;1468;0
1617;6;Ludwigslust;1488;1489;0
1617;7;Schwerin Hbf;1514;1515;0
1617;8;Bad Kleinen;1524;1525;0
1617;9;Bützow;1549;1550;0
1617;10;Rostock Hbf;1570;;0
1618;0;Rostock Hbf;;419;0
1618;1;Bützow;439;440;0
1618;2;Bad Kleinen;463;464;0
1618;3;Schwerin Hbf;475;476;0
1618;4;Ludwigslust;499;500;0
1618;5;Wittenberge;520;521;0
1618;6;Stendal Hbf;552;553;0
1618;7;Magdeburg Hbf;588;589;0
1618;8;Köthen;617;618;0
1618;9;Halle(Saale)Hbf;637;639;0
1618;10;Leipzig Hbf;658;;1
1619;0;Rostock Hbf;;539;0
1619;1;Bützow;559;560;0
1619;2;Bad Kleinen;583;584;0
1619;3;Schwerin Hbf;595;596;0
1619;4;Ludwigslust;619;620;0
1619;5;Wittenberge;640;641;0
1619;6;Stendal Hbf;672;673;0
1619;7;Magdeburg Hbf;708;709;0
1619;8;Köthen;737;738;0
1619;9;Halle(Saale)Hbf;757;759;0
1619;10;Leipzig Hbf;778;;1
1620;0;Rostock Hbf;;659;0
1620;1;Bützow;679;680;0
1620;2;Bad Kleinen;703;704;0
1620;3;Schwerin Hbf;715;716;0
1620;4;Ludwigslust;739;740;0
1620;5;Wittenberge;760;761;0
1620;6;Stendal Hbf;792;793;0
1620;7;Magdeburg Hbf;828;829;0
1620;8;Köthen;857;858;0
1620;9;Halle(Saale)Hbf;877;879;0
1620;10;Leipzig Hbf;898;;1
1621;0;Rostock Hbf;;779;0
1621;1;Bützow;799;800;0
1621;2;Bad Kleinen;823;824;0
1621;3;Schwerin Hbf;835;836;0
1621;4;Ludwigslust;859;860;0
1621;5;Wittenberge;880;881;0
1621;6;Stendal Hbf;912;913;0
1621;7;Magdeburg Hbf;948;949;0
1621;8;Köthen;977;978;0
1621;9;Halle(Saale)Hbf;997;999;0
1621;10;Leipzig Hbf;1018;;1
1622;0;Rostock Hbf;;899;0
1622;1;Bützow;919;920;0
1622;2;Bad Kleinen;943;944;0
1622;3;Schwerin Hbf;955;956;0
1622;4;Ludwigslust;979;980;0
1622;5;Wittenberge;1000;1001;0
1622;6;Stendal Hbf;1032;1033;0
1622;7;Magdeburg Hbf;1068;1069;0
1622;8;Köthen;1097;1098;0
1622;9;Halle(Saale)Hbf;1117;1119;0
1622;10;Leipzig Hbf;1138;;1
1623;0;Rostock Hbf;;1019;0
1623;1;Bützow;1039;1040;0
1623;2;Bad Kleinen;1063;1064;0
1623;3;Schwerin Hbf;1075;1076;0
1623;4;Ludwigslust;1099;1100;0
1623;5;Wittenberge;1120;1121;0
1623;6;Stendal Hbf;1152;1153;0
1623;7;Magdeburg Hbf;1188;1189;0
1623;8;Köthen;1217;1218;0
1623;9;Halle(Saale)Hbf;1237;1239;0
1623;10;Leipzig Hbf;1258;;1
1624;0;Rostock Hbf;;1139;0
1624;1;Bützow;1159;1160;0
1624;2;Bad Kleinen;1183;1184;0
1624;3;Schwerin Hbf;1195;1196;0
1624;4;Ludwigslust;1219;1220;0
1624;5;Wittenberge;1240;1241;0
1624;6;Stendal Hbf;1272;1273;0
1624;7;Magdeburg Hbf;1308;1309;0
1624;8;Köthen;1337;1338;0
1624;9;Halle(Saale)Hbf;1357;1359;0
1624;10;Leipzig Hbf;1378;;1
1625;0;Rostock Hbf;;1259;0
1625;1;Bützow;1279;1280;0
1625;2;Bad Kleinen;1303;1304;0
1625;3;Schwerin Hbf;1315;1316;0
1625;4;Ludwigslust;1339;1340;0
1625;5;Wittenberge;1360;1361;0
1625;6;Stendal Hbf;1392;1393;0
1625;7;Magdeburg Hbf;1428;1429;0
1625;8;Köthen;1457;1458;0
1625;9;Halle(Saale)Hbf;1477;1479;0
1625;10;Leipzig Hbf;1498;;1
1626;0;Rostock Hbf;;1379;0
1626;1;Bützow;1399;1400;0
1626;2;Bad Kleinen;1423;1424;0
1626;3;Schwerin Hbf;1435;1436;0
1626;4;Ludwigslust;1459;1460;0
1626;5;Wittenberge;1480;1481;0
1626;6;Stendal Hbf;1512;1513;0
1626;7;Magdeburg Hbf;1548;1549;0
1626;8;Köthen;1577;1578;0
1626;9;Halle(Saale)Hbf;1597;1599;0
1626;10;Leipzig Hbf;1618;;1
1627;0;Karlsruhe Hbf;;390;1
1627;1;Karlsruhe-Durlach;397;398;0
1627;2;Bruchsal;413;414;0
1627;3;Stuttgart Hbf;465;;1
1628;0;Karlsruhe Hbf;;510;1
1628;1;Karlsruhe-Durlach;517;518;0
1628;2;Bruchsal;533;534;0
1628;3;Stuttgart Hbf;585;;1
1629;0;Karlsruhe Hbf;;630;1
1629;1;Karlsruhe-Durlach;637;638;0
1629;2;Bruchsal;653;654;0
1629;3;Stuttgart Hbf;705;;1
1630;0;Karlsruhe Hbf;;750;1
1630;1;Karlsruhe-Durlach;757;758;0
1630;2;Bruchsal;773;774;0
1630;3;Stuttgart Hbf;825;;1
1631;0;Karlsruhe Hbf;;870;1
1631;1;Karlsruhe-Durlach;877;878;0
1631;2;Bruchsal;893;894;0
1631;3;Stuttgart Hbf;945;;1
1632;0;Karlsruhe Hbf;;990;1
1632;1;Karlsruhe-Durlach;997;998;0
1632;2;Bruchsal;1013;1014;0
1632;3;Stuttgart Hbf;1065;;1
1633;0;Karlsruhe Hbf;;1110;1
1633;1;Karlsruhe-Durlach;1117;1118;0
1633;2;Bruchsal;1133;1134;0
1633;3;Stuttgart Hbf;1185;;1
1634;0;Karlsruhe Hbf;;1230;1
1634;1;Karlsruhe-Durlach;1237;1238;0
1634;2;Bruchsal;1253;1254;0
1634;3;Stuttgart Hbf;1305;;1
1635;0;Karlsruhe Hbf;;1350;1
1635;1;Karlsruhe-Durlach;1357;1358;0
1635;2;Bruchsal;1373;1374;0
1635;3;Stuttgart Hbf;1425;;1
1636;0;Stuttgart Hbf;;380;1
1636;1;Bruchsal;424;425;0
1636;2;Karlsruhe-Durlach;438;439;0
1636;3;Karlsruhe Hbf;445;;1
1637;0;Stuttgart Hbf;;500;1
1637;1;Bruchsal;544;545;0
1637;2;Karlsruhe-Durlach;558;559;0
1637;3;Karlsruhe Hbf;565;;1
1638;0;Stuttgart Hbf;;620;1
1638;1;Bruchsal;664;665;0
1638;2;Karlsruhe-Durlach;678;679;0
1638;3;Karlsruhe Hbf;685;;1
1639;0;Stuttgart Hbf;;740;1
1639;1;Bruchsal;784;785;0
1639;2;Karlsruhe-Durlach;798;799;0
1639;3;Karlsruhe Hbf;805;;1
1640;0;Stuttgart Hbf;;860;1
1640;1;Bruchsal;904;905;0
1640;2;Karlsruhe-Durlach;918;919;0
1640;3;Karlsruhe Hbf;925;;1
1641;0;Stuttgart Hbf;;980;1
1641;1;Bruchsal;1024;1025;0
1641;2;Karlsruhe-Durlach;1038;1039;0
1641;3;Karlsruhe Hbf;1045;;1
1642;0;Stuttgart Hbf;;1100;1
1642;1;Bruchsal;1144;1145;0
1642;2;Karlsruhe-Durlach;1158;1159;0
1642;3;Karlsruhe Hbf;1165;;1
1643;0;Stuttgart Hbf;;1220;1
1643;1;Bruchsal;1264;1265;0
1643;2;Karlsruhe-Durlach;1278;1279;0
1643;3;Karlsruhe Hbf;1285;;1
1644;0;Stuttgart Hbf;;1340;1
1644;1;Bruchsal;1384;1385;0
1644;2;Karlsruhe-Durlach;1398;1399;0
1644;3;Karlsruhe Hbf;1405;;1
1645;0;Nürnberg Hbf;;391;1
1645;1;Ansbach;417;418;0
1645;2;Crailsheim;444;445;0
1645;3;Ellwangen;460;461;0
1645;4;Aalen Hbf;471;472;0
1645;5;Schwäbisch Gmünd;487;488;0
1645;6;Stuttgart Hbf;525;530;1
1645;7;Vaihingen(Enz);549;550;0
1645;8;Mühlacker;557;558;0
1645;9;Pforzheim Hbf;569;570;0
1645;10;Karlsruhe Hbf;595;;1
1646;0;Nürnberg Hbf;;511;1
1646;1;Ansbach;537;538;0
1646;2;Crailsheim;564;565;0
1646;3;Ellwangen;580;581;0
1646;4;Aalen Hbf;591;592;0
1646;5;Schwäbisch Gmünd;607;608;0
1646;6;Stuttgart Hbf;645;650;1
1646;7;Vaihingen(Enz);669;670;0
1646;8;Mühlacker;677;678;0
1646;9;Pforzheim Hbf;689;690;0
1646;10;Karlsruhe Hbf;715;;1
1647;0;Nürnberg Hbf;;631;1
1647;1;Ansbach;657;658;0
1647;2;Crailsheim;684;685;0
1647;3;Ellwangen;700;701;0
1647;4;Aalen Hbf;711;712;0
1647;5;Schwäbisch Gmünd;727;728;0
1647;6;Stuttgart Hbf;765;770;1
1647;7;Vaihingen(Enz);789;790;0
1647;8;Mühlacker;797;798;0
1647;9;Pforzheim Hbf;809;810;0
1647;10;Karlsruhe Hbf;835;;1
1648;0;Nürnberg Hbf;;751;1
1648;1;Ansbach;777;778;0
1648;2;Crailsheim;804;805;0
1648;3;Ellwangen;820;821;0
1648;4;Aalen Hbf;831;832;0
1648;5;Schwäbisch Gmünd;847;848;0
1648;6;Stuttgart Hbf;885;890;1
1648;7;Vaihingen(Enz);909;910;0
1648;8;Mühlacker;917;918;0
1648;9;Pforzheim Hbf;929;930;0
1648;10;Karlsruhe Hbf;955;;1
1649;0;Nürnberg Hbf;;871;1
1649;1;Ansbach;897;898;0
1649;2;Crailsheim;924;925;0
1649;3;Ellwangen;940;941;0
1649;4;Aalen Hbf;951;952;0
1649;5;Schwäbisch Gmünd;967;968;0
1649;6;Stuttgart Hbf;1005;1010;1
1649;7;Vaihingen(Enz);1029;1030;0
1649;8;Mühlacker;1037;1038;0
1649;9;Pforzheim Hbf;1049;1050;0
1649;10;Karlsruhe Hbf;1075;;1
1650;0;Nürnberg Hbf;;991;1
1650;1;Ansbach;1017;1018;0
1650;2;Crailsheim;1044;1045;0
1650;3;Ellwangen;1060;1061;0
1650;4;Aalen Hbf;1071;1072;0
1650;5;Schwäbisch Gmünd;1087;1088;0
1650;6;Stuttgart Hbf;1125;1130;1
1650;7;Vaihingen(Enz);1149;1150;0
1650;8;Mühlacker;1157;1158;0
1650;9;Pforzheim Hbf;1169;1170;0
1650;10;Karlsruhe Hbf;1195;;1
1651;0;Nürnberg Hbf;;1111;1
1651;1;Ansbach;1137;1138;0
1651;2;Crailsheim;1164;1165;0
1651;3;Ellwangen;1180;1181;0
1651;4;Aalen Hbf;1191;1192;0
1651;5;Schwäbisch Gmünd;1207;1208;0
1651;6;Stuttgart Hbf;1245;1250;1
1651;7;Vaihingen(Enz);1269;1270;0
1651;8;Mühlacker;1277;1278;0
1651;9;Pforzheim Hbf;1289;1290;0
1651;10;Karlsruhe Hbf;1315;;1
1652;0;Nürnberg Hbf;;1231;1
1652;1;Ansbach;1257;1258;0
1652;2;Crailsheim;1284;1285;0
1652;3;Ellwangen;1300;1301;0
1652;4;Aalen Hbf;1311;1312;0
1652;5;Schwäbisch Gmünd;1327;1328;0
1652;6;Stuttgart Hbf;1365;1370;1
1652;7;Vaihingen(Enz);1389;1390;0
1652;8;Mühlacker;1397;1398;0
1652;9;Pforzheim Hbf;1409;1410;0
1652;10;Karlsruhe Hbf;1435;;1
1653;0;Nürnberg Hbf;;1351;1
1653;1;Ansbach;1377;1378;0
1653;2;Crailsheim;1404;1405;0
1653;3;Ellwangen;1420;1421;0
1653;4;Aalen Hbf;1431;1432;0
1653;5;Schwäbisch Gmünd;1447;1448;0
1653;6;Stuttgart Hbf;1485;1490;1
1653;7;Vaihingen(Enz);1509;1510;0
1653;8;Mühlacker;1517;1518;0
1653;9;Pforzheim Hbf;1529;1530;0
1653;10;Karlsruhe Hbf;1555;;1
1654;0;Karlsruhe Hbf;;390;1
1654;1;Pforzheim Hbf;418;419;0
1654;2;Mühlacker;431;432;0
1654;3;Vaihingen(Enz);440;441;0
1654;4;Stuttgart Hbf;465;470;1
1654;5;Schwäbisch Gmünd;507;508;0
1654;6;Aalen Hbf;527;528;0
1654;7;Ellwangen;540;541;0
1654;8;Crailsheim;559;560;0
1654;9;Ansbach;589;590;0
1654;10;Nürnberg Hbf;624;;1
1655;0;Karlsruhe Hbf;;510;1
1655;1;Pforzheim Hbf;538;539;0
1655;2;Mühlacker;551;552;0
1655;3;Vaihingen(Enz);560;561;0
1655;4;Stuttgart Hbf;585;590;1
1655;5;Schwäbisch Gmünd;627;628;0
1655;6;Aalen Hbf;647;648;0
1655;7;Ellwangen;660;661;0
1655;8;Crailsheim;679;680;0
1655;9;Ansbach;709;710;0
1655;10;Nürnberg Hbf;744;;1
1656;0;Karlsruhe Hbf;;630;1
1656;1;Pforzheim Hbf;658;659;0
1656;2;Mühlacker;671;672;0
1656;3;Vaihingen(Enz);680;681;0
1656;4;Stuttgart Hbf;705;710;1
1656;5;Schwäbisch Gmünd;747;748;0
1656;6;Aalen Hbf;767;768;0
1656;7;Ellwangen;780;781;0
1656;8;Crailsheim;799;800;0
1656;9;Ansbach;829;830;0
1656;10;Nürnberg Hbf;864;;1
1657;0;Karlsruhe Hbf;;750;1
1657;1;Pforzheim Hbf;778;779;0
1657;2;Mühlacker;791;792;0
1657;3;Vaihingen(Enz);800;801;0
1657;4;Stuttgart Hbf;825;830;1
1657;5;Schwäbisch Gmünd;867;868;0
1657;6;Aalen Hbf;887;888;0
1657;7;Ellwangen;900;901;0
1657;8;Crailsheim;919;920;0
1657;9;Ansbach;949;950;0
1657;10;Nürnberg Hbf;984;;1
1658;0;Karlsruhe Hbf;;870;1
1658;1;Pforzheim Hbf;898;899;0
1658;2;Mühlacker;911;912;0
1658;3;Vaihingen(Enz);920;921;0
1658;4;Stuttgart Hbf;945;950;1
1658;5;Schwäbisch Gmünd;987;988;0
1658;6;Aalen Hbf;1007;1008;0
1658;7;Ellwangen;1020;1021;0
1658;8;Crailsheim;1039;1040;0
1658;9;Ansbach;1069;1070;0
1658;10;Nürnberg Hbf;1104;;1
1659;0;Karlsruhe Hbf;;990;1
1659;1;Pforzheim Hbf;1018;1019;0
1659;2;Mühlacker;1031;1032;0
1659;3;Vaihingen(Enz);1040;1041;0
1659;4;Stuttgart Hbf;1065;1070;1
1659;5;Schwäbisch Gmünd;1107;1108;0
1659;6;Aalen Hbf;1127;1128;0
1659;7;Ellwangen;1140;1141;0
1659;8;Crailsheim;1159;1160;0
1659;9;Ansbach;1189;1190;0
1659;10;Nürnberg Hbf;1224;;1
1660;0;Karlsruhe Hbf;;1110;1
1660;1;Pforzheim Hbf;1138;1139;0
1660;2;Mühlacker;1151;1152;0
1660;3;Vaihingen(Enz);1160;1161;0
1660;4;Stuttgart Hbf;1185;1190;1
1660;5;Schwäbisch Gmünd;1227;1228;0
1660;6;Aalen Hbf;1247;1248;0
1660;7;Ellwangen;1260;1261;0
1660;8;Crailsheim;1279;1280;0
1660;9;Ansbach;1309;1310;0
1660;10;Nürnberg Hbf;1344;;1
1661;0;Karlsruhe Hbf;;1230;1
1661;1;Pforzheim Hbf;1258;1259;0
1661;2;Mühlacker;1271;1272;0
1661;3;Vaihingen(Enz);1280;1281;0
1661;4;Stuttgart Hbf;1305;1310;1
1661;5;Schwäbisch Gmünd;1347;1348;0
1661;6;Aalen Hbf;1367;1368;0
1661;7;Ellwangen;1380;1381;0
1661;8;Crailsheim;1399;1400;0
1661;9;Ansbach;1429;1430;0
1661;10;Nürnberg Hbf;1464;;1
1662;0;Karlsruhe Hbf;;1350;1
1662;1;Pforzheim Hbf;1378;1379;0
1662;2;Mühlacker;1391;1392;0
1662;3;Vaihingen(Enz);1400;1401;0
1662;4;Stuttgart Hbf;1425;1430;1
1662;5;Schwäbisch Gmünd;1467;1468;0
1662;6;Aalen Hbf;1487;1488;0
1662;7;Ellwangen;1500;1501;0
1662;8;Crailsheim;1519;1520;0
1662;9;Ansbach;1549;1550;0
1662;10;Nürnberg Hbf;1584;;1
1663;0;Singen(Hohentwiel);;300;0
1663;1;Schaffhausen;313;;0
1664;0;Singen(Hohentwiel);;360;0
1664;1;Schaffhausen;373;;0
1665;0;Singen(Hohentwiel);;420;0
1665;1;Schaffhausen;433;;0
1666;0;Singen(Hohentwiel);;480;0
1666;1;Schaffhausen;493;;0
1667;0;Singen(Hohentwiel);;540;0
1667;1;Schaffhausen;553;;0
1668;0;Singen(Hohentwiel);;600;0
1668;1;Schaffhausen;613;;0
1669;0;Singen(Hohentwiel);;660;0
1669;1;Schaffhausen;673;;0
1670;0;Singen(Hohentwiel);;720;0
1670;1;Schaffhausen;733;;0
1671;0;Singen(Hohentwiel);;780;0
1671;1;Schaffhausen;793;;0
1672;0;Singen(Hohentwiel);;840;0
1672;1;Schaffhausen;853;;0
1673;0;Singen(Hohentwiel);;900;0
1673;1;Schaffhausen;913;;0
1674;0;Singen(Hohentwiel);;960;0
1674;1;Schaffhausen;973;;0
1675;0;Singen(Hohentwiel);;1020;0
1675;1;Schaffhausen;1033;;0
1676;0;Singen(Hohentwiel);;1080;0
1676;1;Schaffhausen;1093;;0
1677;0;Singen(Hohentwiel);;1140;0
1677;1;Schaffhausen;1153;;0
1678;0;Singen(Hohentwiel);;1200;0
1678;1;Schaffhausen;1213;;0
1679;0;Singen(Hohentwiel);;1260;0
1679;1;Schaffhausen;1273;;0
1680;0;Singen(Hohentwiel);;1320;0
1680;1;Schaffhausen;1333;;0
1681;0;Singen(Hohentwiel);;1380;0
1681;1;Schaffhausen;1393;;0
1682;0;Schaffhausen;;300;0
1682;1;Singen(Hohentwiel);314;;0
1683;0;Schaffhausen;;360;0
1683;1;Singen(Hohentwiel);374;;0
1684;0;Schaffhausen;;420;0
1684;1;Singen(Hohentwiel);434;;0
1685;0;Schaffhausen;;480;0
1685;1;Singen(Hohentwiel);494;;0
1686;0;Schaffhausen;;540;0
1686;1;Singen(Hohentwiel);554;;0
1687;0;Schaffhausen;;600;0
1687;1;Singen(Hohentwiel);614;;0
1688;0;Schaffhausen;;660;0
1688;1;Singen(Hohentwiel);674;;0
1689;0;Schaffhausen;;720;0
1689;1;Singen(Hohentwiel);734;;0
1690;0;Schaffhausen;;780;0
1690;1;Singen(Hohentwiel);794;;0
1691;0;Schaffhausen;;840;0
1691;1;Singen(Hohentwiel);854;;0
1692;0;Schaffhausen;;900;0
1692;1;Singen(Hohentwiel);914;;0
1693;0;Schaffhausen;;960;0
1693;1;Singen(Hohentwiel);974;;0
1694;0;Schaffhausen;;1020;0
1694;1;Singen(Hohentwiel);1034;;0
1695;0;Schaffhausen;;1080;0
1695;1;Singen(Hohentwiel);1094;;0
1696;0;Schaffhausen;;1140;0
1696;1;Singen(Hohentwiel);1154;;0
1697;0;Schaffhausen;;1200;0
1697;1;Singen(Hohentwiel);1214;;0
1698;0;Schaffhausen;;1260;0
1698;1;Singen(Hohentwiel);1274;;0
1699;0;Schaffhausen;;1320;0
1699;1;Singen(Hohentwiel);1334;;0
1700;0;Schaffhausen;;1380;0
1700;1;Singen(Hohentwiel);1394;;0
