trip_id;route_id;linie;gattung;produkt;betreiber;von_id;von;nach_id;nach;abfahrt;ankunft;dauer_min;halte;km_luftlinie;vschnitt_kmh;halt_je_100km;verkehrstage;wochentage;de_anteil;inland;kategorie;sprinter_korridor;von_stadt;nach_stadt
100003;61;1;ICE;ICE;DB Fernverkehr AG;517455;Köln Hbf;99055;Nürnberg Hbf;71580;90540;316;8;376.3;71.4;1.59;2;34;1.0;1;ICE;;Köln;Nürnberg
1000047;36;43;ICE;ICE;DB Fernverkehr AG;464157;Basel SBB;640892;Dortmund Hbf;69360;88800;324;16;548.7;101.6;2.55;1;4;0.875;0;ICE;;Basel;Dortmund
1000128;2;56;IC;IC;DB Fernverkehr AG;93866;Hannover Hbf;53188;Leipzig Hbf;20220;31140;182;5;241.7;79.7;1.24;5;01235;1.0;1;IC;;Hannover;Leipzig
100034;40;78;ICE;ICE;DB Fernverkehr AG;176697;Frankfurt(Main)Hbf;575362;Arnhem Centraal;52740;66360;227;8;309.8;81.9;1.94;4;1234;0.75;0;ICE;;Frankfurt;Arnhem Centraal
1000362;82;95;EC;IC;DB Fernverkehr AG;42071;Rzepin;354957;Frankfurt(Oder);75000;76140;19;3;19.2;60.7;;2;06;0.667;0;IC;;Rzepin;Frankfurt(Oder)
1000714;94;88;ECE;ICE;DB Fernverkehr AG;9941;München Hbf;167729;Lindau-Reutin;30720;39000;138;4;163.5;71.1;1.22;16;0123456;1.0;1;ICE;;München;Lindau-Reutin
1000889;75;;ECE;ICE;Dänische Staatsbahnen;368193;Padborg st;274287;Koebenhavn H;75780;85620;164;5;276.4;101.1;1.09;1;0;0.0;0;ICE;;Padborg st;København
1000894;18;;ICE;ICE;ÖBB;695368;Salzburg Hbf;338037;Graz Hbf;50820;64860;234;14;299.4;76.8;4.01;17;0123456;0.0;0;ICE;;Salzburg;Graz
1000979;80;55;ICE;ICE;DB Fernverkehr AG;64889;Oberstdorf;640892;Dortmund Hbf;35400;66720;522;17;589.7;67.8;2.54;1;6;1.0;1;ICE;;Oberstdorf;Dortmund
1001008;48;;EC;IC;SBB;96724;Zürich HB;63619;St. Margrethen SG;20100;24540;74;4;89.2;72.3;2.24;3;15;0.0;0;IC;;Zürich;St. Margrethen SG
1001634;91;79;ICE;ICE;DB Fernverkehr AG;257676;Bruxelles Midi;176697;Frankfurt(Main)Hbf;37500;48420;182;8;356.7;117.6;1.68;18;01234;0.625;0;ICE;;Bruxelles;Frankfurt
1001749;40;78;ICE;ICE;DB Fernverkehr AG;575362;Arnhem Centraal;176697;Frankfurt(Main)Hbf;70440;82440;200;9;309.8;92.9;2.26;3;456;0.778;0;ICE;;Arnhem Centraal;Frankfurt
1001929;33;42;ICE;ICE;DB Fernverkehr AG;428519;Hamburg Hbf;9941;München Hbf;27900;59340;524;17;883.4;101.2;1.7;2;56;1.0;1;ICE;;Hamburg;München
1002286;91;79;ICE;ICE;DB Fernverkehr AG;164260;Antwerpen Centraal;517455;Köln Hbf;39660;48240;143;7;223.2;93.7;2.24;11;01234;0.429;0;ICE;;Antwerpen Centraal;Köln
1002747;3;26;ICE;ICE;DB Fernverkehr AG;477761;Bremen Hbf;635340;Heidelberg Hbf;33300;52860;326;13;474.5;87.3;2.32;5;01234;1.0;1;ICE;;Bremen;Heidelberg
100279;1;;IC;IC;PKP Intercity;174196;Bohumin(Gr);39653;Warszawa Wschodnia;100440;116100;261;12;333.5;76.7;3.0;2;56;0.0;0;IC;;Bohumin;Warszawa
1002797;22;;IC;IC;SBB;96724;Zürich HB;556408;Schaffhausen;45420;47580;36;2;36.3;60.4;0.0;11;01234;0.0;0;IC;;Zürich;Schaffhausen
1003463;72;;ICE;ICE;SBB;480653;Interlaken Ost;464157;Basel SBB;61140;68400;121;8;138.9;68.9;4.32;14;023456;0.0;0;ICE;;Interlaken Ost;Basel
1003806;67;33;ICE;ICE;DB Fernverkehr AG;267257;Essen Hbf;468987;Westerland(Sylt);21780;45180;390;11;514.6;79.2;1.75;2;56;1.0;1;ICE;;Essen;Westerland
1004036;42;22;ICE;ICE;DB Fernverkehr AG;668361;Stuttgart Hbf;428519;Hamburg Hbf;55380;73740;306;8;583.5;114.4;1.03;8;0123456;1.0;1;ICE;;Stuttgart;Hamburg
1004083;68;91;ICE;ICE;DB Fernverkehr AG;90261;Regensburg Hbf;691821;Düsseldorf Hbf;30600;53760;386;11;485.9;75.5;1.85;3;056;1.0;1;ICE;;Regensburg;Düsseldorf
1004136;40;78;ICE;ICE;DB Fernverkehr AG;176697;Frankfurt(Main)Hbf;575362;Arnhem Centraal;52740;66360;227;8;309.8;81.9;1.94;2;6;0.75;0;ICE;;Frankfurt;Arnhem Centraal
1004150;36;43;ICE;ICE;DB Fernverkehr AG;464157;Basel SBB;428519;Hamburg Hbf;26160;54960;480;16;817.2;102.1;1.71;4;0234;0.875;0;ICE;;Basel;Hamburg
1004166;22;;IC;IC;SBB;556408;Schaffhausen;96724;Zürich HB;78420;80580;36;2;36.3;60.4;0.0;2;23;0.0;0;IC;;Schaffhausen;Zürich
1004224;37;82;ICE;ICE;DB Fernverkehr AG;176697;Frankfurt(Main)Hbf;180380;Saarbrücken Hbf;46380;53940;126;4;182.3;86.8;1.1;3;6;1.0;1;ICE;;Frankfurt;Saarbrücken
1004313;57;19;ICE;ICE;DB Fernverkehr AG;391201;Berlin Südkreuz;517455;Köln Hbf;25080;44220;319;7;506.8;95.3;0.99;1;6;1.0;1;ICE;;Berlin;Köln
1004445;36;43;ICE;ICE;DB Fernverkehr AG;428519;Hamburg Hbf;464157;Basel SBB;24300;53280;483;15;816.0;101.4;1.59;1;1;0.867;0;ICE;;Hamburg;Basel
1005029;32;18;ICE;ICE;DB Fernverkehr AG;613345;Berlin Hbf;9941;München Hbf;84480;112500;467;16;582.6;74.9;2.4;1;5;1.0;1;ICE;;Berlin;München
100543;50;61;IC;IC;DB Fernverkehr AG;53188;Leipzig Hbf;497089;Karlsruhe Hbf;28200;53760;426;22;515.5;72.6;3.88;2;56;1.0;1;IC;;Leipzig;Karlsruhe
100622;33;42;ICE;ICE;DB Fernverkehr AG;396514;Hamburg-Altona;9941;München Hbf;69960;111060;685;22;919.3;80.5;2.18;1;5;1.0;1;ICE;;Hamburg;München
1006284;36;43;ICE;ICE;DB Fernverkehr AG;396514;Hamburg-Altona;297876;Basel Bad Bf;51960;81540;493;19;837.8;102.0;2.03;5;01236;0.947;0;ICE;;Hamburg;Basel
1006351;5;50;ICE;ICE;DB Fernverkehr AG;38672;Frankfurt(M) Flughafen Fernbf;224643;Dresden Hbf;68520;85500;283;11;436.8;92.6;2.06;10;0123456;1.0;1;ICE;;Frankfurt;Dresden
1006684;43;;EN;SONSTIGE;MAV;26993;Decin hl.n.;619325;Budapest-Nyugati;82680;116940;571;15;608.3;63.9;2.14;21;0123456;0.0;0;SONSTIGE;;Decin hl.n.;Budapest
1006967;78;15;ICE;ICE;DB Fernverkehr AG;552264;Ostseebad Binz;176697;Frankfurt(Main)Hbf;41040;68160;452;13;697.3;92.6;1.58;1;5;1.0;1;ICE;;Ostseebad Binz;Frankfurt
1007196;93;96;EC;IC;DB Fernverkehr AG;354957;Frankfurt(Oder);42071;Rzepin;35400;36540;19;3;19.2;60.7;;2;56;0.667;0;IC;;Frankfurt(Oder);Rzepin
1007270;23;12;ICE;ICE;DB Fernverkehr AG;613345;Berlin Hbf;598255;Offenburg;59400;80940;359;13;722.1;120.7;1.52;1;4;1.0;1;ICE;;Berlin;Offenburg
100762;72;;ICE;ICE;SBB;464157;Basel SBB;228347;Brig;61080;69180;135;8;179.2;79.6;3.35;10;01234;0.0;0;ICE;;Basel;Brig
1007831;47;62;ICE;ICE;DB Fernverkehr AG;9941;München Hbf;176697;Frankfurt(Main)Hbf;35220;49440;237;10;352.9;89.3;2.27;15;01234;1.0;1;ICE;;München;Frankfurt
1008042;53;47;ICE;ICE;DB Fernverkehr AG;517455;Köln Hbf;9941;München Hbf;19500;34800;255;7;503.4;118.4;0.99;5;01234;1.0;1;ICE;;Köln;München
1008294;87;41;ICE;ICE;DB Fernverkehr AG;9941;München Hbf;517455;Köln Hbf;27720;44520;280;7;500.5;107.2;1.0;2;56;1.0;1;ICE;;München;Köln
1008690;31;11;ICE;ICE;DB Fernverkehr AG;668361;Stuttgart Hbf;428519;Hamburg Hbf;24540;53040;475;13;882.0;111.4;1.25;3;056;1.0;1;ICE;;Stuttgart;Hamburg
1009312;89;35;IC;IC;DB Fernverkehr AG;195950;Norddeich Mole;691821;Düsseldorf Hbf;35460;49560;235;16;311.9;79.6;4.49;12;0123456;1.0;1;IC;;Norddeich Mole;Düsseldorf
1010508;42;22;ICE;ICE;DB Fernverkehr AG;176697;Frankfurt(Main)Hbf;659783;Kiel Hbf;24360;42000;294;9;506.4;103.3;1.38;3;6;1.0;1;ICE;;Frankfurt;Kiel
1010622;68;91;ICE;ICE;DB Fernverkehr AG;90261;Regensburg Hbf;691821;Düsseldorf Hbf;30420;53760;389;9;473.5;73.0;1.48;3;124;1.0;1;ICE;;Regensburg;Düsseldorf
1010783;80;55;ICE;ICE;DB Fernverkehr AG;517455;Köln Hbf;668361;Stuttgart Hbf;39180;53460;238;8;298.0;75.1;2.01;6;01234;1.0;1;ICE;;Köln;Stuttgart
1010871;33;42;ICE;ICE;DB Fernverkehr AG;9941;München Hbf;428519;Hamburg Hbf;48480;80100;527;17;883.4;100.6;1.7;1;0;1.0;1;ICE;;München;Hamburg
1010954;34;62;EC;IC;DB Fernverkehr AG;9941;München Hbf;695368;Salzburg Hbf;36960;43140;103;5;123.0;71.6;2.44;31;0123456;0.8;0;IC;;München;Salzburg
1011030;48;;EC;IC;SBB;63619;St. Margrethen SG;96724;Zürich HB;61800;66480;78;5;91.3;70.2;3.29;15;0123456;0.0;0;IC;;St. Margrethen SG;Zürich
101122;45;25;ICE;ICE;DB Fernverkehr AG;9066;Hamburg-Harburg;9941;München Hbf;43980;65700;362;9;679.1;112.6;1.03;4;1234;1.0;1;ICE;;Hamburg;München
1011223;45;25;ICE;ICE;DB Fernverkehr AG;331094;Hamburg Dammtor;9941;München Hbf;46380;67680;355;11;704.1;119.0;1.28;19;0123456;1.0;1;ICE;;Hamburg;München
1011400;47;62;ICE;ICE;DB Fernverkehr AG;355878;Garmisch-Partenkirchen;540195;Esslingen(Neckar);55980;71460;258;9;273.5;63.6;2.56;2;56;1.0;1;ICE;;Garmisch-Partenkirchen;Esslingen
1011860;12;29;ICE;ICE;DB Fernverkehr AG;9941;München Hbf;127712;Berlin Gesundbrunnen;69480;84720;254;8;560.6;132.4;1.07;26;0123456;1.0;1;ICE-SPRINTER;SPR-4;München;Berlin
1011922;72;;ICE;ICE;SBB;96724;Zürich HB;464157;Basel SBB;39540;42720;53;2;73.9;83.7;0.0;21;01234;0.0;0;ICE;;Zürich;Basel
1012017;94;88;ECE;ICE;DB Fernverkehr AG;167729;Lindau-Reutin;9941;München Hbf;33000;41640;144;4;163.5;68.1;1.22;5;03456;1.0;1;ICE;;Lindau-Reutin;München
1012501;84;77;ICE;ICE;DB Fernverkehr AG;79866;Amsterdam Centraal;613345;Berlin Hbf;27240;49500;371;14;604.3;97.7;1.99;1;5;0.571;0;ICE;;Amsterdam;Berlin
1013946;17;;ICE;ICE;Nederlandse Spoorwegen;79866;Amsterdam Centraal;575362;Arnhem Centraal;59880;63120;54;3;90.6;100.7;1.1;14;0123;0.0;0;ICE;;Amsterdam;Arnhem Centraal
10142;31;11;ICE;ICE;DB Fernverkehr AG;9941;München Hbf;127712;Berlin Gesundbrunnen;24120;52980;481;15;817.7;102.0;1.59;7;01234;1.0;1;ICE;;München;Berlin
1014296;82;95;EC;IC;DB Fernverkehr AG;127712;Berlin Gesundbrunnen;42071;Rzepin;78660;84480;97;5;101.3;62.7;2.96;1;5;0.8;0;IC;;Berlin;Rzepin
1014392;50;61;IC;IC;DB Fernverkehr AG;497089;Karlsruhe Hbf;668361;Stuttgart Hbf;75960;79320;56;5;69.6;74.6;4.31;10;01236;1.0;1;IC;;Karlsruhe;Stuttgart
1014403;48;;EC;IC;SBB;96724;Zürich HB;63619;St. Margrethen SG;41520;46140;77;5;91.3;71.2;3.29;1;0;0.0;0;IC;;Zürich;St. Margrethen SG
1014695;90;45;ICE;ICE;DB Fernverkehr AG;517455;Köln Hbf;426722;Limburg Süd;63060;65700;44;3;102.8;140.2;0.97;1;0;1.0;1;ICE;;Köln;Limburg
1015090;17;;ICE;ICE;Nederlandse Spoorwegen;65847;Hengelo;79866;Amsterdam Centraal;72540;79260;112;6;139.3;74.6;2.87;22;0123456;0.0;0;ICE;;Hengelo;Amsterdam
1016103;14;;EC;IC;ÖBB;167729;Lindau-Reutin;63619;St. Margrethen SG;75120;76140;17;3;15.5;54.9;;3;123;0.333;0;IC;;Lindau-Reutin;St. Margrethen SG
1016463;9;87;IC;IC;DB Fernverkehr AG;266187;Tuttlingen;556408;Schaffhausen;68400;71100;45;3;41.8;55.8;2.39;1;2;0.667;0;IC;;Tuttlingen;Schaffhausen
1016844;23;12;ICE;ICE;DB Fernverkehr AG;464157;Basel SBB;613345;Berlin Hbf;22560;48840;438;16;827.4;113.3;1.69;6;56;0.875;0;ICE;;Basel;Berlin
1017058;23;12;ICE;ICE;DB Fernverkehr AG;391201;Berlin Südkreuz;464157;Basel SBB;83460;118080;577;16;864.0;89.8;1.62;1;6;0.875;0;ICE;;Berlin;Basel
1017060;31;11;ICE;ICE;DB Fernverkehr AG;9941;München Hbf;613345;Berlin Hbf;60300;88200;465;14;813.4;105.0;1.48;2;56;1.0;1;ICE;;München;Berlin
1017623;45;25;ICE;ICE;DB Fernverkehr AG;9941;München Hbf;428519;Hamburg Hbf;42420;64620;370;10;689.8;111.9;1.16;2;01;1.0;1;ICE;;München;Hamburg
1017919;92;83;ICE;ICE;DB Fernverkehr AG;668361;Stuttgart Hbf;412384;Strasbourg;52980;58680;95;5;134.4;84.9;2.23;8;0123456;0.6;0;ICE;;Stuttgart;Strasbourg
1018265;9;87;IC;IC;DB Fernverkehr AG;556408;Schaffhausen;668361;Stuttgart Hbf;54960;63120;136;7;149.3;65.9;3.35;10;0123456;0.857;0;IC;;Schaffhausen;Stuttgart
1018572;57;19;ICE;ICE;DB Fernverkehr AG;391201;Berlin Südkreuz;517455;Köln Hbf;17400;34680;288;7;506.8;105.6;0.99;2;0;1.0;1;ICE;;Berlin;Köln
1018577;32;18;ICE;ICE;DB Fernverkehr AG;99055;Nürnberg Hbf;9941;München Hbf;68340;74520;103;5;180.2;104.9;1.67;3;056;1.0;1;ICE;;Nürnberg;München
1018798;10;20;ICE;ICE;DB Fernverkehr AG;331094;Hamburg Dammtor;19112;Kassel-Wilhelmshöhe;73260;82020;146;7;298.7;122.8;1.67;6;012345;1.0;1;ICE;;Hamburg;Kassel-Wilhelmshöhe
1018860;12;29;ICE;ICE;DB Fernverkehr AG;613345;Berlin Hbf;9941;München Hbf;52620;67380;246;7;557.6;136.0;0.9;28;0123456;1.0;1;ICE-SPRINTER;SPR-4;Berlin;München
1018865;33;42;ICE;ICE;DB Fernverkehr AG;396514;Hamburg-Altona;9941;München Hbf;33960;66420;541;18;888.2;98.5;1.8;2;56;1.0;1;ICE;;Hamburg;München
101985;82;95;EC;IC;DB Fernverkehr AG;127712;Berlin Gesundbrunnen;42071;Rzepin;63840;68820;83;5;101.3;73.2;2.96;4;1234;0.8;0;IC;;Berlin;Rzepin
1020286;46;60;ICE;ICE;DB Fernverkehr AG;9941;München Hbf;497089;Karlsruhe Hbf;46920;57120;170;7;273.1;96.4;1.83;8;0123456;1.0;1;ICE;;München;Karlsruhe
1020396;40;78;ICE;ICE;DB Fernverkehr AG;176697;Frankfurt(Main)Hbf;575362;Arnhem Centraal;31080;44760;228;8;309.8;81.5;1.94;4;1234;0.75;0;ICE;;Frankfurt;Arnhem Centraal
1020923;53;47;ICE;ICE;DB Fernverkehr AG;9941;München Hbf;640892;Dortmund Hbf;37140;57000;331;11;608.1;110.2;1.48;5;01234;1.0;1;ICE;;München;Dortmund
1021987;48;;EC;IC;SBB;96724;Zürich HB;63619;St. Margrethen SG;27120;31740;77;5;91.3;71.2;3.29;1;0;0.0;0;IC;;Zürich;St. Margrethen SG
1022012;31;11;ICE;ICE;DB Fernverkehr AG;416646;Erfurt Hbf;9941;München Hbf;19740;40500;346;10;562.6;97.6;1.42;14;0123456;1.0;1;ICE;;Erfurt;München
1022350;27;57;IC;IC;DB Fernverkehr AG;53188;Leipzig Hbf;157968;Rostock Hbf;56520;71760;254;11;364.2;86.0;2.47;9;56;1.0;1;IC;;Leipzig;Rostock
1022743;62;13;ICE;ICE;DB Fernverkehr AG;337692;Berlin-Charlottenburg;668361;Stuttgart Hbf;55620;77340;362;16;677.2;112.2;2.07;4;56;1.0;1;ICE;;Berlin;Stuttgart
1022958;54;82;ICE;ICE;SNCF;335130;Paris Est;412384;Strasbourg;40020;46980;116;2;395.5;204.6;0.0;19;0123456;0.0;0;ICE;;Paris;Strasbourg
1023020;26;55;IC;IC;DB Fernverkehr AG;224643;Dresden Hbf;53188;Leipzig Hbf;73320;77700;73;4;107.5;88.4;1.86;25;012346;1.0;1;IC;;Dresden;Leipzig
102316;82;95;EC;IC;DB Fernverkehr AG;127712;Berlin Gesundbrunnen;42071;Rzepin;42240;47220;83;5;101.3;73.2;2.96;1;3;0.8;0;IC;;Berlin;Rzepin
102334;67;33;ICE;ICE;DB Fernverkehr AG;267257;Essen Hbf;468987;Westerland(Sylt);21780;45180;390;11;514.6;79.2;1.75;3;034;1.0;1;ICE;;Essen;Westerland
1023960;77;10;ICE;ICE;DB Fernverkehr AG;691821;Düsseldorf Hbf;391201;Berlin Südkreuz;42600;58800;270;13;508.0;112.9;2.17;12;0123456;1.0;1;ICE;;Düsseldorf;Berlin
1023972;67;33;ICE;ICE;DB Fernverkehr AG;517455;Köln Hbf;436196;Greifswald;45900;73080;453;18;657.6;87.1;2.43;6;56;1.0;1;ICE;;Köln;Greifswald
1024570;5;50;ICE;ICE;DB Fernverkehr AG;416646;Erfurt Hbf;87362;Wiesbaden Hbf;22620;34320;195;8;250.1;77.0;2.4;1;6;1.0;1;ICE;;Erfurt;Wiesbaden
102503;26;55;IC;IC;DB Fernverkehr AG;497089;Karlsruhe Hbf;436294;Bonn Hbf;71700;81780;168;6;243.4;86.9;1.64;1;5;1.0;1;IC;;Karlsruhe;Bonn
102531;31;11;ICE;ICE;DB Fernverkehr AG;9941;München Hbf;127712;Berlin Gesundbrunnen;53100;81780;478;14;817.3;102.6;1.47;3;234;1.0;1;ICE;;München;Berlin
1025676;47;62;ICE;ICE;DB Fernverkehr AG;226858;Darmstadt Hbf;9941;München Hbf;66600;80520;232;9;328.0;84.8;2.13;1;6;1.0;1;ICE;;Darmstadt;München
1025814;14;;EC;IC;ÖBB;63619;St. Margrethen SG;167729;Lindau-Reutin;24660;25680;17;3;15.5;54.9;;8;01234;0.333;0;IC;;St. Margrethen SG;Lindau-Reutin
1025879;33;42;ICE;ICE;DB Fernverkehr AG;396514;Hamburg-Altona;176697;Frankfurt(Main)Hbf;80700;111780;518;17;578.1;67.0;2.59;2;12;1.0;1;ICE-SPRINTER;SPR-1;Hamburg;Frankfurt
1026119;77;10;ICE;ICE;DB Fernverkehr AG;517455;Köln Hbf;391201;Berlin Südkreuz;60960;80400;324;10;522.3;96.7;1.53;1;0;1.0;1;ICE;;Köln;Berlin
1026483;89;35;IC;IC;DB Fernverkehr AG;601951;Emden Außenhafen;691821;Düsseldorf Hbf;48360;61140;213;10;275.3;77.5;2.91;2;56;1.0;1;IC;;Emden Außenhafen;Düsseldorf
1026760;77;10;ICE;ICE;DB Fernverkehr AG;613345;Berlin Hbf;691821;Düsseldorf Hbf;71220;91680;341;11;501.6;88.3;1.79;1;1;1.0;1;ICE;;Berlin;Düsseldorf
1027055;25;;RJ;SONSTIGE;MAV;269485;Sturovo;619325;Budapest-Nyugati;77220;82140;82;6;65.8;48.1;6.08;2;56;0.0;0;SONSTIGE;;Sturovo;Budapest
1027283;31;11;ICE;ICE;DB Fernverkehr AG;87362;Wiesbaden Hbf;9941;München Hbf;19560;33300;229;9;356.9;93.5;1.96;2;56;1.0;1;ICE;;Wiesbaden;München
1027318;26;55;IC;IC;DB Fernverkehr AG;635340;Heidelberg Hbf;517455;Köln Hbf;59040;68760;162;6;218.9;81.1;1.83;2;06;1.0;1;IC;;Heidelberg;Köln
1027496;44;17;IC;IC;DB Fernverkehr AG;157968;Rostock Hbf;224643;Dresden Hbf;37260;52080;247;9;368.9;89.6;1.9;28;0123456;1.0;1;IC;;Rostock;Dresden
1027646;36;43;ICE;ICE;DB Fernverkehr AG;396514;Hamburg-Altona;517455;Köln Hbf;66360;85020;311;12;397.0;76.6;2.52;1;4;1.0;1;ICE-SPRINTER;SPR-2;Hamburg;Köln
1027899;40;78;ICE;ICE;DB Fernverkehr AG;575362;Arnhem Centraal;176697;Frankfurt(Main)Hbf;63240;73620;173;10;310.4;107.7;2.58;9;0123;0.8;0;ICE;;Arnhem Centraal;Frankfurt
1028881;53;47;ICE;ICE;DB Fernverkehr AG;9941;München Hbf;575362;Arnhem Centraal;51600;77160;426;13;653.4;92.0;1.68;8;123456;0.846;0;ICE;;München;Arnhem Centraal
1028946;19;24;ICE;ICE;DB Fernverkehr AG;468987;Westerland(Sylt);176697;Frankfurt(Main)Hbf;39300;68880;493;16;647.3;78.8;2.16;6;012345;1.0;1;ICE;;Westerland;Frankfurt
1028985;31;11;ICE;ICE;DB Fernverkehr AG;9941;München Hbf;127712;Berlin Gesundbrunnen;24120;52980;481;15;816.4;101.8;1.59;2;56;1.0;1;ICE;;München;Berlin
1029509;84;77;ICE;ICE;DB Fernverkehr AG;65847;Hengelo;391201;Berlin Südkreuz;28320;47040;312;7;453.8;87.3;1.1;1;6;0.857;0;ICE;;Hengelo;Berlin
1029633;28;75;ECE;ICE;DB Fernverkehr AG;428519;Hamburg Hbf;368193;Padborg st;67980;75180;120;4;147.5;73.8;1.36;3;5;0.75;0;ICE;;Hamburg;Padborg st
1029800;2;56;IC;IC;DB Fernverkehr AG;53188;Leipzig Hbf;549925;Leer(Ostfriesl);63720;83640;332;17;446.3;80.7;3.36;2;26;1.0;1;IC;;Leipzig;Leer
1030019;45;25;ICE;ICE;DB Fernverkehr AG;9941;München Hbf;428519;Hamburg Hbf;40320;61020;345;10;702.7;122.2;1.14;6;56;1.0;1;ICE;;München;Hamburg
1030997;62;13;ICE;ICE;DB Fernverkehr AG;497089;Karlsruhe Hbf;337692;Berlin-Charlottenburg;38400;59460;351;15;651.1;111.3;2.0;4;0123;1.0;1;ICE;;Karlsruhe;Berlin
1031210;42;22;ICE;ICE;DB Fernverkehr AG;428519;Hamburg Hbf;668361;Stuttgart Hbf;62940;82500;326;9;585.7;107.8;1.2;9;012356;1.0;1;ICE;;Hamburg;Stuttgart
1031420;42;22;ICE;ICE;DB Fernverkehr AG;668361;Stuttgart Hbf;659783;Kiel Hbf;18120;42180;401;12;673.0;100.7;1.49;1;5;1.0;1;ICE;;Stuttgart;Kiel
1031582;10;20;ICE;ICE;DB Fernverkehr AG;331094;Hamburg Dammtor;464157;Basel SBB;51660;76860;420;13;741.2;105.9;1.48;2;56;0.846;0;ICE;;Hamburg;Basel
1031693;5;50;ICE;ICE;DB Fernverkehr AG;224643;Dresden Hbf;38672;Frankfurt(M) Flughafen Fernbf;22260;39360;285;11;436.8;92.0;2.06;26;0123456;1.0;1;ICE;;Dresden;Frankfurt
1031850;45;25;ICE;ICE;DB Fernverkehr AG;331094;Hamburg Dammtor;9941;München Hbf;67980;90600;377;11;704.1;112.1;1.28;1;5;1.0;1;ICE;;Hamburg;München
1032438;33;42;ICE;ICE;DB Fernverkehr AG;517455;Köln Hbf;428519;Hamburg Hbf;14100;29880;263;12;403.8;92.1;2.48;1;5;1.0;1;ICE-SPRINTER;SPR-2;Köln;Hamburg
1032644;5;50;ICE;ICE;DB Fernverkehr AG;224643;Dresden Hbf;87362;Wiesbaden Hbf;36660;55920;321;11;455.2;85.1;1.98;3;056;1.0;1;ICE;;Dresden;Wiesbaden
1032801;45;25;ICE;ICE;DB Fernverkehr AG;331094;Hamburg Dammtor;9941;München Hbf;80400;108540;469;12;695.5;89.0;1.44;1;2;1.0;1;ICE;;Hamburg;München
1032944;36;43;ICE;ICE;DB Fernverkehr AG;428519;Hamburg Hbf;464157;Basel SBB;53100;82080;483;16;817.2;101.5;1.71;1;5;0.875;0;ICE;;Hamburg;Basel
1032980;17;;ICE;ICE;Nederlandse Spoorwegen;24890;Utrecht Centraal;65847;Hengelo;51480;57060;93;5;117.6;75.9;2.55;2;56;0.0;0;ICE;;Utrecht Centraal;Hengelo
1033085;91;79;ICE;ICE;DB Fernverkehr AG;176697;Frankfurt(Main)Hbf;257676;Bruxelles Midi;52440;63300;181;8;356.7;118.3;1.68;4;1234;0.625;0;ICE;;Frankfurt;Bruxelles
1033207;36;43;ICE;ICE;DB Fernverkehr AG;464157;Basel SBB;640892;Dortmund Hbf;69360;89340;333;12;546.6;98.5;1.83;1;0;0.833;0;ICE;;Basel;Dortmund
1033452;11;27;ICE;ICE;DB Fernverkehr AG;224643;Dresden Hbf;613345;Berlin Hbf;75180;82620;124;4;167.3;80.9;1.2;1;5;1.0;1;ICE;;Dresden;Berlin
1033557;33;42;ICE;ICE;DB Fernverkehr AG;9941;München Hbf;325703;Münster(Westf)Hbf;62880;87360;408;13;635.0;93.4;1.73;1;4;1.0;1;ICE;;München;Münster
103360;33;42;ICE;ICE;DB Fernverkehr AG;396514;Hamburg-Altona;9941;München Hbf;41160;73920;546;19;888.6;97.7;1.91;3;056;1.0;1;ICE;;Hamburg;München
1033667;36;43;ICE;ICE;DB Fernverkehr AG;517455;Köln Hbf;396514;Hamburg-Altona;18660;34440;263;10;379.1;86.5;2.11;5;01234;1.0;1;ICE-SPRINTER;SPR-2;Köln;Hamburg
1034500;87;41;ICE;ICE;DB Fernverkehr AG;640892;Dortmund Hbf;9941;München Hbf;14760;36720;366;13;574.4;94.2;1.91;8;0123456;1.0;1;ICE;;Dortmund;München
1034805;38;28;ICE;ICE;DB Fernverkehr AG;428519;Hamburg Hbf;99055;Nürnberg Hbf;59640;78720;318;10;682.3;128.7;1.17;8;0123456;1.0;1;ICE;;Hamburg;Nürnberg
1035073;18;;ICE;ICE;ÖBB;338037;Graz Hbf;695368;Salzburg Hbf;21780;35580;230;14;305.4;79.7;3.93;2;04;0.0;0;ICE;;Graz;Salzburg
1035302;31;11;ICE;ICE;DB Fernverkehr AG;9941;München Hbf;428519;Hamburg Hbf;38700;74640;599;17;1077.6;107.9;1.39;1;4;1.0;1;ICE;;München;Hamburg
1035310;77;10;ICE;ICE;DB Fernverkehr AG;691821;Düsseldorf Hbf;391201;Berlin Südkreuz;28260;44400;269;13;508.0;113.3;2.17;12;0123456;1.0;1;ICE;;Düsseldorf;Berlin
1035379;33;42;ICE;ICE;DB Fernverkehr AG;517455;Köln Hbf;9941;München Hbf;28440;44940;275;8;503.8;109.9;1.19;1;4;1.0;1;ICE;;Köln;München
1035825;62;13;ICE;ICE;DB Fernverkehr AG;337692;Berlin-Charlottenburg;38672;Frankfurt(M) Flughafen Fernbf;48480;64200;262;10;532.1;121.9;1.5;4;0123;1.0;1;ICE-SPRINTER;SPR-5;Berlin;Frankfurt
1036042;12;29;ICE;ICE;DB Fernverkehr AG;613345;Berlin Hbf;9941;München Hbf;74220;90600;273;7;557.6;122.6;0.9;1;5;1.0;1;ICE-SPRINTER;SPR-4;Berlin;München
1036685;88;;IC;IC;Dänische Staatsbahnen;328829;Fredericia st;310614;Flensburg;37800;42780;83;10;112.7;81.4;7.1;12;01234;0.2;0;IC;;Fredericia st;Flensburg
1036833;87;41;ICE;ICE;DB Fernverkehr AG;95437;Köln Messe/Deutz;9941;München Hbf;42300;58380;268;8;499.6;111.8;1.2;1;6;1.0;1;ICE;;Köln;München
103701;50;61;IC;IC;DB Fernverkehr AG;497089;Karlsruhe Hbf;53188;Leipzig Hbf;54360;80460;435;20;502.0;69.2;3.59;1;3;1.0;1;IC;;Karlsruhe;Leipzig
1037448;17;;ICE;ICE;Nederlandse Spoorwegen;575362;Arnhem Centraal;79866;Amsterdam Centraal;80880;84540;61;3;90.6;89.1;1.1;12;456;0.0;0;ICE;;Arnhem Centraal;Amsterdam
1037471;9;87;IC;IC;DB Fernverkehr AG;668361;Stuttgart Hbf;556408;Schaffhausen;66480;74700;137;6;149.2;65.3;2.68;16;0123456;0.833;0;IC;;Stuttgart;Schaffhausen
1037888;47;62;ICE;ICE;DB Fernverkehr AG;176697;Frankfurt(Main)Hbf;9941;München Hbf;58200;72600;240;10;354.1;88.5;2.26;5;01234;1.0;1;ICE;;Frankfurt;München
1037994;82;95;EC;IC;DB Fernverkehr AG;127712;Berlin Gesundbrunnen;42071;Rzepin;78660;84480;97;4;101.0;62.5;1.98;1;2;0.75;0;IC;;Berlin;Rzepin
1038096;82;95;EC;IC;DB Fernverkehr AG;127712;Berlin Gesundbrunnen;42071;Rzepin;35040;40020;83;5;101.3;73.2;2.96;1;3;0.8;0;IC;;Berlin;Rzepin
1038242;72;;ICE;ICE;SBB;228347;Brig;464157;Basel SBB;27900;36000;135;8;179.2;79.6;3.35;2;5;0.0;0;ICE;;Brig;Basel
103857;54;82;ICE;ICE;SNCF;335130;Paris Est;180380;Saarbrücken Hbf;68760;75420;111;4;341.6;184.6;0.59;2;12;0.5;0;ICE;;Paris;Saarbrücken
1039294;42;22;ICE;ICE;DB Fernverkehr AG;668361;Stuttgart Hbf;659783;Kiel Hbf;26580;49200;377;11;670.6;106.7;1.34;7;0123456;1.0;1;ICE;;Stuttgart;Kiel
1039332;91;79;ICE;ICE;DB Fernverkehr AG;164260;Antwerpen Centraal;517455;Köln Hbf;68460;77040;143;7;223.2;93.7;2.24;2;56;0.429;0;ICE;;Antwerpen Centraal;Köln
1039383;78;15;ICE;ICE;DB Fernverkehr AG;176697;Frankfurt(Main)Hbf;127712;Berlin Gesundbrunnen;46920;61320;240;6;434.4;108.6;0.92;2;5;1.0;1;ICE-SPRINTER;SPR-5;Frankfurt;Berlin
1039476;29;;EN;SONSTIGE;BahnTouristikExpress;478341;Stockholm Central;127712;Berlin Gesundbrunnen;62940;126600;1061;12;1177.3;66.6;0.85;2;5;0.25;0;SONSTIGE;;Stockholm Central;Berlin
1039592;32;18;ICE;ICE;DB Fernverkehr AG;9941;München Hbf;99055;Nürnberg Hbf;47520;53880;106;5;180.2;102.0;1.67;3;045;1.0;1;ICE;;München;Nürnberg
1039685;2;56;IC;IC;DB Fernverkehr AG;83956;Oldenburg(Oldb)Hbf;53188;Leipzig Hbf;20100;36900;280;13;394.6;84.6;2.79;1;3;1.0;1;IC;;Oldenburg;Leipzig
1039768;24;16;ICE;ICE;DB Fernverkehr AG;93866;Hannover Hbf;477761;Bremen Hbf;42300;45900;60;2;100.4;100.4;0.0;31;0123456;1.0;1;ICE;;Hannover;Bremen
1039770;72;;ICE;ICE;SBB;480653;Interlaken Ost;464157;Basel SBB;21540;28800;121;8;138.9;68.9;4.32;2;56;0.0;0;ICE;;Interlaken Ost;Basel
1040276;45;25;ICE;ICE;DB Fernverkehr AG;9066;Hamburg-Harburg;9941;München Hbf;65580;87060;358;9;679.1;113.8;1.03;5;13456;1.0;1;ICE;;Hamburg;München
1040801;93;96;EC;IC;DB Fernverkehr AG;42071;Rzepin;327376;Berlin-Lichtenberg;35340;40080;79;4;92.9;70.6;2.15;1;0;0.75;0;IC;;Rzepin;Berlin
1040921;10;20;ICE;ICE;DB Fernverkehr AG;331094;Hamburg Dammtor;497089;Karlsruhe Hbf;44460;62580;302;9;567.6;112.8;1.23;2;56;1.0;1;ICE;;Hamburg;Karlsruhe
1041825;84;77;ICE;ICE;DB Fernverkehr AG;65847;Hengelo;613345;Berlin Hbf;64320;78180;231;9;451.4;117.3;1.55;1;5;0.889;0;ICE;;Hengelo;Berlin
10419;31;11;ICE;ICE;DB Fernverkehr AG;416646;Erfurt Hbf;9941;München Hbf;19740;40440;345;9;562.2;97.8;1.25;3;234;1.0;1;ICE;;Erfurt;München
1042432;42;22;ICE;ICE;DB Fernverkehr AG;668361;Stuttgart Hbf;428519;Hamburg Hbf;69780;88200;307;8;596.3;116.5;1.01;1;5;1.0;1;ICE;;Stuttgart;Hamburg
1042588;82;95;EC;IC;DB Fernverkehr AG;127712;Berlin Gesundbrunnen;42071;Rzepin;78360;84480;102;5;101.3;59.6;2.96;1;0;0.8;0;IC;;Berlin;Rzepin
1042684;44;17;IC;IC;DB Fernverkehr AG;224643;Dresden Hbf;552264;Ostseebad Binz;28860;51120;371;16;438.5;70.9;3.19;3;5;1.0;1;IC;;Dresden;Ostseebad Binz
1042776;87;41;ICE;ICE;DB Fernverkehr AG;640892;Dortmund Hbf;9941;München Hbf;13140;36720;393;14;594.0;90.7;2.02;1;4;1.0;1;ICE;;Dortmund;München
104278;22;;IC;IC;SBB;96724;Zürich HB;556408;Schaffhausen;67020;69180;36;2;36.3;60.4;0.0;18;01234;0.0;0;IC;;Zürich;Schaffhausen
1042951;12;29;ICE;ICE;DB Fernverkehr AG;9941;München Hbf;127712;Berlin Gesundbrunnen;44460;59460;250;7;560.0;134.4;0.89;31;0123456;1.0;1;ICE-SPRINTER;SPR-4;München;Berlin
1043131;57;19;ICE;ICE;DB Fernverkehr AG;391201;Berlin Südkreuz;517455;Köln Hbf;47640;65280;294;7;506.8;103.4;0.99;1;5;1.0;1;ICE;;Berlin;Köln
1043219;26;55;IC;IC;DB Fernverkehr AG;635340;Heidelberg Hbf;93866;Hannover Hbf;66240;87600;356;17;489.4;82.5;3.07;2;01;1.0;1;IC;;Heidelberg;Hannover
1043301;48;;EC;IC;SBB;63619;St. Margrethen SG;96724;Zürich HB;83400;88080;78;5;91.3;70.2;3.29;3;03;0.0;0;IC;;St. Margrethen SG;Zürich
104375;31;11;ICE;ICE;DB Fernverkehr AG;127712;Berlin Gesundbrunnen;9941;München Hbf;76680;113220;609;18;810.3;79.8;1.97;1;5;1.0;1;ICE;;Berlin;München
104391;47;62;ICE;ICE;DB Fernverkehr AG;226858;Darmstadt Hbf;668361;Stuttgart Hbf;37800;42780;83;5;130.7;94.5;2.3;4;56;1.0;1;ICE;;Darmstadt;Stuttgart
1044004;58;20;ECE;ICE;DB Fernverkehr AG;464157;Basel SBB;428519;Hamburg Hbf;53160;77340;403;12;740.0;110.2;1.35;22;0123456;0.833;0;ICE;;Basel;Hamburg
1044048;59;85;ECE;ICE;DB Fernverkehr AG;297876;Basel Bad Bf;176697;Frankfurt(Main)Hbf;57300;67440;169;6;299.5;106.3;1.34;4;56;0.833;0;ICE;;Basel;Frankfurt
1044413;46;60;ICE;ICE;DB Fernverkehr AG;9941;München Hbf;668361;Stuttgart Hbf;77640;85320;128;5;195.6;91.7;1.53;1;3;1.0;1;ICE;;München;Stuttgart
1044419;12;29;ICE;ICE;DB Fernverkehr AG;9941;München Hbf;127712;Berlin Gesundbrunnen;19020;34260;254;8;560.6;132.4;1.07;2;56;1.0;1;ICE-SPRINTER;SPR-4;München;Berlin
1044610;46;60;ICE;ICE;DB Fernverkehr AG;497089;Karlsruhe Hbf;9941;München Hbf;57900;67620;162;6;272.6;101.0;1.47;2;56;1.0;1;ICE;;Karlsruhe;München
1044976;45;25;ICE;ICE;DB Fernverkehr AG;428519;Hamburg Hbf;9941;München Hbf;80880;108960;468;11;694.0;89.0;1.3;1;3;1.0;1;ICE;;Hamburg;München
1044996;39;51;ICE;ICE;DB Fernverkehr AG;224643;Dresden Hbf;691821;Düsseldorf Hbf;31440;55560;402;14;562.8;84.0;2.13;14;0123456;1.0;1;ICE;;Dresden;Düsseldorf
1045007;26;55;IC;IC;DB Fernverkehr AG;668361;Stuttgart Hbf;224643;Dresden Hbf;41760;81480;662;28;918.3;83.2;2.83;10;0123456;1.0;1;IC;;Stuttgart;Dresden
1045066;17;;ICE;ICE;Nederlandse Spoorwegen;79866;Amsterdam Centraal;580296;Woerden;27240;28740;25;2;32.7;78.5;0.0;2;5;0.0;0;ICE;;Amsterdam;Woerden
1045115;94;88;ECE;ICE;DB Fernverkehr AG;9941;München Hbf;167729;Lindau-Reutin;74040;82140;135;4;163.5;72.7;1.22;5;0126;1.0;1;ICE;;München;Lindau-Reutin
1045349;77;10;ICE;ICE;DB Fernverkehr AG;640892;Dortmund Hbf;391201;Berlin Südkreuz;71220;83880;211;9;440.8;125.3;1.59;10;0123456;1.0;1;ICE;;Dortmund;Berlin
1045623;46;60;ICE;ICE;DB Fernverkehr AG;9941;München Hbf;497089;Karlsruhe Hbf;39720;49920;170;8;273.1;96.4;2.2;7;0123456;1.0;1;ICE;;München;Karlsruhe
1046103;60;;IC;IC;DB Fernverkehr (Codesharing);96724;Zürich HB;464157;Basel SBB;70440;73560;52;2;73.9;85.3;0.0;5;6;0.0;0;IC;;Zürich;Basel
1046137;41;62;EC;IC;ÖBB;584165;Villach Hbf;695368;Salzburg Hbf;48480;57180;145;9;161.6;66.9;4.33;31;0123456;0.0;0;IC;;Villach;Salzburg
104674;67;33;ICE;ICE;DB Fernverkehr AG;436196;Greifswald;517455;Köln Hbf;27000;54900;465;18;657.6;84.8;2.43;6;012356;1.0;1;ICE;;Greifswald;Köln
1047057;47;62;ICE;ICE;DB Fernverkehr AG;9941;München Hbf;226858;Darmstadt Hbf;28020;41100;218;9;326.7;89.9;2.14;2;56;1.0;1;ICE;;München;Darmstadt
1047097;81;83;ICE;ICE;SNCF;412384;Strasbourg;335130;Paris Est;30120;36300;103;2;395.5;230.4;0.0;12;012345;0.0;0;ICE;;Strasbourg;Paris
1047486;27;57;IC;IC;DB Fernverkehr AG;396514;Hamburg-Altona;464794;Magdeburg Hbf;59160;68340;153;8;236.1;92.6;2.54;3;6;1.0;1;IC;;Hamburg;Magdeburg
1047679;33;42;ICE;ICE;DB Fernverkehr AG;9941;München Hbf;396514;Hamburg-Altona;26880;59640;546;18;888.2;97.6;1.8;3;234;1.0;1;ICE;;München;Hamburg
104786;77;10;ICE;ICE;DB Fernverkehr AG;613345;Berlin Hbf;517455;Köln Hbf;67620;87600;333;11;540.3;97.3;1.67;1;4;1.0;1;ICE;;Berlin;Köln
104793;68;91;ICE;ICE;DB Fernverkehr AG;640892;Dortmund Hbf;99055;Nürnberg Hbf;35640;59400;396;12;456.0;69.1;2.19;2;56;1.0;1;ICE;;Dortmund;Nürnberg
1048143;31;11;ICE;ICE;DB Fernverkehr AG;127712;Berlin Gesundbrunnen;9941;München Hbf;76680;113220;609;18;829.3;81.7;1.93;1;1;1.0;1;ICE;;Berlin;München
1049548;23;12;ICE;ICE;DB Fernverkehr AG;613345;Berlin Hbf;19112;Kassel-Wilhelmshöhe;73800;87120;222;6;353.8;95.6;1.13;3;046;1.0;1;ICE;;Berlin;Kassel-Wilhelmshöhe
1050509;87;41;ICE;ICE;DB Fernverkehr AG;691821;Düsseldorf Hbf;9941;München Hbf;48060;65520;291;9;533.0;109.9;1.31;1;5;1.0;1;ICE;;Düsseldorf;München
1050562;10;20;ICE;ICE;DB Fernverkehr AG;396514;Hamburg-Altona;667068;Frankfurt(M) Flughafen Regionalbf;15120;30780;261;11;460.4;105.8;1.95;16;0123456;1.0;1;ICE-SPRINTER;SPR-1;Hamburg;Frankfurt
1051371;12;29;ICE;ICE;DB Fernverkehr AG;127712;Berlin Gesundbrunnen;9941;München Hbf;69960;85380;257;7;560.0;130.7;0.89;9;012356;1.0;1;ICE-SPRINTER;SPR-4;Berlin;München
1052320;87;41;ICE;ICE;DB Fernverkehr AG;9941;München Hbf;176697;Frankfurt(Main)Hbf;71100;83100;200;7;342.5;102.8;1.46;1;2;1.0;1;ICE;;München;Frankfurt
1052396;87;41;ICE;ICE;DB Fernverkehr AG;9941;München Hbf;691821;Düsseldorf Hbf;16860;34560;295;10;533.7;108.5;1.5;2;5;1.0;1;ICE;;München;Düsseldorf
1052509;36;43;ICE;ICE;DB Fernverkehr AG;464157;Basel SBB;396514;Hamburg-Altona;33360;63240;498;18;838.3;101.0;1.91;15;0123456;0.889;0;ICE;;Basel;Hamburg
1052716;87;41;ICE;ICE;DB Fernverkehr AG;99055;Nürnberg Hbf;9941;München Hbf;21360;25980;77;3;149.8;116.8;0.67;16;01234;1.0;1;ICE;;Nürnberg;München
1052960;53;47;ICE;ICE;DB Fernverkehr AG;267257;Essen Hbf;9941;München Hbf;42060;63600;359;11;576.1;96.3;1.56;10;01234;1.0;1;ICE;;Essen;München
105328;53;47;ICE;ICE;DB Fernverkehr AG;9941;München Hbf;640892;Dortmund Hbf;58800;78600;330;13;609.1;110.7;1.81;5;01236;1.0;1;ICE;;München;Dortmund
1054319;91;79;ICE;ICE;DB Fernverkehr AG;176697;Frankfurt(Main)Hbf;257676;Bruxelles Midi;23640;34500;181;8;356.7;118.3;1.68;18;01234;0.625;0;ICE;;Frankfurt;Bruxelles
105433;18;;ICE;ICE;ÖBB;338037;Graz Hbf;695368;Salzburg Hbf;36000;49980;233;14;299.4;77.1;4.01;18;0123456;0.0;0;ICE;;Graz;Salzburg
1054357;67;33;ICE;ICE;DB Fernverkehr AG;468987;Westerland(Sylt);267257;Essen Hbf;35580;58980;390;12;514.7;79.2;1.94;12;0123456;1.0;1;ICE;;Westerland;Essen
1054497;33;42;ICE;ICE;DB Fernverkehr AG;517455;Köln Hbf;428519;Hamburg Hbf;15000;29940;249;10;387.3;93.3;2.07;5;12356;1.0;1;ICE-SPRINTER;SPR-2;Köln;Hamburg
1054514;45;25;ICE;ICE;DB Fernverkehr AG;331094;Hamburg Dammtor;9941;München Hbf;80400;110580;503;12;695.5;83.0;1.44;1;2;1.0;1;ICE;;Hamburg;München
1054570;42;22;ICE;ICE;DB Fernverkehr AG;659783;Kiel Hbf;668361;Stuttgart Hbf;29760;52680;382;10;670.1;105.2;1.19;5;01234;1.0;1;ICE;;Kiel;Stuttgart
1054915;93;96;EC;IC;DB Fernverkehr AG;127712;Berlin Gesundbrunnen;42071;Rzepin;60240;65340;85;5;101.3;71.5;2.96;15;0123456;0.8;0;IC;;Berlin;Rzepin
1055519;53;47;ICE;ICE;DB Fernverkehr AG;9941;München Hbf;640892;Dortmund Hbf;44400;67320;382;12;607.7;95.5;1.65;2;15;1.0;1;ICE;;München;Dortmund
1055536;33;42;ICE;ICE;DB Fernverkehr AG;9941;München Hbf;428519;Hamburg Hbf;19980;51300;522;17;883.4;101.5;1.7;6;123456;1.0;1;ICE;;München;Hamburg
1055756;9;87;IC;IC;DB Fernverkehr AG;679686;Singen(Hohentwiel);556408;Schaffhausen;30720;31500;13;2;17.0;78.4;;6;56;0.5;0;IC;;Singen;Schaffhausen
105601;31;11;ICE;ICE;DB Fernverkehr AG;9941;München Hbf;53188;Leipzig Hbf;67620;90540;382;10;663.4;104.2;1.21;1;6;1.0;1;ICE;;München;Leipzig
1056529;38;28;ICE;ICE;DB Fernverkehr AG;428519;Hamburg Hbf;99055;Nürnberg Hbf;66840;85980;319;10;682.3;128.3;1.17;3;056;1.0;1;ICE;;Hamburg;Nürnberg
1056749;68;91;ICE;ICE;DB Fernverkehr AG;691821;Düsseldorf Hbf;99055;Nürnberg Hbf;61140;81000;331;11;399.4;72.4;2.25;3;056;1.0;1;ICE;;Düsseldorf;Nürnberg
1057136;40;78;ICE;ICE;DB Fernverkehr AG;176697;Frankfurt(Main)Hbf;575362;Arnhem Centraal;67140;80760;227;9;310.7;82.1;2.25;2;12;0.778;0;ICE;;Frankfurt;Arnhem Centraal
1057378;33;42;ICE;ICE;DB Fernverkehr AG;691821;Düsseldorf Hbf;396514;Hamburg-Altona;14940;30840;265;12;370.9;84.0;2.7;1;4;1.0;1;ICE-SPRINTER;SPR-2;Düsseldorf;Hamburg
1057510;2;56;IC;IC;DB Fernverkehr AG;53188;Leipzig Hbf;601951;Emden Außenhafen;20760;42600;364;19;472.6;77.9;3.6;21;012345;1.0;1;IC;;Leipzig;Emden Außenhafen
1057646;82;95;EC;IC;DB Fernverkehr AG;42071;Rzepin;354957;Frankfurt(Oder);31800;32940;19;3;19.2;60.7;;1;5;0.667;0;IC;;Rzepin;Frankfurt(Oder)
105800;72;;ICE;ICE;SBB;464157;Basel SBB;510671;Bern;50280;53760;58;4;89.7;92.8;2.23;1;6;0.0;0;ICE;;Basel;Bern
1058591;36;43;ICE;ICE;DB Fernverkehr AG;428519;Hamburg Hbf;464157;Basel SBB;45900;74880;483;15;816.0;101.4;1.59;4;56;0.867;0;ICE;;Hamburg;Basel
1059298;33;42;ICE;ICE;DB Fernverkehr AG;396514;Hamburg-Altona;9941;München Hbf;55560;88800;554;19;888.6;96.2;1.91;1;2;1.0;1;ICE;;Hamburg;München
1059819;93;96;EC;IC;DB Fernverkehr AG;127712;Berlin Gesundbrunnen;42071;Rzepin;60240;65340;85;5;101.3;71.5;2.96;5;0123;0.8;0;IC;;Berlin;Rzepin
1060346;72;;ICE;ICE;SBB;464157;Basel SBB;228347;Brig;80880;88980;135;8;179.2;79.6;3.35;1;5;0.0;0;ICE;;Basel;Brig
1061321;82;95;EC;IC;DB Fernverkehr AG;42071;Rzepin;127712;Berlin Gesundbrunnen;46200;51900;95;5;101.3;64.0;2.96;20;0123456;0.8;0;IC;;Rzepin;Berlin
1061626;75;;ECE;ICE;Dänische Staatsbahnen;368193;Padborg st;274287;Koebenhavn H;75780;87600;197;5;276.4;84.2;1.09;1;3;0.0;0;ICE;;Padborg st;København
1061931;67;33;ICE;ICE;DB Fernverkehr AG;468987;Westerland(Sylt);517455;Köln Hbf;35580;62220;444;15;585.4;79.1;2.22;13;0123456;1.0;1;ICE;;Westerland;Köln
1062245;77;10;ICE;ICE;DB Fernverkehr AG;640892;Dortmund Hbf;391201;Berlin Südkreuz;49560;62280;212;8;440.7;124.7;1.36;12;0123456;1.0;1;ICE;;Dortmund;Berlin
1062285;1;;IC;IC;PKP Intercity;380319;Wroclaw Glowny;402680;Swinoujscie;47520;67920;340;18;432.7;76.4;3.7;11;0123456;0.0;0;IC;;Wroclaw Glowny;Swinoujscie
1062608;23;12;ICE;ICE;DB Fernverkehr AG;391201;Berlin Südkreuz;464157;Basel SBB;22800;49680;448;17;832.9;111.6;1.8;2;56;0.882;0;ICE;;Berlin;Basel
1063241;77;10;ICE;ICE;DB Fernverkehr AG;613345;Berlin Hbf;640892;Dortmund Hbf;38820;51120;205;7;435.2;127.4;1.15;12;0123456;1.0;1;ICE;;Berlin;Dortmund
1063378;62;13;ICE;ICE;DB Fernverkehr AG;497089;Karlsruhe Hbf;337692;Berlin-Charlottenburg;52800;73800;350;14;646.1;110.8;1.86;3;56;1.0;1;ICE;;Karlsruhe;Berlin
1063889;62;13;ICE;ICE;DB Fernverkehr AG;337692;Berlin-Charlottenburg;38672;Frankfurt(M) Flughafen Fernbf;48480;64320;264;11;534.0;121.4;1.69;3;056;1.0;1;ICE-SPRINTER;SPR-5;Berlin;Frankfurt
1064750;31;11;ICE;ICE;DB Fernverkehr AG;613345;Berlin Hbf;9941;München Hbf;34020;62160;469;14;814.7;104.2;1.47;2;56;1.0;1;ICE;;Berlin;München
1064757;46;60;ICE;ICE;DB Fernverkehr AG;9941;München Hbf;497089;Karlsruhe Hbf;39780;49920;169;6;272.6;96.8;1.47;2;56;1.0;1;ICE;;München;Karlsruhe
1064882;45;25;ICE;ICE;DB Fernverkehr AG;9941;München Hbf;9066;Hamburg-Harburg;27960;49440;358;9;679.1;113.8;1.03;3;234;1.0;1;ICE;;München;Hamburg
1065194;87;41;ICE;ICE;DB Fernverkehr AG;9941;München Hbf;640892;Dortmund Hbf;63960;84420;341;10;572.3;100.7;1.4;1;0;1.0;1;ICE;;München;Dortmund
1065217;91;79;ICE;ICE;DB Fernverkehr AG;257676;Bruxelles Midi;176697;Frankfurt(Main)Hbf;30300;41220;182;8;356.7;117.6;1.68;8;56;0.625;0;ICE;;Bruxelles;Frankfurt
1066900;83;96;EC;IC;PKP Intercity;401361;Przemysl Glowny;42071;Rzepin;33000;63960;516;22;703.3;81.8;2.84;9;0123456;0.0;0;IC;;Przemysl Glowny;Rzepin
1067557;9;87;IC;IC;DB Fernverkehr AG;556408;Schaffhausen;266187;Tuttlingen;44160;46680;42;4;42.9;61.3;4.66;3;234;0.75;0;IC;;Schaffhausen;Tuttlingen
1067994;33;42;ICE;ICE;DB Fernverkehr AG;428519;Hamburg Hbf;176697;Frankfurt(Main)Hbf;81900;111780;498;15;572.9;69.0;2.27;2;46;1.0;1;ICE-SPRINTER;SPR-1;Hamburg;Frankfurt
1068229;37;82;ICE;ICE;DB Fernverkehr AG;180380;Saarbrücken Hbf;176697;Frankfurt(Main)Hbf;75540;82980;124;4;182.3;88.2;1.1;2;56;1.0;1;ICE;;Saarbrücken;Frankfurt
1068802;42;22;ICE;ICE;DB Fernverkehr AG;428519;Hamburg Hbf;668361;Stuttgart Hbf;62940;82200;321;8;583.5;109.1;1.03;1;3;1.0;1;ICE;;Hamburg;Stuttgart
1069003;84;77;ICE;ICE;DB Fernverkehr AG;391201;Berlin Südkreuz;65847;Hengelo;36360;50820;241;10;456.9;113.8;1.75;4;56;0.9;0;ICE;;Berlin;Hengelo
1069132;77;10;ICE;ICE;DB Fernverkehr AG;517455;Köln Hbf;391201;Berlin Südkreuz;48900;66000;285;10;510.6;107.5;1.57;14;0123456;1.0;1;ICE;;Köln;Berlin
1069912;82;95;EC;IC;DB Fernverkehr AG;354957;Frankfurt(Oder);42071;Rzepin;53400;54420;17;3;19.2;67.8;;3;056;0.667;0;IC;;Frankfurt(Oder);Rzepin
1069944;14;;EC;IC;ÖBB;63619;St. Margrethen SG;167729;Lindau-Reutin;60660;61680;17;3;15.5;54.9;;1;0;0.333;0;IC;;St. Margrethen SG;Lindau-Reutin
1069960;86;;EN;SONSTIGE;PKP Intercity;401361;Przemysl Glowny;135333;Wien Hbf;64140;105900;696;31;655.2;56.5;4.43;21;0123456;0.0;0;SONSTIGE;;Przemysl Glowny;Wien
107;47;62;ICE;ICE;DB Fernverkehr AG;176697;Frankfurt(Main)Hbf;695368;Salzburg Hbf;43860;64740;348;15;476.4;82.1;2.73;19;0123456;0.933;0;ICE;;Frankfurt;Salzburg
1070130;87;41;ICE;ICE;DB Fernverkehr AG;9941;München Hbf;517455;Köln Hbf;71100;88260;286;12;504.1;105.7;1.98;8;012346;1.0;1;ICE;;München;Köln
1070945;31;11;ICE;ICE;DB Fernverkehr AG;613345;Berlin Hbf;9941;München Hbf;26820;54780;466;13;814.3;104.8;1.35;2;56;1.0;1;ICE;;Berlin;München
1071096;1;;IC;IC;PKP Intercity;325087;Chelm;402680;Swinoujscie;66180;110340;736;40;866.6;70.6;4.39;2;56;0.0;0;IC;;Chelm;Swinoujscie
1071343;68;91;ICE;ICE;DB Fernverkehr AG;99055;Nürnberg Hbf;640892;Dortmund Hbf;63120;84780;361;15;471.4;78.4;2.76;4;016;1.0;1;ICE;;Nürnberg;Dortmund
1071475;42;22;ICE;ICE;DB Fernverkehr AG;668361;Stuttgart Hbf;428519;Hamburg Hbf;69720;88200;308;9;597.1;116.3;1.17;14;0123456;1.0;1;ICE;;Stuttgart;Hamburg
1071537;40;78;ICE;ICE;DB Fernverkehr AG;575362;Arnhem Centraal;176697;Frankfurt(Main)Hbf;56040;68940;215;9;309.8;86.4;2.26;2;4;0.778;0;ICE;;Arnhem Centraal;Frankfurt
1071562;17;;ICE;ICE;Nederlandse Spoorwegen;79866;Amsterdam Centraal;65847;Hengelo;57600;64260;111;6;139.3;75.3;2.87;7;0123456;0.0;0;ICE;;Amsterdam;Hengelo
1071563;47;62;ICE;ICE;DB Fernverkehr AG;180380;Saarbrücken Hbf;355878;Garmisch-Partenkirchen;20160;45300;419;15;493.9;70.7;2.63;1;6;1.0;1;ICE;;Saarbrücken;Garmisch-Partenkirchen
10716;62;13;ICE;ICE;DB Fernverkehr AG;19112;Kassel-Wilhelmshöhe;497089;Karlsruhe Hbf;22380;33540;186;10;297.3;95.9;2.69;2;56;1.0;1;ICE;;Kassel-Wilhelmshöhe;Karlsruhe
1071648;77;10;ICE;ICE;DB Fernverkehr AG;613345;Berlin Hbf;517455;Köln Hbf;28020;43920;265;9;505.1;114.4;1.39;8;0123456;1.0;1;ICE;;Berlin;Köln
1071741;68;91;ICE;ICE;DB Fernverkehr AG;640892;Dortmund Hbf;99055;Nürnberg Hbf;28500;52200;395;12;456.0;69.3;2.19;5;01234;1.0;1;ICE;;Dortmund;Nürnberg
1071948;10;20;ICE;ICE;DB Fernverkehr AG;464157;Basel SBB;428519;Hamburg Hbf;17160;41340;403;13;740.1;110.2;1.49;8;01234;0.846;0;ICE;;Basel;Hamburg
1072086;82;95;EC;IC;DB Fernverkehr AG;127712;Berlin Gesundbrunnen;42071;Rzepin;74460;84480;167;5;101.3;36.4;2.96;2;34;0.8;0;IC;;Berlin;Rzepin
1072199;82;95;EC;IC;DB Fernverkehr AG;42071;Rzepin;327376;Berlin-Lichtenberg;43140;47460;72;4;92.9;77.5;2.15;1;0;0.75;0;IC;;Rzepin;Berlin
1072351;33;42;ICE;ICE;DB Fernverkehr AG;9941;München Hbf;428519;Hamburg Hbf;85140;123300;636;22;927.3;87.5;2.16;1;4;1.0;1;ICE;;München;Hamburg
1072356;47;62;ICE;ICE;DB Fernverkehr AG;668361;Stuttgart Hbf;176697;Frankfurt(Main)Hbf;21900;27660;96;5;156.5;97.8;1.92;1;0;1.0;1;ICE;;Stuttgart;Frankfurt
1073285;23;12;ICE;ICE;DB Fernverkehr AG;497089;Karlsruhe Hbf;613345;Berlin Hbf;21540;41640;335;12;655.6;117.4;1.53;25;0123456;1.0;1;ICE;;Karlsruhe;Berlin
1074439;58;20;ECE;ICE;DB Fernverkehr AG;464157;Basel SBB;428519;Hamburg Hbf;53160;77340;403;12;739.7;110.1;1.35;6;56;0.833;0;ICE;;Basel;Hamburg
1075356;77;10;ICE;ICE;DB Fernverkehr AG;691821;Düsseldorf Hbf;391201;Berlin Südkreuz;31740;47880;269;13;512.4;114.3;2.15;3;056;1.0;1;ICE;;Düsseldorf;Berlin
1075472;45;25;ICE;ICE;DB Fernverkehr AG;9941;München Hbf;93866;Hannover Hbf;25620;41520;265;7;548.1;124.1;0.91;3;056;1.0;1;ICE;;München;Hannover
1075661;82;95;EC;IC;DB Fernverkehr AG;327376;Berlin-Lichtenberg;42071;Rzepin;53820;58020;70;4;92.9;79.7;2.15;1;2;0.75;0;IC;;Berlin;Rzepin
1075955;14;;EC;IC;ÖBB;167729;Lindau-Reutin;63619;St. Margrethen SG;39120;40140;17;3;15.5;54.9;;3;016;0.333;0;IC;;Lindau-Reutin;St. Margrethen SG
1076092;77;10;ICE;ICE;DB Fernverkehr AG;549058;Duisburg Hbf;391201;Berlin Südkreuz;85800;107760;366;11;499.1;81.8;1.8;1;0;1.0;1;ICE;;Duisburg;Berlin
1076294;52;;EN;SONSTIGE;ÖBB;26993;Decin hl.n.;653775;Praha hl.n.;115020;120300;88;4;87.0;59.3;2.3;2;46;0.0;0;SONSTIGE;;Decin hl.n.;Praha
1076677;5;50;ICE;ICE;DB Fernverkehr AG;416646;Erfurt Hbf;38672;Frankfurt(M) Flughafen Fernbf;22620;32160;159;7;226.7;85.6;2.21;1;6;1.0;1;ICE-SPRINTER;SPR-5;Erfurt;Frankfurt
1076748;42;22;ICE;ICE;DB Fernverkehr AG;668361;Stuttgart Hbf;659783;Kiel Hbf;48180;70800;377;13;692.6;110.2;1.59;1;0;1.0;1;ICE;;Stuttgart;Kiel
1076967;45;25;ICE;ICE;DB Fernverkehr AG;331094;Hamburg Dammtor;99055;Nürnberg Hbf;67980;85380;290;10;554.9;114.8;1.44;1;2;1.0;1;ICE;;Hamburg;Nürnberg
107708;9;87;IC;IC;DB Fernverkehr AG;556408;Schaffhausen;266187;Tuttlingen;36960;39480;42;4;42.9;61.3;4.66;3;234;0.75;0;IC;;Schaffhausen;Tuttlingen
1077287;88;;IC;IC;Dänische Staatsbahnen;328829;Fredericia st;310614;Flensburg;59400;64380;83;10;112.7;81.4;7.1;5;6;0.2;0;IC;;Fredericia st;Flensburg
1077573;45;25;ICE;ICE;DB Fernverkehr AG;93866;Hannover Hbf;9941;München Hbf;73620;90720;285;8;575.5;121.2;1.04;1;5;1.0;1;ICE;;Hannover;München
1078137;36;43;ICE;ICE;DB Fernverkehr AG;396514;Hamburg-Altona;517455;Köln Hbf;73560;89940;273;13;397.0;87.3;2.77;1;6;1.0;1;ICE-SPRINTER;SPR-2;Hamburg;Köln
1078740;91;79;ICE;ICE;DB Fernverkehr AG;517455;Köln Hbf;164260;Antwerpen Centraal;52680;61020;139;7;223.2;96.3;2.24;2;56;0.429;0;ICE;;Köln;Antwerpen Centraal
1078741;57;19;ICE;ICE;DB Fernverkehr AG;517455;Köln Hbf;391201;Berlin Südkreuz;15600;32640;284;7;506.8;107.1;0.99;1;0;1.0;1;ICE;;Köln;Berlin
107924;9;87;IC;IC;DB Fernverkehr AG;556408;Schaffhausen;668361;Stuttgart Hbf;26160;34320;136;6;149.2;65.8;2.68;16;0123456;0.833;0;IC;;Schaffhausen;Stuttgart
108007;3;26;ICE;ICE;DB Fernverkehr AG;176697;Frankfurt(Main)Hbf;477761;Bremen Hbf;23160;38700;259;10;397.7;92.1;2.01;8;56;1.0;1;ICE;;Frankfurt;Bremen
1080221;1;;IC;IC;PKP Intercity;325087;Chelm;402680;Swinoujscie;66180;110340;736;40;866.6;70.6;4.39;5;01234;0.0;0;IC;;Chelm;Swinoujscie
1080726;45;25;ICE;ICE;DB Fernverkehr AG;331094;Hamburg Dammtor;9941;München Hbf;60780;82800;367;10;682.6;111.6;1.17;1;0;1.0;1;ICE;;Hamburg;München
1080807;40;78;ICE;ICE;DB Fernverkehr AG;176697;Frankfurt(Main)Hbf;575362;Arnhem Centraal;20040;30360;172;9;310.4;108.3;2.26;2;4;0.778;0;ICE;;Frankfurt;Arnhem Centraal
1080813;68;91;ICE;ICE;DB Fernverkehr AG;99055;Nürnberg Hbf;640892;Dortmund Hbf;41520;63480;366;11;457.3;75.0;1.97;3;05;1.0;1;ICE;;Nürnberg;Dortmund
1080977;21;95;EC;IC;PKP Intercity;42071;Rzepin;39653;Warszawa Wschodnia;54480;69300;247;9;430.8;104.7;1.62;21;0123456;0.0;0;IC;;Rzepin;Warszawa
1081168;42;22;ICE;ICE;DB Fernverkehr AG;659783;Kiel Hbf;668361;Stuttgart Hbf;65760;89640;398;11;671.9;101.3;1.34;1;4;1.0;1;ICE;;Kiel;Stuttgart
1081540;1;;IC;IC;PKP Intercity;262513;Horka(Gr);380319;Wroclaw Glowny;47220;52080;81;6;142.7;105.7;2.8;27;0123456;0.0;0;IC;;Horka;Wroclaw Glowny
1081927;53;47;ICE;ICE;DB Fernverkehr AG;9941;München Hbf;640892;Dortmund Hbf;22800;42600;330;11;607.3;110.4;1.48;1;5;1.0;1;ICE;;München;Dortmund
1082584;26;55;IC;IC;DB Fernverkehr AG;224643;Dresden Hbf;176697;Frankfurt(Main)Hbf;48120;83580;591;26;794.0;80.6;3.02;1;5;1.0;1;IC;;Dresden;Frankfurt
1082769;33;42;ICE;ICE;DB Fernverkehr AG;9941;München Hbf;396514;Hamburg-Altona;60;37980;632;22;918.9;87.2;2.18;1;5;1.0;1;ICE;;München;Hamburg
1082934;45;25;ICE;ICE;DB Fernverkehr AG;390604;Lichtenfels;9941;München Hbf;22920;31800;148;6;231.9;94.0;1.73;21;01234;1.0;1;ICE;;Lichtenfels;München
1083400;36;43;ICE;ICE;DB Fernverkehr AG;396514;Hamburg-Altona;526634;Freiburg(Breisgau) Hbf;51960;79440;458;18;787.0;103.1;2.03;2;01;1.0;1;ICE;;Hamburg;Freiburg
1084176;53;47;ICE;ICE;DB Fernverkehr AG;267257;Essen Hbf;9941;München Hbf;63660;85260;360;11;576.1;96.0;1.56;8;123456;1.0;1;ICE;;Essen;München
1084201;38;28;ICE;ICE;DB Fernverkehr AG;391201;Berlin Südkreuz;396514;Hamburg-Altona;19200;27660;141;7;273.6;116.4;1.83;18;012345;1.0;1;ICE;;Berlin;Hamburg
1084285;42;22;ICE;ICE;DB Fernverkehr AG;668361;Stuttgart Hbf;428519;Hamburg Hbf;69780;89220;324;6;576.1;106.7;0.69;1;6;1.0;1;ICE;;Stuttgart;Hamburg
1084931;26;55;IC;IC;DB Fernverkehr AG;497089;Karlsruhe Hbf;640892;Dortmund Hbf;71700;89760;301;8;342.6;68.3;1.75;1;0;1.0;1;IC;;Karlsruhe;Dortmund
1084958;33;42;ICE;ICE;DB Fernverkehr AG;9941;München Hbf;325703;Münster(Westf)Hbf;62880;86520;394;12;634.6;96.6;1.58;2;35;1.0;1;ICE;;München;Münster
1085064;20;49;ICE;ICE;DB Fernverkehr AG;176697;Frankfurt(Main)Hbf;517455;Köln Hbf;29520;34320;80;6;161.5;121.2;2.48;31;0123456;1.0;1;ICE;;Frankfurt;Köln
1085238;54;82;ICE;ICE;SNCF;335130;Paris Est;180380;Saarbrücken Hbf;68820;75420;110;4;341.6;186.3;0.59;2;5;0.5;0;ICE-SPRINTER;SPR-6;Paris;Saarbrücken
1085293;75;;ECE;ICE;Dänische Staatsbahnen;368193;Padborg st;274287;Koebenhavn H;75780;86340;176;5;276.4;94.2;1.09;1;0;0.0;0;ICE;;Padborg st;København
1085874;91;79;ICE;ICE;DB Fernverkehr AG;176697;Frankfurt(Main)Hbf;257676;Bruxelles Midi;45240;56100;181;8;356.7;118.3;1.68;2;01;0.625;0;ICE;;Frankfurt;Bruxelles
1085997;84;77;ICE;ICE;DB Fernverkehr AG;391201;Berlin Südkreuz;65847;Hengelo;43560;58020;241;10;456.9;113.8;1.75;3;56;0.9;0;ICE;;Berlin;Hengelo
1086105;91;79;ICE;ICE;DB Fernverkehr AG;176697;Frankfurt(Main)Hbf;257676;Bruxelles Midi;66780;77700;182;8;356.7;117.6;1.68;1;0;0.625;0;ICE;;Frankfurt;Bruxelles
1087017;72;;ICE;ICE;SBB;96724;Zürich HB;464157;Basel SBB;28740;31920;53;2;73.9;83.7;0.0;6;012346;0.0;0;ICE;;Zürich;Basel
1087052;48;;EC;IC;SBB;63619;St. Margrethen SG;96724;Zürich HB;61800;66480;78;5;91.3;70.2;3.29;10;0123456;0.0;0;IC;;St. Margrethen SG;Zürich
1087459;87;41;ICE;ICE;DB Fernverkehr AG;517455;Köln Hbf;9941;München Hbf;66900;86100;320;7;497.9;93.4;1.0;1;6;1.0;1;ICE;;Köln;München
1088139;31;11;ICE;ICE;DB Fernverkehr AG;613345;Berlin Hbf;9941;München Hbf;34020;61980;466;13;814.3;104.8;1.35;3;234;1.0;1;ICE;;Berlin;München
1088254;14;;EC;IC;ÖBB;63619;St. Margrethen SG;167729;Lindau-Reutin;31860;32880;17;3;15.5;54.9;;1;0;0.333;0;IC;;St. Margrethen SG;Lindau-Reutin
1088342;72;;ICE;ICE;SBB;96724;Zürich HB;464157;Basel SBB;50340;53520;53;2;73.9;83.7;0.0;5;01234;0.0;0;ICE;;Zürich;Basel
1088624;92;83;ICE;ICE;DB Fernverkehr AG;497089;Karlsruhe Hbf;412384;Strasbourg;41520;44160;44;3;69.1;94.2;1.45;1;5;0.333;0;ICE;;Karlsruhe;Strasbourg
1088986;2;56;IC;IC;DB Fernverkehr AG;53188;Leipzig Hbf;161450;Emden Hbf;40860;63480;377;16;469.6;74.7;2.98;6;012356;1.0;1;IC;;Leipzig;Emden
1089123;57;19;ICE;ICE;DB Fernverkehr AG;517455;Köln Hbf;93866;Hannover Hbf;74700;85740;184;5;255.5;83.3;1.17;2;01;1.0;1;ICE;;Köln;Hannover
1089732;42;22;ICE;ICE;DB Fernverkehr AG;331094;Hamburg Dammtor;93866;Hannover Hbf;76800;82740;99;3;133.4;80.9;0.75;1;6;1.0;1;ICE;;Hamburg;Hannover
1089767;68;91;ICE;ICE;DB Fernverkehr AG;99055;Nürnberg Hbf;640892;Dortmund Hbf;70320;92640;372;10;441.2;71.2;1.81;1;0;1.0;1;ICE;;Nürnberg;Dortmund
1090267;36;43;ICE;ICE;DB Fernverkehr AG;297876;Basel Bad Bf;396514;Hamburg-Altona;19500;48900;490;16;818.6;100.2;1.71;5;01234;0.938;0;ICE;;Basel;Hamburg
1090547;77;10;ICE;ICE;DB Fernverkehr AG;691821;Düsseldorf Hbf;391201;Berlin Südkreuz;25380;44400;317;12;507.1;96.0;1.97;1;0;1.0;1;ICE;;Düsseldorf;Berlin
1090613;87;41;ICE;ICE;DB Fernverkehr AG;640892;Dortmund Hbf;9941;München Hbf;18120;40320;370;9;572.2;92.8;1.22;8;01234;1.0;1;ICE;;Dortmund;München
1090650;17;;ICE;ICE;Nederlandse Spoorwegen;79866;Amsterdam Centraal;65847;Hengelo;36000;42660;111;6;139.3;75.3;2.87;3;045;0.0;0;ICE;;Amsterdam;Hengelo
1091118;10;20;ICE;ICE;DB Fernverkehr AG;464157;Basel SBB;428519;Hamburg Hbf;45960;70140;403;12;739.7;110.1;1.35;5;56;0.833;0;ICE;;Basel;Hamburg
1091464;37;82;ICE;ICE;DB Fernverkehr AG;180380;Saarbrücken Hbf;176697;Frankfurt(Main)Hbf;75600;85560;166;5;182.3;65.9;1.65;2;56;1.0;1;ICE;;Saarbrücken;Frankfurt
1091481;6;;RJ;SONSTIGE;ÖBB;565099;Kufstein;438277;Innsbruck Hbf;66960;69480;42;4;68.7;98.1;2.91;8;0123456;0.0;0;SONSTIGE;;Kufstein;Innsbruck
1092322;38;28;ICE;ICE;DB Fernverkehr AG;428519;Hamburg Hbf;9941;München Hbf;45240;68880;394;11;831.5;126.6;1.08;3;056;1.0;1;ICE;;Hamburg;München
1092467;32;18;ICE;ICE;DB Fernverkehr AG;99055;Nürnberg Hbf;9941;München Hbf;39540;45720;103;5;180.2;104.9;1.67;1;1;1.0;1;ICE;;Nürnberg;München
109302;39;51;ICE;ICE;DB Fernverkehr AG;640892;Dortmund Hbf;53188;Leipzig Hbf;60120;75660;259;9;396.6;91.9;1.76;1;0;1.0;1;ICE;;Dortmund;Leipzig
1093158;18;;ICE;ICE;ÖBB;338037;Graz Hbf;695368;Salzburg Hbf;28980;42780;230;14;305.4;79.7;3.93;3;234;0.0;0;ICE;;Graz;Salzburg
1093265;50;61;IC;IC;DB Fernverkehr AG;99055;Nürnberg Hbf;497089;Karlsruhe Hbf;49200;60780;193;11;252.2;78.4;3.57;4;1234;1.0;1;IC;;Nürnberg;Karlsruhe
1094587;45;25;ICE;ICE;DB Fernverkehr AG;9941;München Hbf;428519;Hamburg Hbf;36720;57420;345;11;703.3;122.3;1.28;6;56;1.0;1;ICE;;München;Hamburg
1095049;40;78;ICE;ICE;DB Fernverkehr AG;176697;Frankfurt(Main)Hbf;575362;Arnhem Centraal;67140;80760;227;8;309.8;81.9;1.94;2;34;0.75;0;ICE;;Frankfurt;Arnhem Centraal
1095423;23;12;ICE;ICE;DB Fernverkehr AG;613345;Berlin Hbf;19112;Kassel-Wilhelmshöhe;73800;89820;267;5;374.4;84.1;0.8;1;3;1.0;1;ICE;;Berlin;Kassel-Wilhelmshöhe
1095485;17;;ICE;ICE;Nederlandse Spoorwegen;65847;Hengelo;79866;Amsterdam Centraal;65340;72060;112;6;139.3;74.6;2.87;1;6;0.0;0;ICE;;Hengelo;Amsterdam
1096383;78;15;ICE;ICE;DB Fernverkehr AG;176697;Frankfurt(Main)Hbf;446029;Stralsund Hbf;46920;71160;404;13;660.8;98.1;1.66;2;6;1.0;1;ICE;;Frankfurt;Stralsund
1096735;45;25;ICE;ICE;DB Fernverkehr AG;93866;Hannover Hbf;9941;München Hbf;44820;60540;262;7;548.1;125.5;0.91;3;056;1.0;1;ICE;;Hannover;München
109706;46;60;ICE;ICE;DB Fernverkehr AG;497089;Karlsruhe Hbf;9941;München Hbf;29100;38940;164;7;273.1;99.9;1.83;1;6;1.0;1;ICE;;Karlsruhe;München
1097458;67;33;ICE;ICE;DB Fernverkehr AG;468987;Westerland(Sylt);517455;Köln Hbf;49980;77340;456;15;585.4;77.0;2.22;9;03456;1.0;1;ICE;;Westerland;Köln
1097479;65;97;EC;IC;DB Fernverkehr AG;53188;Leipzig Hbf;262513;Horka(Gr);39300;47160;131;5;193.4;88.6;1.55;2;01;0.8;0;IC;;Leipzig;Horka
1097737;9;87;IC;IC;DB Fernverkehr AG;556408;Schaffhausen;668361;Stuttgart Hbf;62160;70320;136;7;149.3;65.9;3.35;10;0123456;0.857;0;IC;;Schaffhausen;Stuttgart
1097894;89;35;IC;IC;DB Fernverkehr AG;517455;Köln Hbf;601951;Emden Außenhafen;35160;49920;246;15;317.5;77.4;4.09;17;0123456;1.0;1;IC;;Köln;Emden Außenhafen
1098007;23;12;ICE;ICE;DB Fernverkehr AG;464157;Basel SBB;613345;Berlin Hbf;22560;48840;438;16;829.5;113.6;1.69;7;0123456;0.875;0;ICE;;Basel;Berlin
1098722;62;13;ICE;ICE;DB Fernverkehr AG;127712;Berlin Gesundbrunnen;38672;Frankfurt(M) Flughafen Fernbf;33480;50100;277;11;541.3;117.2;1.66;1;5;1.0;1;ICE-SPRINTER;SPR-5;Berlin;Frankfurt
1099046;6;;RJ;SONSTIGE;ÖBB;135333;Wien Hbf;695368;Salzburg Hbf;48240;71580;389;20;474.4;73.2;3.79;29;0123456;0.0;0;SONSTIGE;;Wien;Salzburg
1099135;22;;IC;IC;SBB;556408;Schaffhausen;96724;Zürich HB;46020;48180;36;2;36.3;60.4;0.0;4;56;0.0;0;IC;;Schaffhausen;Zürich
1099159;10;20;ICE;ICE;DB Fernverkehr AG;464157;Basel SBB;428519;Hamburg Hbf;38760;62940;403;12;740.0;110.2;1.35;2;56;0.833;0;ICE;;Basel;Hamburg
1099797;28;75;ECE;ICE;DB Fernverkehr AG;428519;Hamburg Hbf;368193;Padborg st;25440;32040;110;4;147.5;80.5;1.36;22;0123456;0.75;0;ICE;;Hamburg;Padborg st
1100046;23;12;ICE;ICE;DB Fernverkehr AG;613345;Berlin Hbf;497089;Karlsruhe Hbf;67020;86340;322;12;653.6;121.8;1.53;1;1;1.0;1;ICE;;Berlin;Karlsruhe
1100136;31;11;ICE;ICE;DB Fernverkehr AG;127712;Berlin Gesundbrunnen;9941;München Hbf;18960;47640;478;14;817.3;102.6;1.47;3;234;1.0;1;ICE;;Berlin;München
1100506;23;12;ICE;ICE;DB Fernverkehr AG;464157;Basel SBB;613345;Berlin Hbf;65760;93240;458;15;848.9;111.2;1.53;1;1;0.867;0;ICE;;Basel;Berlin
1100511;12;29;ICE;ICE;DB Fernverkehr AG;613345;Berlin Hbf;9941;München Hbf;74220;91380;286;7;584.4;122.6;0.86;1;4;1.0;1;ICE;;Berlin;München
1100542;58;20;ECE;ICE;DB Fernverkehr AG;428519;Hamburg Hbf;464157;Basel SBB;30540;55260;412;12;740.0;107.8;1.35;2;56;0.833;0;ICE;;Hamburg;Basel
1100916;21;95;EC;IC;PKP Intercity;39653;Warszawa Wschodnia;42071;Rzepin;53340;67620;238;9;430.8;108.6;1.62;8;0123456;0.0;0;IC;;Warszawa;Rzepin
1100947;31;11;ICE;ICE;DB Fernverkehr AG;428519;Hamburg Hbf;176697;Frankfurt(Main)Hbf;61980;85440;391;11;717.8;110.1;1.25;6;123456;1.0;1;ICE-SPRINTER;SPR-1;Hamburg;Frankfurt
1101104;2;56;IC;IC;DB Fernverkehr AG;83956;Oldenburg(Oldb)Hbf;337692;Berlin-Charlottenburg;27300;44400;285;14;409.5;86.2;2.93;1;6;1.0;1;IC;;Oldenburg;Berlin
1101583;72;;ICE;ICE;SBB;480653;Interlaken Ost;464157;Basel SBB;39540;46800;121;8;138.9;68.9;4.32;5;456;0.0;0;ICE;;Interlaken Ost;Basel
1101839;48;;EC;IC;SBB;63619;St. Margrethen SG;96724;Zürich HB;83400;88080;78;5;91.3;70.2;3.29;4;12;0.0;0;IC;;St. Margrethen SG;Zürich
1102237;62;13;ICE;ICE;DB Fernverkehr AG;497089;Karlsruhe Hbf;337692;Berlin-Charlottenburg;38400;59460;351;15;651.1;111.3;2.0;1;4;1.0;1;ICE;;Karlsruhe;Berlin
1103201;72;;ICE;ICE;SBB;583614;Chur;464157;Basel SBB;29280;39120;164;5;176.5;64.6;1.7;4;1234;0.0;0;ICE;;Chur;Basel
1104370;1;;IC;IC;PKP Intercity;246292;Krakow Glowny;380319;Wroclaw Glowny;21060;31800;179;7;247.9;83.1;2.02;8;0123456;0.0;0;IC;;Krakow Glowny;Wroclaw Glowny
1104866;47;62;ICE;ICE;DB Fernverkehr AG;176697;Frankfurt(Main)Hbf;695368;Salzburg Hbf;29400;50340;349;14;477.1;82.0;2.52;2;56;0.929;0;ICE;;Frankfurt;Salzburg
110518;17;;ICE;ICE;Nederlandse Spoorwegen;65847;Hengelo;79866;Amsterdam Centraal;50940;57660;112;6;139.3;74.6;2.87;1;4;0.0;0;ICE;;Hengelo;Amsterdam
1105181;72;;ICE;ICE;SBB;464157;Basel SBB;96724;Zürich HB;119220;122400;53;2;73.9;83.7;0.0;4;12;0.0;0;ICE;;Basel;Zürich
1105562;10;20;ICE;ICE;DB Fernverkehr AG;331094;Hamburg Dammtor;87362;Wiesbaden Hbf;73260;93120;331;11;484.4;87.8;1.86;1;1;1.0;1;ICE;;Hamburg;Wiesbaden
1105612;3;26;ICE;ICE;DB Fernverkehr AG;477761;Bremen Hbf;635340;Heidelberg Hbf;47700;67260;326;14;476.4;87.7;2.52;1;5;1.0;1;ICE;;Bremen;Heidelberg
1105707;72;;ICE;ICE;SBB;583614;Chur;464157;Basel SBB;45480;53520;134;5;176.5;79.0;1.7;3;024;0.0;0;ICE;;Chur;Basel
1105949;32;18;ICE;ICE;DB Fernverkehr AG;99055;Nürnberg Hbf;9941;München Hbf;68340;74520;103;5;180.2;104.9;1.67;7;01234;1.0;1;ICE;;Nürnberg;München
1106592;9;87;IC;IC;DB Fernverkehr AG;668361;Stuttgart Hbf;398625;Oberndorf(Neckar);52020;55860;64;3;70.9;66.5;1.41;5;23456;1.0;1;IC;;Stuttgart;Oberndorf
1106832;24;16;ICE;ICE;DB Fernverkehr AG;477761;Bremen Hbf;93866;Hannover Hbf;69300;72840;59;2;100.4;102.1;0.0;31;0123456;1.0;1;ICE;;Bremen;Hannover
1107418;33;42;ICE;ICE;DB Fernverkehr AG;396514;Hamburg-Altona;9941;München Hbf;69960;108180;637;23;931.9;87.8;2.25;1;1;1.0;1;ICE;;Hamburg;München
1108011;45;25;ICE;ICE;DB Fernverkehr AG;93866;Hannover Hbf;99055;Nürnberg Hbf;73620;84300;178;6;398.9;134.5;1.0;1;0;1.0;1;ICE;;Hannover;Nürnberg
1108035;62;13;ICE;ICE;DB Fernverkehr AG;497089;Karlsruhe Hbf;337692;Berlin-Charlottenburg;52800;73020;337;14;650.7;115.8;1.84;1;4;1.0;1;ICE;;Karlsruhe;Berlin
11081;77;10;ICE;ICE;DB Fernverkehr AG;613345;Berlin Hbf;517455;Köln Hbf;28020;44520;275;9;505.1;110.2;1.39;12;0123456;1.0;1;ICE;;Berlin;Köln
1108704;50;61;IC;IC;DB Fernverkehr AG;90261;Regensburg Hbf;497089;Karlsruhe Hbf;22920;39180;271;9;326.8;72.4;2.14;2;56;1.0;1;IC;;Regensburg;Karlsruhe
1108834;33;42;ICE;ICE;DB Fernverkehr AG;9941;München Hbf;517455;Köln Hbf;70080;94740;411;7;483.7;70.6;1.03;1;5;1.0;1;ICE;;München;Köln
1108987;53;47;ICE;ICE;DB Fernverkehr AG;9941;München Hbf;640892;Dortmund Hbf;13980;35400;357;12;608.2;102.2;1.64;1;3;1.0;1;ICE;;München;Dortmund
1109240;14;;EC;IC;ÖBB;63619;St. Margrethen SG;167729;Lindau-Reutin;75060;76080;17;3;15.5;54.9;;2;56;0.333;0;IC;;St. Margrethen SG;Lindau-Reutin
1109249;83;96;EC;IC;PKP Intercity;42071;Rzepin;401361;Przemysl Glowny;36660;67980;522;22;703.3;80.8;2.84;2;56;0.0;0;IC;;Rzepin;Przemysl Glowny
1110002;9;87;IC;IC;DB Fernverkehr AG;266187;Tuttlingen;556408;Schaffhausen;64920;67500;43;3;41.8;58.4;2.39;3;234;0.667;0;IC;;Tuttlingen;Schaffhausen
1110677;8;90;EC;IC;DB Fernverkehr AG;9941;München Hbf;552402;Simbach(Inn);66060;71280;87;4;110.3;76.1;1.81;1;0;1.0;1;IC;;München;Simbach
1110785;14;;EC;IC;ÖBB;167729;Lindau-Reutin;63619;St. Margrethen SG;46320;47340;17;3;15.5;54.9;;4;0156;0.333;0;IC;;Lindau-Reutin;St. Margrethen SG
1110958;45;25;ICE;ICE;DB Fernverkehr AG;9941;München Hbf;428519;Hamburg Hbf;49620;71820;370;10;689.8;111.9;1.16;1;0;1.0;1;ICE;;München;Hamburg
1111071;10;20;ICE;ICE;DB Fernverkehr AG;464157;Basel SBB;428519;Hamburg Hbf;60360;84540;403;12;740.0;110.2;1.35;20;0123456;0.833;0;ICE;;Basel;Hamburg
1111231;3;26;ICE;ICE;DB Fernverkehr AG;83956;Oldenburg(Oldb)Hbf;93866;Hannover Hbf;17040;22440;90;4;142.1;94.8;1.41;10;0123456;1.0;1;ICE;;Oldenburg;Hannover
111217;55;;RJ;SONSTIGE;Ceske Drahy;653775;Praha hl.n.;26993;Decin hl.n.;1980;7080;85;4;87.0;61.4;2.3;8;123456;0.0;0;SONSTIGE;;Praha;Decin hl.n.
1112229;91;79;ICE;ICE;DB Fernverkehr AG;257676;Bruxelles Midi;176697;Frankfurt(Main)Hbf;37500;48420;182;8;356.7;117.6;1.68;8;56;0.625;0;ICE;;Bruxelles;Frankfurt
111248;21;95;EC;IC;PKP Intercity;42071;Rzepin;39653;Warszawa Wschodnia;69120;83700;243;9;430.8;106.4;1.62;4;1234;0.0;0;IC;;Rzepin;Warszawa
1112540;12;29;ICE;ICE;DB Fernverkehr AG;613345;Berlin Hbf;9941;München Hbf;74220;90360;269;7;557.6;124.4;0.9;1;2;1.0;1;ICE-SPRINTER;SPR-4;Berlin;München
1113228;82;95;EC;IC;DB Fernverkehr AG;354957;Frankfurt(Oder);42071;Rzepin;24600;25620;17;3;19.2;67.8;;2;05;0.667;0;IC;;Frankfurt(Oder);Rzepin
1113595;18;;ICE;ICE;ÖBB;338037;Graz Hbf;695368;Salzburg Hbf;21780;35580;230;14;305.4;79.7;3.93;4;0123;0.0;0;ICE;;Graz;Salzburg
1113599;40;78;ICE;ICE;DB Fernverkehr AG;575362;Arnhem Centraal;176697;Frankfurt(Main)Hbf;56040;68940;215;9;309.8;86.4;2.26;3;123;0.778;0;ICE;;Arnhem Centraal;Frankfurt
1113775;42;22;ICE;ICE;DB Fernverkehr AG;668361;Stuttgart Hbf;659783;Kiel Hbf;40920;63780;381;10;669.7;105.5;1.19;1;5;1.0;1;ICE;;Stuttgart;Kiel
1114577;58;20;ECE;ICE;DB Fernverkehr AG;331094;Hamburg Dammtor;464157;Basel SBB;58860;83400;409;13;741.5;108.8;1.48;2;4;0.846;0;ICE;;Hamburg;Basel
1114600;56;1;IC;IC;SBB;96724;Zürich HB;510671;Bern;84720;88260;59;3;104.9;106.6;0.95;2;12;0.0;0;IC;;Zürich;Bern
1114784;8;90;EC;IC;DB Fernverkehr AG;9941;München Hbf;552402;Simbach(Inn);37260;42480;87;4;110.3;76.1;1.81;14;456;1.0;1;IC;;München;Simbach
1115224;63;14;ICE;ICE;DB Fernverkehr AG;127712;Berlin Gesundbrunnen;691821;Düsseldorf Hbf;33240;49860;277;8;508.9;110.2;1.18;14;0123456;1.0;1;ICE;;Berlin;Düsseldorf
1115350;10;20;ICE;ICE;DB Fernverkehr AG;428519;Hamburg Hbf;464157;Basel SBB;66660;90600;399;11;739.8;111.3;1.22;1;5;0.818;0;ICE;;Hamburg;Basel
1115467;33;42;ICE;ICE;DB Fernverkehr AG;428519;Hamburg Hbf;9941;München Hbf;35100;66540;524;17;883.4;101.2;1.7;4;2346;1.0;1;ICE;;Hamburg;München
1115812;47;62;ICE;ICE;DB Fernverkehr AG;309229;Friedrichshafen Stadt;640892;Dortmund Hbf;45300;70440;419;15;578.2;82.8;2.25;7;0123456;1.0;1;ICE;;Friedrichshafen Stadt;Dortmund
1115815;77;10;ICE;ICE;DB Fernverkehr AG;517455;Köln Hbf;391201;Berlin Südkreuz;48900;66000;285;10;510.6;107.5;1.57;7;0123456;1.0;1;ICE;;Köln;Berlin
111603;23;12;ICE;ICE;DB Fernverkehr AG;613345;Berlin Hbf;464157;Basel SBB;38220;64080;431;16;827.4;115.2;1.69;6;56;0.875;0;ICE;;Berlin;Basel
1116347;87;41;ICE;ICE;DB Fernverkehr AG;9941;München Hbf;517455;Köln Hbf;49500;66180;278;8;497.9;107.5;1.2;12;0123456;1.0;1;ICE;;München;Köln
1116663;84;77;ICE;ICE;DB Fernverkehr AG;93866;Hannover Hbf;65847;Hengelo;21360;29220;131;7;204.9;93.8;2.44;4;56;0.857;0;ICE;;Hannover;Hengelo
1116916;83;96;EC;IC;PKP Intercity;246292;Krakow Glowny;42071;Rzepin;15000;35160;336;12;476.6;85.1;2.1;5;12345;0.0;0;IC;;Krakow Glowny;Rzepin
1116972;55;;RJ;SONSTIGE;Ceske Drahy;26993;Decin hl.n.;653775;Praha hl.n.;57420;62700;88;4;87.0;59.3;2.3;26;123456;0.0;0;SONSTIGE;;Decin hl.n.;Praha
111702;12;29;ICE;ICE;DB Fernverkehr AG;613345;Berlin Hbf;9941;München Hbf;38220;53160;249;7;557.6;134.4;0.9;31;0123456;1.0;1;ICE-SPRINTER;SPR-4;Berlin;München
1117135;77;10;ICE;ICE;DB Fernverkehr AG;613345;Berlin Hbf;517455;Köln Hbf;49620;68700;318;8;504.3;95.1;1.19;2;06;1.0;1;ICE;;Berlin;Köln
1117339;91;79;ICE;ICE;DB Fernverkehr AG;257676;Bruxelles Midi;176697;Frankfurt(Main)Hbf;44700;55620;182;8;356.7;117.6;1.68;2;56;0.625;0;ICE;;Bruxelles;Frankfurt
1117551;87;41;ICE;ICE;DB Fernverkehr AG;9941;München Hbf;640892;Dortmund Hbf;63960;86700;379;14;604.7;95.7;1.98;2;34;1.0;1;ICE;;München;Dortmund
1117865;48;;EC;IC;SBB;63619;St. Margrethen SG;96724;Zürich HB;40200;44880;78;5;91.3;70.2;3.29;26;0123456;0.0;0;IC;;St. Margrethen SG;Zürich
1118132;42;22;ICE;ICE;DB Fernverkehr AG;668361;Stuttgart Hbf;428519;Hamburg Hbf;69720;88200;308;8;596.3;116.2;1.01;2;56;1.0;1;ICE;;Stuttgart;Hamburg
1118240;31;11;ICE;ICE;DB Fernverkehr AG;9941;München Hbf;176697;Frankfurt(Main)Hbf;74700;86940;204;6;359.4;105.7;1.11;2;56;1.0;1;ICE;;München;Frankfurt
111884;91;79;ICE;ICE;DB Fernverkehr AG;176697;Frankfurt(Main)Hbf;257676;Bruxelles Midi;23640;34500;181;8;356.7;118.3;1.68;2;01;0.625;0;ICE;;Frankfurt;Bruxelles
1118986;67;33;ICE;ICE;DB Fernverkehr AG;517455;Köln Hbf;468987;Westerland(Sylt);18840;45180;439;13;583.4;79.7;1.89;1;5;1.0;1;ICE;;Köln;Westerland
1119009;36;43;ICE;ICE;DB Fernverkehr AG;464157;Basel SBB;517455;Köln Hbf;69360;85260;265;7;422.0;95.5;1.18;1;5;0.714;0;ICE;;Basel;Köln
1119603;31;11;ICE;ICE;DB Fernverkehr AG;9941;München Hbf;416646;Erfurt Hbf;67500;88020;342;10;562.6;98.7;1.42;1;5;1.0;1;ICE;;München;Erfurt
1119873;87;41;ICE;ICE;DB Fernverkehr AG;9941;München Hbf;517455;Köln Hbf;71100;88260;286;12;503.3;105.6;1.99;1;1;1.0;1;ICE;;München;Köln
1120474;68;91;ICE;ICE;DB Fernverkehr AG;99055;Nürnberg Hbf;640892;Dortmund Hbf;41520;63480;366;13;469.7;77.0;2.34;1;6;1.0;1;ICE;;Nürnberg;Dortmund
1120671;26;55;IC;IC;DB Fernverkehr AG;582139;Mannheim Hbf;640892;Dortmund Hbf;70980;84480;225;9;282.6;75.4;2.48;1;6;1.0;1;IC;;Mannheim;Dortmund
112137;17;;ICE;ICE;Nederlandse Spoorwegen;79866;Amsterdam Centraal;575362;Arnhem Centraal;23880;27120;54;3;90.6;100.7;1.1;4;1234;0.0;0;ICE;;Amsterdam;Arnhem Centraal
1121801;14;;EC;IC;ÖBB;63619;St. Margrethen SG;167729;Lindau-Reutin;53460;54480;17;3;15.5;54.9;;1;0;0.333;0;IC;;St. Margrethen SG;Lindau-Reutin
1122417;42;22;ICE;ICE;DB Fernverkehr AG;176697;Frankfurt(Main)Hbf;428519;Hamburg Hbf;15660;30600;249;9;464.9;112.0;1.51;2;06;1.0;1;ICE-SPRINTER;SPR-1;Frankfurt;Hamburg
1122418;18;;ICE;ICE;ÖBB;338037;Graz Hbf;695368;Salzburg Hbf;21780;35580;230;14;305.4;79.7;3.93;3;234;0.0;0;ICE;;Graz;Salzburg
1122419;23;12;ICE;ICE;DB Fernverkehr AG;613345;Berlin Hbf;598255;Offenburg;52620;73740;352;13;722.1;123.1;1.52;2;56;1.0;1;ICE;;Berlin;Offenburg
1122440;23;12;ICE;ICE;DB Fernverkehr AG;464157;Basel SBB;391201;Berlin Südkreuz;58560;85620;451;17;835.0;111.1;1.8;11;01234;0.882;0;ICE;;Basel;Berlin
1122526;39;51;ICE;ICE;DB Fernverkehr AG;53188;Leipzig Hbf;640892;Dortmund Hbf;25020;40560;259;9;396.6;91.9;1.76;1;0;1.0;1;ICE;;Leipzig;Dortmund
1122531;45;25;ICE;ICE;DB Fernverkehr AG;9941;München Hbf;428519;Hamburg Hbf;33120;53820;345;10;702.7;122.2;1.14;6;56;1.0;1;ICE;;München;Hamburg
1122535;32;18;ICE;ICE;DB Fernverkehr AG;416646;Erfurt Hbf;428519;Hamburg Hbf;23400;38640;254;9;515.0;121.7;1.36;4;1234;1.0;1;ICE;;Erfurt;Hamburg
1122934;10;20;ICE;ICE;DB Fernverkehr AG;87362;Wiesbaden Hbf;428519;Hamburg Hbf;16800;34140;289;9;480.5;99.8;1.46;1;2;1.0;1;ICE;;Wiesbaden;Hamburg
1123114;82;95;EC;IC;DB Fernverkehr AG;354957;Frankfurt(Oder);42071;Rzepin;53400;54420;17;3;19.2;67.8;;2;56;0.667;0;IC;;Frankfurt(Oder);Rzepin
1123208;18;;ICE;ICE;ÖBB;695368;Salzburg Hbf;338037;Graz Hbf;58020;71760;229;14;305.4;80.0;3.93;4;0123;0.0;0;ICE;;Salzburg;Graz
1123218;33;42;ICE;ICE;DB Fernverkehr AG;428519;Hamburg Hbf;9941;München Hbf;71100;108180;618;19;897.8;87.2;1.89;1;0;1.0;1;ICE;;Hamburg;München
1123310;17;;ICE;ICE;Nederlandse Spoorwegen;65847;Hengelo;396218;Amersfoort Centraal;65340;69840;75;4;98.2;78.6;2.04;2;56;0.0;0;ICE;;Hengelo;Amersfoort Centraal
1123649;72;;ICE;ICE;SBB;464157;Basel SBB;96724;Zürich HB;68820;72000;53;2;73.9;83.7;0.0;2;6;0.0;0;ICE;;Basel;Zürich
1124136;79;4;ICE;ICE;DB Fernverkehr AG;428519;Hamburg Hbf;176697;Frankfurt(Main)Hbf;66060;78960;215;3;395.3;110.3;0.25;1;5;1.0;1;ICE-SPRINTER;SPR-1;Hamburg;Frankfurt
1124538;33;42;ICE;ICE;DB Fernverkehr AG;9941;München Hbf;325703;Münster(Westf)Hbf;62880;86040;386;13;635.0;98.7;1.73;4;56;1.0;1;ICE;;München;Münster
1125019;36;43;ICE;ICE;DB Fernverkehr AG;464157;Basel SBB;396514;Hamburg-Altona;18960;48840;498;18;838.3;101.0;1.91;4;56;0.889;0;ICE;;Basel;Hamburg
1125885;63;14;ICE;ICE;DB Fernverkehr AG;337692;Berlin-Charlottenburg;267257;Essen Hbf;62160;76380;237;10;460.6;116.6;1.74;14;0123456;1.0;1;ICE;;Berlin;Essen
1125952;53;47;ICE;ICE;DB Fernverkehr AG;575362;Arnhem Centraal;9941;München Hbf;34440;56400;366;14;653.1;107.1;1.84;2;56;0.857;0;ICE;;Arnhem Centraal;München
1126260;87;41;ICE;ICE;DB Fernverkehr AG;9941;München Hbf;176697;Frankfurt(Main)Hbf;72420;86580;236;6;338.7;86.1;1.18;1;0;1.0;1;ICE;;München;Frankfurt
1126317;45;25;ICE;ICE;DB Fernverkehr AG;9941;München Hbf;9066;Hamburg-Harburg;42420;63840;357;9;679.1;114.1;1.03;4;1234;1.0;1;ICE;;München;Hamburg
1126630;57;19;ICE;ICE;DB Fernverkehr AG;391201;Berlin Südkreuz;476721;Wuppertal Hbf;67920;81840;232;7;472.4;122.2;1.06;1;3;1.0;1;ICE;;Berlin;Wuppertal
1127915;38;28;ICE;ICE;DB Fernverkehr AG;396514;Hamburg-Altona;416646;Erfurt Hbf;73080;89340;271;9;515.6;114.2;1.36;1;0;1.0;1;ICE;;Hamburg;Erfurt
1129005;77;10;ICE;ICE;DB Fernverkehr AG;640892;Dortmund Hbf;391201;Berlin Südkreuz;71220;83880;211;9;440.8;125.3;1.59;1;2;1.0;1;ICE;;Dortmund;Berlin
1129157;26;55;IC;IC;DB Fernverkehr AG;325703;Münster(Westf)Hbf;635340;Heidelberg Hbf;18120;34440;272;11;350.1;77.2;2.57;13;0123456;1.0;1;IC;;Münster;Heidelberg
1129502;82;95;EC;IC;DB Fernverkehr AG;127712;Berlin Gesundbrunnen;42071;Rzepin;27840;32820;83;5;101.3;73.2;2.96;20;0123456;0.8;0;IC;;Berlin;Rzepin
1130044;46;60;ICE;ICE;DB Fernverkehr AG;497089;Karlsruhe Hbf;9941;München Hbf;21600;31680;168;7;273.1;97.5;1.83;5;01234;1.0;1;ICE;;Karlsruhe;München
1130056;44;17;IC;IC;DB Fernverkehr AG;464794;Magdeburg Hbf;552264;Ostseebad Binz;24000;43920;332;15;436.0;78.8;2.98;2;5;1.0;1;IC;;Magdeburg;Ostseebad Binz
1130680;17;;ICE;ICE;Nederlandse Spoorwegen;79866;Amsterdam Centraal;575362;Arnhem Centraal;45480;48720;54;3;90.6;100.7;1.1;14;0123;0.0;0;ICE;;Amsterdam;Arnhem Centraal
1130684;40;78;ICE;ICE;DB Fernverkehr AG;176697;Frankfurt(Main)Hbf;575362;Arnhem Centraal;56040;66360;172;9;310.4;108.3;2.26;14;012345;0.778;0;ICE;;Frankfurt;Arnhem Centraal
1130787;47;62;ICE;ICE;DB Fernverkehr AG;9941;München Hbf;226858;Darmstadt Hbf;35220;48300;218;9;328.0;90.3;2.13;2;56;1.0;1;ICE;;München;Darmstadt
1131037;87;41;ICE;ICE;DB Fernverkehr AG;9941;München Hbf;176697;Frankfurt(Main)Hbf;74700;87780;218;6;338.7;93.2;1.18;1;6;1.0;1;ICE;;München;Frankfurt
1131188;19;24;ICE;ICE;DB Fernverkehr AG;176697;Frankfurt(Main)Hbf;468987;Westerland(Sylt);31860;61380;492;16;645.9;78.8;2.17;5;56;1.0;1;ICE;;Frankfurt;Westerland
1131285;26;55;IC;IC;DB Fernverkehr AG;668361;Stuttgart Hbf;640892;Dortmund Hbf;70560;88620;301;12;380.1;75.8;2.63;1;0;1.0;1;IC;;Stuttgart;Dortmund
1131542;77;10;ICE;ICE;DB Fernverkehr AG;613345;Berlin Hbf;517455;Köln Hbf;64020;81240;287;11;535.3;111.9;1.68;12;023456;1.0;1;ICE;;Berlin;Köln
1131672;55;;RJ;SONSTIGE;Ceske Drahy;653775;Praha hl.n.;26993;Decin hl.n.;23460;28680;87;4;87.0;60.0;2.3;30;0123456;0.0;0;SONSTIGE;;Praha;Decin hl.n.
1131762;53;47;ICE;ICE;DB Fernverkehr AG;9941;München Hbf;640892;Dortmund Hbf;58800;78420;327;11;608.0;111.6;1.48;1;5;1.0;1;ICE;;München;Dortmund
1132088;38;28;ICE;ICE;DB Fernverkehr AG;428519;Hamburg Hbf;53188;Leipzig Hbf;59640;71160;192;6;407.9;127.5;0.98;1;5;1.0;1;ICE;;Hamburg;Leipzig
1132456;42;22;ICE;ICE;DB Fernverkehr AG;659783;Kiel Hbf;668361;Stuttgart Hbf;35760;59880;402;10;670.1;100.0;1.19;7;0123456;1.0;1;ICE;;Kiel;Stuttgart
1132637;77;10;ICE;ICE;DB Fernverkehr AG;613345;Berlin Hbf;517455;Köln Hbf;64020;79920;265;9;505.1;114.4;1.39;6;03456;1.0;1;ICE;;Berlin;Köln
1132969;77;10;ICE;ICE;DB Fernverkehr AG;613345;Berlin Hbf;691821;Düsseldorf Hbf;64020;82200;303;11;501.6;99.3;1.79;1;0;1.0;1;ICE;;Berlin;Düsseldorf
1133060;32;18;ICE;ICE;DB Fernverkehr AG;613345;Berlin Hbf;396514;Hamburg-Altona;79740;89100;156;6;267.7;102.9;1.49;1;1;1.0;1;ICE;;Berlin;Hamburg
1133400;79;4;ICE;ICE;DB Fernverkehr AG;667068;Frankfurt(M) Flughafen Regionalbf;396514;Hamburg-Altona;34680;50100;257;6;409.5;95.6;0.98;5;01234;1.0;1;ICE-SPRINTER;SPR-1;Frankfurt;Hamburg
1133444;1;;IC;IC;PKP Intercity;246292;Krakow Glowny;380319;Wroclaw Glowny;21420;31800;173;7;247.9;86.0;2.02;4;0126;0.0;0;IC;;Krakow Glowny;Wroclaw Glowny
1133653;10;20;ICE;ICE;DB Fernverkehr AG;497089;Karlsruhe Hbf;331094;Hamburg Dammtor;31020;48960;299;9;567.6;113.9;1.23;2;56;1.0;1;ICE;;Karlsruhe;Hamburg
1133863;77;10;ICE;ICE;DB Fernverkehr AG;613345;Berlin Hbf;93866;Hannover Hbf;78420;89340;182;3;257.5;84.9;0.39;3;026;1.0;1;ICE;;Berlin;Hannover
1134015;31;11;ICE;ICE;DB Fernverkehr AG;127712;Berlin Gesundbrunnen;9941;München Hbf;76680;113220;609;18;829.3;81.7;1.93;1;0;1.0;1;ICE;;Berlin;München
1134044;37;82;ICE;ICE;DB Fernverkehr AG;180380;Saarbrücken Hbf;176697;Frankfurt(Main)Hbf;75540;82620;118;4;182.3;92.7;1.1;1;1;1.0;1;ICE;;Saarbrücken;Frankfurt
1134768;46;60;ICE;ICE;DB Fernverkehr AG;9941;München Hbf;297876;Basel Bad Bf;61080;78420;289;15;450.2;93.5;2.89;1;6;0.933;0;ICE;;München;Basel
1135041;26;55;IC;IC;DB Fernverkehr AG;464794;Magdeburg Hbf;640892;Dortmund Hbf;21720;34320;210;10;321.1;91.7;2.49;4;1234;1.0;1;IC;;Magdeburg;Dortmund
113519;87;41;ICE;ICE;DB Fernverkehr AG;640892;Dortmund Hbf;9941;München Hbf;18840;40320;358;11;605.2;101.4;1.49;4;56;1.0;1;ICE;;Dortmund;München
113539;62;13;ICE;ICE;DB Fernverkehr AG;337692;Berlin-Charlottenburg;635340;Heidelberg Hbf;41280;60060;313;14;596.8;114.4;2.01;1;6;1.0;1;ICE;;Berlin;Heidelberg
1135437;82;95;EC;IC;DB Fernverkehr AG;127712;Berlin Gesundbrunnen;42071;Rzepin;49440;54420;83;5;101.3;73.2;2.96;5;12345;0.8;0;IC;;Berlin;Rzepin
1135489;93;96;EC;IC;DB Fernverkehr AG;327376;Berlin-Lichtenberg;42071;Rzepin;46620;50940;72;4;92.9;77.5;2.15;1;2;0.75;0;IC;;Berlin;Rzepin
1135919;81;83;ICE;ICE;SNCF;335130;Paris Est;412384;Strasbourg;24240;30420;103;2;395.5;230.4;0.0;5;5;0.0;0;ICE;;Paris;Strasbourg
1136518;36;43;ICE;ICE;DB Fernverkehr AG;640892;Dortmund Hbf;464157;Basel SBB;19440;38880;324;13;548.1;101.5;2.01;14;0123456;0.846;0;ICE;;Dortmund;Basel
1136584;22;;IC;IC;SBB;96724;Zürich HB;556408;Schaffhausen;56220;58380;36;2;36.3;60.4;0.0;9;01234;0.0;0;IC;;Zürich;Schaffhausen
1136905;30;;IC;IC;Ceske Drahy;57233;Breclav;174196;Bohumin(Gr);90240;100920;178;4;169.3;57.1;1.18;8;0123456;0.0;0;IC;;Breclav;Bohumin
1137068;87;41;ICE;ICE;DB Fernverkehr AG;517455;Köln Hbf;9941;München Hbf;70500;91500;350;9;501.2;85.9;1.4;1;0;1.0;1;ICE;;Köln;München
1137376;5;50;ICE;ICE;DB Fernverkehr AG;87362;Wiesbaden Hbf;416646;Erfurt Hbf;73560;85260;195;8;250.1;77.0;2.4;1;5;1.0;1;ICE;;Wiesbaden;Erfurt
113744;45;25;ICE;ICE;DB Fernverkehr AG;9941;München Hbf;93866;Hannover Hbf;33120;48720;260;7;548.1;126.5;0.91;6;123456;1.0;1;ICE;;München;Hannover
1137703;23;12;ICE;ICE;DB Fernverkehr AG;176697;Frankfurt(Main)Hbf;464157;Basel SBB;24600;35280;178;7;299.2;100.9;1.67;29;0123456;0.714;0;ICE;;Frankfurt;Basel
1137795;10;20;ICE;ICE;DB Fernverkehr AG;428519;Hamburg Hbf;464157;Basel SBB;66540;90600;401;12;740.0;110.7;1.35;1;2;0.833;0;ICE;;Hamburg;Basel
1137913;26;55;IC;IC;DB Fernverkehr AG;635340;Heidelberg Hbf;517455;Köln Hbf;66240;75960;162;6;218.9;81.1;1.83;2;06;1.0;1;IC;;Heidelberg;Köln
1137980;26;55;IC;IC;DB Fernverkehr AG;224643;Dresden Hbf;640892;Dortmund Hbf;62520;85620;385;17;539.3;84.1;2.78;1;5;1.0;1;IC;;Dresden;Dortmund
1138197;22;;IC;IC;SBB;96724;Zürich HB;556408;Schaffhausen;38220;40380;36;2;36.3;60.4;0.0;26;0123456;0.0;0;IC;;Zürich;Schaffhausen
113835;22;;IC;IC;SBB;556408;Schaffhausen;96724;Zürich HB;42420;44580;36;2;36.3;60.4;0.0;3;456;0.0;0;IC;;Schaffhausen;Zürich
1138538;31;11;ICE;ICE;DB Fernverkehr AG;127712;Berlin Gesundbrunnen;9941;München Hbf;76680;113220;609;17;827.1;81.5;1.81;1;2;1.0;1;ICE;;Berlin;München
1139023;18;;ICE;ICE;ÖBB;135333;Wien Hbf;695368;Salzburg Hbf;54780;64800;167;5;262.0;94.1;1.15;31;0123456;0.0;0;ICE;;Wien;Salzburg
1139175;36;43;ICE;ICE;DB Fernverkehr AG;464157;Basel SBB;396514;Hamburg-Altona;47760;77640;498;18;838.3;101.0;1.91;14;0123456;0.889;0;ICE;;Basel;Hamburg
1139301;84;77;ICE;ICE;DB Fernverkehr AG;65847;Hengelo;613345;Berlin Hbf;42720;56700;233;9;451.4;116.2;1.55;6;012345;0.889;0;ICE;;Hengelo;Berlin
11398;40;78;ICE;ICE;DB Fernverkehr AG;575362;Arnhem Centraal;176697;Frankfurt(Main)Hbf;56040;66420;173;10;310.4;107.7;2.58;9;0123;0.8;0;ICE;;Arnhem Centraal;Frankfurt
1140040;67;33;ICE;ICE;DB Fernverkehr AG;552264;Ostseebad Binz;93866;Hannover Hbf;47700;67380;328;14;429.8;78.6;2.79;9;0123456;1.0;1;ICE;;Ostseebad Binz;Hannover
1140138;26;55;IC;IC;DB Fernverkehr AG;635340;Heidelberg Hbf;517455;Köln Hbf;59040;68760;162;6;218.9;81.1;1.83;4;1234;1.0;1;IC;;Heidelberg;Köln
1140352;17;;ICE;ICE;Nederlandse Spoorwegen;79866;Amsterdam Centraal;575362;Arnhem Centraal;37860;41520;61;3;90.6;89.1;1.1;3;123;0.0;0;ICE;;Amsterdam;Arnhem Centraal
1140658;61;1;ICE;ICE;DB Fernverkehr AG;517455;Köln Hbf;176697;Frankfurt(Main)Hbf;71580;79980;140;5;185.3;79.4;1.62;3;456;1.0;1;ICE;;Köln;Frankfurt
1140886;45;25;ICE;ICE;DB Fernverkehr AG;9941;München Hbf;93866;Hannover Hbf;69180;85860;278;7;548.1;118.3;0.91;3;06;1.0;1;ICE;;München;Hannover
1140933;47;62;ICE;ICE;DB Fernverkehr AG;309229;Friedrichshafen Stadt;640892;Dortmund Hbf;45300;71700;440;11;546.0;74.5;1.65;2;56;1.0;1;ICE;;Friedrichshafen Stadt;Dortmund
1141033;63;14;ICE;ICE;DB Fernverkehr AG;267257;Essen Hbf;337692;Berlin-Charlottenburg;24240;38820;243;10;460.6;113.7;1.74;3;056;1.0;1;ICE;;Essen;Berlin
1141840;77;10;ICE;ICE;DB Fernverkehr AG;517455;Köln Hbf;391201;Berlin Südkreuz;63300;80400;285;10;510.6;107.5;1.57;14;0123456;1.0;1;ICE;;Köln;Berlin
1142139;3;26;ICE;ICE;DB Fernverkehr AG;635340;Heidelberg Hbf;83956;Oldenburg(Oldb)Hbf;62280;83820;359;16;518.2;86.6;2.7;1;6;1.0;1;ICE;;Heidelberg;Oldenburg
1142186;77;10;ICE;ICE;DB Fernverkehr AG;613345;Berlin Hbf;517455;Köln Hbf;67620;85260;294;10;514.3;104.9;1.56;1;3;1.0;1;ICE;;Berlin;Köln
1142408;72;;ICE;ICE;SBB;464157;Basel SBB;510671;Bern;61080;64560;58;4;89.7;92.8;2.23;1;6;0.0;0;ICE;;Basel;Bern
1142507;67;33;ICE;ICE;DB Fernverkehr AG;468987;Westerland(Sylt);517455;Köln Hbf;49980;77160;453;14;575.5;76.2;2.09;1;4;1.0;1;ICE;;Westerland;Köln
114276;17;;ICE;ICE;Nederlandse Spoorwegen;575362;Arnhem Centraal;79866;Amsterdam Centraal;80880;84540;61;3;90.6;89.1;1.1;4;0123;0.0;0;ICE;;Arnhem Centraal;Amsterdam
114305;84;77;ICE;ICE;DB Fernverkehr AG;65847;Hengelo;613345;Berlin Hbf;57120;70860;229;9;451.4;118.3;1.55;26;0123456;0.889;0;ICE;;Hengelo;Berlin
1143120;10;20;ICE;ICE;DB Fernverkehr AG;331094;Hamburg Dammtor;464157;Basel SBB;37260;62460;420;13;741.5;105.9;1.48;16;01234;0.846;0;ICE;;Hamburg;Basel
114313;17;;ICE;ICE;Nederlandse Spoorwegen;79866;Amsterdam Centraal;575362;Arnhem Centraal;23820;27120;55;3;90.6;98.9;1.1;2;56;0.0;0;ICE;;Amsterdam;Arnhem Centraal
1144085;5;50;ICE;ICE;DB Fernverkehr AG;224643;Dresden Hbf;38672;Frankfurt(M) Flughafen Fernbf;58260;75360;285;10;431.8;90.9;1.85;25;0123456;1.0;1;ICE;;Dresden;Frankfurt
1144591;33;42;ICE;ICE;DB Fernverkehr AG;9941;München Hbf;396514;Hamburg-Altona;48480;81180;545;18;888.2;97.8;1.8;1;4;1.0;1;ICE;;München;Hamburg
1144608;5;50;ICE;ICE;DB Fernverkehr AG;38672;Frankfurt(M) Flughafen Fernbf;224643;Dresden Hbf;54120;71100;283;11;436.8;92.6;2.06;28;0123456;1.0;1;ICE;;Frankfurt;Dresden
1145223;42;22;ICE;ICE;DB Fernverkehr AG;331094;Hamburg Dammtor;668361;Stuttgart Hbf;26460;45480;317;9;584.9;110.7;1.2;10;01234;1.0;1;ICE;;Hamburg;Stuttgart
1145528;17;;ICE;ICE;Nederlandse Spoorwegen;79866;Amsterdam Centraal;65847;Hengelo;27780;35460;128;6;152.9;71.7;2.62;1;6;0.0;0;ICE;;Amsterdam;Hengelo
1145852;45;25;ICE;ICE;DB Fernverkehr AG;9941;München Hbf;9066;Hamburg-Harburg;57960;78240;338;10;692.6;123.0;1.16;2;56;1.0;1;ICE;;München;Hamburg
1145872;33;42;ICE;ICE;DB Fernverkehr AG;517455;Köln Hbf;428519;Hamburg Hbf;7740;24600;281;14;416.1;88.9;2.88;1;0;1.0;1;ICE-SPRINTER;SPR-2;Köln;Hamburg
1146078;17;;ICE;ICE;Nederlandse Spoorwegen;65847;Hengelo;24890;Utrecht Centraal;29340;35040;95;5;117.6;74.3;2.55;2;56;0.0;0;ICE;;Hengelo;Utrecht Centraal
1146303;67;33;ICE;ICE;DB Fernverkehr AG;552264;Ostseebad Binz;412729;Hamburg-Bergedorf;32040;45600;226;9;260.4;69.1;2.69;3;056;1.0;1;ICE;;Ostseebad Binz;Hamburg
1146338;53;47;ICE;ICE;DB Fernverkehr AG;9941;München Hbf;640892;Dortmund Hbf;58800;78420;327;12;609.0;111.7;1.64;2;45;1.0;1;ICE;;München;Dortmund
1146436;87;41;ICE;ICE;DB Fernverkehr AG;9941;München Hbf;517455;Köln Hbf;45900;62340;274;7;500.5;109.6;1.0;1;6;1.0;1;ICE;;München;Köln
1146634;36;43;ICE;ICE;DB Fernverkehr AG;396514;Hamburg-Altona;464157;Basel SBB;44760;74880;502;19;839.1;100.3;2.03;10;01234;0.895;0;ICE;;Hamburg;Basel
1146781;33;42;ICE;ICE;DB Fernverkehr AG;9941;München Hbf;517455;Köln Hbf;70080;88860;313;7;483.7;92.7;1.03;1;5;1.0;1;ICE;;München;Köln
1146800;17;;ICE;ICE;Nederlandse Spoorwegen;79866;Amsterdam Centraal;575362;Arnhem Centraal;45180;48720;59;3;90.6;92.2;1.1;3;456;0.0;0;ICE;;Amsterdam;Arnhem Centraal
1147220;77;10;ICE;ICE;DB Fernverkehr AG;613345;Berlin Hbf;517455;Köln Hbf;64020;83580;326;11;535.3;98.5;1.68;1;4;1.0;1;ICE;;Berlin;Köln
1147489;48;;EC;IC;SBB;96724;Zürich HB;63619;St. Margrethen SG;27120;31740;77;5;91.3;71.2;3.29;2;56;0.0;0;IC;;Zürich;St. Margrethen SG
1147938;93;96;EC;IC;DB Fernverkehr AG;42071;Rzepin;327376;Berlin-Lichtenberg;35340;40080;79;4;92.9;70.6;2.15;14;0123456;0.75;0;IC;;Rzepin;Berlin
1148381;38;28;ICE;ICE;DB Fernverkehr AG;99055;Nürnberg Hbf;53188;Leipzig Hbf;79500;86640;119;5;274.5;138.4;1.09;9;0123456;1.0;1;ICE;;Nürnberg;Leipzig
1148993;23;12;ICE;ICE;DB Fernverkehr AG;464157;Basel SBB;391201;Berlin Südkreuz;51360;78420;451;17;835.0;111.1;1.8;8;1234;0.882;0;ICE;;Basel;Berlin
114919;83;96;EC;IC;PKP Intercity;42071;Rzepin;401361;Przemysl Glowny;36720;67680;516;22;703.3;81.8;2.84;2;06;0.0;0;IC;;Rzepin;Przemysl Glowny
1149192;72;;ICE;ICE;SBB;96724;Zürich HB;464157;Basel SBB;57540;60720;53;2;73.9;83.7;0.0;5;012;0.0;0;ICE;;Zürich;Basel
1149356;47;62;ICE;ICE;DB Fernverkehr AG;325703;Münster(Westf)Hbf;695368;Salzburg Hbf;25560;57540;533;19;772.0;86.9;2.2;2;04;0.947;0;ICE;;Münster;Salzburg
114939;31;11;ICE;ICE;DB Fernverkehr AG;127712;Berlin Gesundbrunnen;9941;München Hbf;76680;113220;609;18;829.3;81.7;1.93;1;2;1.0;1;ICE;;Berlin;München
114989;94;88;ECE;ICE;DB Fernverkehr AG;167729;Lindau-Reutin;9941;München Hbf;25800;34440;144;4;163.5;68.1;1.22;4;0345;1.0;1;ICE;;Lindau-Reutin;München
1149933;89;35;IC;IC;DB Fernverkehr AG;691821;Düsseldorf Hbf;161450;Emden Hbf;58320;69960;194;13;281.8;87.2;3.9;12;0123456;1.0;1;IC;;Düsseldorf;Emden
1150039;77;10;ICE;ICE;DB Fernverkehr AG;517455;Köln Hbf;391201;Berlin Südkreuz;70680;88140;291;11;512.5;105.7;1.76;4;3456;1.0;1;ICE;;Köln;Berlin
1150353;20;49;ICE;ICE;DB Fernverkehr AG;517455;Köln Hbf;176697;Frankfurt(Main)Hbf;59340;64140;80;6;161.5;121.2;2.48;10;56;1.0;1;ICE;;Köln;Frankfurt
1150448;77;10;ICE;ICE;DB Fernverkehr AG;613345;Berlin Hbf;517455;Köln Hbf;70440;88380;299;9;534.6;107.3;1.31;1;4;1.0;1;ICE;;Berlin;Köln
1150656;47;62;ICE;ICE;DB Fernverkehr AG;325703;Münster(Westf)Hbf;695368;Salzburg Hbf;25560;57540;533;20;772.2;86.9;2.33;2;56;0.95;0;ICE;;Münster;Salzburg
1151276;19;24;ICE;ICE;DB Fernverkehr AG;468987;Westerland(Sylt);176697;Frankfurt(Main)Hbf;39300;68880;493;17;649.8;79.1;2.31;13;0123456;1.0;1;ICE;;Westerland;Frankfurt
1151976;33;42;ICE;ICE;DB Fernverkehr AG;325703;Münster(Westf)Hbf;9941;München Hbf;21780;44940;386;13;635.0;98.7;1.73;10;0123456;1.0;1;ICE;;Münster;München
1152012;95;17;ICE;ICE;DB Fernverkehr AG;446029;Stralsund Hbf;127712;Berlin Gesundbrunnen;51840;63540;195;7;265.5;81.7;1.88;10;56;1.0;1;ICE;;Stralsund;Berlin
1152383;23;12;ICE;ICE;DB Fernverkehr AG;613345;Berlin Hbf;19112;Kassel-Wilhelmshöhe;73980;87960;233;6;391.1;100.7;1.02;1;4;1.0;1;ICE;;Berlin;Kassel-Wilhelmshöhe
1153381;87;41;ICE;ICE;DB Fernverkehr AG;9941;München Hbf;517455;Köln Hbf;16860;33780;282;9;498.6;106.1;1.4;9;01234;1.0;1;ICE;;München;Köln
1153446;47;62;ICE;ICE;DB Fernverkehr AG;540195;Esslingen(Neckar);9941;München Hbf;28800;36600;130;5;187.3;86.4;1.6;1;0;1.0;1;ICE;;Esslingen;München
1153596;17;;ICE;ICE;Nederlandse Spoorwegen;79866;Amsterdam Centraal;575362;Arnhem Centraal;52620;55920;55;3;90.6;98.9;1.1;2;56;0.0;0;ICE;;Amsterdam;Arnhem Centraal
1153792;23;12;ICE;ICE;DB Fernverkehr AG;613345;Berlin Hbf;19112;Kassel-Wilhelmshöhe;73800;83580;163;7;353.2;130.0;1.42;5;01234;1.0;1;ICE;;Berlin;Kassel-Wilhelmshöhe
1153911;68;91;ICE;ICE;DB Fernverkehr AG;99055;Nürnberg Hbf;640892;Dortmund Hbf;70320;92280;366;12;456.0;74.8;2.19;1;2;1.0;1;ICE;;Nürnberg;Dortmund
1154018;33;42;ICE;ICE;DB Fernverkehr AG;517455;Köln Hbf;9941;München Hbf;20880;37920;284;9;503.9;106.5;1.39;29;0123456;1.0;1;ICE;;Köln;München
1154816;28;75;ECE;ICE;DB Fernverkehr AG;428519;Hamburg Hbf;368193;Padborg st;67980;75180;120;4;147.5;73.8;1.36;2;13;0.75;0;ICE;;Hamburg;Padborg st
1155144;2;56;IC;IC;DB Fernverkehr AG;337692;Berlin-Charlottenburg;315947;Norddeich;51900;80040;469;21;543.4;69.5;3.5;14;0123456;1.0;1;IC;;Berlin;Norddeich
1155158;57;19;ICE;ICE;DB Fernverkehr AG;517455;Köln Hbf;391201;Berlin Südkreuz;74700;91560;281;8;509.5;108.8;1.18;1;4;1.0;1;ICE;;Köln;Berlin
1155187;36;43;ICE;ICE;DB Fernverkehr AG;464157;Basel SBB;640892;Dortmund Hbf;69360;89100;329;12;531.1;96.9;1.88;3;012;0.833;0;ICE;;Basel;Dortmund
1155989;33;42;ICE;ICE;DB Fernverkehr AG;396514;Hamburg-Altona;517455;Köln Hbf;80700;98160;291;11;404.7;83.4;2.22;1;0;1.0;1;ICE-SPRINTER;SPR-2;Hamburg;Köln
115610;23;12;ICE;ICE;DB Fernverkehr AG;391201;Berlin Südkreuz;464157;Basel SBB;83460;117960;575;15;847.1;88.4;1.53;1;3;0.867;0;ICE;;Berlin;Basel
1157551;17;;ICE;ICE;Nederlandse Spoorwegen;65847;Hengelo;79866;Amsterdam Centraal;43740;50460;112;6;139.3;74.6;2.87;1;0;0.0;0;ICE;;Hengelo;Amsterdam
1157973;6;;RJ;SONSTIGE;ÖBB;135333;Wien Hbf;57233;Breclav;47400;50640;54;3;73.9;82.1;1.35;17;0245;0.0;0;SONSTIGE;;Wien;Breclav
1158761;42;22;ICE;ICE;DB Fernverkehr AG;668361;Stuttgart Hbf;428519;Hamburg Hbf;69720;90360;344;9;597.1;104.1;1.17;1;4;1.0;1;ICE;;Stuttgart;Hamburg
1159704;37;82;ICE;ICE;DB Fernverkehr AG;412384;Strasbourg;176697;Frankfurt(Main)Hbf;47340;54360;117;5;194.4;99.7;1.54;4;0234;0.6;0;ICE;;Strasbourg;Frankfurt
1159893;17;;ICE;ICE;Nederlandse Spoorwegen;79866;Amsterdam Centraal;65847;Hengelo;20700;28260;126;6;152.9;72.8;2.62;2;56;0.0;0;ICE;;Amsterdam;Hengelo
1159924;17;;ICE;ICE;Nederlandse Spoorwegen;396218;Amersfoort Centraal;65847;Hengelo;66960;71460;75;4;98.2;78.6;2.04;2;56;0.0;0;ICE;;Amersfoort Centraal;Hengelo
1160892;14;;EC;IC;ÖBB;167729;Lindau-Reutin;63619;St. Margrethen SG;46320;47340;17;3;15.5;54.9;;27;0123456;0.333;0;IC;;Lindau-Reutin;St. Margrethen SG
116094;48;;EC;IC;SBB;96724;Zürich HB;63619;St. Margrethen SG;27120;31740;77;5;91.3;71.2;3.29;13;0123456;0.0;0;IC;;Zürich;St. Margrethen SG
1161413;67;33;ICE;ICE;DB Fernverkehr AG;552264;Ostseebad Binz;517455;Köln Hbf;40500;69360;481;19;664.2;82.9;2.56;17;0123456;1.0;1;ICE;;Ostseebad Binz;Köln
116235;40;78;ICE;ICE;DB Fernverkehr AG;575362;Arnhem Centraal;176697;Frankfurt(Main)Hbf;70440;82440;200;9;309.8;92.9;2.26;2;04;0.778;0;ICE;;Arnhem Centraal;Frankfurt
1162487;14;;EC;IC;ÖBB;167729;Lindau-Reutin;63619;St. Margrethen SG;53520;54540;17;3;15.5;54.9;;27;0123456;0.333;0;IC;;Lindau-Reutin;St. Margrethen SG
1162751;10;20;ICE;ICE;DB Fernverkehr AG;464157;Basel SBB;428519;Hamburg Hbf;45960;70140;403;12;739.7;110.1;1.35;1;6;0.833;0;ICE;;Basel;Hamburg
1162761;72;;ICE;ICE;SBB;96724;Zürich HB;464157;Basel SBB;50340;53520;53;2;73.9;83.7;0.0;9;0123456;0.0;0;ICE;;Zürich;Basel
1163692;5;50;ICE;ICE;DB Fernverkehr AG;38672;Frankfurt(M) Flughafen Fernbf;53188;Leipzig Hbf;75720;89640;232;8;329.3;85.2;1.82;2;46;1.0;1;ICE;;Frankfurt;Leipzig
1163756;36;43;ICE;ICE;DB Fernverkehr AG;396514;Hamburg-Altona;517455;Köln Hbf;66360;82920;276;13;408.5;88.8;2.69;3;012;1.0;1;ICE-SPRINTER;SPR-2;Hamburg;Köln
1164622;23;12;ICE;ICE;DB Fernverkehr AG;464157;Basel SBB;391201;Berlin Südkreuz;58560;85620;451;17;835.0;111.1;1.8;10;0123456;0.882;0;ICE;;Basel;Berlin
1164777;38;28;ICE;ICE;DB Fernverkehr AG;99055;Nürnberg Hbf;428519;Hamburg Hbf;20220;41040;347;11;682.3;118.0;1.32;7;012345;1.0;1;ICE;;Nürnberg;Hamburg
1164892;54;82;ICE;ICE;SNCF;335130;Paris Est;180380;Saarbrücken Hbf;47400;53880;108;3;340.8;189.3;0.29;2;56;0.667;0;ICE-SPRINTER;SPR-6;Paris;Saarbrücken
1165436;46;60;ICE;ICE;DB Fernverkehr AG;9941;München Hbf;668361;Stuttgart Hbf;77160;86280;152;5;195.6;77.2;1.53;1;3;1.0;1;ICE;;München;Stuttgart
1165731;77;10;ICE;ICE;DB Fernverkehr AG;613345;Berlin Hbf;691821;Düsseldorf Hbf;49620;65220;260;12;502.5;116.0;1.99;12;0123456;1.0;1;ICE;;Berlin;Düsseldorf
1166068;47;62;ICE;ICE;DB Fernverkehr AG;9941;München Hbf;180380;Saarbrücken Hbf;63960;80940;283;10;406.2;86.1;1.97;2;56;1.0;1;ICE;;München;Saarbrücken
1166516;17;;ICE;ICE;Nederlandse Spoorwegen;79866;Amsterdam Centraal;65847;Hengelo;22140;28260;102;6;139.3;81.9;2.87;1;6;0.0;0;ICE;;Amsterdam;Hengelo
116656;84;77;ICE;ICE;DB Fernverkehr AG;391201;Berlin Südkreuz;65847;Hengelo;36360;50820;241;10;456.9;113.8;1.75;5;456;0.9;0;ICE;;Berlin;Hengelo
1166623;92;83;ICE;ICE;DB Fernverkehr AG;412384;Strasbourg;497089;Karlsruhe Hbf;45840;49020;53;3;69.1;78.2;1.45;1;0;0.333;0;ICE;;Strasbourg;Karlsruhe
1166698;77;10;ICE;ICE;DB Fernverkehr AG;517455;Köln Hbf;391201;Berlin Südkreuz;19560;37200;294;13;541.3;110.5;2.03;14;012345;1.0;1;ICE;;Köln;Berlin
1167077;90;45;ICE;ICE;DB Fernverkehr AG;517455;Köln Hbf;391274;Konstanz;39540;59820;338;13;470.0;83.4;2.34;5;5;0.923;0;ICE;;Köln;Konstanz
1167094;72;;ICE;ICE;SBB;480653;Interlaken Ost;464157;Basel SBB;39540;46800;121;8;138.9;68.9;4.32;4;0123;0.0;0;ICE;;Interlaken Ost;Basel
1168101;33;42;ICE;ICE;DB Fernverkehr AG;9941;München Hbf;396514;Hamburg-Altona;55680;88440;546;18;888.2;97.6;1.8;3;234;1.0;1;ICE;;München;Hamburg
1168752;57;19;ICE;ICE;DB Fernverkehr AG;391201;Berlin Südkreuz;517455;Köln Hbf;53520;70680;286;7;506.8;106.3;0.99;3;056;1.0;1;ICE;;Berlin;Köln
1169091;77;10;ICE;ICE;DB Fernverkehr AG;517455;Köln Hbf;391201;Berlin Südkreuz;20040;37200;286;11;512.4;107.5;1.76;12;012345;1.0;1;ICE;;Köln;Berlin
1169138;72;;ICE;ICE;SBB;228347;Brig;464157;Basel SBB;49500;57600;135;8;179.2;79.6;3.35;21;0123456;0.0;0;ICE;;Brig;Basel
1169361;46;60;ICE;ICE;DB Fernverkehr AG;668361;Stuttgart Hbf;9941;München Hbf;23040;30600;126;7;198.1;94.4;2.52;7;0123456;1.0;1;ICE;;Stuttgart;München
1169409;77;10;ICE;ICE;DB Fernverkehr AG;613345;Berlin Hbf;517455;Köln Hbf;60420;78000;293;11;540.3;110.6;1.67;3;056;1.0;1;ICE;;Berlin;Köln
116943;87;41;ICE;ICE;DB Fernverkehr AG;517455;Köln Hbf;9941;München Hbf;63300;80160;281;9;498.6;106.5;1.4;4;1234;1.0;1;ICE;;Köln;München
1169927;31;11;ICE;ICE;DB Fernverkehr AG;9941;München Hbf;613345;Berlin Hbf;45900;73860;466;14;814.7;104.9;1.47;31;0123456;1.0;1;ICE;;München;Berlin
1171353;33;42;ICE;ICE;DB Fernverkehr AG;396514;Hamburg-Altona;176697;Frankfurt(Main)Hbf;78300;111780;558;20;598.4;64.3;3.01;2;45;1.0;1;ICE-SPRINTER;SPR-1;Hamburg;Frankfurt
1171594;77;10;ICE;ICE;DB Fernverkehr AG;613345;Berlin Hbf;517455;Köln Hbf;49620;65520;265;9;505.1;114.4;1.39;8;0123456;1.0;1;ICE;;Berlin;Köln
1171915;37;82;ICE;ICE;DB Fernverkehr AG;176697;Frankfurt(Main)Hbf;412384;Strasbourg;24780;31620;114;5;194.4;102.3;1.54;5;6;0.6;0;ICE;;Frankfurt;Strasbourg
1172103;48;;EC;IC;SBB;96724;Zürich HB;63619;St. Margrethen SG;48720;53340;77;5;91.3;71.2;3.29;5;03456;0.0;0;IC;;Zürich;St. Margrethen SG
1172177;36;43;ICE;ICE;DB Fernverkehr AG;396514;Hamburg-Altona;598255;Offenburg;23160;48900;429;17;733.0;102.5;2.05;2;56;1.0;1;ICE;;Hamburg;Offenburg
1173129;32;18;ICE;ICE;DB Fernverkehr AG;396514;Hamburg-Altona;391201;Berlin Südkreuz;77760;88200;174;5;276.0;95.2;1.09;1;4;1.0;1;ICE;;Hamburg;Berlin
117364;2;56;IC;IC;DB Fernverkehr AG;195950;Norddeich Mole;53188;Leipzig Hbf;27360;51300;399;22;501.5;75.4;3.99;17;01234;1.0;1;IC;;Norddeich Mole;Leipzig
117378;33;42;ICE;ICE;DB Fernverkehr AG;9941;München Hbf;396514;Hamburg-Altona;60;37980;632;23;921.0;87.4;2.28;2;5;1.0;1;ICE;;München;Hamburg
1173926;82;95;EC;IC;DB Fernverkehr AG;127712;Berlin Gesundbrunnen;42071;Rzepin;76380;84480;135;5;101.3;45.0;2.96;1;6;0.8;0;IC;;Berlin;Rzepin
1173929;26;55;IC;IC;DB Fernverkehr AG;224643;Dresden Hbf;517455;Köln Hbf;55320;86520;520;21;639.2;73.8;2.97;2;12;1.0;1;IC;;Dresden;Köln
1173976;77;10;ICE;ICE;DB Fernverkehr AG;93866;Hannover Hbf;391201;Berlin Südkreuz;22140;30060;132;6;262.5;119.3;1.52;26;012345;1.0;1;ICE;;Hannover;Berlin
1173990;53;47;ICE;ICE;DB Fernverkehr AG;9941;München Hbf;267257;Essen Hbf;22800;44040;354;11;576.1;97.6;1.56;12;012345;1.0;1;ICE;;München;Essen
117503;14;;EC;IC;ÖBB;167729;Lindau-Reutin;63619;St. Margrethen SG;60720;61740;17;3;15.5;54.9;;15;0123456;0.333;0;IC;;Lindau-Reutin;St. Margrethen SG
1175849;17;;ICE;ICE;Nederlandse Spoorwegen;24890;Utrecht Centraal;65847;Hengelo;37080;42660;93;5;117.6;75.9;2.55;2;56;0.0;0;ICE;;Utrecht Centraal;Hengelo
1175946;57;19;ICE;ICE;DB Fernverkehr AG;517455;Köln Hbf;391201;Berlin Südkreuz;34800;54240;324;7;506.8;93.9;0.99;2;56;1.0;1;ICE;;Köln;Berlin
1176524;14;;EC;IC;ÖBB;552402;Simbach(Inn);135333;Wien Hbf;42600;53220;177;6;254.4;86.2;1.57;1;0;0.167;0;IC;;Simbach;Wien
11766;17;;ICE;ICE;Nederlandse Spoorwegen;79866;Amsterdam Centraal;575362;Arnhem Centraal;59580;63120;59;3;90.6;92.2;1.1;2;56;0.0;0;ICE;;Amsterdam;Arnhem Centraal
1176753;87;41;ICE;ICE;DB Fernverkehr AG;691821;Düsseldorf Hbf;9941;München Hbf;51540;69120;293;9;530.5;108.6;1.32;13;0123456;1.0;1;ICE;;Düsseldorf;München
1176869;78;15;ICE;ICE;DB Fernverkehr AG;552264;Ostseebad Binz;176697;Frankfurt(Main)Hbf;41040;68160;452;10;669.8;88.9;1.19;8;0123456;1.0;1;ICE;;Ostseebad Binz;Frankfurt
1176991;87;41;ICE;ICE;DB Fernverkehr AG;9941;München Hbf;517455;Köln Hbf;16860;33780;282;9;498.6;106.1;1.4;2;05;1.0;1;ICE;;München;Köln
1177116;5;50;ICE;ICE;DB Fernverkehr AG;38672;Frankfurt(M) Flughafen Fernbf;224643;Dresden Hbf;32520;49440;282;10;431.8;91.9;1.85;26;0123456;1.0;1;ICE;;Frankfurt;Dresden
1177189;89;35;IC;IC;DB Fernverkehr AG;691821;Düsseldorf Hbf;195950;Norddeich Mole;29520;44040;242;14;311.0;77.1;3.86;10;01234;1.0;1;IC;;Düsseldorf;Norddeich Mole
1177259;77;10;ICE;ICE;DB Fernverkehr AG;613345;Berlin Hbf;93866;Hannover Hbf;74400;86880;208;2;246.4;71.1;0.0;4;0126;1.0;1;ICE;;Berlin;Hannover
1177455;36;43;ICE;ICE;DB Fernverkehr AG;396514;Hamburg-Altona;517455;Köln Hbf;73560;89880;272;10;386.9;85.4;2.07;1;0;1.0;1;ICE-SPRINTER;SPR-2;Hamburg;Köln
1177579;47;62;ICE;ICE;DB Fernverkehr AG;695368;Salzburg Hbf;226858;Darmstadt Hbf;36000;55500;325;14;450.2;83.1;2.67;2;56;0.929;0;ICE;;Salzburg;Darmstadt
1177962;38;28;ICE;ICE;DB Fernverkehr AG;9941;München Hbf;613345;Berlin Hbf;67560;84540;283;10;579.4;122.8;1.38;2;06;1.0;1;ICE-SPRINTER;SPR-4;München;Berlin
1178074;84;77;ICE;ICE;DB Fernverkehr AG;79866;Amsterdam Centraal;613345;Berlin Hbf;27780;49500;362;14;604.3;100.2;1.99;1;6;0.571;0;ICE;;Amsterdam;Berlin
1178431;43;;EN;SONSTIGE;MAV;619325;Budapest-Nyugati;26993;Decin hl.n.;70200;103200;550;15;608.3;66.4;2.14;22;0123456;0.0;0;SONSTIGE;;Budapest;Decin hl.n.
1179008;6;;RJ;SONSTIGE;ÖBB;57233;Breclav;135333;Wien Hbf;82500;85740;54;3;73.9;82.1;1.35;26;123456;0.0;0;SONSTIGE;;Breclav;Wien
1179295;79;4;ICE;ICE;DB Fernverkehr AG;396514;Hamburg-Altona;667068;Frankfurt(M) Flughafen Regionalbf;21720;37080;256;6;409.5;96.0;0.98;5;01234;1.0;1;ICE-SPRINTER;SPR-1;Hamburg;Frankfurt
1179386;45;25;ICE;ICE;DB Fernverkehr AG;9941;München Hbf;428519;Hamburg Hbf;36720;57420;345;11;703.3;122.3;1.28;14;01234;1.0;1;ICE;;München;Hamburg
1179509;9;87;IC;IC;DB Fernverkehr AG;266187;Tuttlingen;556408;Schaffhausen;46800;49500;45;3;41.8;55.8;2.39;3;234;0.667;0;IC;;Tuttlingen;Schaffhausen
1179623;31;11;ICE;ICE;DB Fernverkehr AG;9941;München Hbf;127712;Berlin Gesundbrunnen;81960;116040;568;17;808.3;85.4;1.86;1;5;1.0;1;ICE;;München;Berlin
1179882;5;50;ICE;ICE;DB Fernverkehr AG;38672;Frankfurt(M) Flughafen Fernbf;224643;Dresden Hbf;68520;85500;283;11;436.8;92.6;2.06;11;0123456;1.0;1;ICE;;Frankfurt;Dresden
1180117;77;10;ICE;ICE;DB Fernverkehr AG;613345;Berlin Hbf;691821;Düsseldorf Hbf;42420;58080;261;10;502.4;115.5;1.59;17;0123456;1.0;1;ICE;;Berlin;Düsseldorf
1180313;54;82;ICE;ICE;SNCF;335130;Paris Est;180380;Saarbrücken Hbf;61800;68280;108;3;340.8;189.3;0.29;2;46;0.667;0;ICE-SPRINTER;SPR-6;Paris;Saarbrücken
118049;22;;IC;IC;SBB;96724;Zürich HB;556408;Schaffhausen;56220;58380;36;2;36.3;60.4;0.0;2;23;0.0;0;IC;;Zürich;Schaffhausen
1180721;87;41;ICE;ICE;DB Fernverkehr AG;9941;München Hbf;517455;Köln Hbf;71100;88260;286;12;504.1;105.7;1.98;2;06;1.0;1;ICE;;München;Köln
1180756;91;79;ICE;ICE;DB Fernverkehr AG;176697;Frankfurt(Main)Hbf;257676;Bruxelles Midi;72840;84900;201;11;358.5;107.0;2.51;2;06;0.727;0;ICE;;Frankfurt;Bruxelles
1181375;87;41;ICE;ICE;DB Fernverkehr AG;9941;München Hbf;517455;Köln Hbf;71100;90120;317;7;490.1;92.8;1.02;1;5;1.0;1;ICE;;München;Köln
1181513;38;28;ICE;ICE;DB Fernverkehr AG;428519;Hamburg Hbf;9941;München Hbf;30840;54480;394;11;831.5;126.6;1.08;7;0123456;1.0;1;ICE;;Hamburg;München
1182167;22;;IC;IC;SBB;556408;Schaffhausen;96724;Zürich HB;78420;80580;36;2;36.3;60.4;0.0;11;456;0.0;0;IC;;Schaffhausen;Zürich
1182870;62;13;ICE;ICE;DB Fernverkehr AG;497089;Karlsruhe Hbf;391201;Berlin Südkreuz;52800;74940;369;16;661.5;107.6;2.12;2;1;1.0;1;ICE;;Karlsruhe;Berlin
1183382;82;95;EC;IC;DB Fernverkehr AG;42071;Rzepin;354957;Frankfurt(Oder);75000;76140;19;3;19.2;60.7;;2;46;0.667;0;IC;;Rzepin;Frankfurt(Oder)
1183602;36;43;ICE;ICE;DB Fernverkehr AG;464157;Basel SBB;396514;Hamburg-Altona;54960;84900;499;19;838.3;100.8;2.03;1;4;0.895;0;ICE;;Basel;Hamburg
1183667;62;13;ICE;ICE;DB Fernverkehr AG;19112;Kassel-Wilhelmshöhe;497089;Karlsruhe Hbf;22380;33540;186;10;302.9;97.7;2.64;15;0123456;1.0;1;ICE;;Kassel-Wilhelmshöhe;Karlsruhe
1184112;50;61;IC;IC;DB Fernverkehr AG;53188;Leipzig Hbf;668361;Stuttgart Hbf;57000;77280;338;15;420.1;74.6;3.09;2;34;1.0;1;IC;;Leipzig;Stuttgart
1184406;94;88;ECE;ICE;DB Fernverkehr AG;9941;München Hbf;167729;Lindau-Reutin;31680;39000;122;4;163.5;80.4;1.22;3;016;1.0;1;ICE;;München;Lindau-Reutin
1185068;67;33;ICE;ICE;DB Fernverkehr AG;517455;Köln Hbf;468987;Westerland(Sylt);27600;54180;443;14;586.5;79.4;2.05;1;5;1.0;1;ICE;;Köln;Westerland
1185123;89;35;IC;IC;DB Fernverkehr AG;517455;Köln Hbf;195950;Norddeich Mole;27960;44160;270;17;344.8;76.6;4.35;17;0123456;1.0;1;IC;;Köln;Norddeich Mole
1185333;67;33;ICE;ICE;DB Fernverkehr AG;691821;Düsseldorf Hbf;436196;Greifswald;47280;73080;430;16;614.8;85.8;2.28;5;01234;1.0;1;ICE;;Düsseldorf;Greifswald
1185577;31;11;ICE;ICE;DB Fernverkehr AG;9941;München Hbf;53188;Leipzig Hbf;67500;92340;414;10;664.7;96.3;1.2;1;3;1.0;1;ICE;;München;Leipzig
1185709;68;91;ICE;ICE;DB Fernverkehr AG;640892;Dortmund Hbf;99055;Nürnberg Hbf;42660;66600;399;13;457.7;68.8;2.4;2;56;1.0;1;ICE;;Dortmund;Nürnberg
1185920;68;91;ICE;ICE;DB Fernverkehr AG;640892;Dortmund Hbf;99055;Nürnberg Hbf;44460;66600;369;16;473.1;76.9;2.96;12;0123456;1.0;1;ICE;;Dortmund;Nürnberg
1186291;72;;ICE;ICE;SBB;464157;Basel SBB;96724;Zürich HB;68820;72000;53;2;73.9;83.7;0.0;7;012345;0.0;0;ICE;;Basel;Zürich
11865;45;25;ICE;ICE;DB Fernverkehr AG;331094;Hamburg Dammtor;9941;München Hbf;80400;109020;477;12;695.5;87.5;1.44;2;03;1.0;1;ICE;;Hamburg;München
1186956;54;82;ICE;ICE;SNCF;335130;Paris Est;497089;Karlsruhe Hbf;47400;56760;156;4;464.5;178.7;0.43;1;5;0.25;0;ICE;;Paris;Karlsruhe
1187045;43;;EN;SONSTIGE;MAV;695368;Salzburg Hbf;270995;Budapest-Keleti;100200;120540;339;12;484.5;85.7;2.06;8;123456;0.0;0;SONSTIGE;;Salzburg;Budapest
1187433;33;42;ICE;ICE;DB Fernverkehr AG;396514;Hamburg-Altona;9941;München Hbf;69960;114480;742;22;919.1;74.3;2.18;1;0;1.0;1;ICE;;Hamburg;München
1187734;33;42;ICE;ICE;DB Fernverkehr AG;517455;Köln Hbf;9941;München Hbf;20880;37920;284;9;503.9;106.5;1.39;2;56;1.0;1;ICE;;Köln;München
1187736;60;;IC;IC;DB Fernverkehr (Codesharing);575362;Arnhem Centraal;79866;Amsterdam Centraal;115020;118740;62;3;90.6;87.7;1.1;4;045;0.0;0;IC;;Arnhem Centraal;Amsterdam
1188108;91;79;ICE;ICE;DB Fernverkehr AG;176697;Frankfurt(Main)Hbf;257676;Bruxelles Midi;23640;34500;181;8;356.7;118.3;1.68;1;4;0.625;0;ICE;;Frankfurt;Bruxelles
1188199;77;10;ICE;ICE;DB Fernverkehr AG;691821;Düsseldorf Hbf;391201;Berlin Südkreuz;71100;88140;284;12;507.9;107.3;1.97;1;3;1.0;1;ICE;;Düsseldorf;Berlin
1188241;36;43;ICE;ICE;DB Fernverkehr AG;428519;Hamburg Hbf;517455;Köln Hbf;67500;83220;262;9;377.7;86.5;1.85;1;3;1.0;1;ICE-SPRINTER;SPR-2;Hamburg;Köln
1188625;53;47;ICE;ICE;DB Fernverkehr AG;9941;München Hbf;267257;Essen Hbf;13620;36840;387;11;576.1;89.3;1.56;1;1;1.0;1;ICE;;München;Essen
1188676;31;11;ICE;ICE;DB Fernverkehr AG;9941;München Hbf;53188;Leipzig Hbf;67500;92340;414;10;663.4;96.1;1.21;1;4;1.0;1;ICE;;München;Leipzig
1189012;33;42;ICE;ICE;DB Fernverkehr AG;517455;Köln Hbf;396514;Hamburg-Altona;13020;30840;297;12;380.6;76.9;2.63;2;12;1.0;1;ICE-SPRINTER;SPR-2;Köln;Hamburg
1189431;50;61;IC;IC;DB Fernverkehr AG;53188;Leipzig Hbf;668361;Stuttgart Hbf;28200;49980;363;18;445.9;73.7;3.59;7;0123456;1.0;1;IC;;Leipzig;Stuttgart
1189449;37;82;ICE;ICE;DB Fernverkehr AG;497089;Karlsruhe Hbf;176697;Frankfurt(Main)Hbf;57120;61680;76;3;125.4;99.0;0.8;1;6;1.0;1;ICE;;Karlsruhe;Frankfurt
1189888;31;11;ICE;ICE;DB Fernverkehr AG;9941;München Hbf;391201;Berlin Südkreuz;60300;87720;457;12;808.8;106.2;1.24;2;23;1.0;1;ICE;;München;Berlin
119028;72;;ICE;ICE;SBB;480653;Interlaken Ost;464157;Basel SBB;61140;68400;121;8;138.9;68.9;4.32;2;01;0.0;0;ICE;;Interlaken Ost;Basel
1190804;78;15;ICE;ICE;DB Fernverkehr AG;446029;Stralsund Hbf;176697;Frankfurt(Main)Hbf;27840;53760;432;8;632.5;87.9;0.95;1;5;1.0;1;ICE;;Stralsund;Frankfurt
1190897;10;20;ICE;ICE;DB Fernverkehr AG;331094;Hamburg Dammtor;464157;Basel SBB;66060;90600;409;13;741.5;108.8;1.48;3;012;0.846;0;ICE;;Hamburg;Basel
1190961;36;43;ICE;ICE;DB Fernverkehr AG;396514;Hamburg-Altona;517455;Köln Hbf;66360;82080;262;10;379.1;86.8;2.11;1;3;1.0;1;ICE-SPRINTER;SPR-2;Hamburg;Köln
119100;23;12;ICE;ICE;DB Fernverkehr AG;464157;Basel SBB;176697;Frankfurt(Main)Hbf;65760;76140;173;7;299.2;103.8;1.67;7;45;0.714;0;ICE;;Basel;Frankfurt
1191204;5;50;ICE;ICE;DB Fernverkehr AG;38672;Frankfurt(M) Flughafen Fernbf;224643;Dresden Hbf;68520;85500;283;10;431.8;91.5;1.85;1;2;1.0;1;ICE;;Frankfurt;Dresden
1191224;81;83;ICE;ICE;SNCF;335130;Paris Est;412384;Strasbourg;39180;45480;105;2;395.5;226.0;0.0;6;01234;0.0;0;ICE;;Paris;Strasbourg
1191927;93;96;EC;IC;DB Fernverkehr AG;42071;Rzepin;327376;Berlin-Lichtenberg;49740;54480;79;4;92.9;70.6;2.15;5;12345;0.75;0;IC;;Rzepin;Berlin
1192167;26;55;IC;IC;DB Fernverkehr AG;517455;Köln Hbf;497089;Karlsruhe Hbf;67980;80160;203;9;270.7;80.0;2.59;7;0123456;1.0;1;IC;;Köln;Karlsruhe
1192308;33;42;ICE;ICE;DB Fernverkehr AG;428519;Hamburg Hbf;9941;München Hbf;20700;52140;524;17;883.4;101.2;1.7;2;56;1.0;1;ICE;;Hamburg;München
1192326;45;25;ICE;ICE;DB Fernverkehr AG;9941;München Hbf;93866;Hannover Hbf;61800;77520;262;7;548.1;125.5;0.91;1;4;1.0;1;ICE;;München;Hannover
1192397;72;;ICE;ICE;SBB;228347;Brig;464157;Basel SBB;49500;57600;135;8;179.2;79.6;3.35;2;56;0.0;0;ICE;;Brig;Basel
1192544;59;85;ECE;ICE;DB Fernverkehr AG;297876;Basel Bad Bf;176697;Frankfurt(Main)Hbf;57300;67440;169;6;299.5;106.3;1.34;2;34;0.833;0;ICE;;Basel;Frankfurt
1192565;10;20;ICE;ICE;DB Fernverkehr AG;464157;Basel SBB;428519;Hamburg Hbf;31560;55740;403;12;740.0;110.2;1.35;2;56;0.833;0;ICE;;Basel;Hamburg
1192936;10;20;ICE;ICE;DB Fernverkehr AG;331094;Hamburg Dammtor;497089;Karlsruhe Hbf;66060;84180;302;9;567.6;112.8;1.23;2;23;1.0;1;ICE;;Hamburg;Karlsruhe
1193283;87;41;ICE;ICE;DB Fernverkehr AG;9941;München Hbf;691821;Düsseldorf Hbf;20640;38400;296;10;531.1;107.7;1.51;13;0123456;1.0;1;ICE;;München;Düsseldorf
1193922;18;;ICE;ICE;ÖBB;338037;Graz Hbf;695368;Salzburg Hbf;28980;42780;230;14;305.4;79.7;3.93;4;56;0.0;0;ICE;;Graz;Salzburg
1194045;77;10;ICE;ICE;DB Fernverkehr AG;549058;Duisburg Hbf;391201;Berlin Südkreuz;86340;109260;382;12;498.7;78.3;2.01;2;56;1.0;1;ICE;;Duisburg;Berlin
1194168;10;20;ICE;ICE;DB Fernverkehr AG;331094;Hamburg Dammtor;19112;Kassel-Wilhelmshöhe;73260;82020;146;7;298.7;122.8;1.67;2;45;1.0;1;ICE;;Hamburg;Kassel-Wilhelmshöhe
1194458;31;11;ICE;ICE;DB Fernverkehr AG;127712;Berlin Gesundbrunnen;9941;München Hbf;54540;84060;492;15;817.7;99.7;1.59;1;1;1.0;1;ICE;;Berlin;München
119446;5;50;ICE;ICE;DB Fernverkehr AG;53188;Leipzig Hbf;87362;Wiesbaden Hbf;19680;34320;244;9;352.7;86.7;1.98;1;5;1.0;1;ICE;;Leipzig;Wiesbaden
1194571;17;;ICE;ICE;Nederlandse Spoorwegen;79866;Amsterdam Centraal;575362;Arnhem Centraal;67020;70320;55;3;90.6;98.9;1.1;2;56;0.0;0;ICE;;Amsterdam;Arnhem Centraal
1195381;45;25;ICE;ICE;DB Fernverkehr AG;9066;Hamburg-Harburg;9941;München Hbf;65580;87060;358;9;679.1;113.8;1.03;1;0;1.0;1;ICE;;Hamburg;München
1195556;45;25;ICE;ICE;DB Fernverkehr AG;9941;München Hbf;428519;Hamburg Hbf;18660;39420;346;10;702.7;121.9;1.14;4;56;1.0;1;ICE;;München;Hamburg
1195709;2;56;IC;IC;DB Fernverkehr AG;161450;Emden Hbf;53188;Leipzig Hbf;15360;36900;359;18;469.8;78.5;3.41;4;5;1.0;1;IC;;Emden;Leipzig
1195820;13;;RJ;SONSTIGE;Dänische Staatsbahnen;368193;Padborg st;274287;Koebenhavn H;54180;63480;155;5;276.4;107.0;1.09;21;0123456;0.0;0;SONSTIGE;;Padborg st;København
1196046;45;25;ICE;ICE;DB Fernverkehr AG;9941;München Hbf;428519;Hamburg Hbf;18660;39420;346;10;702.7;121.9;1.14;11;01234;1.0;1;ICE;;München;Hamburg
1196392;48;;EC;IC;SBB;96724;Zürich HB;63619;St. Margrethen SG;70320;74940;77;5;91.3;71.2;3.29;1;2;0.0;0;IC;;Zürich;St. Margrethen SG
1196621;4;3;ICE;ICE;DB Fernverkehr AG;391201;Berlin Südkreuz;667068;Frankfurt(M) Flughafen Regionalbf;57000;73080;268;5;441.0;98.7;0.68;11;0123456;1.0;1;ICE-SPRINTER;SPR-5;Berlin;Frankfurt
1196830;67;33;ICE;ICE;DB Fernverkehr AG;691821;Düsseldorf Hbf;552264;Ostseebad Binz;32880;61380;475;15;617.5;78.0;2.11;2;56;1.0;1;ICE;;Düsseldorf;Ostseebad Binz
119697;94;88;ECE;ICE;DB Fernverkehr AG;167729;Lindau-Reutin;9941;München Hbf;54600;63240;144;4;163.5;68.1;1.22;5;03456;1.0;1;ICE;;Lindau-Reutin;München
1197087;68;91;ICE;ICE;DB Fernverkehr AG;99055;Nürnberg Hbf;640892;Dortmund Hbf;70320;92940;377;12;459.1;73.1;2.18;1;3;1.0;1;ICE;;Nürnberg;Dortmund
1197442;48;;EC;IC;SBB;96724;Zürich HB;63619;St. Margrethen SG;27120;31740;77;5;91.3;71.2;3.29;10;0123456;0.0;0;IC;;Zürich;St. Margrethen SG
1198001;38;28;ICE;ICE;DB Fernverkehr AG;531677;Halle(Saale)Hbf;396514;Hamburg-Altona;22440;34800;206;8;409.8;119.4;1.46;2;6;1.0;1;ICE;;Halle;Hamburg
1198192;45;25;ICE;ICE;DB Fernverkehr AG;9941;München Hbf;428519;Hamburg Hbf;18660;39420;346;11;703.2;121.9;1.28;1;0;1.0;1;ICE;;München;Hamburg
1198565;68;91;ICE;ICE;DB Fernverkehr AG;176697;Frankfurt(Main)Hbf;640892;Dortmund Hbf;70980;85080;235;9;265.0;67.7;2.64;2;56;1.0;1;ICE;;Frankfurt;Dortmund
1198912;87;41;ICE;ICE;DB Fernverkehr AG;9941;München Hbf;640892;Dortmund Hbf;63960;85020;351;12;601.9;102.9;1.66;1;3;1.0;1;ICE;;München;Dortmund
1198971;84;77;ICE;ICE;DB Fernverkehr AG;65847;Hengelo;613345;Berlin Hbf;28320;42300;233;9;451.4;116.2;1.55;3;56;0.889;0;ICE;;Hengelo;Berlin
1198976;63;14;ICE;ICE;DB Fernverkehr AG;127712;Berlin Gesundbrunnen;517455;Köln Hbf;25980;43740;296;11;509.5;103.3;1.77;17;0123456;1.0;1;ICE;;Berlin;Köln
1198988;87;41;ICE;ICE;DB Fernverkehr AG;9941;München Hbf;176697;Frankfurt(Main)Hbf;71100;83100;200;7;342.5;102.8;1.46;2;05;1.0;1;ICE;;München;Frankfurt
1199090;53;47;ICE;ICE;DB Fernverkehr AG;9941;München Hbf;517455;Köln Hbf;65940;81000;251;7;503.4;120.3;0.99;2;56;1.0;1;ICE;;München;Köln
1199319;82;95;EC;IC;DB Fernverkehr AG;127712;Berlin Gesundbrunnen;42071;Rzepin;56640;61620;83;5;101.3;73.2;2.96;19;0123456;0.8;0;IC;;Berlin;Rzepin
1199586;47;62;ICE;ICE;DB Fernverkehr AG;9941;München Hbf;176697;Frankfurt(Main)Hbf;35220;49440;237;10;354.1;89.7;2.26;5;01234;1.0;1;ICE;;München;Frankfurt
1199729;31;11;ICE;ICE;DB Fernverkehr AG;428519;Hamburg Hbf;9941;München Hbf;47580;85320;629;16;1077.2;102.8;1.3;1;0;1.0;1;ICE;;Hamburg;München
1199849;33;42;ICE;ICE;DB Fernverkehr AG;428519;Hamburg Hbf;9941;München Hbf;71100;110400;655;20;919.6;84.2;1.96;1;5;1.0;1;ICE;;Hamburg;München
1199911;26;55;IC;IC;DB Fernverkehr AG;93866;Hannover Hbf;224643;Dresden Hbf;45420;59880;241;10;349.7;87.1;2.29;8;0123456;1.0;1;IC;;Hannover;Dresden
1199950;57;19;ICE;ICE;DB Fernverkehr AG;391201;Berlin Südkreuz;517455;Köln Hbf;46680;65280;310;7;506.8;98.1;0.99;1;6;1.0;1;ICE;;Berlin;Köln
1200902;50;61;IC;IC;DB Fernverkehr AG;53188;Leipzig Hbf;497089;Karlsruhe Hbf;57000;82560;426;20;511.2;72.0;3.52;1;0;1.0;1;IC;;Leipzig;Karlsruhe
1201282;42;22;ICE;ICE;DB Fernverkehr AG;176697;Frankfurt(Main)Hbf;659783;Kiel Hbf;16860;34800;299;12;552.1;110.8;1.81;5;56;1.0;1;ICE;;Frankfurt;Kiel
1201379;17;;ICE;ICE;Nederlandse Spoorwegen;396218;Amersfoort Centraal;65847;Hengelo;45360;49860;75;4;98.2;78.6;2.04;2;56;0.0;0;ICE;;Amersfoort Centraal;Hengelo
1201784;33;42;ICE;ICE;DB Fernverkehr AG;396514;Hamburg-Altona;9941;München Hbf;69960;116160;770;23;924.7;72.1;2.27;1;1;1.0;1;ICE;;Hamburg;München
1202061;91;79;ICE;ICE;DB Fernverkehr AG;257676;Bruxelles Midi;176697;Frankfurt(Main)Hbf;66300;77220;182;8;356.7;117.6;1.68;26;0123456;0.625;0;ICE;;Bruxelles;Frankfurt
1202617;22;;IC;IC;SBB;96724;Zürich HB;556408;Schaffhausen;45420;47580;36;2;36.3;60.4;0.0;6;01234;0.0;0;IC;;Zürich;Schaffhausen
1202640;68;91;ICE;ICE;DB Fernverkehr AG;90261;Regensburg Hbf;691821;Düsseldorf Hbf;30420;53760;389;11;485.9;74.9;1.85;1;4;1.0;1;ICE;;Regensburg;Düsseldorf
1202661;12;29;ICE;ICE;DB Fernverkehr AG;127712;Berlin Gesundbrunnen;9941;München Hbf;19560;34860;255;7;560.0;131.8;0.89;31;0123456;1.0;1;ICE-SPRINTER;SPR-4;Berlin;München
120274;87;41;ICE;ICE;DB Fernverkehr AG;9941;München Hbf;640892;Dortmund Hbf;63960;84420;341;10;572.3;100.7;1.4;2;26;1.0;1;ICE;;München;Dortmund
120297;31;11;ICE;ICE;DB Fernverkehr AG;87362;Wiesbaden Hbf;9941;München Hbf;19560;33300;229;9;356.9;93.5;1.96;24;0123456;1.0;1;ICE;;Wiesbaden;München
1203208;22;;IC;IC;SBB;556408;Schaffhausen;96724;Zürich HB;56820;58980;36;2;36.3;60.4;0.0;1;5;0.0;0;IC;;Schaffhausen;Zürich
1203297;57;19;ICE;ICE;DB Fernverkehr AG;517455;Köln Hbf;93866;Hannover Hbf;74700;84180;158;5;257.5;97.8;1.17;4;0123;1.0;1;ICE;;Köln;Hannover
1203350;60;;IC;IC;DB Fernverkehr (Codesharing);96724;Zürich HB;464157;Basel SBB;79140;82320;53;2;73.9;83.7;0.0;11;01345;0.0;0;IC;;Zürich;Basel
1203363;91;79;ICE;ICE;DB Fernverkehr AG;176697;Frankfurt(Main)Hbf;257676;Bruxelles Midi;66780;77700;182;8;356.7;117.6;1.68;20;01234;0.625;0;ICE;;Frankfurt;Bruxelles
120395;15;;EN;SONSTIGE;Ceske Drahy;57233;Breclav;269485;Sturovo;17580;26640;151;6;196.6;78.1;2.03;3;456;0.0;0;SONSTIGE;;Breclav;Sturovo
12042;77;10;ICE;ICE;DB Fernverkehr AG;517455;Köln Hbf;613345;Berlin Hbf;56100;72780;278;9;505.1;109.0;1.39;14;0123456;1.0;1;ICE;;Köln;Berlin
1204525;87;41;ICE;ICE;DB Fernverkehr AG;9941;München Hbf;517455;Köln Hbf;27720;44520;280;7;497.9;106.7;1.0;3;056;1.0;1;ICE;;München;Köln
1204668;74;90;EC;IC;ÖBB;135333;Wien Hbf;552402;Simbach(Inn);33180;43860;178;6;254.4;85.7;1.57;30;0123456;0.167;0;IC;;Wien;Simbach
1204876;57;19;ICE;ICE;DB Fernverkehr AG;517455;Köln Hbf;391201;Berlin Südkreuz;58740;75840;285;7;506.8;106.7;0.99;5;01234;1.0;1;ICE;;Köln;Berlin
1204892;10;20;ICE;ICE;DB Fernverkehr AG;428519;Hamburg Hbf;464157;Basel SBB;66540;90600;401;12;740.0;110.7;1.35;1;3;0.833;0;ICE;;Hamburg;Basel
1205252;67;33;ICE;ICE;DB Fernverkehr AG;552264;Ostseebad Binz;412729;Hamburg-Bergedorf;32040;45600;226;9;260.4;69.1;2.69;6;123456;1.0;1;ICE;;Ostseebad Binz;Hamburg
1206213;77;10;ICE;ICE;DB Fernverkehr AG;691821;Düsseldorf Hbf;391201;Berlin Südkreuz;38880;55080;270;12;512.9;114.0;1.95;14;012345;1.0;1;ICE;;Düsseldorf;Berlin
1206556;33;42;ICE;ICE;DB Fernverkehr AG;428519;Hamburg Hbf;9941;München Hbf;71100;110460;656;22;927.3;84.8;2.16;1;2;1.0;1;ICE;;Hamburg;München
1206575;37;82;ICE;ICE;DB Fernverkehr AG;127712;Berlin Gesundbrunnen;176697;Frankfurt(Main)Hbf;24960;39360;240;6;434.4;108.6;0.92;3;056;1.0;1;ICE-SPRINTER;SPR-5;Berlin;Frankfurt
1206740;17;;ICE;ICE;Nederlandse Spoorwegen;65847;Hengelo;24890;Utrecht Centraal;43740;49440;95;5;117.6;74.3;2.55;1;5;0.0;0;ICE;;Hengelo;Utrecht Centraal
1206940;92;83;ICE;ICE;DB Fernverkehr AG;412384;Strasbourg;668361;Stuttgart Hbf;30960;36540;93;4;130.7;84.3;1.53;3;5;0.5;0;ICE;;Strasbourg;Stuttgart
1207120;53;47;ICE;ICE;DB Fernverkehr AG;640892;Dortmund Hbf;9941;München Hbf;64440;85260;347;12;609.0;105.3;1.64;6;013456;1.0;1;ICE;;Dortmund;München
1207284;2;56;IC;IC;DB Fernverkehr AG;195950;Norddeich Mole;53188;Leipzig Hbf;34560;59940;423;20;501.3;71.1;3.59;4;0123;1.0;1;IC;;Norddeich Mole;Leipzig
1207454;5;50;ICE;ICE;DB Fernverkehr AG;224643;Dresden Hbf;176697;Frankfurt(Main)Hbf;65460;81420;266;9;422.9;95.4;1.66;26;0123456;1.0;1;ICE;;Dresden;Frankfurt
1207660;10;20;ICE;ICE;DB Fernverkehr AG;497089;Karlsruhe Hbf;428519;Hamburg Hbf;52620;70140;292;8;566.2;116.3;1.06;2;56;1.0;1;ICE;;Karlsruhe;Hamburg
1207685;72;;ICE;ICE;SBB;464157;Basel SBB;583614;Chur;36420;44520;135;5;176.5;78.4;1.7;6;46;0.0;0;ICE;;Basel;Chur
1207763;17;;ICE;ICE;Nederlandse Spoorwegen;65847;Hengelo;24890;Utrecht Centraal;65340;71040;95;5;117.6;74.3;2.55;3;56;0.0;0;ICE;;Hengelo;Utrecht Centraal
1208294;9;87;IC;IC;DB Fernverkehr AG;668361;Stuttgart Hbf;398625;Oberndorf(Neckar);40620;44760;69;7;71.9;62.5;6.95;5;23456;1.0;1;IC;;Stuttgart;Oberndorf
1208406;31;11;ICE;ICE;DB Fernverkehr AG;127712;Berlin Gesundbrunnen;9941;München Hbf;18960;47700;479;15;817.7;102.4;1.59;26;0123456;1.0;1;ICE;;Berlin;München
120872;18;;ICE;ICE;ÖBB;338037;Graz Hbf;695368;Salzburg Hbf;28980;42780;230;14;305.4;79.7;3.93;2;56;0.0;0;ICE;;Graz;Salzburg
1208961;83;96;EC;IC;PKP Intercity;401361;Przemysl Glowny;42071;Rzepin;18960;49560;510;22;703.3;82.7;2.84;6;01346;0.0;0;IC;;Przemysl Glowny;Rzepin
1208978;33;42;ICE;ICE;DB Fernverkehr AG;9941;München Hbf;396514;Hamburg-Altona;26880;59640;546;18;888.2;97.6;1.8;2;56;1.0;1;ICE;;München;Hamburg
120907;36;43;ICE;ICE;DB Fernverkehr AG;428519;Hamburg Hbf;464157;Basel SBB;45900;74880;483;15;816.0;101.4;1.59;5;01234;0.867;0;ICE;;Hamburg;Basel
1209265;9;87;IC;IC;DB Fernverkehr AG;556408;Schaffhausen;679686;Singen(Hohentwiel);19800;20640;14;2;17.0;72.8;;3;234;0.5;0;IC;;Schaffhausen;Singen
120941;10;20;ICE;ICE;DB Fernverkehr AG;331094;Hamburg Dammtor;464157;Basel SBB;22860;48060;420;14;741.2;105.9;1.62;2;56;0.857;0;ICE;;Hamburg;Basel
121055;86;;EN;SONSTIGE;PKP Intercity;135333;Wien Hbf;401361;Przemysl Glowny;83940;123360;657;31;655.2;59.8;4.43;5;01236;0.0;0;SONSTIGE;;Wien;Przemysl Glowny
1211372;12;29;ICE;ICE;DB Fernverkehr AG;9941;München Hbf;127712;Berlin Gesundbrunnen;30060;45060;250;7;560.0;134.4;0.89;8;56;1.0;1;ICE-SPRINTER;SPR-4;München;Berlin
1211477;36;43;ICE;ICE;DB Fernverkehr AG;396514;Hamburg-Altona;517455;Köln Hbf;66360;82680;272;11;396.4;87.4;2.27;1;4;1.0;1;ICE-SPRINTER;SPR-2;Hamburg;Köln
1212190;53;47;ICE;ICE;DB Fernverkehr AG;456179;Augsburg Hbf;640892;Dortmund Hbf;60480;81300;347;11;552.1;95.5;1.63;1;0;1.0;1;ICE;;Augsburg;Dortmund
1212395;84;77;ICE;ICE;DB Fernverkehr AG;65847;Hengelo;613345;Berlin Hbf;42720;60300;293;7;448.4;91.8;1.12;1;0;0.857;0;ICE;;Hengelo;Berlin
1212515;17;;ICE;ICE;Nederlandse Spoorwegen;24890;Utrecht Centraal;65847;Hengelo;44280;49860;93;5;117.6;75.9;2.55;2;56;0.0;0;ICE;;Utrecht Centraal;Hengelo
1212721;37;82;ICE;ICE;DB Fernverkehr AG;176697;Frankfurt(Main)Hbf;180380;Saarbrücken Hbf;31980;39540;126;4;182.3;86.8;1.1;3;6;1.0;1;ICE;;Frankfurt;Saarbrücken
1212843;6;;RJ;SONSTIGE;ÖBB;565099;Kufstein;438277;Innsbruck Hbf;77280;80940;61;4;68.7;67.5;2.91;23;0123456;0.0;0;SONSTIGE;;Kufstein;Innsbruck
1212931;22;;IC;IC;SBB;96724;Zürich HB;556408;Schaffhausen;38220;40380;36;2;36.3;60.4;0.0;5;23456;0.0;0;IC;;Zürich;Schaffhausen
1213029;50;61;IC;IC;DB Fernverkehr AG;497089;Karlsruhe Hbf;53188;Leipzig Hbf;25560;50880;422;24;515.7;73.3;4.27;10;0123456;1.0;1;IC;;Karlsruhe;Leipzig
1213055;17;;ICE;ICE;Nederlandse Spoorwegen;79866;Amsterdam Centraal;575362;Arnhem Centraal;23880;27120;54;3;90.6;100.7;1.1;14;012345;0.0;0;ICE;;Amsterdam;Arnhem Centraal
1213196;26;55;IC;IC;DB Fernverkehr AG;176697;Frankfurt(Main)Hbf;224643;Dresden Hbf;24180;59880;595;27;806.8;81.4;3.1;11;0123456;1.0;1;IC;;Frankfurt;Dresden
1213306;14;;EC;IC;ÖBB;63619;St. Margrethen SG;167729;Lindau-Reutin;67800;68880;18;3;15.5;51.8;;5;03456;0.333;0;IC;;St. Margrethen SG;Lindau-Reutin
1213625;56;1;IC;IC;SBB;96724;Zürich HB;510671;Bern;84720;88260;59;3;104.9;106.6;0.95;3;3;0.0;0;IC;;Zürich;Bern
1214498;77;10;ICE;ICE;DB Fernverkehr AG;613345;Berlin Hbf;517455;Köln Hbf;71220;90360;319;8;504.3;94.8;1.19;1;6;1.0;1;ICE;;Berlin;Köln
1215634;87;41;ICE;ICE;DB Fernverkehr AG;640892;Dortmund Hbf;9941;München Hbf;14400;36720;372;17;606.6;97.8;2.47;9;0123456;1.0;1;ICE;;Dortmund;München
1215850;45;25;ICE;ICE;DB Fernverkehr AG;9066;Hamburg-Harburg;9941;München Hbf;51180;72300;352;9;679.1;115.8;1.03;4;1234;1.0;1;ICE;;Hamburg;München
1215926;12;29;ICE;ICE;DB Fernverkehr AG;9941;München Hbf;613345;Berlin Hbf;73260;87720;241;6;557.0;138.7;0.72;1;5;1.0;1;ICE-SPRINTER;SPR-4;München;Berlin
1215950;45;25;ICE;ICE;DB Fernverkehr AG;9941;München Hbf;428519;Hamburg Hbf;54720;75420;345;10;702.7;122.2;1.14;4;56;1.0;1;ICE;;München;Hamburg
1215980;60;;IC;IC;DB Fernverkehr (Codesharing);464157;Basel SBB;96724;Zürich HB;117480;122040;76;2;73.9;58.3;0.0;2;4;0.0;0;IC;;Basel;Zürich
1216020;94;88;ECE;ICE;DB Fernverkehr AG;167729;Lindau-Reutin;9941;München Hbf;54600;62820;137;4;163.5;71.6;1.22;2;56;1.0;1;ICE;;Lindau-Reutin;München
1216478;77;10;ICE;ICE;DB Fernverkehr AG;613345;Berlin Hbf;640892;Dortmund Hbf;31620;43980;206;7;435.2;126.7;1.15;12;0123456;1.0;1;ICE;;Berlin;Dortmund
1217027;17;;ICE;ICE;Nederlandse Spoorwegen;79866;Amsterdam Centraal;575362;Arnhem Centraal;30660;34320;61;3;90.6;89.1;1.1;2;01;0.0;0;ICE;;Amsterdam;Arnhem Centraal
1217769;33;42;ICE;ICE;DB Fernverkehr AG;9941;München Hbf;9066;Hamburg-Harburg;48480;79320;514;16;872.7;101.9;1.6;1;3;1.0;1;ICE;;München;Hamburg
1217784;77;10;ICE;ICE;DB Fernverkehr AG;691821;Düsseldorf Hbf;391201;Berlin Südkreuz;60960;80400;324;13;519.6;96.2;2.12;1;0;1.0;1;ICE;;Düsseldorf;Berlin
1218042;10;20;ICE;ICE;DB Fernverkehr AG;428519;Hamburg Hbf;497089;Karlsruhe Hbf;66540;84180;294;8;566.2;115.5;1.06;1;6;1.0;1;ICE;;Hamburg;Karlsruhe
1218302;68;91;ICE;ICE;DB Fernverkehr AG;640892;Dortmund Hbf;99055;Nürnberg Hbf;30000;52200;370;15;471.4;76.4;2.76;12;0123456;1.0;1;ICE;;Dortmund;Nürnberg
1218935;22;;IC;IC;SBB;96724;Zürich HB;556408;Schaffhausen;45420;47580;36;2;36.3;60.4;0.0;1;6;0.0;0;IC;;Zürich;Schaffhausen
1219173;56;1;IC;IC;SBB;96724;Zürich HB;510671;Bern;84720;88260;59;3;104.9;106.6;0.95;9;0125;0.0;0;IC;;Zürich;Bern
122006;94;88;ECE;ICE;DB Fernverkehr AG;9941;München Hbf;167729;Lindau-Reutin;60480;67800;122;4;163.5;80.4;1.22;7;013456;1.0;1;ICE;;München;Lindau-Reutin
1220100;36;43;ICE;ICE;DB Fernverkehr AG;517455;Köln Hbf;428519;Hamburg Hbf;25860;40560;245;8;373.8;91.6;1.6;3;015;1.0;1;ICE-SPRINTER;SPR-2;Köln;Hamburg
122079;33;42;ICE;ICE;DB Fernverkehr AG;428519;Hamburg Hbf;176697;Frankfurt(Main)Hbf;81900;111780;498;17;574.1;69.2;2.61;2;56;1.0;1;ICE-SPRINTER;SPR-1;Hamburg;Frankfurt
1220985;42;22;ICE;ICE;DB Fernverkehr AG;659783;Kiel Hbf;176697;Frankfurt(Main)Hbf;65760;83700;299;8;505.9;101.5;1.19;1;1;1.0;1;ICE;;Kiel;Frankfurt
1221068;45;25;ICE;ICE;DB Fernverkehr AG;9941;München Hbf;93866;Hannover Hbf;69180;88080;315;7;548.1;104.4;0.91;1;1;1.0;1;ICE;;München;Hannover
1221379;47;62;ICE;ICE;DB Fernverkehr AG;668361;Stuttgart Hbf;176697;Frankfurt(Main)Hbf;60180;68160;133;7;159.1;71.8;3.14;15;01234;1.0;1;ICE;;Stuttgart;Frankfurt
1221700;61;1;ICE;ICE;DB Fernverkehr AG;396514;Hamburg-Altona;90261;Regensburg Hbf;42840;77520;578;15;828.8;86.0;1.57;5;056;1.0;1;ICE;;Hamburg;Regensburg
1221913;53;47;ICE;ICE;DB Fernverkehr AG;9941;München Hbf;267257;Essen Hbf;37140;58440;355;11;576.1;97.4;1.56;2;6;1.0;1;ICE;;München;Essen
1222038;42;22;ICE;ICE;DB Fernverkehr AG;428519;Hamburg Hbf;668361;Stuttgart Hbf;70140;89400;321;8;583.2;109.0;1.03;1;4;1.0;1;ICE;;Hamburg;Stuttgart
1222190;47;62;ICE;ICE;DB Fernverkehr AG;9941;München Hbf;176697;Frankfurt(Main)Hbf;35220;49440;237;10;352.9;89.3;2.27;4;56;1.0;1;ICE;;München;Frankfurt
1222277;48;;EC;IC;SBB;63619;St. Margrethen SG;96724;Zürich HB;54600;59280;78;5;91.3;70.2;3.29;27;0123456;0.0;0;IC;;St. Margrethen SG;Zürich
1222563;77;10;ICE;ICE;DB Fernverkehr AG;391201;Berlin Südkreuz;517455;Köln Hbf;480;22500;367;16;550.9;90.1;2.54;3;123;1.0;1;ICE;;Berlin;Köln
1223206;92;83;ICE;ICE;DB Fernverkehr AG;497089;Karlsruhe Hbf;412384;Strasbourg;55920;58680;46;3;69.1;90.1;1.45;5;01234;0.333;0;ICE;;Karlsruhe;Strasbourg
1224358;22;;IC;IC;SBB;556408;Schaffhausen;96724;Zürich HB;71220;73380;36;2;36.3;60.4;0.0;1;6;0.0;0;IC;;Schaffhausen;Zürich
1224950;33;42;ICE;ICE;DB Fernverkehr AG;176697;Frankfurt(Main)Hbf;396514;Hamburg-Altona;84120;111840;462;17;577.7;75.0;2.6;1;3;1.0;1;ICE-SPRINTER;SPR-1;Frankfurt;Hamburg
122578;33;42;ICE;ICE;DB Fernverkehr AG;9941;München Hbf;428519;Hamburg Hbf;41280;72900;527;17;883.4;100.6;1.7;2;56;1.0;1;ICE;;München;Hamburg
1226059;6;;RJ;SONSTIGE;ÖBB;438277;Innsbruck Hbf;565099;Kufstein;24120;26640;42;4;68.7;98.1;2.91;31;0123456;0.0;0;SONSTIGE;;Innsbruck;Kufstein
1226481;42;22;ICE;ICE;DB Fernverkehr AG;668361;Stuttgart Hbf;659783;Kiel Hbf;26580;49200;377;12;671.1;106.8;1.49;1;0;1.0;1;ICE;;Stuttgart;Kiel
1226485;22;;IC;IC;SBB;96724;Zürich HB;556408;Schaffhausen;70620;72780;36;2;36.3;60.4;0.0;26;0123456;0.0;0;IC;;Zürich;Schaffhausen
1226508;42;22;ICE;ICE;DB Fernverkehr AG;331094;Hamburg Dammtor;93866;Hannover Hbf;76860;83100;104;3;133.4;77.0;0.75;1;1;1.0;1;ICE;;Hamburg;Hannover
122756;82;95;EC;IC;DB Fernverkehr AG;354957;Frankfurt(Oder);42071;Rzepin;67800;68820;17;3;19.2;67.8;;2;06;0.667;0;IC;;Frankfurt(Oder);Rzepin
1227567;72;;ICE;ICE;SBB;480653;Interlaken Ost;464157;Basel SBB;39540;46800;121;8;138.9;68.9;4.32;2;45;0.0;0;ICE;;Interlaken Ost;Basel
1227707;36;43;ICE;ICE;DB Fernverkehr AG;517455;Köln Hbf;428519;Hamburg Hbf;18660;33300;244;8;373.8;91.9;1.6;9;0123456;1.0;1;ICE-SPRINTER;SPR-2;Köln;Hamburg
1228288;5;50;ICE;ICE;DB Fernverkehr AG;38672;Frankfurt(M) Flughafen Fernbf;53188;Leipzig Hbf;75720;90540;247;8;329.3;80.0;1.82;2;01;1.0;1;ICE;;Frankfurt;Leipzig
1228593;77;10;ICE;ICE;DB Fernverkehr AG;613345;Berlin Hbf;517455;Köln Hbf;60420;78000;293;11;540.3;110.6;1.67;14;0123456;1.0;1;ICE;;Berlin;Köln
1228621;22;;IC;IC;SBB;96724;Zürich HB;556408;Schaffhausen;45420;47580;36;2;36.3;60.4;0.0;2;23;0.0;0;IC;;Zürich;Schaffhausen
1228622;42;22;ICE;ICE;DB Fernverkehr AG;176697;Frankfurt(Main)Hbf;428519;Hamburg Hbf;16860;30600;229;9;464.9;121.8;1.51;9;01234;1.0;1;ICE-SPRINTER;SPR-1;Frankfurt;Hamburg
1229268;77;10;ICE;ICE;DB Fernverkehr AG;691821;Düsseldorf Hbf;391201;Berlin Südkreuz;71400;88140;279;14;509.9;109.7;2.35;3;456;1.0;1;ICE;;Düsseldorf;Berlin
1229697;45;25;ICE;ICE;DB Fernverkehr AG;331094;Hamburg Dammtor;9941;München Hbf;28380;51300;382;11;691.3;108.6;1.3;2;01;1.0;1;ICE;;Hamburg;München
1229933;46;60;ICE;ICE;DB Fernverkehr AG;497089;Karlsruhe Hbf;9941;München Hbf;50700;60540;164;7;273.1;99.9;1.83;8;0123456;1.0;1;ICE;;Karlsruhe;München
1230139;32;18;ICE;ICE;DB Fernverkehr AG;99055;Nürnberg Hbf;9941;München Hbf;20880;27600;112;6;180.3;96.6;2.22;21;01234;1.0;1;ICE;;Nürnberg;München
1230437;72;;ICE;ICE;SBB;464157;Basel SBB;228347;Brig;80880;89340;141;8;179.2;76.2;3.35;2;01;0.0;0;ICE;;Basel;Brig
1230849;33;42;ICE;ICE;DB Fernverkehr AG;176697;Frankfurt(Main)Hbf;396514;Hamburg-Altona;84120;111840;462;18;581.3;75.5;2.75;1;1;1.0;1;ICE-SPRINTER;SPR-1;Frankfurt;Hamburg
1231468;38;28;ICE;ICE;DB Fernverkehr AG;9941;München Hbf;53188;Leipzig Hbf;74940;88500;226;6;423.7;112.5;0.94;5;123;1.0;1;ICE;;München;Leipzig
1231579;14;;EC;IC;ÖBB;63619;St. Margrethen SG;167729;Lindau-Reutin;60660;61680;17;3;15.5;54.9;;9;156;0.333;0;IC;;St. Margrethen SG;Lindau-Reutin
1231615;87;41;ICE;ICE;DB Fernverkehr AG;640892;Dortmund Hbf;9941;München Hbf;22500;43920;357;12;602.7;101.3;1.66;13;0123456;1.0;1;ICE;;Dortmund;München
1232341;62;13;ICE;ICE;DB Fernverkehr AG;19112;Kassel-Wilhelmshöhe;337692;Berlin-Charlottenburg;28140;37740;160;7;349.4;131.0;1.43;4;0123;1.0;1;ICE;;Kassel-Wilhelmshöhe;Berlin
1232842;20;49;ICE;ICE;DB Fernverkehr AG;517455;Köln Hbf;176697;Frankfurt(Main)Hbf;37740;42540;80;6;161.5;121.2;2.48;31;0123456;1.0;1;ICE;;Köln;Frankfurt
1233346;33;42;ICE;ICE;DB Fernverkehr AG;396514;Hamburg-Altona;176697;Frankfurt(Main)Hbf;80700;110700;500;17;584.3;70.1;2.57;1;4;1.0;1;ICE-SPRINTER;SPR-1;Hamburg;Frankfurt
1233952;45;25;ICE;ICE;DB Fernverkehr AG;9941;München Hbf;9066;Hamburg-Harburg;29100;49440;339;10;692.6;122.6;1.16;4;56;1.0;1;ICE;;München;Hamburg
1234426;33;42;ICE;ICE;DB Fernverkehr AG;396514;Hamburg-Altona;9941;München Hbf;48360;80940;543;19;888.6;98.2;1.91;20;0123456;1.0;1;ICE;;Hamburg;München
1234705;36;43;ICE;ICE;DB Fernverkehr AG;428519;Hamburg Hbf;464157;Basel SBB;53100;82080;483;16;817.2;101.5;1.71;2;45;0.875;0;ICE;;Hamburg;Basel
1235422;75;;ECE;ICE;Dänische Staatsbahnen;368193;Padborg st;274287;Koebenhavn H;75780;85020;154;5;276.4;107.7;1.09;5;046;0.0;0;ICE;;Padborg st;København
1236143;42;22;ICE;ICE;DB Fernverkehr AG;668361;Stuttgart Hbf;659783;Kiel Hbf;18120;44100;433;12;673.0;93.3;1.49;1;5;1.0;1;ICE;;Stuttgart;Kiel
1236300;47;62;ICE;ICE;DB Fernverkehr AG;9941;München Hbf;176697;Frankfurt(Main)Hbf;20580;35040;241;11;353.3;88.0;2.55;1;0;1.0;1;ICE;;München;Frankfurt
1236342;93;96;EC;IC;DB Fernverkehr AG;127712;Berlin Gesundbrunnen;42071;Rzepin;60240;65340;85;5;101.3;71.5;2.96;5;12345;0.8;0;IC;;Berlin;Rzepin
1236985;84;77;ICE;ICE;DB Fernverkehr AG;391201;Berlin Südkreuz;65847;Hengelo;55200;72420;287;8;453.9;94.9;1.32;1;0;0.875;0;ICE;;Berlin;Hengelo
1237238;45;25;ICE;ICE;DB Fernverkehr AG;9941;München Hbf;428519;Hamburg Hbf;54720;75420;345;11;703.2;122.3;1.28;5;01234;1.0;1;ICE;;München;Hamburg
123743;33;42;ICE;ICE;DB Fernverkehr AG;9941;München Hbf;396514;Hamburg-Altona;55680;88440;546;19;888.6;97.7;1.91;5;03456;1.0;1;ICE;;München;Hamburg
123774;42;22;ICE;ICE;DB Fernverkehr AG;668361;Stuttgart Hbf;659783;Kiel Hbf;40920;66540;427;10;669.7;94.1;1.19;2;56;1.0;1;ICE;;Stuttgart;Kiel
1238250;36;43;ICE;ICE;DB Fernverkehr AG;464157;Basel SBB;640892;Dortmund Hbf;69360;88800;324;16;549.0;101.7;2.55;2;06;0.875;0;ICE;;Basel;Dortmund
1238319;14;;EC;IC;ÖBB;552402;Simbach(Inn);135333;Wien Hbf;57000;67620;177;6;254.4;86.2;1.57;1;0;0.167;0;IC;;Simbach;Wien
1238540;50;61;IC;IC;DB Fernverkehr AG;99055;Nürnberg Hbf;497089;Karlsruhe Hbf;56460;68160;195;11;252.2;77.6;3.57;2;56;1.0;1;IC;;Nürnberg;Karlsruhe
1238570;94;88;ECE;ICE;DB Fernverkehr AG;167729;Lindau-Reutin;9941;München Hbf;69000;76560;126;4;163.5;77.9;1.22;8;01234;1.0;1;ICE;;Lindau-Reutin;München
1238858;77;10;ICE;ICE;DB Fernverkehr AG;549058;Duisburg Hbf;391201;Berlin Südkreuz;86340;107220;348;16;505.1;87.1;2.77;1;4;1.0;1;ICE;;Duisburg;Berlin
1239232;77;10;ICE;ICE;DB Fernverkehr AG;517455;Köln Hbf;391201;Berlin Südkreuz;25260;44400;319;9;509.8;95.9;1.37;1;0;1.0;1;ICE;;Köln;Berlin
1239600;70;;EN;SONSTIGE;HZZP;695368;Salzburg Hbf;440759;Zagreb Glavni kolodvor;94200;124200;500;16;355.0;42.6;3.94;2;34;0.0;0;SONSTIGE;;Salzburg;Zagreb Glavni kolodvor
1239641;23;12;ICE;ICE;DB Fernverkehr AG;613345;Berlin Hbf;176697;Frankfurt(Main)Hbf;67020;81840;247;10;530.3;128.8;1.51;1;5;1.0;1;ICE-SPRINTER;SPR-5;Berlin;Frankfurt
1239876;22;;IC;IC;SBB;556408;Schaffhausen;96724;Zürich HB;38820;40980;36;2;36.3;60.4;0.0;1;4;0.0;0;IC;;Schaffhausen;Zürich
1240590;31;11;ICE;ICE;DB Fernverkehr AG;9941;München Hbf;176697;Frankfurt(Main)Hbf;74700;87120;207;7;359.8;104.3;1.39;1;5;1.0;1;ICE;;München;Frankfurt
1242020;26;55;IC;IC;DB Fernverkehr AG;224643;Dresden Hbf;464794;Magdeburg Hbf;48120;57420;155;8;218.4;84.5;2.75;6;012356;1.0;1;IC;;Dresden;Magdeburg
1242358;75;;ECE;ICE;Dänische Staatsbahnen;368193;Padborg st;274287;Koebenhavn H;75780;85860;168;5;276.4;98.7;1.09;1;1;0.0;0;ICE;;Padborg st;København
1242651;31;11;ICE;ICE;DB Fernverkehr AG;9941;München Hbf;127712;Berlin Gesundbrunnen;81960;116040;568;17;808.2;85.4;1.86;1;2;1.0;1;ICE;;München;Berlin
1242958;30;;IC;IC;Ceske Drahy;174196;Bohumin(Gr);57233;Breclav;86340;98400;201;4;169.3;50.5;1.18;10;0123456;0.0;0;IC;;Bohumin;Breclav
1243045;32;18;ICE;ICE;DB Fernverkehr AG;396514;Hamburg-Altona;613345;Berlin Hbf;56160;64200;134;6;267.7;119.8;1.49;22;0123456;1.0;1;ICE;;Hamburg;Berlin
1243243;72;;ICE;ICE;SBB;583614;Chur;464157;Basel SBB;31080;39120;134;5;176.5;79.0;1.7;2;56;0.0;0;ICE;;Chur;Basel
1243441;62;13;ICE;ICE;DB Fernverkehr AG;38672;Frankfurt(M) Flughafen Fernbf;337692;Berlin-Charlottenburg;50940;66660;262;11;536.0;122.7;1.68;3;5;1.0;1;ICE-SPRINTER;SPR-5;Frankfurt;Berlin
1243805;26;55;IC;IC;DB Fernverkehr AG;176697;Frankfurt(Main)Hbf;224643;Dresden Hbf;24180;59880;595;25;805.6;81.2;2.86;4;156;1.0;1;IC;;Frankfurt;Dresden
1244188;83;96;EC;IC;PKP Intercity;246292;Krakow Glowny;42071;Rzepin;15060;35160;335;12;476.6;85.4;2.1;2;34;0.0;0;IC;;Krakow Glowny;Rzepin
1244401;33;42;ICE;ICE;DB Fernverkehr AG;9941;München Hbf;325703;Münster(Westf)Hbf;62880;86040;386;12;658.3;102.3;1.52;1;4;1.0;1;ICE;;München;Münster
1244551;37;82;ICE;ICE;DB Fernverkehr AG;180380;Saarbrücken Hbf;176697;Frankfurt(Main)Hbf;54000;61380;123;4;182.3;88.9;1.1;15;0123456;1.0;1;ICE;;Saarbrücken;Frankfurt
1244745;17;;ICE;ICE;Nederlandse Spoorwegen;575362;Arnhem Centraal;79866;Amsterdam Centraal;59280;62940;61;3;90.6;89.1;1.1;1;4;0.0;0;ICE;;Arnhem Centraal;Amsterdam
1245031;3;26;ICE;ICE;DB Fernverkehr AG;176697;Frankfurt(Main)Hbf;477761;Bremen Hbf;23160;38700;259;9;395.8;91.7;1.77;17;01234;1.0;1;ICE;;Frankfurt;Bremen
1245199;32;18;ICE;ICE;DB Fernverkehr AG;9941;München Hbf;127712;Berlin Gesundbrunnen;83520;110220;445;17;591.3;79.7;2.54;3;346;1.0;1;ICE;;München;Berlin
1245300;57;19;ICE;ICE;DB Fernverkehr AG;391201;Berlin Südkreuz;517455;Köln Hbf;67920;83640;262;7;508.7;116.5;0.98;1;0;1.0;1;ICE-SPRINTER;SPR-3;Berlin;Köln
1245469;7;85;EC;IC;DB Fernverkehr AG;464157;Basel SBB;297876;Basel Bad Bf;56760;57180;7;2;2.6;22.3;;22;0123456;0.0;0;IC;;Basel;Basel
1245623;78;15;ICE;ICE;DB Fernverkehr AG;391201;Berlin Südkreuz;552264;Ostseebad Binz;31740;44940;220;7;243.9;66.5;2.05;1;6;1.0;1;ICE;;Berlin;Ostseebad Binz
1246439;62;13;ICE;ICE;DB Fernverkehr AG;19112;Kassel-Wilhelmshöhe;497089;Karlsruhe Hbf;22380;32700;172;8;294.3;102.7;2.04;4;56;1.0;1;ICE;;Kassel-Wilhelmshöhe;Karlsruhe
1246957;47;62;ICE;ICE;DB Fernverkehr AG;695368;Salzburg Hbf;226858;Darmstadt Hbf;50400;69900;325;13;451.1;83.3;2.44;2;56;0.923;0;ICE;;Salzburg;Darmstadt
1247003;55;;RJ;SONSTIGE;Ceske Drahy;26993;Decin hl.n.;653775;Praha hl.n.;71820;77100;88;4;87.0;59.3;2.3;30;0123456;0.0;0;SONSTIGE;;Decin hl.n.;Praha
1247170;84;77;ICE;ICE;DB Fernverkehr AG;65847;Hengelo;93866;Hannover Hbf;71520;79260;129;7;204.9;95.3;2.44;2;56;0.857;0;ICE;;Hengelo;Hannover
1248302;46;60;ICE;ICE;DB Fernverkehr AG;497089;Karlsruhe Hbf;9941;München Hbf;50700;60480;163;6;272.6;100.4;1.47;2;56;1.0;1;ICE;;Karlsruhe;München
1248658;2;56;IC;IC;DB Fernverkehr AG;224643;Dresden Hbf;161450;Emden Hbf;53040;78720;428;18;575.1;80.6;2.78;1;6;1.0;1;IC;;Dresden;Emden
1248870;78;15;ICE;ICE;DB Fernverkehr AG;391201;Berlin Südkreuz;552264;Ostseebad Binz;31740;44940;220;10;271.3;74.0;2.95;3;6;1.0;1;ICE;;Berlin;Ostseebad Binz
1248989;67;33;ICE;ICE;DB Fernverkehr AG;468987;Westerland(Sylt);267257;Essen Hbf;35460;61260;430;11;514.6;71.8;1.75;1;6;1.0;1;ICE;;Westerland;Essen
1249527;10;20;ICE;ICE;DB Fernverkehr AG;464157;Basel SBB;176697;Frankfurt(Main)Hbf;67560;78180;177;7;299.2;101.4;1.67;8;56;0.714;0;ICE;;Basel;Frankfurt
1249922;58;20;ECE;ICE;DB Fernverkehr AG;331094;Hamburg Dammtor;464157;Basel SBB;58860;83400;409;13;741.5;108.8;1.48;2;23;0.846;0;ICE;;Hamburg;Basel
1249958;33;42;ICE;ICE;DB Fernverkehr AG;396514;Hamburg-Altona;668361;Stuttgart Hbf;62760;87480;412;16;716.7;104.4;1.95;1;3;1.0;1;ICE;;Hamburg;Stuttgart
125008;42;22;ICE;ICE;DB Fernverkehr AG;668361;Stuttgart Hbf;659783;Kiel Hbf;48180;70800;377;12;692.1;110.2;1.44;5;01234;1.0;1;ICE;;Stuttgart;Kiel
1250096;63;14;ICE;ICE;DB Fernverkehr AG;22625;Aachen Hbf;337692;Berlin-Charlottenburg;32760;53220;341;17;573.7;100.9;2.61;14;0123456;1.0;1;ICE;;Aachen;Berlin
1250364;9;87;IC;IC;DB Fernverkehr AG;668361;Stuttgart Hbf;556408;Schaffhausen;37680;45900;137;6;149.2;65.3;2.68;16;0123456;0.833;0;IC;;Stuttgart;Schaffhausen
125037;72;;ICE;ICE;SBB;464157;Basel SBB;583614;Chur;65220;73320;135;5;176.5;78.4;1.7;5;56;0.0;0;ICE;;Basel;Chur
1251746;48;;EC;IC;SBB;96724;Zürich HB;63619;St. Margrethen SG;70320;74940;77;5;91.3;71.2;3.29;10;012456;0.0;0;IC;;Zürich;St. Margrethen SG
1251786;23;12;ICE;ICE;DB Fernverkehr AG;176697;Frankfurt(Main)Hbf;127712;Berlin Gesundbrunnen;84900;111480;443;11;562.9;76.2;1.6;1;5;1.0;1;ICE-SPRINTER;SPR-5;Frankfurt;Berlin
1251849;2;56;IC;IC;DB Fernverkehr AG;161450;Emden Hbf;93866;Hannover Hbf;65760;76380;177;12;227.9;77.2;4.39;31;0123456;1.0;1;IC;;Emden;Hannover
1252113;38;28;ICE;ICE;DB Fernverkehr AG;9941;München Hbf;396514;Hamburg-Altona;31740;56400;411;13;836.7;122.2;1.31;16;01234;1.0;1;ICE;;München;Hamburg
1252429;5;50;ICE;ICE;DB Fernverkehr AG;224643;Dresden Hbf;176697;Frankfurt(Main)Hbf;65460;82920;291;9;422.9;87.2;1.66;2;46;1.0;1;ICE;;Dresden;Frankfurt
1252473;18;;ICE;ICE;ÖBB;695368;Salzburg Hbf;338037;Graz Hbf;65220;78960;229;14;305.4;80.0;3.93;21;0123456;0.0;0;ICE;;Salzburg;Graz
1252788;84;77;ICE;ICE;DB Fernverkehr AG;65847;Hengelo;613345;Berlin Hbf;42720;56700;233;9;451.4;116.2;1.55;2;56;0.889;0;ICE;;Hengelo;Berlin
1253405;13;;RJ;SONSTIGE;Dänische Staatsbahnen;368193;Padborg st;310614;Flensburg;9420;9960;9;3;7.6;50.8;;8;0123456;0.667;0;SONSTIGE;;Padborg st;Flensburg
1253820;46;60;ICE;ICE;DB Fernverkehr AG;9941;München Hbf;497089;Karlsruhe Hbf;46980;57120;169;6;272.6;96.8;1.47;2;56;1.0;1;ICE;;München;Karlsruhe
1254129;22;;IC;IC;SBB;556408;Schaffhausen;96724;Zürich HB;67620;69780;36;2;36.3;60.4;0.0;16;0123456;0.0;0;IC;;Schaffhausen;Zürich
1254608;23;12;ICE;ICE;DB Fernverkehr AG;176697;Frankfurt(Main)Hbf;127712;Berlin Gesundbrunnen;84900;111720;447;11;562.9;75.6;1.6;1;6;1.0;1;ICE;;Frankfurt;Berlin
125485;77;10;ICE;ICE;DB Fernverkehr AG;691821;Düsseldorf Hbf;391201;Berlin Südkreuz;49800;66000;270;12;508.4;113.0;1.97;17;0123456;1.0;1;ICE;;Düsseldorf;Berlin
1256137;26;55;IC;IC;DB Fernverkehr AG;517455;Köln Hbf;464794;Magdeburg Hbf;61860;78840;283;14;401.9;85.2;2.99;3;5;1.0;1;IC;;Köln;Magdeburg
1256310;18;;ICE;ICE;ÖBB;338037;Graz Hbf;695368;Salzburg Hbf;36000;49980;233;14;299.4;77.1;4.01;4;0123;0.0;0;ICE;;Graz;Salzburg
1256423;23;12;ICE;ICE;DB Fernverkehr AG;613345;Berlin Hbf;464157;Basel SBB;52620;78480;431;16;827.4;115.2;1.69;3;6;0.875;0;ICE;;Berlin;Basel
1256730;50;61;IC;IC;DB Fernverkehr AG;497089;Karlsruhe Hbf;99055;Nürnberg Hbf;32760;44280;192;7;236.9;74.0;2.11;10;0123456;1.0;1;IC;;Karlsruhe;Nürnberg
1256771;47;62;ICE;ICE;DB Fernverkehr AG;640892;Dortmund Hbf;309229;Friedrichshafen Stadt;29820;54960;419;15;578.9;82.9;2.25;5;01234;1.0;1;ICE;;Dortmund;Friedrichshafen Stadt
1257021;48;;EC;IC;SBB;63619;St. Margrethen SG;96724;Zürich HB;47400;52080;78;5;91.3;70.2;3.29;27;0123456;0.0;0;IC;;St. Margrethen SG;Zürich
1257563;33;42;ICE;ICE;DB Fernverkehr AG;396514;Hamburg-Altona;9941;München Hbf;33960;66540;543;19;888.6;98.2;1.91;17;0123456;1.0;1;ICE;;Hamburg;München
1258410;17;;ICE;ICE;Nederlandse Spoorwegen;79866;Amsterdam Centraal;65847;Hengelo;21600;28260;111;6;139.3;75.3;2.87;7;0123456;0.0;0;ICE;;Amsterdam;Hengelo
1258484;46;60;ICE;ICE;DB Fernverkehr AG;9941;München Hbf;464157;Basel SBB;61080;79020;299;14;452.4;90.8;2.65;1;6;0.857;0;ICE;;München;Basel
1259222;31;11;ICE;ICE;DB Fernverkehr AG;9941;München Hbf;53188;Leipzig Hbf;67500;92940;424;11;665.1;94.1;1.35;1;0;1.0;1;ICE;;München;Leipzig
1259250;72;;ICE;ICE;SBB;480653;Interlaken Ost;464157;Basel SBB;61140;68400;121;8;138.9;68.9;4.32;4;0124;0.0;0;ICE;;Interlaken Ost;Basel
1259346;91;79;ICE;ICE;DB Fernverkehr AG;517455;Köln Hbf;164260;Antwerpen Centraal;52680;61020;139;7;223.2;96.3;2.24;11;01234;0.429;0;ICE;;Köln;Antwerpen Centraal
1259978;12;29;ICE;ICE;DB Fernverkehr AG;9941;München Hbf;127712;Berlin Gesundbrunnen;73260;90060;280;7;560.0;120.0;0.89;1;5;1.0;1;ICE-SPRINTER;SPR-4;München;Berlin
126003;72;;ICE;ICE;SBB;464157;Basel SBB;96724;Zürich HB;68820;72000;53;2;73.9;83.7;0.0;13;0123456;0.0;0;ICE;;Basel;Zürich
1260055;22;;IC;IC;SBB;96724;Zürich HB;556408;Schaffhausen;34620;36780;36;2;36.3;60.4;0.0;8;56;0.0;0;IC;;Zürich;Schaffhausen
1260708;33;42;ICE;ICE;DB Fernverkehr AG;9941;München Hbf;428519;Hamburg Hbf;60;36900;614;22;927.3;90.6;2.16;2;34;1.0;1;ICE;;München;Hamburg
1260773;1;;IC;IC;PKP Intercity;380319;Wroclaw Glowny;262513;Horka(Gr);34200;39120;82;6;142.7;104.4;2.8;13;0123456;0.0;0;IC;;Wroclaw Glowny;Horka
1260840;12;29;ICE;ICE;DB Fernverkehr AG;9941;München Hbf;127712;Berlin Gesundbrunnen;26220;41460;254;8;560.6;132.4;1.07;31;0123456;1.0;1;ICE-SPRINTER;SPR-4;München;Berlin
1260884;77;10;ICE;ICE;DB Fernverkehr AG;691821;Düsseldorf Hbf;391201;Berlin Südkreuz;38880;55080;270;13;512.4;113.9;2.15;10;012345;1.0;1;ICE;;Düsseldorf;Berlin
1261081;92;83;ICE;ICE;DB Fernverkehr AG;668361;Stuttgart Hbf;412384;Strasbourg;23580;29760;103;4;130.7;76.1;1.53;1;5;0.5;0;ICE;;Stuttgart;Strasbourg
1261882;47;62;ICE;ICE;DB Fernverkehr AG;695368;Salzburg Hbf;176697;Frankfurt(Main)Hbf;50400;71040;344;14;476.0;83.0;2.52;3;234;0.929;0;ICE;;Salzburg;Frankfurt
1262101;57;19;ICE;ICE;DB Fernverkehr AG;391201;Berlin Südkreuz;517455;Köln Hbf;67920;86940;317;7;507.1;96.0;0.99;3;345;1.0;1;ICE;;Berlin;Köln
1262411;87;41;ICE;ICE;DB Fernverkehr AG;9941;München Hbf;691821;Düsseldorf Hbf;38700;56160;291;9;533.0;109.9;1.31;4;56;1.0;1;ICE;;München;Düsseldorf
1262523;38;28;ICE;ICE;DB Fernverkehr AG;9941;München Hbf;428519;Hamburg Hbf;46080;69900;397;11;831.5;125.7;1.08;15;0123456;1.0;1;ICE;;München;Hamburg
1263036;57;19;ICE;ICE;DB Fernverkehr AG;391201;Berlin Südkreuz;517455;Köln Hbf;53520;70680;286;7;506.8;106.3;0.99;5;01234;1.0;1;ICE;;Berlin;Köln
1263139;17;;ICE;ICE;Nederlandse Spoorwegen;79866;Amsterdam Centraal;65847;Hengelo;36000;42600;110;6;139.3;76.0;2.87;1;6;0.0;0;ICE;;Amsterdam;Hengelo
126368;36;43;ICE;ICE;DB Fernverkehr AG;464157;Basel SBB;640892;Dortmund Hbf;69360;88620;321;15;546.8;102.2;2.38;1;3;0.867;0;ICE;;Basel;Dortmund
1263710;91;79;ICE;ICE;DB Fernverkehr AG;176697;Frankfurt(Main)Hbf;257676;Bruxelles Midi;66780;77700;182;8;356.7;117.6;1.68;1;5;0.625;0;ICE;;Frankfurt;Bruxelles
126372;42;22;ICE;ICE;DB Fernverkehr AG;668361;Stuttgart Hbf;428519;Hamburg Hbf;62580;80940;306;8;583.2;114.3;1.03;2;56;1.0;1;ICE;;Stuttgart;Hamburg
1263791;40;78;ICE;ICE;DB Fernverkehr AG;517455;Köln Hbf;575362;Arnhem Centraal;21180;30360;153;5;149.9;58.8;2.0;4;56;0.6;0;ICE;;Köln;Arnhem Centraal
1263811;38;28;ICE;ICE;DB Fernverkehr AG;9941;München Hbf;396514;Hamburg-Altona;38880;63600;412;13;836.7;121.9;1.31;22;0123456;1.0;1;ICE;;München;Hamburg
1263893;77;10;ICE;ICE;DB Fernverkehr AG;517455;Köln Hbf;613345;Berlin Hbf;56280;72780;275;9;505.1;110.2;1.39;8;0123456;1.0;1;ICE;;Köln;Berlin
126446;17;;ICE;ICE;Nederlandse Spoorwegen;575362;Arnhem Centraal;79866;Amsterdam Centraal;37680;41340;61;3;90.6;89.1;1.1;14;0123;0.0;0;ICE;;Arnhem Centraal;Amsterdam
126471;78;15;ICE;ICE;DB Fernverkehr AG;552264;Ostseebad Binz;180380;Saarbrücken Hbf;48240;84540;605;21;882.2;87.5;2.15;10;0123;1.0;1;ICE;;Ostseebad Binz;Saarbrücken
1264747;63;14;ICE;ICE;DB Fernverkehr AG;267257;Essen Hbf;337692;Berlin-Charlottenburg;31440;46020;243;10;460.6;113.7;1.74;3;056;1.0;1;ICE;;Essen;Berlin
1265106;17;;ICE;ICE;Nederlandse Spoorwegen;65847;Hengelo;79866;Amsterdam Centraal;50940;57540;110;6;139.3;76.0;2.87;1;0;0.0;0;ICE;;Hengelo;Amsterdam
1266001;9;87;IC;IC;DB Fernverkehr AG;556408;Schaffhausen;668361;Stuttgart Hbf;69360;77580;137;6;149.2;65.3;2.68;16;0123456;0.833;0;IC;;Schaffhausen;Stuttgart
1266188;89;35;IC;IC;DB Fernverkehr AG;601951;Emden Außenhafen;691821;Düsseldorf Hbf;57840;71160;222;14;284.6;76.9;4.22;14;0123456;1.0;1;IC;;Emden Außenhafen;Düsseldorf
126622;3;26;ICE;ICE;DB Fernverkehr AG;497089;Karlsruhe Hbf;477761;Bremen Hbf;45660;67500;364;16;528.0;87.0;2.65;3;56;1.0;1;ICE;;Karlsruhe;Bremen
1266360;3;26;ICE;ICE;DB Fernverkehr AG;635340;Heidelberg Hbf;477761;Bremen Hbf;47880;67500;327;14;476.4;87.4;2.52;1;6;1.0;1;ICE;;Heidelberg;Bremen
1266974;62;13;ICE;ICE;DB Fernverkehr AG;19112;Kassel-Wilhelmshöhe;337692;Berlin-Charlottenburg;28140;37920;163;8;351.3;129.3;1.71;3;056;1.0;1;ICE;;Kassel-Wilhelmshöhe;Berlin
1266986;40;78;ICE;ICE;DB Fernverkehr AG;575362;Arnhem Centraal;176697;Frankfurt(Main)Hbf;48840;61740;215;9;309.8;86.4;2.26;3;123;0.778;0;ICE;;Arnhem Centraal;Frankfurt
1267089;1;;IC;IC;PKP Intercity;380319;Wroclaw Glowny;402680;Swinoujscie;33000;52680;328;18;432.7;79.2;3.7;5;03456;0.0;0;IC;;Wroclaw Glowny;Swinoujscie
126710;68;91;ICE;ICE;DB Fernverkehr AG;99055;Nürnberg Hbf;640892;Dortmund Hbf;55920;78300;373;9;432.6;69.6;1.62;1;4;1.0;1;ICE;;Nürnberg;Dortmund
126719;45;25;ICE;ICE;DB Fernverkehr AG;9941;München Hbf;428519;Hamburg Hbf;82320;111420;485;11;694.0;85.9;1.3;7;02346;1.0;1;ICE;;München;Hamburg
1267514;55;;RJ;SONSTIGE;Ceske Drahy;26993;Decin hl.n.;653775;Praha hl.n.;100620;105900;88;4;87.0;59.3;2.3;7;012345;0.0;0;SONSTIGE;;Decin hl.n.;Praha
1267527;88;;IC;IC;Dänische Staatsbahnen;310614;Flensburg;328829;Fredericia st;29100;34200;85;10;112.7;79.5;7.1;31;0123456;0.2;0;IC;;Flensburg;Fredericia st
1267540;68;91;ICE;ICE;DB Fernverkehr AG;99055;Nürnberg Hbf;640892;Dortmund Hbf;63120;85080;366;12;456.0;74.8;2.19;2;16;1.0;1;ICE;;Nürnberg;Dortmund
126763;32;18;ICE;ICE;DB Fernverkehr AG;9941;München Hbf;99055;Nürnberg Hbf;47520;53880;106;5;180.2;102.0;1.67;8;0123456;1.0;1;ICE;;München;Nürnberg
1267681;53;47;ICE;ICE;DB Fernverkehr AG;640892;Dortmund Hbf;9941;München Hbf;57180;78000;347;13;609.1;105.3;1.81;5;01234;1.0;1;ICE;;Dortmund;München
1267782;53;47;ICE;ICE;DB Fernverkehr AG;575362;Arnhem Centraal;9941;München Hbf;34440;56760;372;14;654.0;105.5;1.83;2;56;0.857;0;ICE;;Arnhem Centraal;München
1268188;23;12;ICE;ICE;DB Fernverkehr AG;464157;Basel SBB;613345;Berlin Hbf;29760;56040;438;16;827.4;113.3;1.69;5;56;0.875;0;ICE;;Basel;Berlin
1268221;87;41;ICE;ICE;DB Fernverkehr AG;9941;München Hbf;691821;Düsseldorf Hbf;49500;66960;291;9;533.0;109.9;1.31;4;56;1.0;1;ICE;;München;Düsseldorf
1268419;62;13;ICE;ICE;DB Fernverkehr AG;497089;Karlsruhe Hbf;337692;Berlin-Charlottenburg;52800;73800;350;14;650.7;111.5;1.84;3;023;1.0;1;ICE;;Karlsruhe;Berlin
1268547;87;41;ICE;ICE;DB Fernverkehr AG;517455;Köln Hbf;9941;München Hbf;66900;83700;280;8;498.5;106.8;1.2;3;134;1.0;1;ICE;;Köln;München
1269493;77;10;ICE;ICE;DB Fernverkehr AG;613345;Berlin Hbf;517455;Köln Hbf;64020;81180;286;11;534.7;112.2;1.68;1;3;1.0;1;ICE;;Berlin;Köln
1269906;23;12;ICE;ICE;DB Fernverkehr AG;613345;Berlin Hbf;19112;Kassel-Wilhelmshöhe;73800;85680;198;5;346.6;105.0;0.87;1;6;1.0;1;ICE;;Berlin;Kassel-Wilhelmshöhe
1270392;42;22;ICE;ICE;DB Fernverkehr AG;668361;Stuttgart Hbf;659783;Kiel Hbf;18120;42180;401;12;673.3;100.7;1.49;5;01234;1.0;1;ICE;;Stuttgart;Kiel
1270628;72;;ICE;ICE;SBB;464157;Basel SBB;228347;Brig;80880;89340;141;8;179.2;76.2;3.35;2;23;0.0;0;ICE;;Basel;Brig
1270634;87;41;ICE;ICE;DB Fernverkehr AG;517455;Köln Hbf;9941;München Hbf;56100;72780;278;8;497.9;107.5;1.2;2;56;1.0;1;ICE;;Köln;München
1270680;94;88;ECE;ICE;DB Fernverkehr AG;167729;Lindau-Reutin;9941;München Hbf;54600;62400;130;4;163.5;75.5;1.22;1;0;1.0;1;ICE;;Lindau-Reutin;München
1270698;89;35;IC;IC;DB Fernverkehr AG;517455;Köln Hbf;601951;Emden Außenhafen;28860;44160;255;10;313.4;73.7;2.55;6;56;1.0;1;IC;;Köln;Emden Außenhafen
1270940;72;;ICE;ICE;SBB;464157;Basel SBB;228347;Brig;39480;47580;135;8;179.2;79.6;3.35;1;6;0.0;0;ICE;;Basel;Brig
1271052;77;10;ICE;ICE;DB Fernverkehr AG;613345;Berlin Hbf;517455;Köln Hbf;35220;51120;265;9;505.1;114.4;1.39;8;0123456;1.0;1;ICE;;Berlin;Köln
1271067;31;11;ICE;ICE;DB Fernverkehr AG;9941;München Hbf;428519;Hamburg Hbf;24120;60240;602;17;1077.6;107.4;1.39;1;2;1.0;1;ICE;;München;Hamburg
1271087;19;24;ICE;ICE;DB Fernverkehr AG;396514;Hamburg-Altona;9941;München Hbf;32640;54600;366;8;657.8;107.8;0.91;1;6;1.0;1;ICE;;Hamburg;München
1271153;47;62;ICE;ICE;DB Fernverkehr AG;226858;Darmstadt Hbf;9941;München Hbf;59400;72600;220;9;326.7;89.1;2.14;2;56;1.0;1;ICE;;Darmstadt;München
1271776;56;1;IC;IC;SBB;96724;Zürich HB;510671;Bern;84720;88260;59;3;104.9;106.6;0.95;2;03;0.0;0;IC;;Zürich;Bern
1271946;17;;ICE;ICE;Nederlandse Spoorwegen;575362;Arnhem Centraal;79866;Amsterdam Centraal;52080;55740;61;3;90.6;89.1;1.1;14;0123;0.0;0;ICE;;Arnhem Centraal;Amsterdam
1272436;17;;ICE;ICE;Nederlandse Spoorwegen;65847;Hengelo;24890;Utrecht Centraal;58140;63840;95;5;117.6;74.3;2.55;2;56;0.0;0;ICE;;Hengelo;Utrecht Centraal
1272630;26;55;IC;IC;DB Fernverkehr AG;93866;Hannover Hbf;635340;Heidelberg Hbf;20340;41640;355;16;489.4;82.7;2.86;4;1234;1.0;1;IC;;Hannover;Heidelberg
1273152;31;11;ICE;ICE;DB Fernverkehr AG;127712;Berlin Gesundbrunnen;9941;München Hbf;76680;113220;609;17;827.2;81.5;1.81;1;4;1.0;1;ICE;;Berlin;München
1273694;87;41;ICE;ICE;DB Fernverkehr AG;9941;München Hbf;517455;Köln Hbf;27720;44520;280;8;497.9;106.7;1.2;4;1234;1.0;1;ICE;;München;Köln
127375;50;61;IC;IC;DB Fernverkehr AG;668361;Stuttgart Hbf;53188;Leipzig Hbf;29280;50880;360;20;446.0;74.3;4.04;7;0123456;1.0;1;IC;;Stuttgart;Leipzig
1274647;87;41;ICE;ICE;DB Fernverkehr AG;9941;München Hbf;95437;Köln Messe/Deutz;56700;72840;269;8;496.0;110.6;1.21;2;56;1.0;1;ICE;;München;Köln
127494;12;29;ICE;ICE;DB Fernverkehr AG;9941;München Hbf;391201;Berlin Südkreuz;73260;87360;235;5;551.5;140.8;0.54;1;3;1.0;1;ICE-SPRINTER;SPR-4;München;Berlin
1275140;11;27;ICE;ICE;DB Fernverkehr AG;396514;Hamburg-Altona;613345;Berlin Hbf;69480;77040;126;4;257.9;122.8;0.78;1;0;1.0;1;ICE;;Hamburg;Berlin
1275242;40;78;ICE;ICE;DB Fernverkehr AG;176697;Frankfurt(Main)Hbf;575362;Arnhem Centraal;16680;30360;228;8;309.8;81.5;1.94;5;0123;0.75;0;ICE;;Frankfurt;Arnhem Centraal
1275251;50;61;IC;IC;DB Fernverkehr AG;99055;Nürnberg Hbf;497089;Karlsruhe Hbf;56460;67980;192;8;238.6;74.6;2.51;10;0123456;1.0;1;IC;;Nürnberg;Karlsruhe
1275299;93;96;EC;IC;DB Fernverkehr AG;42071;Rzepin;327376;Berlin-Lichtenberg;64140;68880;79;4;92.9;70.6;2.15;14;0123456;0.75;0;IC;;Rzepin;Berlin
127543;32;18;ICE;ICE;DB Fernverkehr AG;391201;Berlin Südkreuz;396514;Hamburg-Altona;21480;30120;144;7;273.2;113.8;1.83;16;01234;1.0;1;ICE;;Berlin;Hamburg
127584;77;10;ICE;ICE;DB Fernverkehr AG;691821;Düsseldorf Hbf;613345;Berlin Hbf;54120;72780;311;11;501.6;96.8;1.79;2;06;1.0;1;ICE;;Düsseldorf;Berlin
127596;54;82;ICE;ICE;SNCF;180380;Saarbrücken Hbf;335130;Paris Est;39600;46320;112;4;341.6;183.0;0.59;3;6;0.5;0;ICE;;Saarbrücken;Paris
1275971;26;55;IC;IC;DB Fernverkehr AG;635340;Heidelberg Hbf;640892;Dortmund Hbf;73440;90000;276;9;310.9;67.6;2.25;1;3;1.0;1;IC;;Heidelberg;Dortmund
1276296;34;62;EC;IC;DB Fernverkehr AG;9941;München Hbf;695368;Salzburg Hbf;65700;71940;104;5;123.0;71.0;2.44;31;0123456;0.8;0;IC;;München;Salzburg
1277071;45;25;ICE;ICE;DB Fernverkehr AG;331094;Hamburg Dammtor;9941;München Hbf;39180;60540;356;11;704.1;118.7;1.28;22;0123456;1.0;1;ICE;;Hamburg;München
1277530;12;29;ICE;ICE;DB Fernverkehr AG;613345;Berlin Hbf;9941;München Hbf;67020;84960;299;7;557.6;111.9;0.9;2;01;1.0;1;ICE;;Berlin;München
1277634;33;42;ICE;ICE;DB Fernverkehr AG;9941;München Hbf;517455;Köln Hbf;70080;87240;286;9;503.9;105.7;1.39;1;5;1.0;1;ICE;;München;Köln
1277642;68;91;ICE;ICE;DB Fernverkehr AG;99055;Nürnberg Hbf;640892;Dortmund Hbf;48720;70680;366;13;459.1;75.3;2.4;1;0;1.0;1;ICE;;Nürnberg;Dortmund
1278294;14;;EC;IC;ÖBB;63619;St. Margrethen SG;167729;Lindau-Reutin;46260;47280;17;3;15.5;54.9;;10;0123456;0.333;0;IC;;St. Margrethen SG;Lindau-Reutin
1279906;72;;ICE;ICE;SBB;510671;Bern;464157;Basel SBB;65040;68400;56;4;89.7;96.1;2.23;1;6;0.0;0;ICE;;Bern;Basel
1280133;2;56;IC;IC;DB Fernverkehr AG;688966;Brandenburg Hbf;195950;Norddeich Mole;27660;51600;399;18;461.4;69.4;3.47;4;0123;1.0;1;IC;;Brandenburg;Norddeich Mole
1280881;48;;EC;IC;SBB;96724;Zürich HB;63619;St. Margrethen SG;63120;67800;78;5;91.3;70.2;3.29;2;56;0.0;0;IC;;Zürich;St. Margrethen SG
128096;42;22;ICE;ICE;DB Fernverkehr AG;176697;Frankfurt(Main)Hbf;659783;Kiel Hbf;16860;34800;299;12;552.1;110.8;1.81;10;01234;1.0;1;ICE;;Frankfurt;Kiel
1281008;77;10;ICE;ICE;DB Fernverkehr AG;613345;Berlin Hbf;549058;Duisburg Hbf;71220;85680;241;10;479.1;119.3;1.67;1;3;1.0;1;ICE;;Berlin;Duisburg
1281321;31;11;ICE;ICE;DB Fernverkehr AG;176697;Frankfurt(Main)Hbf;428519;Hamburg Hbf;22500;45840;389;11;717.8;110.7;1.25;3;056;1.0;1;ICE-SPRINTER;SPR-1;Frankfurt;Hamburg
1281399;72;;ICE;ICE;SBB;464157;Basel SBB;96724;Zürich HB;54420;57600;53;2;73.9;83.7;0.0;9;023456;0.0;0;ICE;;Basel;Zürich
1281808;23;12;ICE;ICE;DB Fernverkehr AG;556408;Schaffhausen;613345;Berlin Hbf;38760;70380;527;15;842.9;96.0;1.54;2;56;0.933;0;ICE;;Schaffhausen;Berlin
128236;14;;EC;IC;ÖBB;63619;St. Margrethen SG;167729;Lindau-Reutin;24660;25680;17;3;15.5;54.9;;3;15;0.333;0;IC;;St. Margrethen SG;Lindau-Reutin
1282525;91;79;ICE;ICE;DB Fernverkehr AG;257676;Bruxelles Midi;176697;Frankfurt(Main)Hbf;22980;34020;184;8;356.7;116.3;1.68;1;6;0.625;0;ICE;;Bruxelles;Frankfurt
1282671;43;;EN;SONSTIGE;MAV;26993;Decin hl.n.;619325;Budapest-Nyugati;82680;116940;571;14;587.3;61.7;2.04;7;01236;0.0;0;SONSTIGE;;Decin hl.n.;Budapest
12827;17;;ICE;ICE;Nederlandse Spoorwegen;575362;Arnhem Centraal;79866;Amsterdam Centraal;80880;84540;61;3;90.6;89.1;1.1;4;0346;0.0;0;ICE;;Arnhem Centraal;Amsterdam
1282747;86;;EN;SONSTIGE;PKP Intercity;39653;Warszawa Wschodnia;135333;Wien Hbf;70860;105900;584;17;576.7;59.3;2.6;8;0123456;0.0;0;SONSTIGE;;Warszawa;Wien
1283105;33;42;ICE;ICE;DB Fernverkehr AG;396514;Hamburg-Altona;9941;München Hbf;69960;109440;658;23;919.1;83.8;2.28;1;4;1.0;1;ICE;;Hamburg;München
1283838;26;55;IC;IC;DB Fernverkehr AG;93866;Hannover Hbf;635340;Heidelberg Hbf;20340;41640;355;17;489.4;82.7;3.07;7;0123456;1.0;1;IC;;Hannover;Heidelberg
1284247;36;43;ICE;ICE;DB Fernverkehr AG;396514;Hamburg-Altona;497089;Karlsruhe Hbf;59160;82740;393;15;666.4;101.7;1.95;11;01234;1.0;1;ICE;;Hamburg;Karlsruhe
1284333;5;50;ICE;ICE;DB Fernverkehr AG;224643;Dresden Hbf;38672;Frankfurt(M) Flughafen Fernbf;29460;48420;316;11;436.8;82.9;2.06;2;56;1.0;1;ICE;;Dresden;Frankfurt
1284970;26;55;IC;IC;DB Fernverkehr AG;224643;Dresden Hbf;640892;Dortmund Hbf;55320;77520;370;17;539.3;87.5;2.78;1;3;1.0;1;IC;;Dresden;Dortmund
1284982;53;47;ICE;ICE;DB Fernverkehr AG;640892;Dortmund Hbf;9941;München Hbf;49980;70860;348;12;609.0;105.0;1.64;6;01234;1.0;1;ICE;;Dortmund;München
1285262;93;96;EC;IC;DB Fernverkehr AG;42071;Rzepin;354957;Frankfurt(Oder);64140;65340;20;3;19.2;57.6;;2;56;0.667;0;IC;;Rzepin;Frankfurt(Oder)
1285272;33;42;ICE;ICE;DB Fernverkehr AG;9941;München Hbf;428519;Hamburg Hbf;48480;80100;527;17;883.4;100.6;1.7;2;01;1.0;1;ICE;;München;Hamburg
1285408;93;96;EC;IC;DB Fernverkehr AG;354957;Frankfurt(Oder);42071;Rzepin;35400;36540;19;3;19.2;60.7;;2;15;0.667;0;IC;;Frankfurt(Oder);Rzepin
128720;27;57;IC;IC;DB Fernverkehr AG;53188;Leipzig Hbf;157968;Rostock Hbf;56520;71760;254;11;364.2;86.0;2.47;21;01234;1.0;1;IC;;Leipzig;Rostock
1287314;50;61;IC;IC;DB Fernverkehr AG;53188;Leipzig Hbf;668361;Stuttgart Hbf;57000;77220;337;14;420.0;74.8;2.86;1;2;1.0;1;IC;;Leipzig;Stuttgart
1287344;40;78;ICE;ICE;DB Fernverkehr AG;575362;Arnhem Centraal;38672;Frankfurt(M) Flughafen Fernbf;27240;39960;212;8;300.9;85.2;1.99;6;012345;0.75;0;ICE;;Arnhem Centraal;Frankfurt
128786;82;95;EC;IC;DB Fernverkehr AG;127712;Berlin Gesundbrunnen;42071;Rzepin;42240;47220;83;5;101.3;73.2;2.96;5;12345;0.8;0;IC;;Berlin;Rzepin
1287917;45;25;ICE;ICE;DB Fernverkehr AG;9941;München Hbf;9066;Hamburg-Harburg;22140;42240;335;10;692.6;124.1;1.16;3;056;1.0;1;ICE;;München;Hamburg
1288252;26;55;IC;IC;DB Fernverkehr AG;517455;Köln Hbf;497089;Karlsruhe Hbf;31980;44100;202;9;270.7;80.4;2.59;8;0123456;1.0;1;IC;;Köln;Karlsruhe
1288402;23;12;ICE;ICE;DB Fernverkehr AG;464157;Basel SBB;391201;Berlin Südkreuz;51360;78420;451;17;832.9;110.8;1.8;2;56;0.882;0;ICE;;Basel;Berlin
1288426;31;11;ICE;ICE;DB Fernverkehr AG;9941;München Hbf;416646;Erfurt Hbf;67500;88020;342;10;561.2;98.5;1.43;1;5;1.0;1;ICE;;München;Erfurt
1288584;17;;ICE;ICE;Nederlandse Spoorwegen;79866;Amsterdam Centraal;575362;Arnhem Centraal;23880;27120;54;3;90.6;100.7;1.1;2;05;0.0;0;ICE;;Amsterdam;Arnhem Centraal
1288657;32;18;ICE;ICE;DB Fernverkehr AG;127712;Berlin Gesundbrunnen;9941;München Hbf;83040;111540;475;17;585.6;74.0;2.56;1;1;1.0;1;ICE;;Berlin;München
1288715;26;55;IC;IC;DB Fernverkehr AG;635340;Heidelberg Hbf;93866;Hannover Hbf;66120;87720;360;17;489.4;81.6;3.07;1;2;1.0;1;IC;;Heidelberg;Hannover
1289083;78;15;ICE;ICE;DB Fernverkehr AG;180380;Saarbrücken Hbf;552264;Ostseebad Binz;23280;60060;613;17;858.8;84.1;1.75;5;1234;1.0;1;ICE;;Saarbrücken;Ostseebad Binz
1289600;23;12;ICE;ICE;DB Fernverkehr AG;391201;Berlin Südkreuz;464157;Basel SBB;83460;118080;577;16;862.0;89.6;1.62;1;5;0.875;0;ICE;;Berlin;Basel
1290044;57;19;ICE;ICE;DB Fernverkehr AG;93866;Hannover Hbf;517455;Köln Hbf;24000;33300;155;5;257.5;99.7;1.17;12;1234;1.0;1;ICE;;Hannover;Köln
1290108;38;28;ICE;ICE;DB Fernverkehr AG;9941;München Hbf;53188;Leipzig Hbf;67560;79440;198;6;423.7;128.4;0.94;3;5;1.0;1;ICE;;München;Leipzig
1290254;77;10;ICE;ICE;DB Fernverkehr AG;613345;Berlin Hbf;517455;Köln Hbf;42420;58260;264;9;505.1;114.8;1.39;8;0123456;1.0;1;ICE;;Berlin;Köln
1290529;77;10;ICE;ICE;DB Fernverkehr AG;613345;Berlin Hbf;517455;Köln Hbf;56820;73320;275;9;505.1;110.2;1.39;21;0123456;1.0;1;ICE;;Berlin;Köln
1290628;45;25;ICE;ICE;DB Fernverkehr AG;9941;München Hbf;93866;Hannover Hbf;18660;34320;261;7;548.1;126.0;0.91;4;1234;1.0;1;ICE;;München;Hannover
1290773;18;;ICE;ICE;ÖBB;695368;Salzburg Hbf;338037;Graz Hbf;58020;71760;229;14;305.4;80.0;3.93;4;0156;0.0;0;ICE;;Salzburg;Graz
1290980;38;28;ICE;ICE;DB Fernverkehr AG;127712;Berlin Gesundbrunnen;9941;München Hbf;22560;40020;291;11;582.4;120.1;1.55;30;0123456;1.0;1;ICE;;Berlin;München
129138;33;42;ICE;ICE;DB Fernverkehr AG;396514;Hamburg-Altona;9941;München Hbf;69960;108180;637;22;929.8;87.6;2.15;1;2;1.0;1;ICE;;Hamburg;München
1291432;94;88;ECE;ICE;DB Fernverkehr AG;9941;München Hbf;167729;Lindau-Reutin;52320;60600;138;4;163.5;71.1;1.22;1;0;1.0;1;ICE;;München;Lindau-Reutin
1291531;32;18;ICE;ICE;DB Fernverkehr AG;613345;Berlin Hbf;396514;Hamburg-Altona;36540;44580;134;6;267.7;119.8;1.49;22;0123456;1.0;1;ICE;;Berlin;Hamburg
1291806;17;;ICE;ICE;Nederlandse Spoorwegen;65847;Hengelo;396218;Amersfoort Centraal;36540;41040;75;4;98.2;78.6;2.04;2;56;0.0;0;ICE;;Hengelo;Amersfoort Centraal
1291884;22;;IC;IC;SBB;556408;Schaffhausen;96724;Zürich HB;53220;55380;36;2;36.3;60.4;0.0;6;56;0.0;0;IC;;Schaffhausen;Zürich
1292168;68;91;ICE;ICE;DB Fernverkehr AG;99055;Nürnberg Hbf;640892;Dortmund Hbf;70320;91860;359;9;427.4;71.4;1.64;2;45;1.0;1;ICE;;Nürnberg;Dortmund
1292264;17;;ICE;ICE;Nederlandse Spoorwegen;79866;Amsterdam Centraal;65847;Hengelo;36000;42660;111;6;139.3;75.3;2.87;2;56;0.0;0;ICE;;Amsterdam;Hengelo
1292428;28;75;ECE;ICE;DB Fernverkehr AG;428519;Hamburg Hbf;368193;Padborg st;31980;39180;120;4;147.5;73.8;1.36;15;0123456;0.75;0;ICE;;Hamburg;Padborg st
1292457;77;10;ICE;ICE;DB Fernverkehr AG;517455;Köln Hbf;391201;Berlin Südkreuz;70560;88140;293;11;512.5;105.0;1.76;2;56;1.0;1;ICE;;Köln;Berlin
1292859;78;15;ICE;ICE;DB Fernverkehr AG;176697;Frankfurt(Main)Hbf;552264;Ostseebad Binz;39720;69240;492;10;669.8;81.7;1.19;6;01234;1.0;1;ICE;;Frankfurt;Ostseebad Binz
1293236;2;56;IC;IC;DB Fernverkehr AG;315947;Norddeich;337692;Berlin-Charlottenburg;20340;45960;427;20;515.8;72.5;3.49;4;0123;1.0;1;IC;;Norddeich;Berlin
129423;14;;EC;IC;ÖBB;63619;St. Margrethen SG;167729;Lindau-Reutin;39060;40080;17;3;15.5;54.9;;8;01234;0.333;0;IC;;St. Margrethen SG;Lindau-Reutin
1294879;87;41;ICE;ICE;DB Fernverkehr AG;517455;Köln Hbf;9941;München Hbf;66900;85980;318;8;498.5;94.1;1.2;1;0;1.0;1;ICE;;Köln;München
1294969;47;62;ICE;ICE;DB Fernverkehr AG;9941;München Hbf;176697;Frankfurt(Main)Hbf;28020;42240;237;10;354.1;89.7;2.26;6;01234;1.0;1;ICE;;München;Frankfurt
1295279;58;20;ECE;ICE;DB Fernverkehr AG;464157;Basel SBB;428519;Hamburg Hbf;24360;48540;403;12;740.0;110.2;1.35;5;01234;0.833;0;ICE;;Basel;Hamburg
1295544;9;87;IC;IC;DB Fernverkehr AG;266187;Tuttlingen;556408;Schaffhausen;54000;56700;45;3;41.8;55.8;2.39;3;234;0.667;0;IC;;Tuttlingen;Schaffhausen
1295559;42;22;ICE;ICE;DB Fernverkehr AG;659783;Kiel Hbf;668361;Stuttgart Hbf;29760;52680;382;10;669.7;105.2;1.19;1;6;1.0;1;ICE;;Kiel;Stuttgart
1295668;27;57;IC;IC;DB Fernverkehr AG;129801;Warnemünde;53188;Leipzig Hbf;48780;66480;295;8;441.5;89.8;1.36;1;5;1.0;1;IC;;Warnemünde;Leipzig
1295680;9;87;IC;IC;DB Fernverkehr AG;679686;Singen(Hohentwiel);556408;Schaffhausen;55800;56700;15;2;17.0;68.0;;28;0123456;0.5;0;IC;;Singen;Schaffhausen
1295800;94;88;ECE;ICE;DB Fernverkehr AG;9941;München Hbf;167729;Lindau-Reutin;24480;31800;122;4;163.5;80.4;1.22;2;06;1.0;1;ICE;;München;Lindau-Reutin
1295953;50;61;IC;IC;DB Fernverkehr AG;668361;Stuttgart Hbf;99055;Nürnberg Hbf;50880;58560;128;7;182.6;85.6;2.74;7;0123456;1.0;1;IC;;Stuttgart;Nürnberg
1296199;5;50;ICE;ICE;DB Fernverkehr AG;224643;Dresden Hbf;38672;Frankfurt(M) Flughafen Fernbf;58260;75360;285;10;431.8;90.9;1.85;1;4;1.0;1;ICE;;Dresden;Frankfurt
1296630;58;20;ECE;ICE;DB Fernverkehr AG;331094;Hamburg Dammtor;464157;Basel SBB;58860;83400;409;13;741.2;108.7;1.48;2;56;0.846;0;ICE;;Hamburg;Basel
1297038;62;13;ICE;ICE;DB Fernverkehr AG;337692;Berlin-Charlottenburg;668361;Stuttgart Hbf;55620;77340;362;16;682.7;113.2;2.05;3;056;1.0;1;ICE;;Berlin;Stuttgart
1297404;87;41;ICE;ICE;DB Fernverkehr AG;691821;Düsseldorf Hbf;9941;München Hbf;69480;88680;320;10;531.1;99.6;1.51;1;0;1.0;1;ICE;;Düsseldorf;München
1297741;45;25;ICE;ICE;DB Fernverkehr AG;9941;München Hbf;428519;Hamburg Hbf;79260;110520;521;11;694.0;79.9;1.3;1;6;1.0;1;ICE;;München;Hamburg
1297775;47;62;ICE;ICE;DB Fernverkehr AG;176697;Frankfurt(Main)Hbf;9941;München Hbf;51060;65400;239;10;354.1;88.9;2.26;6;01234;1.0;1;ICE;;Frankfurt;München
1298237;47;62;ICE;ICE;DB Fernverkehr AG;176697;Frankfurt(Main)Hbf;9941;München Hbf;65460;79980;242;11;353.3;87.6;2.55;12;012346;1.0;1;ICE;;Frankfurt;München
1298426;68;91;ICE;ICE;DB Fernverkehr AG;99055;Nürnberg Hbf;640892;Dortmund Hbf;70320;92640;372;13;459.1;74.0;2.4;1;6;1.0;1;ICE;;Nürnberg;Dortmund
1298506;17;;ICE;ICE;Nederlandse Spoorwegen;575362;Arnhem Centraal;79866;Amsterdam Centraal;77280;80940;61;3;90.6;89.1;1.1;4;1234;0.0;0;ICE;;Arnhem Centraal;Amsterdam
1298885;45;25;ICE;ICE;DB Fernverkehr AG;9941;München Hbf;93866;Hannover Hbf;69180;85860;278;7;548.1;118.3;0.91;2;6;1.0;1;ICE;;München;Hannover
1299158;72;;ICE;ICE;SBB;228347;Brig;464157;Basel SBB;27900;36000;135;8;179.2;79.6;3.35;2;46;0.0;0;ICE;;Brig;Basel
1299878;22;;IC;IC;SBB;96724;Zürich HB;556408;Schaffhausen;67020;69180;36;2;36.3;60.4;0.0;4;56;0.0;0;IC;;Zürich;Schaffhausen
1299901;33;42;ICE;ICE;DB Fernverkehr AG;428519;Hamburg Hbf;668361;Stuttgart Hbf;63900;88620;412;15;711.6;103.6;1.83;1;6;1.0;1;ICE;;Hamburg;Stuttgart
13;9;87;IC;IC;DB Fernverkehr AG;556408;Schaffhausen;266187;Tuttlingen;69360;71880;42;3;41.8;59.8;2.39;3;234;0.667;0;IC;;Schaffhausen;Tuttlingen
130014;45;25;ICE;ICE;DB Fernverkehr AG;331094;Hamburg Dammtor;9941;München Hbf;18420;39840;357;12;704.8;118.4;1.42;1;1;1.0;1;ICE;;Hamburg;München
1300168;62;13;ICE;ICE;DB Fernverkehr AG;497089;Karlsruhe Hbf;337616;Braunschweig Hbf;67200;82980;263;11;446.4;101.8;2.02;2;56;1.0;1;ICE;;Karlsruhe;Braunschweig
1300533;94;88;ECE;ICE;DB Fernverkehr AG;167729;Lindau-Reutin;9941;München Hbf;40200;48060;131;4;163.5;74.9;1.22;3;056;1.0;1;ICE;;Lindau-Reutin;München
1300649;45;25;ICE;ICE;DB Fernverkehr AG;93866;Hannover Hbf;9941;München Hbf;66420;83040;277;7;537.0;116.3;0.93;1;3;1.0;1;ICE;;Hannover;München
1300793;3;26;ICE;ICE;DB Fernverkehr AG;93866;Hannover Hbf;477761;Bremen Hbf;78300;81900;60;2;100.4;100.4;0.0;13;0123456;1.0;1;ICE;;Hannover;Bremen
1300916;87;41;ICE;ICE;DB Fernverkehr AG;640892;Dortmund Hbf;9941;München Hbf;18840;40320;358;11;602.6;101.0;1.49;13;0123456;1.0;1;ICE;;Dortmund;München
1301310;32;18;ICE;ICE;DB Fernverkehr AG;127712;Berlin Gesundbrunnen;9941;München Hbf;84000;112500;475;15;607.4;76.7;2.14;1;4;1.0;1;ICE;;Berlin;München
130146;21;95;EC;IC;PKP Intercity;42071;Rzepin;506051;Gdynia Glowna;58080;75120;284;13;458.1;96.8;2.4;17;0123456;0.0;0;IC;;Rzepin;Gdynia Glowna
1302485;57;19;ICE;ICE;DB Fernverkehr AG;517455;Köln Hbf;391201;Berlin Südkreuz;21600;39840;304;7;506.8;100.0;0.99;3;56;1.0;1;ICE;;Köln;Berlin
1302597;55;;RJ;SONSTIGE;Ceske Drahy;26993;Decin hl.n.;653775;Praha hl.n.;43020;48300;88;4;87.0;59.3;2.3;26;123456;0.0;0;SONSTIGE;;Decin hl.n.;Praha
1302626;33;42;ICE;ICE;DB Fernverkehr AG;396514;Hamburg-Altona;9941;München Hbf;19560;52140;543;19;888.6;98.2;1.91;9;0123456;1.0;1;ICE;;Hamburg;München
1302844;26;55;IC;IC;DB Fernverkehr AG;224643;Dresden Hbf;640892;Dortmund Hbf;62520;88260;429;14;553.0;77.3;2.17;1;0;1.0;1;IC;;Dresden;Dortmund
1303104;91;79;ICE;ICE;DB Fernverkehr AG;176697;Frankfurt(Main)Hbf;257676;Bruxelles Midi;70440;84900;241;11;358.5;89.2;2.51;1;5;0.727;0;ICE;;Frankfurt;Bruxelles
1303479;45;25;ICE;ICE;DB Fernverkehr AG;331094;Hamburg Dammtor;9941;München Hbf;35580;57000;357;12;704.8;118.4;1.42;17;0123456;1.0;1;ICE;;Hamburg;München
1303678;1;;IC;IC;PKP Intercity;401361;Przemysl Glowny;174196;Bohumin(Gr);64140;86820;378;26;412.0;65.4;5.83;21;0123456;0.0;0;IC;;Przemysl Glowny;Bohumin
1303753;77;10;ICE;ICE;DB Fernverkehr AG;613345;Berlin Hbf;517455;Köln Hbf;64020;83700;328;11;535.3;97.9;1.68;1;1;1.0;1;ICE;;Berlin;Köln
1303786;67;33;ICE;ICE;DB Fernverkehr AG;396514;Hamburg-Altona;552264;Ostseebad Binz;39300;52980;228;10;277.1;72.9;2.89;3;4;1.0;1;ICE;;Hamburg;Ostseebad Binz
1304085;78;15;ICE;ICE;DB Fernverkehr AG;552264;Ostseebad Binz;180380;Saarbrücken Hbf;48240;85200;616;21;882.2;85.9;2.15;2;14;1.0;1;ICE;;Ostseebad Binz;Saarbrücken
1304794;33;42;ICE;ICE;DB Fernverkehr AG;428519;Hamburg Hbf;9941;München Hbf;71100;109380;638;22;927.3;87.2;2.16;1;6;1.0;1;ICE;;Hamburg;München
130481;33;42;ICE;ICE;DB Fernverkehr AG;428519;Hamburg Hbf;9941;München Hbf;49500;80940;524;17;883.4;101.2;1.7;4;0156;1.0;1;ICE;;Hamburg;München
1304894;94;88;ECE;ICE;DB Fernverkehr AG;9941;München Hbf;167729;Lindau-Reutin;46080;53400;122;4;163.5;80.4;1.22;4;0156;1.0;1;ICE;;München;Lindau-Reutin
130500;10;20;ICE;ICE;DB Fernverkehr AG;464157;Basel SBB;428519;Hamburg Hbf;17160;41340;403;13;740.1;110.2;1.49;1;6;0.846;0;ICE;;Basel;Hamburg
1305253;1;;IC;IC;PKP Intercity;380319;Wroclaw Glowny;402680;Swinoujscie;47520;67920;340;18;432.7;76.4;3.7;3;034;0.0;0;IC;;Wroclaw Glowny;Swinoujscie
1305395;39;51;ICE;ICE;DB Fernverkehr AG;224643;Dresden Hbf;267257;Essen Hbf;31440;53340;365;12;522.7;85.9;1.91;14;0123456;1.0;1;ICE;;Dresden;Essen
1305522;70;;EN;SONSTIGE;HZZP;695368;Salzburg Hbf;440759;Zagreb Glavni kolodvor;94200;124200;500;16;355.0;42.6;3.94;8;123456;0.0;0;SONSTIGE;;Salzburg;Zagreb Glavni kolodvor
130570;94;88;ECE;ICE;DB Fernverkehr AG;167729;Lindau-Reutin;9941;München Hbf;25800;33660;131;4;163.5;74.9;1.22;1;5;1.0;1;ICE;;Lindau-Reutin;München
1305998;48;;EC;IC;SBB;96724;Zürich HB;63619;St. Margrethen SG;55920;60540;77;5;91.3;71.2;3.29;9;156;0.0;0;IC;;Zürich;St. Margrethen SG
1306076;77;10;ICE;ICE;DB Fernverkehr AG;391201;Berlin Südkreuz;517455;Köln Hbf;19560;36720;286;11;512.5;107.5;1.76;7;012345;1.0;1;ICE;;Berlin;Köln
13061;61;1;ICE;ICE;DB Fernverkehr AG;99055;Nürnberg Hbf;396514;Hamburg-Altona;26880;57660;513;14;750.4;87.8;1.6;5;56;1.0;1;ICE;;Nürnberg;Hamburg
1306834;77;10;ICE;ICE;DB Fernverkehr AG;691821;Düsseldorf Hbf;391201;Berlin Südkreuz;64200;80400;270;13;508.0;112.9;2.17;2;15;1.0;1;ICE;;Düsseldorf;Berlin
1306899;5;50;ICE;ICE;DB Fernverkehr AG;38672;Frankfurt(M) Flughafen Fernbf;53188;Leipzig Hbf;75720;89940;237;8;329.3;83.4;1.82;6;0123;1.0;1;ICE;;Frankfurt;Leipzig
1306921;33;42;ICE;ICE;DB Fernverkehr AG;9941;München Hbf;396514;Hamburg-Altona;48480;81180;545;18;888.2;97.8;1.8;2;56;1.0;1;ICE;;München;Hamburg
1306969;21;95;EC;IC;PKP Intercity;401361;Przemysl Glowny;42071;Rzepin;68100;103560;591;33;781.7;79.4;3.97;20;0123456;0.0;0;IC;;Przemysl Glowny;Rzepin
1307016;26;55;IC;IC;DB Fernverkehr AG;517455;Köln Hbf;497089;Karlsruhe Hbf;60780;72720;199;9;270.7;81.6;2.59;7;0123456;1.0;1;IC;;Köln;Karlsruhe
1307424;32;18;ICE;ICE;DB Fernverkehr AG;9941;München Hbf;99055;Nürnberg Hbf;47520;53880;106;5;180.2;102.0;1.67;2;56;1.0;1;ICE;;München;Nürnberg
1308355;38;28;ICE;ICE;DB Fernverkehr AG;391201;Berlin Südkreuz;396514;Hamburg-Altona;19200;27660;141;7;273.6;116.4;1.83;1;0;1.0;1;ICE;;Berlin;Hamburg
1308379;77;10;ICE;ICE;DB Fernverkehr AG;391201;Berlin Südkreuz;517455;Köln Hbf;85320;110400;418;16;554.2;79.6;2.53;1;3;1.0;1;ICE;;Berlin;Köln
1308591;53;47;ICE;ICE;DB Fernverkehr AG;517455;Köln Hbf;9941;München Hbf;19500;34920;257;8;503.5;117.5;1.19;3;234;1.0;1;ICE;;Köln;München
1309445;1;;IC;IC;PKP Intercity;402680;Swinoujscie;246292;Krakow Glowny;47820;80940;552;24;680.6;74.0;3.23;7;0123456;0.0;0;IC;;Swinoujscie;Krakow Glowny
1309652;2;56;IC;IC;DB Fernverkehr AG;337692;Berlin-Charlottenburg;315947;Norddeich;56460;80040;393;22;516.0;78.8;3.88;7;012345;1.0;1;IC;;Berlin;Norddeich
1309799;53;47;ICE;ICE;DB Fernverkehr AG;640892;Dortmund Hbf;9941;München Hbf;21240;42000;346;12;609.0;105.6;1.64;6;01234;1.0;1;ICE;;Dortmund;München
1309926;17;;ICE;ICE;Nederlandse Spoorwegen;575362;Arnhem Centraal;79866;Amsterdam Centraal;30480;34080;60;3;90.6;90.6;1.1;8;56;0.0;0;ICE;;Arnhem Centraal;Amsterdam
1309969;40;78;ICE;ICE;DB Fernverkehr AG;575362;Arnhem Centraal;176697;Frankfurt(Main)Hbf;27240;37620;173;10;310.4;107.7;2.58;3;5;0.8;0;ICE;;Arnhem Centraal;Frankfurt
1310033;36;43;ICE;ICE;DB Fernverkehr AG;464157;Basel SBB;396514;Hamburg-Altona;26160;56040;498;19;839.5;101.1;2.02;4;56;0.895;0;ICE;;Basel;Hamburg
1310181;12;29;ICE;ICE;DB Fernverkehr AG;127712;Berlin Gesundbrunnen;9941;München Hbf;55560;70980;257;7;560.0;130.7;0.89;28;0123456;1.0;1;ICE-SPRINTER;SPR-4;Berlin;München
1310688;32;18;ICE;ICE;DB Fernverkehr AG;99055;Nürnberg Hbf;9941;München Hbf;39540;45720;103;5;180.2;104.9;1.67;7;01234;1.0;1;ICE;;Nürnberg;München
131072;62;13;ICE;ICE;DB Fernverkehr AG;497089;Karlsruhe Hbf;180320;Hildesheim Hbf;67140;81540;240;10;410.7;102.7;1.95;1;3;1.0;1;ICE;;Karlsruhe;Hildesheim
1311057;36;43;ICE;ICE;DB Fernverkehr AG;297876;Basel Bad Bf;428519;Hamburg Hbf;19500;47760;471;14;813.4;103.6;1.48;1;0;0.929;0;ICE;;Basel;Hamburg
1311113;84;77;ICE;ICE;DB Fernverkehr AG;65847;Hengelo;613345;Berlin Hbf;42720;56700;233;9;451.4;116.2;1.55;19;0123456;0.889;0;ICE;;Hengelo;Berlin
1311125;33;42;ICE;ICE;DB Fernverkehr AG;428519;Hamburg Hbf;9941;München Hbf;56700;89460;546;16;883.0;97.0;1.59;1;0;1.0;1;ICE;;Hamburg;München
1311150;31;11;ICE;ICE;DB Fernverkehr AG;9941;München Hbf;613345;Berlin Hbf;60300;88200;465;13;814.3;105.1;1.35;1;4;1.0;1;ICE;;München;Berlin
1311240;72;;ICE;ICE;SBB;583614;Chur;464157;Basel SBB;29280;39120;164;5;176.5;64.6;1.7;4;056;0.0;0;ICE;;Chur;Basel
1312520;12;29;ICE;ICE;DB Fernverkehr AG;613345;Berlin Hbf;9941;München Hbf;74220;89160;249;7;557.6;134.4;0.9;1;4;1.0;1;ICE-SPRINTER;SPR-4;Berlin;München
1312540;48;;EC;IC;SBB;63619;St. Margrethen SG;96724;Zürich HB;54600;59280;78;5;91.3;70.2;3.29;4;0156;0.0;0;IC;;St. Margrethen SG;Zürich
1312707;83;96;EC;IC;PKP Intercity;42071;Rzepin;246292;Krakow Glowny;65460;85380;332;12;476.6;86.1;2.1;3;256;0.0;0;IC;;Rzepin;Krakow Glowny
1312721;67;33;ICE;ICE;DB Fernverkehr AG;436196;Greifswald;691821;Düsseldorf Hbf;27000;53460;441;14;610.8;83.1;1.96;2;56;1.0;1;ICE;;Greifswald;Düsseldorf
1312880;22;;IC;IC;SBB;556408;Schaffhausen;96724;Zürich HB;53220;55380;36;2;36.3;60.4;0.0;2;23;0.0;0;IC;;Schaffhausen;Zürich
1313096;1;;IC;IC;PKP Intercity;380319;Wroclaw Glowny;402680;Swinoujscie;33000;52680;328;18;432.7;79.2;3.7;3;345;0.0;0;IC;;Wroclaw Glowny;Swinoujscie
1313116;31;11;ICE;ICE;DB Fernverkehr AG;9941;München Hbf;428519;Hamburg Hbf;38700;74640;599;17;1077.6;107.9;1.39;3;123;1.0;1;ICE;;München;Hamburg
1313415;33;42;ICE;ICE;DB Fernverkehr AG;428519;Hamburg Hbf;668361;Stuttgart Hbf;63900;87120;387;15;711.6;110.3;1.83;1;6;1.0;1;ICE;;Hamburg;Stuttgart
1313551;53;47;ICE;ICE;DB Fernverkehr AG;9941;München Hbf;517455;Köln Hbf;65940;81000;251;7;502.6;120.1;0.99;2;56;1.0;1;ICE;;München;Köln
131474;31;11;ICE;ICE;DB Fernverkehr AG;428519;Hamburg Hbf;9941;München Hbf;47580;84960;623;17;1076.3;103.7;1.39;1;5;1.0;1;ICE;;Hamburg;München
1315212;50;61;IC;IC;DB Fernverkehr AG;90261;Regensburg Hbf;668361;Stuttgart Hbf;22920;36180;221;8;270.8;73.5;2.22;5;01234;1.0;1;IC;;Regensburg;Stuttgart
1315292;10;20;ICE;ICE;DB Fernverkehr AG;464157;Basel SBB;428519;Hamburg Hbf;60360;85860;425;12;740.0;104.5;1.35;1;3;0.833;0;ICE;;Basel;Hamburg
1315522;14;;EC;IC;ÖBB;63619;St. Margrethen SG;167729;Lindau-Reutin;67800;68880;18;3;15.5;51.8;;23;0123456;0.333;0;IC;;St. Margrethen SG;Lindau-Reutin
1315631;55;;RJ;SONSTIGE;Ceske Drahy;653775;Praha hl.n.;26993;Decin hl.n.;30660;35880;87;4;87.0;60.0;2.3;26;123456;0.0;0;SONSTIGE;;Praha;Decin hl.n.
1316012;12;29;ICE;ICE;DB Fernverkehr AG;127712;Berlin Gesundbrunnen;9941;München Hbf;69960;86460;275;7;560.0;122.2;0.89;3;234;1.0;1;ICE-SPRINTER;SPR-4;Berlin;München
1316049;17;;ICE;ICE;Nederlandse Spoorwegen;79866;Amsterdam Centraal;65847;Hengelo;50400;57060;111;6;139.3;75.3;2.87;20;01234;0.0;0;ICE;;Amsterdam;Hengelo
1316974;72;;ICE;ICE;SBB;464157;Basel SBB;480653;Interlaken Ost;50280;57540;121;8;138.9;68.9;4.32;3;56;0.0;0;ICE;;Basel;Interlaken Ost
131728;87;41;ICE;ICE;DB Fernverkehr AG;517455;Köln Hbf;9941;München Hbf;70500;91080;343;9;498.6;87.2;1.4;2;56;1.0;1;ICE;;Köln;München
1317591;2;56;IC;IC;DB Fernverkehr AG;195950;Norddeich Mole;53188;Leipzig Hbf;56160;81540;423;20;501.3;71.1;3.59;2;56;1.0;1;IC;;Norddeich Mole;Leipzig
1317940;53;47;ICE;ICE;DB Fernverkehr AG;456179;Augsburg Hbf;640892;Dortmund Hbf;60480;80100;327;11;552.1;101.3;1.63;1;4;1.0;1;ICE;;Augsburg;Dortmund
1317959;45;25;ICE;ICE;DB Fernverkehr AG;9941;München Hbf;428519;Hamburg Hbf;14580;35820;354;11;703.3;119.2;1.28;8;01234;1.0;1;ICE;;München;Hamburg
1317988;22;;IC;IC;SBB;96724;Zürich HB;556408;Schaffhausen;27420;29580;36;2;36.3;60.4;0.0;2;6;0.0;0;IC;;Zürich;Schaffhausen
1318002;17;;ICE;ICE;Nederlandse Spoorwegen;396218;Amersfoort Centraal;65847;Hengelo;52560;57060;75;4;98.2;78.6;2.04;2;56;0.0;0;ICE;;Amersfoort Centraal;Hengelo
131822;26;55;IC;IC;DB Fernverkehr AG;224643;Dresden Hbf;640892;Dortmund Hbf;62520;84720;370;16;539.3;87.5;2.6;4;1234;1.0;1;IC;;Dresden;Dortmund
1318375;87;41;ICE;ICE;DB Fernverkehr AG;517455;Köln Hbf;9941;München Hbf;12060;29580;292;12;503.4;103.4;1.99;2;56;1.0;1;ICE;;Köln;München
1318383;77;10;ICE;ICE;DB Fernverkehr AG;613345;Berlin Hbf;517455;Köln Hbf;67620;87480;331;10;529.4;96.0;1.51;1;5;1.0;1;ICE;;Berlin;Köln
1318398;31;11;ICE;ICE;DB Fernverkehr AG;9941;München Hbf;613345;Berlin Hbf;60300;88200;465;14;814.7;105.1;1.47;7;012346;1.0;1;ICE;;München;Berlin
1318725;45;25;ICE;ICE;DB Fernverkehr AG;9941;München Hbf;9066;Hamburg-Harburg;34980;56640;361;9;679.1;112.9;1.03;4;1234;1.0;1;ICE;;München;Hamburg
1318730;23;12;ICE;ICE;DB Fernverkehr AG;176697;Frankfurt(Main)Hbf;127712;Berlin Gesundbrunnen;84900;112140;454;10;561.0;74.1;1.43;1;3;1.0;1;ICE;;Frankfurt;Berlin
1318759;91;79;ICE;ICE;DB Fernverkehr AG;176697;Frankfurt(Main)Hbf;257676;Bruxelles Midi;30780;41700;182;8;356.7;117.6;1.68;10;56;0.625;0;ICE;;Frankfurt;Bruxelles
1319013;64;;EC;IC;HZZP;312777;Dobova(Gr);440759;Zagreb Glavni kolodvor;68220;69600;23;3;25.1;65.4;;31;0123456;0.0;0;IC;;Dobova;Zagreb Glavni kolodvor
1319034;77;10;ICE;ICE;DB Fernverkehr AG;517455;Köln Hbf;613345;Berlin Hbf;56100;72780;278;9;505.1;109.0;1.39;7;0123456;1.0;1;ICE;;Köln;Berlin
131919;12;29;ICE;ICE;DB Fernverkehr AG;9941;München Hbf;127712;Berlin Gesundbrunnen;22740;37860;252;7;560.0;133.3;0.89;31;0123456;1.0;1;ICE-SPRINTER;SPR-4;München;Berlin
131945;1;;IC;IC;PKP Intercity;401361;Przemysl Glowny;380319;Wroclaw Glowny;25920;46200;338;17;474.6;84.3;3.16;3;345;0.0;0;IC;;Przemysl Glowny;Wroclaw Glowny
1320712;81;83;ICE;ICE;SNCF;335130;Paris Est;412384;Strasbourg;64380;70680;105;2;395.5;226.0;0.0;26;012346;0.0;0;ICE;;Paris;Strasbourg
1320798;46;60;ICE;ICE;DB Fernverkehr AG;180380;Saarbrücken Hbf;9941;München Hbf;30420;46140;262;11;405.5;92.9;2.22;13;0123456;1.0;1;ICE;;Saarbrücken;München
1322359;34;62;EC;IC;DB Fernverkehr AG;695368;Salzburg Hbf;9941;München Hbf;28800;34980;103;5;123.0;71.6;2.44;31;0123456;0.8;0;IC;;Salzburg;München
1322590;12;29;ICE;ICE;DB Fernverkehr AG;9941;München Hbf;391201;Berlin Südkreuz;66060;80160;235;5;551.5;140.8;0.54;1;5;1.0;1;ICE-SPRINTER;SPR-4;München;Berlin
1322925;87;41;ICE;ICE;DB Fernverkehr AG;640892;Dortmund Hbf;9941;München Hbf;14880;36720;364;14;578.0;95.3;2.08;1;4;1.0;1;ICE;;Dortmund;München
1322945;40;78;ICE;ICE;DB Fernverkehr AG;176697;Frankfurt(Main)Hbf;575362;Arnhem Centraal;16680;30360;228;8;309.8;81.5;1.94;2;13;0.75;0;ICE;;Frankfurt;Arnhem Centraal
1323105;68;91;ICE;ICE;DB Fernverkehr AG;565099;Kufstein;396514;Hamburg-Altona;32880;66240;556;18;952.8;102.8;1.68;4;56;0.944;0;ICE;;Kufstein;Hamburg
1323262;31;11;ICE;ICE;DB Fernverkehr AG;416646;Erfurt Hbf;9941;München Hbf;19740;40440;345;9;560.8;97.5;1.25;2;56;1.0;1;ICE;;Erfurt;München
1323455;8;90;EC;IC;DB Fernverkehr AG;552402;Simbach(Inn);9941;München Hbf;44400;50040;94;4;110.3;70.4;1.81;5;6;1.0;1;IC;;Simbach;München
1323496;17;;ICE;ICE;Nederlandse Spoorwegen;79866;Amsterdam Centraal;65847;Hengelo;43200;49860;111;6;139.3;75.3;2.87;7;0123456;0.0;0;ICE;;Amsterdam;Hengelo
1323510;77;10;ICE;ICE;DB Fernverkehr AG;613345;Berlin Hbf;691821;Düsseldorf Hbf;71220;87660;274;10;519.5;113.8;1.54;1;0;1.0;1;ICE;;Berlin;Düsseldorf
1324011;87;41;ICE;ICE;DB Fernverkehr AG;9941;München Hbf;640892;Dortmund Hbf;53100;75420;372;9;574.7;92.7;1.22;2;56;1.0;1;ICE;;München;Dortmund
1324645;36;43;ICE;ICE;DB Fernverkehr AG;464157;Basel SBB;396514;Hamburg-Altona;18960;48840;498;18;838.3;101.0;1.91;4;0234;0.889;0;ICE;;Basel;Hamburg
1324997;91;79;ICE;ICE;DB Fernverkehr AG;176697;Frankfurt(Main)Hbf;257676;Bruxelles Midi;72840;85020;203;11;358.5;105.9;2.51;1;0;0.727;0;ICE;;Frankfurt;Bruxelles
1325480;21;95;EC;IC;PKP Intercity;39653;Warszawa Wschodnia;42071;Rzepin;17340;31740;240;9;430.8;107.7;1.62;15;012345;0.0;0;IC;;Warszawa;Rzepin
1325685;47;62;ICE;ICE;DB Fernverkehr AG;9941;München Hbf;226858;Darmstadt Hbf;20580;33900;222;10;327.2;88.4;2.45;1;5;1.0;1;ICE;;München;Darmstadt
1326018;84;77;ICE;ICE;DB Fernverkehr AG;391201;Berlin Südkreuz;65847;Hengelo;29160;43620;241;10;456.9;113.8;1.75;2;56;0.9;0;ICE;;Berlin;Hengelo
1327407;53;47;ICE;ICE;DB Fernverkehr AG;640892;Dortmund Hbf;9941;München Hbf;21240;42000;346;13;609.1;105.6;1.81;2;01;1.0;1;ICE;;Dortmund;München
1328113;22;;IC;IC;SBB;96724;Zürich HB;556408;Schaffhausen;49020;51180;36;2;36.3;60.4;0.0;8;56;0.0;0;IC;;Zürich;Schaffhausen
1328133;23;12;ICE;ICE;DB Fernverkehr AG;613345;Berlin Hbf;19112;Kassel-Wilhelmshöhe;73980;87960;233;6;391.1;100.7;1.02;2;06;1.0;1;ICE;;Berlin;Kassel-Wilhelmshöhe
1328378;14;;EC;IC;ÖBB;135333;Wien Hbf;552402;Simbach(Inn);33180;43860;178;6;254.4;85.7;1.57;1;0;0.167;0;IC;;Wien;Simbach
1328469;82;95;EC;IC;DB Fernverkehr AG;127712;Berlin Gesundbrunnen;42071;Rzepin;53040;58020;83;5;101.3;73.2;2.96;5;12345;0.8;0;IC;;Berlin;Rzepin
1328539;42;22;ICE;ICE;DB Fernverkehr AG;668361;Stuttgart Hbf;659783;Kiel Hbf;18120;44100;433;12;673.3;93.3;1.49;1;5;1.0;1;ICE;;Stuttgart;Kiel
1328849;31;11;ICE;ICE;DB Fernverkehr AG;9941;München Hbf;176697;Frankfurt(Main)Hbf;74700;86940;204;6;359.4;105.7;1.11;3;234;1.0;1;ICE;;München;Frankfurt
1328878;87;41;ICE;ICE;DB Fernverkehr AG;9941;München Hbf;517455;Köln Hbf;38700;55320;277;8;497.9;107.9;1.2;12;0123456;1.0;1;ICE;;München;Köln
1329249;93;96;EC;IC;DB Fernverkehr AG;127712;Berlin Gesundbrunnen;42071;Rzepin;31440;36540;85;5;101.3;71.5;2.96;4;2345;0.8;0;IC;;Berlin;Rzepin
1329335;91;79;ICE;ICE;DB Fernverkehr AG;164260;Antwerpen Centraal;517455;Köln Hbf;39660;48240;143;7;223.2;93.7;2.24;2;56;0.429;0;ICE;;Antwerpen Centraal;Köln
1329559;82;95;EC;IC;DB Fernverkehr AG;354957;Frankfurt(Oder);42071;Rzepin;39000;40020;17;3;19.2;67.8;;1;1;0.667;0;IC;;Frankfurt(Oder);Rzepin
1329753;21;95;EC;IC;PKP Intercity;42071;Rzepin;401361;Przemysl Glowny;84600;119460;581;33;781.7;80.7;3.97;4;1234;0.0;0;IC;;Rzepin;Przemysl Glowny
1330369;53;47;ICE;ICE;DB Fernverkehr AG;9941;München Hbf;640892;Dortmund Hbf;14520;35400;348;11;608.1;104.8;1.48;1;5;1.0;1;ICE;;München;Dortmund
133070;68;91;ICE;ICE;DB Fernverkehr AG;99055;Nürnberg Hbf;640892;Dortmund Hbf;63120;85140;367;12;455.8;74.5;2.19;1;3;1.0;1;ICE;;Nürnberg;Dortmund
1330766;20;49;ICE;ICE;DB Fernverkehr AG;517455;Köln Hbf;176697;Frankfurt(Main)Hbf;66540;71340;80;6;161.5;121.2;2.48;1;4;1.0;1;ICE;;Köln;Frankfurt
13314;74;90;EC;IC;ÖBB;552402;Simbach(Inn);135333;Wien Hbf;42600;53220;177;6;254.4;86.2;1.57;30;0123456;0.167;0;IC;;Simbach;Wien
1331978;5;50;ICE;ICE;DB Fernverkehr AG;38672;Frankfurt(M) Flughafen Fernbf;224643;Dresden Hbf;31020;49440;307;10;431.8;84.4;1.85;2;56;1.0;1;ICE;;Frankfurt;Dresden
1333038;27;57;IC;IC;DB Fernverkehr AG;396514;Hamburg-Altona;464794;Magdeburg Hbf;59160;68340;153;8;236.1;92.6;2.54;16;01234;1.0;1;IC;;Hamburg;Magdeburg
1333165;67;33;ICE;ICE;DB Fernverkehr AG;468987;Westerland(Sylt);691821;Düsseldorf Hbf;49980;75540;426;13;544.6;76.7;2.02;5;03456;1.0;1;ICE;;Westerland;Düsseldorf
1333252;17;;ICE;ICE;Nederlandse Spoorwegen;79866;Amsterdam Centraal;575362;Arnhem Centraal;59820;63120;55;3;90.6;98.9;1.1;2;56;0.0;0;ICE;;Amsterdam;Arnhem Centraal
1333350;23;12;ICE;ICE;DB Fernverkehr AG;613345;Berlin Hbf;556408;Schaffhausen;30660;60300;494;15;842.9;102.4;1.54;2;56;0.933;0;ICE;;Berlin;Schaffhausen
1333757;43;;EN;SONSTIGE;MAV;269485;Sturovo;619325;Budapest-Nyugati;26820;30540;62;4;65.4;63.3;3.06;28;0123456;0.0;0;SONSTIGE;;Sturovo;Budapest
1333774;26;55;IC;IC;DB Fernverkehr AG;224643;Dresden Hbf;93866;Hannover Hbf;55320;69780;241;10;349.7;87.1;2.29;4;0456;1.0;1;IC;;Dresden;Hannover
1334098;22;;IC;IC;SBB;96724;Zürich HB;556408;Schaffhausen;41820;43980;36;2;36.3;60.4;0.0;2;23;0.0;0;IC;;Zürich;Schaffhausen
1334219;86;;EN;SONSTIGE;PKP Intercity;401361;Przemysl Glowny;135333;Wien Hbf;64260;105900;694;30;632.7;54.7;4.43;1;5;0.0;0;SONSTIGE;;Przemysl Glowny;Wien
1334307;3;26;ICE;ICE;DB Fernverkehr AG;635340;Heidelberg Hbf;477761;Bremen Hbf;33480;53100;327;14;476.4;87.4;2.52;1;6;1.0;1;ICE;;Heidelberg;Bremen
1334356;36;43;ICE;ICE;DB Fernverkehr AG;396514;Hamburg-Altona;464157;Basel SBB;44760;74880;502;17;821.2;98.2;1.83;5;01234;0.882;0;ICE;;Hamburg;Basel
133478;27;57;IC;IC;DB Fernverkehr AG;157968;Rostock Hbf;53188;Leipzig Hbf;28740;45060;272;7;430.2;94.9;1.16;1;5;1.0;1;IC;;Rostock;Leipzig
1334897;30;;IC;IC;Ceske Drahy;174196;Bohumin(Gr);57233;Breclav;86820;98400;193;4;169.3;52.6;1.18;28;0123456;0.0;0;IC;;Bohumin;Breclav
1335348;45;25;ICE;ICE;DB Fernverkehr AG;93866;Hannover Hbf;9941;München Hbf;66420;82800;273;6;526.6;115.7;0.76;1;0;1.0;1;ICE;;Hannover;München
1336463;82;95;EC;IC;DB Fernverkehr AG;354957;Frankfurt(Oder);42071;Rzepin;31800;32820;17;3;19.2;67.8;;2;56;0.667;0;IC;;Frankfurt(Oder);Rzepin
1336694;28;75;ECE;ICE;DB Fernverkehr AG;428519;Hamburg Hbf;368193;Padborg st;67980;75180;120;4;147.5;73.8;1.36;3;012;0.75;0;ICE;;Hamburg;Padborg st
1336788;87;41;ICE;ICE;DB Fernverkehr AG;517455;Köln Hbf;9941;München Hbf;45300;61980;278;7;500.5;108.0;1.0;2;56;1.0;1;ICE;;Köln;München
1337189;12;29;ICE;ICE;DB Fernverkehr AG;9941;München Hbf;127712;Berlin Gesundbrunnen;73260;89640;273;6;558.8;122.8;0.72;1;1;1.0;1;ICE-SPRINTER;SPR-4;München;Berlin
1337215;38;28;ICE;ICE;DB Fernverkehr AG;396514;Hamburg-Altona;99055;Nürnberg Hbf;58680;78720;334;12;687.5;123.5;1.45;1;0;1.0;1;ICE;;Hamburg;Nürnberg
1337342;77;10;ICE;ICE;DB Fernverkehr AG;613345;Berlin Hbf;93866;Hannover Hbf;78420;87780;156;2;246.4;94.8;0.0;3;046;1.0;1;ICE;;Berlin;Hannover
1337781;46;60;ICE;ICE;DB Fernverkehr AG;9941;München Hbf;497089;Karlsruhe Hbf;68400;78720;172;9;275.2;96.0;2.54;7;0123456;1.0;1;ICE;;München;Karlsruhe
1337801;17;;ICE;ICE;Nederlandse Spoorwegen;79866;Amsterdam Centraal;575362;Arnhem Centraal;30660;34320;61;3;90.6;89.1;1.1;8;456;0.0;0;ICE;;Amsterdam;Arnhem Centraal
1337964;50;61;IC;IC;DB Fernverkehr AG;99055;Nürnberg Hbf;668361;Stuttgart Hbf;56460;64380;132;7;182.6;83.0;2.74;8;0123456;1.0;1;IC;;Nürnberg;Stuttgart
1338215;10;20;ICE;ICE;DB Fernverkehr AG;176337;Mainz Hbf;428519;Hamburg Hbf;19500;34200;245;7;473.4;115.9;1.06;1;5;1.0;1;ICE;;Mainz;Hamburg
1338316;17;;ICE;ICE;Nederlandse Spoorwegen;79866;Amsterdam Centraal;575362;Arnhem Centraal;66780;70320;59;3;90.6;92.2;1.1;1;4;0.0;0;ICE;;Amsterdam;Arnhem Centraal
1338391;21;95;EC;IC;PKP Intercity;506051;Gdynia Glowna;42071;Rzepin;25620;43080;291;13;458.1;94.5;2.4;2;23;0.0;0;IC;;Gdynia Glowna;Rzepin
133844;45;25;ICE;ICE;DB Fernverkehr AG;331094;Hamburg Dammtor;9941;München Hbf;53580;75000;357;11;704.1;118.3;1.28;15;0123456;1.0;1;ICE;;Hamburg;München
1339134;77;10;ICE;ICE;DB Fernverkehr AG;613345;Berlin Hbf;517455;Köln Hbf;71220;88440;287;9;534.6;111.8;1.31;1;4;1.0;1;ICE;;Berlin;Köln
1339167;31;11;ICE;ICE;DB Fernverkehr AG;9941;München Hbf;428519;Hamburg Hbf;53100;89040;599;18;1077.6;107.9;1.48;1;4;1.0;1;ICE;;München;Hamburg
1339482;93;96;EC;IC;DB Fernverkehr AG;327376;Berlin-Lichtenberg;42071;Rzepin;60600;65340;79;4;92.9;70.6;2.15;1;2;0.75;0;IC;;Berlin;Rzepin
1339826;42;22;ICE;ICE;DB Fernverkehr AG;668361;Stuttgart Hbf;659783;Kiel Hbf;26520;49200;378;11;670.6;106.4;1.34;5;01234;1.0;1;ICE;;Stuttgart;Kiel
1340024;23;12;ICE;ICE;DB Fernverkehr AG;464157;Basel SBB;391201;Berlin Südkreuz;51360;78420;451;17;832.9;110.8;1.8;2;56;0.882;0;ICE;;Basel;Berlin
1340398;93;96;EC;IC;DB Fernverkehr AG;42071;Rzepin;327376;Berlin-Lichtenberg;49740;54180;74;4;92.9;75.4;2.15;1;2;0.75;0;IC;;Rzepin;Berlin
1340574;26;55;IC;IC;DB Fernverkehr AG;635340;Heidelberg Hbf;93866;Hannover Hbf;66240;87600;356;14;483.6;81.5;2.48;1;3;1.0;1;IC;;Heidelberg;Hannover
1341460;31;11;ICE;ICE;DB Fernverkehr AG;428519;Hamburg Hbf;9941;München Hbf;47580;83700;602;17;1077.6;107.4;1.39;2;56;1.0;1;ICE;;Hamburg;München
1341508;36;43;ICE;ICE;DB Fernverkehr AG;464157;Basel SBB;396514;Hamburg-Altona;33360;63300;499;17;821.2;98.7;1.83;5;01234;0.882;0;ICE;;Basel;Hamburg
1341613;1;;IC;IC;PKP Intercity;380319;Wroclaw Glowny;262513;Horka(Gr);34200;39120;82;6;142.7;104.4;2.8;8;0123456;0.0;0;IC;;Wroclaw Glowny;Horka
1341699;72;;ICE;ICE;SBB;464157;Basel SBB;583614;Chur;43620;51720;135;5;176.5;78.4;1.7;2;56;0.0;0;ICE;;Basel;Chur
1342224;77;10;ICE;ICE;DB Fernverkehr AG;613345;Berlin Hbf;517455;Köln Hbf;71220;90840;327;11;530.6;97.4;1.7;1;5;1.0;1;ICE;;Berlin;Köln
13425;17;;ICE;ICE;Nederlandse Spoorwegen;575362;Arnhem Centraal;79866;Amsterdam Centraal;30480;34140;61;3;90.6;89.1;1.1;2;56;0.0;0;ICE;;Arnhem Centraal;Amsterdam
1342501;36;43;ICE;ICE;DB Fernverkehr AG;396514;Hamburg-Altona;598255;Offenburg;30300;56100;430;17;733.0;102.3;2.05;2;56;1.0;1;ICE;;Hamburg;Offenburg
1342995;26;55;IC;IC;DB Fernverkehr AG;668361;Stuttgart Hbf;640892;Dortmund Hbf;70560;87840;288;12;380.1;79.2;2.63;5;3456;1.0;1;IC;;Stuttgart;Dortmund
1343215;23;12;ICE;ICE;DB Fernverkehr AG;613345;Berlin Hbf;497089;Karlsruhe Hbf;67020;86340;322;12;653.6;121.8;1.53;1;4;1.0;1;ICE;;Berlin;Karlsruhe
1343478;53;47;ICE;ICE;DB Fernverkehr AG;9941;München Hbf;640892;Dortmund Hbf;44400;64200;330;11;607.3;110.4;1.48;2;56;1.0;1;ICE;;München;Dortmund
134361;31;11;ICE;ICE;DB Fernverkehr AG;127712;Berlin Gesundbrunnen;9941;München Hbf;54540;84180;494;14;816.0;99.1;1.47;1;6;1.0;1;ICE;;Berlin;München
1343922;45;25;ICE;ICE;DB Fernverkehr AG;331094;Hamburg Dammtor;9941;München Hbf;49980;71400;357;12;704.8;118.4;1.42;21;0123456;1.0;1;ICE;;Hamburg;München
1344185;89;35;IC;IC;DB Fernverkehr AG;195950;Norddeich Mole;517455;Köln Hbf;49860;65640;263;17;344.8;78.7;4.35;11;01234;1.0;1;IC;;Norddeich Mole;Köln
1344513;77;10;ICE;ICE;DB Fernverkehr AG;517455;Köln Hbf;391201;Berlin Südkreuz;49080;66000;282;10;510.6;108.6;1.57;8;0123456;1.0;1;ICE;;Köln;Berlin
1344736;23;12;ICE;ICE;DB Fernverkehr AG;464157;Basel SBB;613345;Berlin Hbf;36960;63240;438;16;827.4;113.3;1.69;6;56;0.875;0;ICE;;Basel;Berlin
1344858;91;79;ICE;ICE;DB Fernverkehr AG;176697;Frankfurt(Main)Hbf;257676;Bruxelles Midi;66780;77700;182;8;356.7;117.6;1.68;1;5;0.625;0;ICE;;Frankfurt;Bruxelles
1345364;82;95;EC;IC;DB Fernverkehr AG;42071;Rzepin;354957;Frankfurt(Oder);46200;47340;19;3;19.2;60.7;;2;56;0.667;0;IC;;Rzepin;Frankfurt(Oder)
134545;26;55;IC;IC;DB Fernverkehr AG;224643;Dresden Hbf;93866;Hannover Hbf;19320;33780;241;10;349.7;87.1;2.29;6;01234;1.0;1;IC;;Dresden;Hannover
1346279;12;29;ICE;ICE;DB Fernverkehr AG;9941;München Hbf;127712;Berlin Gesundbrunnen;58860;73860;250;7;560.0;134.4;0.89;10;56;1.0;1;ICE-SPRINTER;SPR-4;München;Berlin
1346599;13;;RJ;SONSTIGE;Dänische Staatsbahnen;310614;Flensburg;274287;Koebenhavn H;7080;23520;274;8;284.6;62.3;2.11;1;0;0.25;0;SONSTIGE;;Flensburg;København
1346638;33;42;ICE;ICE;DB Fernverkehr AG;428519;Hamburg Hbf;668361;Stuttgart Hbf;63900;87420;392;15;711.6;108.9;1.83;1;1;1.0;1;ICE;;Hamburg;Stuttgart
1346752;50;61;IC;IC;DB Fernverkehr AG;497089;Karlsruhe Hbf;531677;Halle(Saale)Hbf;54360;79020;411;23;513.3;74.9;4.09;2;5;1.0;1;IC;;Karlsruhe;Halle
1346782;72;;ICE;ICE;SBB;464157;Basel SBB;228347;Brig;80880;89700;147;8;179.2;73.1;3.35;2;13;0.0;0;ICE;;Basel;Brig
134694;77;10;ICE;ICE;DB Fernverkehr AG;517455;Köln Hbf;391201;Berlin Südkreuz;27300;44400;285;10;510.6;107.5;1.57;21;0123456;1.0;1;ICE;;Köln;Berlin
1347085;45;25;ICE;ICE;DB Fernverkehr AG;9941;München Hbf;9066;Hamburg-Harburg;65460;85440;333;10;692.6;124.8;1.16;2;45;1.0;1;ICE;;München;Hamburg
1347400;91;79;ICE;ICE;DB Fernverkehr AG;257676;Bruxelles Midi;176697;Frankfurt(Main)Hbf;51900;62820;182;8;356.7;117.6;1.68;21;01234;0.625;0;ICE;;Bruxelles;Frankfurt
1347831;17;;ICE;ICE;Nederlandse Spoorwegen;575362;Arnhem Centraal;79866;Amsterdam Centraal;80880;84540;61;3;90.6;89.1;1.1;9;0123;0.0;0;ICE;;Arnhem Centraal;Amsterdam
1348249;78;15;ICE;ICE;DB Fernverkehr AG;621598;Eisenach Hbf;552264;Ostseebad Binz;23820;44940;352;14;553.9;94.4;2.17;1;0;1.0;1;ICE;;Eisenach;Ostseebad Binz
1348406;38;28;ICE;ICE;DB Fernverkehr AG;9941;München Hbf;396514;Hamburg-Altona;53280;78060;413;13;836.7;121.6;1.31;21;0123456;1.0;1;ICE;;München;Hamburg
1348654;67;33;ICE;ICE;DB Fernverkehr AG;412729;Hamburg-Bergedorf;552264;Ostseebad Binz;40740;52980;204;9;260.4;76.6;2.69;1;4;1.0;1;ICE;;Hamburg;Ostseebad Binz
1348702;91;79;ICE;ICE;DB Fernverkehr AG;257676;Bruxelles Midi;517455;Köln Hbf;55500;62100;110;6;196.9;107.4;2.03;6;01234;0.5;0;ICE;;Bruxelles;Köln
1348854;44;17;IC;IC;DB Fernverkehr AG;224643;Dresden Hbf;157968;Rostock Hbf;48900;63420;242;9;368.9;91.5;1.9;28;0123456;1.0;1;IC;;Dresden;Rostock
134926;32;18;ICE;ICE;DB Fernverkehr AG;468987;Westerland(Sylt);127712;Berlin Gesundbrunnen;51600;71940;339;11;458.2;81.1;1.96;2;56;1.0;1;ICE;;Westerland;Berlin
1349581;57;19;ICE;ICE;DB Fernverkehr AG;517455;Köln Hbf;93866;Hannover Hbf;74700;85080;173;5;257.5;89.3;1.17;1;3;1.0;1;ICE;;Köln;Hannover
1349756;31;11;ICE;ICE;DB Fernverkehr AG;127712;Berlin Gesundbrunnen;9941;München Hbf;76680;113220;609;18;829.4;81.7;1.93;1;4;1.0;1;ICE;;Berlin;München
1349783;77;10;ICE;ICE;DB Fernverkehr AG;613345;Berlin Hbf;691821;Düsseldorf Hbf;46020;61920;265;11;507.4;114.9;1.77;17;0123456;1.0;1;ICE;;Berlin;Düsseldorf
1350042;56;1;IC;IC;SBB;96724;Zürich HB;510671;Bern;84720;88260;59;3;104.9;106.6;0.95;2;5;0.0;0;IC;;Zürich;Bern
1351345;9;87;IC;IC;DB Fernverkehr AG;556408;Schaffhausen;668361;Stuttgart Hbf;19800;28740;149;13;153.6;61.8;7.16;6;01234;0.923;0;IC;;Schaffhausen;Stuttgart
1351588;33;42;ICE;ICE;DB Fernverkehr AG;9941;München Hbf;396514;Hamburg-Altona;19980;52440;541;19;888.6;98.6;1.91;7;0123456;1.0;1;ICE;;München;Hamburg
1352262;68;91;ICE;ICE;DB Fernverkehr AG;99055;Nürnberg Hbf;640892;Dortmund Hbf;70320;91620;355;11;439.8;74.3;2.05;1;3;1.0;1;ICE;;Nürnberg;Dortmund
135267;17;;ICE;ICE;Nederlandse Spoorwegen;79866;Amsterdam Centraal;575362;Arnhem Centraal;28860;32520;61;3;90.6;89.1;1.1;4;156;0.0;0;ICE;;Amsterdam;Arnhem Centraal
1352685;82;95;EC;IC;DB Fernverkehr AG;127712;Berlin Gesundbrunnen;42071;Rzepin;20640;25620;83;5;101.3;73.2;2.96;17;012345;0.8;0;IC;;Berlin;Rzepin
1352778;82;95;EC;IC;DB Fernverkehr AG;127712;Berlin Gesundbrunnen;42071;Rzepin;35040;40020;83;5;101.3;73.2;2.96;19;0123456;0.8;0;IC;;Berlin;Rzepin
1352841;38;28;ICE;ICE;DB Fernverkehr AG;9941;München Hbf;613345;Berlin Hbf;67560;85380;297;8;578.3;116.8;1.04;1;1;1.0;1;ICE;;München;Berlin
1353092;33;42;ICE;ICE;DB Fernverkehr AG;428519;Hamburg Hbf;9941;München Hbf;56700;88140;524;17;883.4;101.2;1.7;2;23;1.0;1;ICE;;Hamburg;München
1353472;9;87;IC;IC;DB Fernverkehr AG;556408;Schaffhausen;668361;Stuttgart Hbf;72960;81780;147;14;153.9;62.8;7.8;10;0123456;0.929;0;IC;;Schaffhausen;Stuttgart
1353795;32;18;ICE;ICE;DB Fernverkehr AG;99055;Nürnberg Hbf;9941;München Hbf;39540;45720;103;5;180.2;104.9;1.67;3;056;1.0;1;ICE;;Nürnberg;München
1353853;22;;IC;IC;SBB;96724;Zürich HB;556408;Schaffhausen;67020;69180;36;2;36.3;60.4;0.0;2;6;0.0;0;IC;;Zürich;Schaffhausen
1353978;91;79;ICE;ICE;DB Fernverkehr AG;176697;Frankfurt(Main)Hbf;257676;Bruxelles Midi;38040;48900;181;8;356.7;118.3;1.68;19;01234;0.625;0;ICE;;Frankfurt;Bruxelles
13543;14;;EC;IC;ÖBB;63619;St. Margrethen SG;167729;Lindau-Reutin;53460;54480;17;3;15.5;54.9;;10;0123456;0.333;0;IC;;St. Margrethen SG;Lindau-Reutin
1354365;77;10;ICE;ICE;DB Fernverkehr AG;391201;Berlin Südkreuz;517455;Köln Hbf;19560;39900;339;10;511.7;90.6;1.56;1;0;1.0;1;ICE;;Berlin;Köln
1354377;80;55;ICE;ICE;DB Fernverkehr AG;517455;Köln Hbf;64889;Oberstdorf;39180;65520;439;13;484.6;66.2;2.27;13;0123456;1.0;1;ICE;;Köln;Oberstdorf
1354611;88;;IC;IC;Dänische Staatsbahnen;310614;Flensburg;328829;Fredericia st;79500;84600;85;10;112.7;79.5;7.1;2;35;0.2;0;IC;;Flensburg;Fredericia st
1354617;77;10;ICE;ICE;DB Fernverkehr AG;613345;Berlin Hbf;517455;Köln Hbf;67620;85500;298;11;539.2;108.6;1.67;2;12;1.0;1;ICE;;Berlin;Köln
1354719;33;42;ICE;ICE;DB Fernverkehr AG;9941;München Hbf;396514;Hamburg-Altona;41280;74040;546;18;888.2;97.6;1.8;2;56;1.0;1;ICE;;München;Hamburg
1354901;22;;IC;IC;SBB;96724;Zürich HB;556408;Schaffhausen;27420;29580;36;2;36.3;60.4;0.0;2;5;0.0;0;IC;;Zürich;Schaffhausen
1355394;68;91;ICE;ICE;DB Fernverkehr AG;640892;Dortmund Hbf;99055;Nürnberg Hbf;30000;52200;370;13;459.1;74.4;2.4;5;056;1.0;1;ICE;;Dortmund;Nürnberg
1356095;88;;IC;IC;Dänische Staatsbahnen;310614;Flensburg;328829;Fredericia st;21900;27000;85;10;112.7;79.5;7.1;26;012345;0.2;0;IC;;Flensburg;Fredericia st
1356407;26;55;IC;IC;DB Fernverkehr AG;635340;Heidelberg Hbf;224643;Dresden Hbf;37440;74400;616;26;839.1;81.7;2.86;5;01234;1.0;1;IC;;Heidelberg;Dresden
1356413;87;41;ICE;ICE;DB Fernverkehr AG;640892;Dortmund Hbf;9941;München Hbf;13140;36720;393;14;596.6;91.1;2.01;2;56;1.0;1;ICE;;Dortmund;München
1356444;42;22;ICE;ICE;DB Fernverkehr AG;668361;Stuttgart Hbf;659783;Kiel Hbf;18120;42000;398;13;673.5;101.5;1.63;1;5;1.0;1;ICE;;Stuttgart;Kiel
1356515;93;96;EC;IC;DB Fernverkehr AG;42071;Rzepin;327376;Berlin-Lichtenberg;64140;68880;79;4;92.9;70.6;2.15;5;12345;0.75;0;IC;;Rzepin;Berlin
1357335;5;50;ICE;ICE;DB Fernverkehr AG;224643;Dresden Hbf;38672;Frankfurt(M) Flughafen Fernbf;43860;62880;317;10;431.8;81.7;1.85;2;56;1.0;1;ICE;;Dresden;Frankfurt
135736;33;42;ICE;ICE;DB Fernverkehr AG;9941;München Hbf;517455;Köln Hbf;70080;88020;299;9;503.9;101.1;1.39;1;3;1.0;1;ICE;;München;Köln
135772;10;20;ICE;ICE;DB Fernverkehr AG;526634;Freiburg(Breisgau) Hbf;428519;Hamburg Hbf;19620;41340;362;11;686.7;113.8;1.31;3;0;1.0;1;ICE;;Freiburg;Hamburg
1358301;32;18;ICE;ICE;DB Fernverkehr AG;9941;München Hbf;127712;Berlin Gesundbrunnen;82440;110220;463;17;591.3;76.6;2.54;1;0;1.0;1;ICE;;München;Berlin
1358698;53;47;ICE;ICE;DB Fernverkehr AG;9941;München Hbf;640892;Dortmund Hbf;15600;35400;330;12;608.2;110.6;1.64;4;0145;1.0;1;ICE;;München;Dortmund
1358832;17;;ICE;ICE;Nederlandse Spoorwegen;575362;Arnhem Centraal;79866;Amsterdam Centraal;30480;34320;64;3;90.6;85.0;1.1;1;2;0.0;0;ICE;;Arnhem Centraal;Amsterdam
1359350;3;26;ICE;ICE;DB Fernverkehr AG;83956;Oldenburg(Oldb)Hbf;635340;Heidelberg Hbf;17040;38460;357;16;518.2;87.1;2.7;1;6;1.0;1;ICE;;Oldenburg;Heidelberg
1359378;45;25;ICE;ICE;DB Fernverkehr AG;9941;München Hbf;9066;Hamburg-Harburg;22140;42240;335;10;692.6;124.1;1.16;2;56;1.0;1;ICE;;München;Hamburg
1359415;87;41;ICE;ICE;DB Fernverkehr AG;9941;München Hbf;517455;Köln Hbf;71100;88260;286;11;502.8;105.5;1.79;6;012356;1.0;1;ICE;;München;Köln
1359444;94;88;ECE;ICE;DB Fernverkehr AG;9941;München Hbf;167729;Lindau-Reutin;74880;82140;121;4;163.5;81.1;1.22;2;16;1.0;1;ICE;;München;Lindau-Reutin
1359449;35;27;ECE;ICE;DB Fernverkehr AG;310614;Flensburg;396514;Hamburg-Altona;11220;17280;101;2;139.7;83.0;0.0;8;0123456;1.0;1;ICE;;Flensburg;Hamburg
1359473;42;22;ICE;ICE;DB Fernverkehr AG;668361;Stuttgart Hbf;659783;Kiel Hbf;40980;63600;377;11;670.6;106.7;1.34;8;0123456;1.0;1;ICE;;Stuttgart;Kiel
1359511;77;10;ICE;ICE;DB Fernverkehr AG;613345;Berlin Hbf;640892;Dortmund Hbf;24420;38580;236;5;429.7;109.3;0.7;2;06;1.0;1;ICE;;Berlin;Dortmund
1359590;2;56;IC;IC;DB Fernverkehr AG;53188;Leipzig Hbf;161450;Emden Hbf;34920;56280;356;18;469.8;79.2;3.41;17;01234;1.0;1;IC;;Leipzig;Emden
1359818;53;47;ICE;ICE;DB Fernverkehr AG;267257;Essen Hbf;9941;München Hbf;63660;86460;380;11;576.1;91.0;1.56;2;12;1.0;1;ICE;;Essen;München
1360394;12;29;ICE;ICE;DB Fernverkehr AG;127712;Berlin Gesundbrunnen;9941;München Hbf;62760;79560;280;8;587.3;125.9;1.02;2;01;1.0;1;ICE-SPRINTER;SPR-4;Berlin;München
1360659;77;10;ICE;ICE;DB Fernverkehr AG;613345;Berlin Hbf;517455;Köln Hbf;67620;85680;301;11;540.3;107.7;1.67;1;6;1.0;1;ICE;;Berlin;Köln
1360919;5;50;ICE;ICE;DB Fernverkehr AG;224643;Dresden Hbf;87362;Wiesbaden Hbf;51060;70320;321;11;455.2;85.1;1.98;3;056;1.0;1;ICE;;Dresden;Wiesbaden
1361393;94;88;ECE;ICE;DB Fernverkehr AG;167729;Lindau-Reutin;9941;München Hbf;61800;69720;132;4;163.5;74.3;1.22;1;0;1.0;1;ICE;;Lindau-Reutin;München
1361501;84;77;ICE;ICE;DB Fernverkehr AG;391201;Berlin Südkreuz;65847;Hengelo;21900;36420;242;10;456.9;113.3;1.75;4;56;0.9;0;ICE;;Berlin;Hengelo
1362452;33;42;ICE;ICE;DB Fernverkehr AG;428519;Hamburg Hbf;9941;München Hbf;71100;108180;618;22;927.3;90.0;2.16;1;6;1.0;1;ICE;;Hamburg;München
1362682;48;;EC;IC;SBB;63619;St. Margrethen SG;96724;Zürich HB;69000;73680;78;5;91.3;70.2;3.29;10;0123456;0.0;0;IC;;St. Margrethen SG;Zürich
1362736;77;10;ICE;ICE;DB Fernverkehr AG;517455;Köln Hbf;391201;Berlin Südkreuz;70560;88140;293;11;512.5;105.0;1.76;7;3456;1.0;1;ICE;;Köln;Berlin
1362864;55;;RJ;SONSTIGE;Ceske Drahy;653775;Praha hl.n.;26993;Decin hl.n.;23460;28680;87;4;87.0;60.0;2.3;1;0;0.0;0;SONSTIGE;;Praha;Decin hl.n.
1363258;17;;ICE;ICE;Nederlandse Spoorwegen;65847;Hengelo;79866;Amsterdam Centraal;36540;43140;110;6;139.3;76.0;2.87;1;0;0.0;0;ICE;;Hengelo;Amsterdam
1363471;89;35;IC;IC;DB Fernverkehr AG;691821;Düsseldorf Hbf;195950;Norddeich Mole;43920;58920;250;15;311.3;74.7;4.18;2;56;1.0;1;IC;;Düsseldorf;Norddeich Mole
1363884;31;11;ICE;ICE;DB Fernverkehr AG;9941;München Hbf;176697;Frankfurt(Main)Hbf;74700;86700;200;7;359.8;107.9;1.39;1;1;1.0;1;ICE;;München;Frankfurt
1364169;36;43;ICE;ICE;DB Fernverkehr AG;297876;Basel Bad Bf;396514;Hamburg-Altona;19500;48840;489;17;835.7;102.5;1.79;6;01234;0.941;0;ICE;;Basel;Hamburg
1364201;5;50;ICE;ICE;DB Fernverkehr AG;53188;Leipzig Hbf;38672;Frankfurt(M) Flughafen Fernbf;19680;32160;208;8;329.3;95.0;1.82;20;01234;1.0;1;ICE;;Leipzig;Frankfurt
136432;48;;EC;IC;SBB;96724;Zürich HB;63619;St. Margrethen SG;34320;38940;77;5;91.3;71.2;3.29;2;45;0.0;0;IC;;Zürich;St. Margrethen SG
1364514;31;11;ICE;ICE;DB Fernverkehr AG;127712;Berlin Gesundbrunnen;9941;München Hbf;40140;69000;481;14;817.3;102.0;1.47;3;234;1.0;1;ICE;;Berlin;München
1364624;89;35;IC;IC;DB Fernverkehr AG;691821;Düsseldorf Hbf;195950;Norddeich Mole;22020;37140;252;17;311.9;74.3;4.81;1;5;1.0;1;IC;;Düsseldorf;Norddeich Mole
1364716;26;55;IC;IC;DB Fernverkehr AG;517455;Köln Hbf;635340;Heidelberg Hbf;60780;70440;161;6;218.9;81.6;1.83;4;1234;1.0;1;IC;;Köln;Heidelberg
1364723;20;49;ICE;ICE;DB Fernverkehr AG;176697;Frankfurt(Main)Hbf;517455;Köln Hbf;65460;70380;82;6;161.5;118.2;2.48;10;56;1.0;1;ICE;;Frankfurt;Köln
1365815;91;79;ICE;ICE;DB Fernverkehr AG;257676;Bruxelles Midi;176697;Frankfurt(Main)Hbf;59100;70020;182;8;356.7;117.6;1.68;2;56;0.625;0;ICE;;Bruxelles;Frankfurt
1366454;77;10;ICE;ICE;DB Fernverkehr AG;613345;Berlin Hbf;691821;Düsseldorf Hbf;64020;79680;261;12;502.5;115.5;1.99;2;12;1.0;1;ICE;;Berlin;Düsseldorf
1366459;17;;ICE;ICE;Nederlandse Spoorwegen;79866;Amsterdam Centraal;65847;Hengelo;50400;57060;111;6;139.3;75.3;2.87;2;56;0.0;0;ICE;;Amsterdam;Hengelo
1366685;33;42;ICE;ICE;DB Fernverkehr AG;176697;Frankfurt(Main)Hbf;396514;Hamburg-Altona;84120;113460;489;23;609.6;74.8;3.44;1;6;1.0;1;ICE-SPRINTER;SPR-1;Frankfurt;Hamburg
1366936;13;;RJ;SONSTIGE;Dänische Staatsbahnen;310614;Flensburg;274287;Koebenhavn H;7080;18900;197;8;284.6;86.7;2.11;1;5;0.25;0;SONSTIGE;;Flensburg;København
1367004;26;55;IC;IC;DB Fernverkehr AG;464794;Magdeburg Hbf;224643;Dresden Hbf;57660;67080;157;8;218.4;83.5;2.75;6;012356;1.0;1;IC;;Magdeburg;Dresden
136701;50;61;IC;IC;DB Fernverkehr AG;99055;Nürnberg Hbf;497089;Karlsruhe Hbf;20100;31980;198;11;252.2;76.4;3.57;4;1234;1.0;1;IC;;Nürnberg;Karlsruhe
1367158;33;42;ICE;ICE;DB Fernverkehr AG;9941;München Hbf;396514;Hamburg-Altona;60;37980;632;22;918.8;87.2;2.18;1;0;1.0;1;ICE;;München;Hamburg
1367199;48;;EC;IC;SBB;96724;Zürich HB;63619;St. Margrethen SG;63120;67800;78;5;91.3;70.2;3.29;5;03456;0.0;0;IC;;Zürich;St. Margrethen SG
1367329;48;;EC;IC;SBB;63619;St. Margrethen SG;96724;Zürich HB;69000;73680;78;5;91.3;70.2;3.29;14;0123456;0.0;0;IC;;St. Margrethen SG;Zürich
1367655;26;55;IC;IC;DB Fernverkehr AG;635340;Heidelberg Hbf;517455;Köln Hbf;30240;39960;162;6;218.9;81.1;1.83;2;06;1.0;1;IC;;Heidelberg;Köln
136781;53;47;ICE;ICE;DB Fernverkehr AG;9941;München Hbf;640892;Dortmund Hbf;44400;64200;330;12;608.2;110.6;1.64;7;0123456;1.0;1;ICE;;München;Dortmund
1367853;55;;RJ;SONSTIGE;Ceske Drahy;653775;Praha hl.n.;26993;Decin hl.n.;59460;64680;87;4;87.0;60.0;2.3;6;123456;0.0;0;SONSTIGE;;Praha;Decin hl.n.
1367903;31;11;ICE;ICE;DB Fernverkehr AG;9941;München Hbf;127712;Berlin Gesundbrunnen;38700;67620;482;15;816.4;101.6;1.59;2;56;1.0;1;ICE;;München;Berlin
136795;9;87;IC;IC;DB Fernverkehr AG;679686;Singen(Hohentwiel);556408;Schaffhausen;73920;74700;13;2;17.0;78.4;;2;56;0.5;0;IC;;Singen;Schaffhausen
1368217;36;43;ICE;ICE;DB Fernverkehr AG;428519;Hamburg Hbf;464157;Basel SBB;38700;67680;483;15;816.0;101.4;1.59;1;5;0.867;0;ICE;;Hamburg;Basel
1368439;77;10;ICE;ICE;DB Fernverkehr AG;613345;Berlin Hbf;691821;Düsseldorf Hbf;49620;67920;305;11;501.6;98.7;1.79;2;06;1.0;1;ICE;;Berlin;Düsseldorf
1368529;5;50;ICE;ICE;DB Fernverkehr AG;87362;Wiesbaden Hbf;224643;Dresden Hbf;37560;56580;317;11;455.2;86.2;1.98;3;056;1.0;1;ICE;;Wiesbaden;Dresden
1368719;45;25;ICE;ICE;DB Fernverkehr AG;9941;München Hbf;9066;Hamburg-Harburg;43560;63840;338;10;692.6;123.0;1.16;3;056;1.0;1;ICE;;München;Hamburg
1368803;13;;RJ;SONSTIGE;Dänische Staatsbahnen;274287;Koebenhavn H;368193;Padborg st;22920;32220;155;5;276.4;107.0;1.09;3;0;0.0;0;SONSTIGE;;København;Padborg st
1368974;45;25;ICE;ICE;DB Fernverkehr AG;99055;Nürnberg Hbf;9941;München Hbf;23400;28200;80;3;149.8;112.4;0.67;20;01234;1.0;1;ICE;;Nürnberg;München
1369040;4;3;ICE;ICE;DB Fernverkehr AG;613345;Berlin Hbf;667068;Frankfurt(M) Flughafen Regionalbf;43320;58800;258;4;435.5;101.3;0.46;3;056;1.0;1;ICE-SPRINTER;SPR-5;Berlin;Frankfurt
1369267;63;14;ICE;ICE;DB Fernverkehr AG;127712;Berlin Gesundbrunnen;640892;Dortmund Hbf;25980;38880;215;8;434.2;121.2;1.38;4;1234;1.0;1;ICE;;Berlin;Dortmund
1369697;36;43;ICE;ICE;DB Fernverkehr AG;396514;Hamburg-Altona;517455;Köln Hbf;71400;89160;296;9;376.7;76.4;1.86;1;3;1.0;1;ICE-SPRINTER;SPR-2;Hamburg;Köln
1369850;21;95;EC;IC;PKP Intercity;39653;Warszawa Wschodnia;42071;Rzepin;17340;31740;240;9;430.8;107.7;1.62;1;3;0.0;0;IC;;Warszawa;Rzepin
13700;32;18;ICE;ICE;DB Fernverkehr AG;613345;Berlin Hbf;396514;Hamburg-Altona;50940;59040;135;6;267.7;119.0;1.49;22;0123456;1.0;1;ICE;;Berlin;Hamburg
137040;23;12;ICE;ICE;DB Fernverkehr AG;391201;Berlin Südkreuz;464157;Basel SBB;83460;118080;577;16;849.0;88.3;1.65;6;0126;0.875;0;ICE;;Berlin;Basel
1370724;46;60;ICE;ICE;DB Fernverkehr AG;497089;Karlsruhe Hbf;9941;München Hbf;43500;53340;164;8;273.1;99.9;2.2;8;0123456;1.0;1;ICE;;Karlsruhe;München
1370861;77;10;ICE;ICE;DB Fernverkehr AG;691821;Düsseldorf Hbf;391201;Berlin Südkreuz;71100;87900;280;13;508.0;108.9;2.17;3;345;1.0;1;ICE;;Düsseldorf;Berlin
1371063;23;12;ICE;ICE;DB Fernverkehr AG;391201;Berlin Südkreuz;464157;Basel SBB;83460;118080;577;16;849.0;88.3;1.65;1;2;0.875;0;ICE;;Berlin;Basel
1371152;45;25;ICE;ICE;DB Fernverkehr AG;9941;München Hbf;428519;Hamburg Hbf;65460;87420;366;10;680.8;111.6;1.18;1;5;1.0;1;ICE;;München;Hamburg
137125;28;75;ECE;ICE;DB Fernverkehr AG;428519;Hamburg Hbf;368193;Padborg st;67980;75180;120;4;147.5;73.8;1.36;6;01236;0.75;0;ICE;;Hamburg;Padborg st
1372685;42;22;ICE;ICE;DB Fernverkehr AG;659783;Kiel Hbf;668361;Stuttgart Hbf;29760;52680;382;10;670.1;105.2;1.19;8;0123456;1.0;1;ICE;;Kiel;Stuttgart
1372859;46;60;ICE;ICE;DB Fernverkehr AG;253250;Ulm Hbf;9941;München Hbf;23880;28500;77;5;124.9;97.4;2.4;14;0123;1.0;1;ICE;;Ulm;München
1372942;91;79;ICE;ICE;DB Fernverkehr AG;176697;Frankfurt(Main)Hbf;257676;Bruxelles Midi;23640;34500;181;8;356.7;118.3;1.68;1;5;0.625;0;ICE;;Frankfurt;Bruxelles
1372944;87;41;ICE;ICE;DB Fernverkehr AG;691821;Düsseldorf Hbf;9941;München Hbf;40620;58380;296;9;533.0;108.0;1.31;2;5;1.0;1;ICE;;Düsseldorf;München
1373571;2;56;IC;IC;DB Fernverkehr AG;337692;Berlin-Charlottenburg;195950;Norddeich Mole;27540;51600;401;22;514.0;76.9;3.89;1;4;1.0;1;IC;;Berlin;Norddeich Mole
137373;3;26;ICE;ICE;DB Fernverkehr AG;635340;Heidelberg Hbf;477761;Bremen Hbf;33480;53100;327;13;474.5;87.1;2.32;5;01234;1.0;1;ICE;;Heidelberg;Bremen
137381;33;42;ICE;ICE;DB Fernverkehr AG;396514;Hamburg-Altona;9941;München Hbf;55560;88140;543;19;888.6;98.2;1.91;9;013456;1.0;1;ICE;;Hamburg;München
1374140;87;41;ICE;ICE;DB Fernverkehr AG;9941;München Hbf;517455;Köln Hbf;67440;84840;290;10;499.6;103.4;1.6;1;1;1.0;1;ICE;;München;Köln
1375238;28;75;ECE;ICE;DB Fernverkehr AG;396514;Hamburg-Altona;368193;Padborg st;25680;32040;106;4;146.4;82.9;1.37;9;0123456;0.75;0;ICE;;Hamburg;Padborg st
1375492;36;43;ICE;ICE;DB Fernverkehr AG;464157;Basel SBB;396514;Hamburg-Altona;40560;70440;498;18;838.3;101.0;1.91;3;56;0.889;0;ICE;;Basel;Hamburg
1375629;50;61;IC;IC;DB Fernverkehr AG;53188;Leipzig Hbf;668361;Stuttgart Hbf;57000;78780;363;18;445.9;73.7;3.59;5;01456;1.0;1;IC;;Leipzig;Stuttgart
1375869;33;42;ICE;ICE;DB Fernverkehr AG;517455;Köln Hbf;396514;Hamburg-Altona;14100;30840;279;15;397.4;85.5;3.27;3;456;1.0;1;ICE-SPRINTER;SPR-2;Köln;Hamburg
1376501;9;87;IC;IC;DB Fernverkehr AG;668361;Stuttgart Hbf;556408;Schaffhausen;73560;81900;139;8;151.7;65.5;3.95;16;0123456;0.875;0;IC;;Stuttgart;Schaffhausen
1376620;61;1;ICE;ICE;DB Fernverkehr AG;99055;Nürnberg Hbf;517455;Köln Hbf;19680;36360;278;10;366.3;79.1;2.18;4;0456;1.0;1;ICE;;Nürnberg;Köln
1376687;5;50;ICE;ICE;DB Fernverkehr AG;224643;Dresden Hbf;87362;Wiesbaden Hbf;29460;48720;321;12;460.2;86.0;2.17;3;056;1.0;1;ICE;;Dresden;Wiesbaden
1377128;53;47;ICE;ICE;DB Fernverkehr AG;640892;Dortmund Hbf;9941;München Hbf;47760;70860;385;12;607.7;94.7;1.65;2;6;1.0;1;ICE;;Dortmund;München
1377636;26;55;IC;IC;DB Fernverkehr AG;517455;Köln Hbf;176697;Frankfurt(Main)Hbf;75180;83580;140;4;161.3;69.1;1.24;4;1234;1.0;1;IC;;Köln;Frankfurt
1377987;45;25;ICE;ICE;DB Fernverkehr AG;9941;München Hbf;93866;Hannover Hbf;69180;86760;293;7;548.1;112.2;0.91;3;012;1.0;1;ICE;;München;Hannover
1379293;26;55;IC;IC;DB Fernverkehr AG;224643;Dresden Hbf;464794;Magdeburg Hbf;33720;43020;155;8;218.4;84.5;2.75;6;012356;1.0;1;IC;;Dresden;Magdeburg
1380193;26;55;IC;IC;DB Fernverkehr AG;668361;Stuttgart Hbf;640892;Dortmund Hbf;70560;91080;342;12;399.4;70.1;2.5;3;012;1.0;1;IC;;Stuttgart;Dortmund
1380368;45;25;ICE;ICE;DB Fernverkehr AG;9066;Hamburg-Harburg;9941;München Hbf;22380;43680;355;9;679.1;114.8;1.03;4;1234;1.0;1;ICE;;Hamburg;München
13805;80;55;ICE;ICE;DB Fernverkehr AG;517455;Köln Hbf;635340;Heidelberg Hbf;39180;48840;161;6;218.9;81.6;1.83;2;56;1.0;1;ICE;;Köln;Heidelberg
1380501;82;95;EC;IC;DB Fernverkehr AG;354957;Frankfurt(Oder);42071;Rzepin;24600;25620;17;3;19.2;67.8;;1;1;0.667;0;IC;;Frankfurt(Oder);Rzepin
1380533;26;55;IC;IC;DB Fernverkehr AG;224643;Dresden Hbf;635340;Heidelberg Hbf;26520;63240;612;26;839.1;82.3;2.86;7;0123456;1.0;1;IC;;Dresden;Heidelberg
1381204;86;;EN;SONSTIGE;PKP Intercity;135333;Wien Hbf;39653;Warszawa Wschodnia;83940;116100;536;17;576.7;64.6;2.6;2;56;0.0;0;SONSTIGE;;Wien;Warszawa
1381342;68;91;ICE;ICE;DB Fernverkehr AG;565099;Kufstein;613345;Berlin Hbf;32880;57900;417;13;685.2;98.6;1.61;3;234;0.923;0;ICE;;Kufstein;Berlin
1381373;9;87;IC;IC;DB Fernverkehr AG;556408;Schaffhausen;668361;Stuttgart Hbf;51360;60180;147;14;153.9;62.8;7.8;10;0123456;0.929;0;IC;;Schaffhausen;Stuttgart
1381567;87;41;ICE;ICE;DB Fernverkehr AG;9941;München Hbf;691821;Düsseldorf Hbf;45900;63480;293;8;530.4;108.6;1.13;13;0123456;1.0;1;ICE;;München;Düsseldorf
1381904;72;;ICE;ICE;SBB;464157;Basel SBB;480653;Interlaken Ost;71880;79200;122;8;138.9;68.3;4.32;6;56;0.0;0;ICE;;Basel;Interlaken Ost
1381980;31;11;ICE;ICE;DB Fernverkehr AG;9941;München Hbf;127712;Berlin Gesundbrunnen;81960;116940;583;17;808.2;83.2;1.86;2;0;1.0;1;ICE;;München;Berlin
1382070;77;10;ICE;ICE;DB Fernverkehr AG;613345;Berlin Hbf;517455;Köln Hbf;56820;75780;316;8;504.3;95.7;1.19;1;0;1.0;1;ICE;;Berlin;Köln
1382238;10;20;ICE;ICE;DB Fernverkehr AG;331094;Hamburg Dammtor;497089;Karlsruhe Hbf;66060;84180;302;9;567.3;112.7;1.23;3;456;1.0;1;ICE;;Hamburg;Karlsruhe
1382337;77;10;ICE;ICE;DB Fernverkehr AG;517455;Köln Hbf;391201;Berlin Südkreuz;14700;33480;313;12;545.2;104.5;1.83;2;04;1.0;1;ICE;;Köln;Berlin
1382511;31;11;ICE;ICE;DB Fernverkehr AG;127712;Berlin Gesundbrunnen;9941;München Hbf;76680;113100;607;17;810.0;80.1;1.85;1;5;1.0;1;ICE;;Berlin;München
1382550;67;33;ICE;ICE;DB Fernverkehr AG;436196;Greifswald;691821;Düsseldorf Hbf;27000;53400;440;16;606.9;82.8;2.31;7;0123456;1.0;1;ICE;;Greifswald;Düsseldorf
1383041;94;88;ECE;ICE;DB Fernverkehr AG;167729;Lindau-Reutin;9941;München Hbf;40200;47760;126;4;163.5;77.9;1.22;5;156;1.0;1;ICE;;Lindau-Reutin;München
1383166;38;28;ICE;ICE;DB Fernverkehr AG;9941;München Hbf;428519;Hamburg Hbf;53280;77040;396;11;831.5;126.0;1.08;9;0123456;1.0;1;ICE;;München;Hamburg
1383450;22;;IC;IC;SBB;556408;Schaffhausen;96724;Zürich HB;60420;62580;36;2;36.3;60.4;0.0;21;01234;0.0;0;IC;;Schaffhausen;Zürich
1383718;48;;EC;IC;SBB;96724;Zürich HB;63619;St. Margrethen SG;27120;31740;77;5;91.3;71.2;3.29;4;3456;0.0;0;IC;;Zürich;St. Margrethen SG
1383877;53;47;ICE;ICE;DB Fernverkehr AG;640892;Dortmund Hbf;9941;München Hbf;64440;85260;347;12;609.0;105.3;1.64;3;056;1.0;1;ICE;;Dortmund;München
1384001;57;19;ICE;ICE;DB Fernverkehr AG;391201;Berlin Südkreuz;517455;Köln Hbf;24720;41820;285;7;506.8;106.7;0.99;5;01234;1.0;1;ICE;;Berlin;Köln
138418;91;79;ICE;ICE;DB Fernverkehr AG;164260;Antwerpen Centraal;517455;Köln Hbf;68460;77040;143;7;223.2;93.7;2.24;11;01234;0.429;0;ICE;;Antwerpen Centraal;Köln
1384496;42;22;ICE;ICE;DB Fernverkehr AG;668361;Stuttgart Hbf;659783;Kiel Hbf;33720;56400;378;11;670.3;106.4;1.34;1;6;1.0;1;ICE;;Stuttgart;Kiel
1384508;37;82;ICE;ICE;DB Fernverkehr AG;497089;Karlsruhe Hbf;176697;Frankfurt(Main)Hbf;57120;61740;77;3;125.4;97.7;0.8;1;5;1.0;1;ICE;;Karlsruhe;Frankfurt
1384523;87;41;ICE;ICE;DB Fernverkehr AG;9941;München Hbf;640892;Dortmund Hbf;63960;85620;361;10;574.8;95.5;1.39;1;5;1.0;1;ICE;;München;Dortmund
1384569;77;10;ICE;ICE;DB Fernverkehr AG;391201;Berlin Südkreuz;517455;Köln Hbf;85320;108900;393;17;554.2;84.6;2.71;5;02356;1.0;1;ICE;;Berlin;Köln
1384972;82;95;EC;IC;DB Fernverkehr AG;42071;Rzepin;354957;Frankfurt(Oder);39000;40140;19;3;19.2;60.7;;3;056;0.667;0;IC;;Rzepin;Frankfurt(Oder)
1385149;45;25;ICE;ICE;DB Fernverkehr AG;331094;Hamburg Dammtor;9941;München Hbf;64380;86940;376;12;704.8;112.5;1.42;1;4;1.0;1;ICE;;Hamburg;München
1385496;9;87;IC;IC;DB Fernverkehr AG;398625;Oberndorf(Neckar);668361;Stuttgart Hbf;34380;38700;72;4;71.0;59.2;2.82;2;56;1.0;1;IC;;Oberndorf;Stuttgart
1385796;47;62;ICE;ICE;DB Fernverkehr AG;226858;Darmstadt Hbf;9941;München Hbf;59400;72600;220;9;328.0;89.5;2.13;2;56;1.0;1;ICE;;Darmstadt;München
1386272;92;83;ICE;ICE;DB Fernverkehr AG;497089;Karlsruhe Hbf;412384;Strasbourg;55800;58680;48;3;69.1;86.3;1.45;6;012346;0.333;0;ICE;;Karlsruhe;Strasbourg
1386565;48;;EC;IC;SBB;63619;St. Margrethen SG;96724;Zürich HB;83400;88080;78;5;91.3;70.2;3.29;2;4;0.0;0;IC;;St. Margrethen SG;Zürich
1386677;10;20;ICE;ICE;DB Fernverkehr AG;331094;Hamburg Dammtor;464157;Basel SBB;51660;76860;420;13;741.2;105.9;1.48;2;56;0.846;0;ICE;;Hamburg;Basel
1386789;20;49;ICE;ICE;DB Fernverkehr AG;176697;Frankfurt(Main)Hbf;517455;Köln Hbf;54060;59100;84;5;161.5;115.4;1.86;20;01234;1.0;1;ICE;;Frankfurt;Köln
138720;33;42;ICE;ICE;DB Fernverkehr AG;9941;München Hbf;325703;Münster(Westf)Hbf;62880;87360;408;13;635.0;93.4;1.73;1;0;1.0;1;ICE;;München;Münster
1387383;2;56;IC;IC;DB Fernverkehr AG;93866;Hannover Hbf;53188;Leipzig Hbf;19140;29700;176;7;242.0;82.5;2.07;1;5;1.0;1;IC;;Hannover;Leipzig
1387745;53;47;ICE;ICE;DB Fernverkehr AG;640892;Dortmund Hbf;9941;München Hbf;28380;49200;347;12;609.0;105.3;1.64;10;0123456;1.0;1;ICE;;Dortmund;München
1387886;82;95;EC;IC;DB Fernverkehr AG;42071;Rzepin;127712;Berlin Gesundbrunnen;39000;44700;95;5;101.3;64.0;2.96;17;0123456;0.8;0;IC;;Rzepin;Berlin
1388083;84;77;ICE;ICE;DB Fernverkehr AG;325703;Münster(Westf)Hbf;613345;Berlin Hbf;23040;36660;227;4;397.5;105.1;0.5;2;06;1.0;1;ICE;;Münster;Berlin
1388287;61;1;ICE;ICE;DB Fernverkehr AG;396514;Hamburg-Altona;99055;Nürnberg Hbf;57240;88920;528;15;762.0;86.6;1.71;4;2456;1.0;1;ICE;;Hamburg;Nürnberg
1388762;50;61;IC;IC;DB Fernverkehr AG;53188;Leipzig Hbf;497089;Karlsruhe Hbf;28200;53580;423;22;515.5;73.1;3.88;4;1234;1.0;1;IC;;Leipzig;Karlsruhe
1388849;76;51;IC;IC;DB Fernverkehr AG;640892;Dortmund Hbf;197934;Gera Hbf;60120;78900;313;17;378.9;72.6;3.96;25;012346;1.0;1;IC;;Dortmund;Gera
1389222;2;56;IC;IC;DB Fernverkehr AG;161450;Emden Hbf;53188;Leipzig Hbf;51360;72900;359;18;469.8;78.5;3.41;25;0123456;1.0;1;IC;;Emden;Leipzig
1389585;26;55;IC;IC;DB Fernverkehr AG;517455;Köln Hbf;635340;Heidelberg Hbf;60780;70440;161;6;218.9;81.6;1.83;1;0;1.0;1;IC;;Köln;Heidelberg
1390209;33;42;ICE;ICE;DB Fernverkehr AG;9941;München Hbf;396514;Hamburg-Altona;55680;88440;546;18;888.2;97.6;1.8;2;56;1.0;1;ICE;;München;Hamburg
1390776;9;87;IC;IC;DB Fernverkehr AG;556408;Schaffhausen;668361;Stuttgart Hbf;33360;41520;136;6;149.2;65.8;2.68;16;0123456;0.833;0;IC;;Schaffhausen;Stuttgart
1391147;12;29;ICE;ICE;DB Fernverkehr AG;127712;Berlin Gesundbrunnen;9941;München Hbf;48360;63780;257;7;560.0;130.7;0.89;28;0123456;1.0;1;ICE-SPRINTER;SPR-4;Berlin;München
1391825;26;55;IC;IC;DB Fernverkehr AG;517455;Köln Hbf;176697;Frankfurt(Main)Hbf;75180;83580;140;4;161.3;69.1;1.24;4;0456;1.0;1;IC;;Köln;Frankfurt
1392481;87;41;ICE;ICE;DB Fernverkehr AG;9941;München Hbf;640892;Dortmund Hbf;63960;85140;353;14;604.4;102.7;1.99;3;056;1.0;1;ICE;;München;Dortmund
1392572;72;;ICE;ICE;SBB;464157;Basel SBB;228347;Brig;80880;88980;135;8;179.2;79.6;3.35;2;5;0.0;0;ICE;;Basel;Brig
1392628;36;43;ICE;ICE;DB Fernverkehr AG;396514;Hamburg-Altona;297876;Basel Bad Bf;51960;81540;493;17;819.8;99.8;1.83;4;0123;0.941;0;ICE;;Hamburg;Basel
1393205;77;10;ICE;ICE;DB Fernverkehr AG;613345;Berlin Hbf;517455;Köln Hbf;71220;90660;324;11;535.3;99.1;1.68;1;1;1.0;1;ICE;;Berlin;Köln
1393290;43;;EN;SONSTIGE;MAV;442631;Hegyeshalom;270995;Budapest-Keleti;26880;34140;121;6;157.9;78.3;2.53;1;6;0.0;0;SONSTIGE;;Hegyeshalom;Budapest
139400;9;87;IC;IC;DB Fernverkehr AG;556408;Schaffhausen;668361;Stuttgart Hbf;40560;48720;136;6;149.2;65.8;2.68;16;0123456;0.833;0;IC;;Schaffhausen;Stuttgart
1394024;21;95;EC;IC;PKP Intercity;42071;Rzepin;506051;Gdynia Glowna;58320;74700;273;13;458.1;100.7;2.4;5;12345;0.0;0;IC;;Rzepin;Gdynia Glowna
1395051;37;82;ICE;ICE;DB Fernverkehr AG;180380;Saarbrücken Hbf;176697;Frankfurt(Main)Hbf;75540;82980;124;4;182.3;88.2;1.1;8;01236;1.0;1;ICE;;Saarbrücken;Frankfurt
1395394;42;22;ICE;ICE;DB Fernverkehr AG;668361;Stuttgart Hbf;659783;Kiel Hbf;18120;42000;398;13;673.8;101.6;1.63;5;01234;1.0;1;ICE;;Stuttgart;Kiel
1395511;19;24;ICE;ICE;DB Fernverkehr AG;396514;Hamburg-Altona;9941;München Hbf;32640;54300;361;8;657.8;109.3;0.91;15;01236;1.0;1;ICE;;Hamburg;München
1395559;1;;IC;IC;PKP Intercity;262513;Horka(Gr);380319;Wroclaw Glowny;61620;66600;83;6;142.7;103.1;2.8;31;0123456;0.0;0;IC;;Horka;Wroclaw Glowny
1395903;80;55;ICE;ICE;DB Fernverkehr AG;668361;Stuttgart Hbf;640892;Dortmund Hbf;47100;66720;327;12;403.1;74.0;2.48;4;56;1.0;1;ICE;;Stuttgart;Dortmund
1396304;61;1;ICE;ICE;DB Fernverkehr AG;396514;Hamburg-Altona;99055;Nürnberg Hbf;57240;90420;553;14;760.3;82.5;1.58;3;012;1.0;1;ICE;;Hamburg;Nürnberg
1396619;77;10;ICE;ICE;DB Fernverkehr AG;517455;Köln Hbf;391201;Berlin Südkreuz;41700;58800;285;10;510.6;107.5;1.57;14;0123456;1.0;1;ICE;;Köln;Berlin
13967;32;18;ICE;ICE;DB Fernverkehr AG;9941;München Hbf;127712;Berlin Gesundbrunnen;83520;110220;445;18;591.7;79.8;2.7;13;0123456;1.0;1;ICE;;München;Berlin
1396728;67;33;ICE;ICE;DB Fernverkehr AG;552264;Ostseebad Binz;412729;Hamburg-Bergedorf;54960;67200;204;9;260.4;76.6;2.69;9;0123456;1.0;1;ICE;;Ostseebad Binz;Hamburg
1397044;45;25;ICE;ICE;DB Fernverkehr AG;428519;Hamburg Hbf;9941;München Hbf;80880;108540;461;11;694.0;90.3;1.3;1;5;1.0;1;ICE;;Hamburg;München
1397171;28;75;ECE;ICE;DB Fernverkehr AG;368193;Padborg st;428519;Hamburg Hbf;68520;75660;119;4;147.5;74.4;1.36;15;0123456;0.75;0;ICE;;Padborg st;Hamburg
1397248;42;22;ICE;ICE;DB Fernverkehr AG;668361;Stuttgart Hbf;659783;Kiel Hbf;48120;70800;378;12;692.1;109.9;1.44;5;01234;1.0;1;ICE;;Stuttgart;Kiel
1397678;77;10;ICE;ICE;DB Fernverkehr AG;613345;Berlin Hbf;517455;Köln Hbf;67620;86700;318;11;540.3;101.9;1.67;1;4;1.0;1;ICE;;Berlin;Köln
1397754;87;41;ICE;ICE;DB Fernverkehr AG;517455;Köln Hbf;9941;München Hbf;66900;86820;332;7;500.5;90.4;1.0;1;5;1.0;1;ICE;;Köln;München
139792;69;;EC;IC;Ceske Drahy;26993;Decin hl.n.;653775;Praha hl.n.;115020;120300;88;4;87.0;59.3;2.3;4;156;0.0;0;IC;;Decin hl.n.;Praha
1397982;88;;IC;IC;Dänische Staatsbahnen;328829;Fredericia st;310614;Flensburg;52200;57180;83;10;112.7;81.4;7.1;26;012345;0.2;0;IC;;Fredericia st;Flensburg
1398485;33;42;ICE;ICE;DB Fernverkehr AG;9941;München Hbf;396514;Hamburg-Altona;26880;59640;546;19;888.6;97.7;1.91;2;01;1.0;1;ICE;;München;Hamburg
1398546;33;42;ICE;ICE;DB Fernverkehr AG;9941;München Hbf;428519;Hamburg Hbf;60;36900;614;22;927.3;90.6;2.16;1;0;1.0;1;ICE;;München;Hamburg
1398820;17;;ICE;ICE;Nederlandse Spoorwegen;79866;Amsterdam Centraal;575362;Arnhem Centraal;37860;41520;61;3;90.6;89.1;1.1;11;456;0.0;0;ICE;;Amsterdam;Arnhem Centraal
1398855;54;82;ICE;ICE;SNCF;180380;Saarbrücken Hbf;335130;Paris Est;39600;46260;111;3;340.8;184.2;0.29;24;012345;0.667;0;ICE;;Saarbrücken;Paris
1398930;2;56;IC;IC;DB Fernverkehr AG;53188;Leipzig Hbf;601951;Emden Außenhafen;19020;42600;393;17;472.4;72.1;3.18;5;01235;1.0;1;IC;;Leipzig;Emden Außenhafen
1398983;31;11;ICE;ICE;DB Fernverkehr AG;613345;Berlin Hbf;9941;München Hbf;34020;62160;469;14;814.7;104.2;1.47;13;01234;1.0;1;ICE;;Berlin;München
1399410;94;88;ECE;ICE;DB Fernverkehr AG;167729;Lindau-Reutin;9941;München Hbf;69000;77640;144;4;163.5;68.1;1.22;3;034;1.0;1;ICE;;Lindau-Reutin;München
1399489;36;43;ICE;ICE;DB Fernverkehr AG;428519;Hamburg Hbf;517455;Köln Hbf;74700;89100;240;9;373.9;93.5;1.87;2;56;1.0;1;ICE-SPRINTER;SPR-2;Hamburg;Köln
1399816;46;60;ICE;ICE;DB Fernverkehr AG;9941;München Hbf;668361;Stuttgart Hbf;78540;85320;113;5;195.6;103.9;1.53;6;01456;1.0;1;ICE;;München;Stuttgart
1399864;2;56;IC;IC;DB Fernverkehr AG;315947;Norddeich;337692;Berlin-Charlottenburg;20340;46860;442;21;543.4;73.8;3.5;2;5;1.0;1;IC;;Norddeich;Berlin
1400084;9;87;IC;IC;DB Fernverkehr AG;679686;Singen(Hohentwiel);556408;Schaffhausen;27120;27900;13;2;17.0;78.4;;31;0123456;0.5;0;IC;;Singen;Schaffhausen
1401232;84;77;ICE;ICE;DB Fernverkehr AG;391201;Berlin Südkreuz;65847;Hengelo;50760;65220;241;10;456.9;113.8;1.75;3;4;0.9;0;ICE;;Berlin;Hengelo
1401260;77;10;ICE;ICE;DB Fernverkehr AG;691821;Düsseldorf Hbf;391201;Berlin Südkreuz;46080;62280;270;12;512.9;114.0;1.95;17;0123456;1.0;1;ICE;;Düsseldorf;Berlin
1401613;2;56;IC;IC;DB Fernverkehr AG;53188;Leipzig Hbf;195950;Norddeich Mole;49320;73200;398;22;501.5;75.6;3.99;21;012346;1.0;1;IC;;Leipzig;Norddeich Mole
1401633;93;96;EC;IC;DB Fernverkehr AG;354957;Frankfurt(Oder);42071;Rzepin;35400;36540;19;3;19.2;60.7;;2;06;0.667;0;IC;;Frankfurt(Oder);Rzepin
1402003;47;62;ICE;ICE;DB Fernverkehr AG;9941;München Hbf;180380;Saarbrücken Hbf;63960;80160;270;10;406.2;90.3;1.97;2;23;1.0;1;ICE;;München;Saarbrücken
1402103;24;16;ICE;ICE;DB Fernverkehr AG;93866;Hannover Hbf;477761;Bremen Hbf;56700;60300;60;2;100.4;100.4;0.0;31;0123456;1.0;1;ICE;;Hannover;Bremen
1402289;47;62;ICE;ICE;DB Fernverkehr AG;695368;Salzburg Hbf;176697;Frankfurt(Main)Hbf;36000;56640;344;15;476.4;83.1;2.73;16;0123456;0.933;0;ICE;;Salzburg;Frankfurt
140286;9;87;IC;IC;DB Fernverkehr AG;668361;Stuttgart Hbf;556408;Schaffhausen;37680;45900;137;7;149.3;65.4;3.35;10;0123456;0.857;0;IC;;Stuttgart;Schaffhausen
1403059;17;;ICE;ICE;Nederlandse Spoorwegen;79866;Amsterdam Centraal;575362;Arnhem Centraal;66780;70320;59;3;90.6;92.2;1.1;1;5;0.0;0;ICE;;Amsterdam;Arnhem Centraal
1403570;9;87;IC;IC;DB Fernverkehr AG;556408;Schaffhausen;679686;Singen(Hohentwiel);33360;34200;14;2;17.0;72.8;;2;56;0.5;0;IC;;Schaffhausen;Singen
1404178;61;1;ICE;ICE;DB Fernverkehr AG;396514;Hamburg-Altona;99055;Nürnberg Hbf;57240;90120;548;13;760.8;83.3;1.45;1;6;1.0;1;ICE;;Hamburg;Nürnberg
1404317;31;11;ICE;ICE;DB Fernverkehr AG;9941;München Hbf;53188;Leipzig Hbf;67500;90540;384;11;663.8;103.7;1.36;2;46;1.0;1;ICE;;München;Leipzig
1404731;31;11;ICE;ICE;DB Fernverkehr AG;9941;München Hbf;53188;Leipzig Hbf;67500;92340;414;11;665.1;96.4;1.35;4;0123;1.0;1;ICE;;München;Leipzig
1405048;22;;IC;IC;SBB;96724;Zürich HB;556408;Schaffhausen;52620;54780;36;2;36.3;60.4;0.0;26;0123456;0.0;0;IC;;Zürich;Schaffhausen
1405598;76;51;IC;IC;DB Fernverkehr AG;197934;Gera Hbf;640892;Dortmund Hbf;43440;62040;310;17;378.9;73.3;3.96;16;0123456;1.0;1;IC;;Gera;Dortmund
1405671;19;24;ICE;ICE;DB Fernverkehr AG;565099;Kufstein;9066;Hamburg-Harburg;48600;73740;419;11;730.2;104.6;1.23;4;56;0.909;0;ICE;;Kufstein;Hamburg
1405803;42;22;ICE;ICE;DB Fernverkehr AG;668361;Stuttgart Hbf;428519;Hamburg Hbf;33720;52140;307;8;583.2;114.0;1.03;1;5;1.0;1;ICE;;Stuttgart;Hamburg
1406107;37;82;ICE;ICE;DB Fernverkehr AG;412384;Strasbourg;176697;Frankfurt(Main)Hbf;47340;53640;105;5;194.4;111.1;1.54;6;56;0.6;0;ICE;;Strasbourg;Frankfurt
14062;21;95;EC;IC;PKP Intercity;42071;Rzepin;39653;Warszawa Wschodnia;61680;76500;247;9;430.8;104.7;1.62;4;2356;0.0;0;IC;;Rzepin;Warszawa
1406288;52;;EN;SONSTIGE;ÖBB;96724;Zürich HB;556408;Schaffhausen;71940;74340;40;2;36.3;54.4;0.0;2;45;0.0;0;SONSTIGE;;Zürich;Schaffhausen
1406555;79;4;ICE;ICE;DB Fernverkehr AG;428519;Hamburg Hbf;667068;Frankfurt(M) Flughafen Regionalbf;66060;80280;237;4;404.3;102.4;0.49;2;06;1.0;1;ICE-SPRINTER;SPR-1;Hamburg;Frankfurt
1406616;68;91;ICE;ICE;DB Fernverkehr AG;99055;Nürnberg Hbf;640892;Dortmund Hbf;48720;69900;353;11;439.8;74.8;2.05;1;0;1.0;1;ICE;;Nürnberg;Dortmund
1406730;2;56;IC;IC;DB Fernverkehr AG;53188;Leipzig Hbf;161450;Emden Hbf;63720;85080;356;18;469.8;79.2;3.41;18;012346;1.0;1;IC;;Leipzig;Emden
1406831;2;56;IC;IC;DB Fernverkehr AG;601951;Emden Außenhafen;337692;Berlin-Charlottenburg;43260;66000;379;20;487.5;77.2;3.69;8;0123456;1.0;1;IC;;Emden Außenhafen;Berlin
140702;22;;IC;IC;SBB;96724;Zürich HB;556408;Schaffhausen;23820;25980;36;2;36.3;60.4;0.0;26;0123456;0.0;0;IC;;Zürich;Schaffhausen
1407058;68;91;ICE;ICE;DB Fernverkehr AG;99055;Nürnberg Hbf;640892;Dortmund Hbf;63120;85860;379;15;471.4;74.6;2.76;3;345;1.0;1;ICE;;Nürnberg;Dortmund
1407788;22;;IC;IC;SBB;556408;Schaffhausen;96724;Zürich HB;38820;40980;36;2;36.3;60.4;0.0;12;0123456;0.0;0;IC;;Schaffhausen;Zürich
1407811;17;;ICE;ICE;Nederlandse Spoorwegen;575362;Arnhem Centraal;79866;Amsterdam Centraal;44880;48540;61;3;90.6;89.1;1.1;12;456;0.0;0;ICE;;Arnhem Centraal;Amsterdam
140818;87;41;ICE;ICE;DB Fernverkehr AG;517455;Köln Hbf;9941;München Hbf;52500;69120;277;7;500.5;108.4;1.0;2;56;1.0;1;ICE;;Köln;München
1408666;40;78;ICE;ICE;DB Fernverkehr AG;176697;Frankfurt(Main)Hbf;575362;Arnhem Centraal;45480;59160;228;8;309.8;81.5;1.94;10;0123456;0.75;0;ICE;;Frankfurt;Arnhem Centraal
140895;57;19;ICE;ICE;DB Fernverkehr AG;517455;Köln Hbf;391201;Berlin Südkreuz;58740;75840;285;7;506.8;106.7;0.99;3;056;1.0;1;ICE;;Köln;Berlin
1409119;14;;EC;IC;ÖBB;167729;Lindau-Reutin;63619;St. Margrethen SG;75120;76140;17;3;15.5;54.9;;4;456;0.333;0;IC;;Lindau-Reutin;St. Margrethen SG
1409386;23;12;ICE;ICE;DB Fernverkehr AG;613345;Berlin Hbf;497089;Karlsruhe Hbf;67020;86340;322;12;653.6;121.8;1.53;8;12356;1.0;1;ICE;;Berlin;Karlsruhe
1409893;45;25;ICE;ICE;DB Fernverkehr AG;9941;München Hbf;428519;Hamburg Hbf;82320;112740;507;11;656.2;77.7;1.37;1;6;1.0;1;ICE;;München;Hamburg
1409919;84;77;ICE;ICE;DB Fernverkehr AG;93866;Hannover Hbf;65847;Hengelo;21360;29220;131;7;204.9;93.8;2.44;2;56;0.857;0;ICE;;Hannover;Hengelo
1409984;47;62;ICE;ICE;DB Fernverkehr AG;640892;Dortmund Hbf;309229;Friedrichshafen Stadt;29820;54960;419;15;580.2;83.1;2.24;10;0123456;1.0;1;ICE;;Dortmund;Friedrichshafen Stadt
1410060;42;22;ICE;ICE;DB Fernverkehr AG;659783;Kiel Hbf;668361;Stuttgart Hbf;44160;67080;382;10;670.1;105.2;1.19;8;0123456;1.0;1;ICE;;Kiel;Stuttgart
1410157;9;87;IC;IC;DB Fernverkehr AG;266187;Tuttlingen;556408;Schaffhausen;50460;53100;44;3;41.8;57.1;2.39;3;234;0.667;0;IC;;Tuttlingen;Schaffhausen
1410220;48;;EC;IC;SBB;63619;St. Margrethen SG;96724;Zürich HB;76200;80880;78;5;91.3;70.2;3.29;10;0123456;0.0;0;IC;;St. Margrethen SG;Zürich
1410469;87;41;ICE;ICE;DB Fernverkehr AG;9941;München Hbf;517455;Köln Hbf;42300;58980;278;8;500.5;108.0;1.2;2;56;1.0;1;ICE;;München;Köln
1410545;87;41;ICE;ICE;DB Fernverkehr AG;640892;Dortmund Hbf;9941;München Hbf;22500;43920;357;12;605.3;101.7;1.65;4;56;1.0;1;ICE;;Dortmund;München
1410923;58;20;ECE;ICE;DB Fernverkehr AG;464157;Basel SBB;428519;Hamburg Hbf;24360;48540;403;12;740.0;110.2;1.35;18;0123456;0.833;0;ICE;;Basel;Hamburg
1410963;8;90;EC;IC;DB Fernverkehr AG;552402;Simbach(Inn);9941;München Hbf;73200;79140;99;4;110.3;66.8;1.81;24;012346;1.0;1;IC;;Simbach;München
1411084;3;26;ICE;ICE;DB Fernverkehr AG;497089;Karlsruhe Hbf;477761;Bremen Hbf;45660;67500;364;15;526.1;86.7;2.47;5;01234;1.0;1;ICE;;Karlsruhe;Bremen
1411092;47;62;ICE;ICE;DB Fernverkehr AG;540195;Esslingen(Neckar);355878;Garmisch-Partenkirchen;28800;43500;245;9;273.5;67.0;2.56;1;5;1.0;1;ICE;;Esslingen;Garmisch-Partenkirchen
1411639;77;10;ICE;ICE;DB Fernverkehr AG;517455;Köln Hbf;391201;Berlin Südkreuz;84120;107220;385;16;560.7;87.4;2.5;2;12;1.0;1;ICE;;Köln;Berlin
1411834;60;;IC;IC;DB Fernverkehr (Codesharing);464157;Basel SBB;96724;Zürich HB;113880;119100;87;2;73.9;51.0;0.0;9;0345;0.0;0;IC;;Basel;Zürich
1411887;31;11;ICE;ICE;DB Fernverkehr AG;9941;München Hbf;176697;Frankfurt(Main)Hbf;74700;86940;204;7;359.8;105.8;1.39;3;056;1.0;1;ICE;;München;Frankfurt
1411968;31;11;ICE;ICE;DB Fernverkehr AG;9941;München Hbf;127712;Berlin Gesundbrunnen;81960;116040;568;17;808.3;85.4;1.86;1;6;1.0;1;ICE;;München;Berlin
1412164;57;19;ICE;ICE;DB Fernverkehr AG;517455;Köln Hbf;391201;Berlin Südkreuz;73200;90420;287;7;506.8;106.0;0.99;2;46;1.0;1;ICE;;Köln;Berlin
1412344;36;43;ICE;ICE;DB Fernverkehr AG;598255;Offenburg;396514;Hamburg-Altona;23040;48840;430;16;732.2;102.2;1.91;2;56;1.0;1;ICE;;Offenburg;Hamburg
1412404;23;12;ICE;ICE;DB Fernverkehr AG;391201;Berlin Südkreuz;464157;Basel SBB;83460;118080;577;17;863.9;89.8;1.74;2;56;0.882;0;ICE;;Berlin;Basel
1412566;62;13;ICE;ICE;DB Fernverkehr AG;337616;Braunschweig Hbf;38672;Frankfurt(M) Flughafen Fernbf;25080;35520;174;7;336.8;116.1;1.48;6;56;1.0;1;ICE;;Braunschweig;Frankfurt
1412675;26;55;IC;IC;DB Fernverkehr AG;635340;Heidelberg Hbf;93866;Hannover Hbf;66240;87600;356;16;489.4;82.5;2.86;1;4;1.0;1;IC;;Heidelberg;Hannover
141283;78;15;ICE;ICE;DB Fernverkehr AG;552264;Ostseebad Binz;176697;Frankfurt(Main)Hbf;48240;75360;452;14;693.1;92.0;1.73;1;6;1.0;1;ICE;;Ostseebad Binz;Frankfurt
1414323;45;25;ICE;ICE;DB Fernverkehr AG;9941;München Hbf;99055;Nürnberg Hbf;72300;77040;79;3;149.8;113.8;0.67;1;6;1.0;1;ICE;;München;Nürnberg
1415516;42;22;ICE;ICE;DB Fernverkehr AG;428519;Hamburg Hbf;93866;Hannover Hbf;77280;82980;95;2;132.0;83.3;0.0;1;6;1.0;1;ICE;;Hamburg;Hannover
1415634;86;;EN;SONSTIGE;PKP Intercity;401361;Przemysl Glowny;135333;Wien Hbf;63840;105900;701;31;655.2;56.1;4.43;2;56;0.0;0;SONSTIGE;;Przemysl Glowny;Wien
1415780;3;26;ICE;ICE;DB Fernverkehr AG;477761;Bremen Hbf;176697;Frankfurt(Main)Hbf;62100;77520;257;11;398.2;93.0;2.26;2;56;1.0;1;ICE;;Bremen;Frankfurt
1415894;38;28;ICE;ICE;DB Fernverkehr AG;53188;Leipzig Hbf;396514;Hamburg-Altona;22320;34800;208;8;413.1;119.2;1.45;4;56;1.0;1;ICE;;Leipzig;Hamburg
1416607;45;25;ICE;ICE;DB Fernverkehr AG;9941;München Hbf;428519;Hamburg Hbf;82320;111480;486;11;691.7;85.4;1.3;1;1;1.0;1;ICE;;München;Hamburg
1417033;40;78;ICE;ICE;DB Fernverkehr AG;575362;Arnhem Centraal;176697;Frankfurt(Main)Hbf;70440;80820;173;10;310.4;107.7;2.58;7;0123;0.8;0;ICE;;Arnhem Centraal;Frankfurt
1417329;53;47;ICE;ICE;DB Fernverkehr AG;9941;München Hbf;640892;Dortmund Hbf;29940;49800;331;11;608.1;110.2;1.48;9;0123456;1.0;1;ICE;;München;Dortmund
1417991;31;11;ICE;ICE;DB Fernverkehr AG;87362;Wiesbaden Hbf;9941;München Hbf;19560;33240;228;8;356.5;93.8;1.68;2;56;1.0;1;ICE;;Wiesbaden;München
1418016;47;62;ICE;ICE;DB Fernverkehr AG;640892;Dortmund Hbf;309229;Friedrichshafen Stadt;29820;54960;419;15;578.9;82.9;2.25;2;56;1.0;1;ICE;;Dortmund;Friedrichshafen Stadt
1418150;45;25;ICE;ICE;DB Fernverkehr AG;9941;München Hbf;428519;Hamburg Hbf;29100;50220;352;11;703.3;119.9;1.28;6;56;1.0;1;ICE;;München;Hamburg
1418222;83;96;EC;IC;PKP Intercity;42071;Rzepin;401361;Przemysl Glowny;36720;67680;516;22;703.3;81.8;2.84;5;12345;0.0;0;IC;;Rzepin;Przemysl Glowny
1418368;12;29;ICE;ICE;DB Fernverkehr AG;127712;Berlin Gesundbrunnen;9941;München Hbf;30360;45960;260;8;560.6;129.4;1.07;31;0123456;1.0;1;ICE-SPRINTER;SPR-4;Berlin;München
141844;21;95;EC;IC;PKP Intercity;42071;Rzepin;39653;Warszawa Wschodnia;61920;76500;243;9;430.8;106.4;1.62;8;0123456;0.0;0;IC;;Rzepin;Warszawa
1418736;53;47;ICE;ICE;DB Fernverkehr AG;9941;München Hbf;640892;Dortmund Hbf;37140;60120;383;12;607.7;95.2;1.65;2;5;1.0;1;ICE;;München;Dortmund
1418931;95;17;ICE;ICE;DB Fernverkehr AG;127712;Berlin Gesundbrunnen;446029;Stralsund Hbf;37080;48240;186;8;265.5;85.7;2.26;10;56;1.0;1;ICE;;Berlin;Stralsund
1418945;40;78;ICE;ICE;DB Fernverkehr AG;575362;Arnhem Centraal;176697;Frankfurt(Main)Hbf;41640;54540;215;9;309.8;86.4;2.26;7;012345;0.778;0;ICE;;Arnhem Centraal;Frankfurt
141905;33;42;ICE;ICE;DB Fernverkehr AG;9941;München Hbf;517455;Köln Hbf;70080;87000;282;8;503.5;107.1;1.19;2;56;1.0;1;ICE;;München;Köln
1419667;62;13;ICE;ICE;DB Fernverkehr AG;337692;Berlin-Charlottenburg;19112;Kassel-Wilhelmshöhe;70080;79800;162;7;349.4;129.4;1.43;4;0123;1.0;1;ICE;;Berlin;Kassel-Wilhelmshöhe
1420482;82;95;EC;IC;DB Fernverkehr AG;42071;Rzepin;127712;Berlin Gesundbrunnen;60600;66300;95;5;101.3;64.0;2.96;5;12345;0.8;0;IC;;Rzepin;Berlin
1420762;42;22;ICE;ICE;DB Fernverkehr AG;331094;Hamburg Dammtor;668361;Stuttgart Hbf;19260;38280;317;10;606.5;114.8;1.32;8;0123456;1.0;1;ICE;;Hamburg;Stuttgart
1420917;2;56;IC;IC;DB Fernverkehr AG;161450;Emden Hbf;53188;Leipzig Hbf;29760;51300;359;18;469.8;78.5;3.41;4;6;1.0;1;IC;;Emden;Leipzig
1421424;31;11;ICE;ICE;DB Fernverkehr AG;613345;Berlin Hbf;9941;München Hbf;26820;54780;466;13;814.3;104.8;1.35;3;234;1.0;1;ICE;;Berlin;München
1421804;9;87;IC;IC;DB Fernverkehr AG;398625;Oberndorf(Neckar);668361;Stuttgart Hbf;27060;31380;72;7;71.9;59.9;6.95;4;2345;1.0;1;IC;;Oberndorf;Stuttgart
1421842;91;79;ICE;ICE;DB Fernverkehr AG;517455;Köln Hbf;176697;Frankfurt(Main)Hbf;80280;85140;81;6;161.5;119.7;2.48;1;1;1.0;1;ICE;;Köln;Frankfurt
1422345;33;42;ICE;ICE;DB Fernverkehr AG;428519;Hamburg Hbf;9941;München Hbf;42300;73920;527;17;883.4;100.6;1.7;2;56;1.0;1;ICE;;Hamburg;München
1422353;92;83;ICE;ICE;DB Fernverkehr AG;497089;Karlsruhe Hbf;412384;Strasbourg;27120;29760;44;3;69.1;94.2;1.45;1;5;0.333;0;ICE;;Karlsruhe;Strasbourg
1422577;31;11;ICE;ICE;DB Fernverkehr AG;9941;München Hbf;127712;Berlin Gesundbrunnen;81960;116040;568;16;807.9;85.3;1.73;2;56;1.0;1;ICE;;München;Berlin
1422851;84;77;ICE;ICE;DB Fernverkehr AG;391201;Berlin Südkreuz;65847;Hengelo;21900;36420;242;10;456.9;113.3;1.75;2;56;0.9;0;ICE;;Berlin;Hengelo
1423428;62;13;ICE;ICE;DB Fernverkehr AG;497089;Karlsruhe Hbf;391201;Berlin Südkreuz;52800;74940;369;14;658.3;107.0;1.82;1;0;1.0;1;ICE;;Karlsruhe;Berlin
1423837;60;;IC;IC;DB Fernverkehr (Codesharing);575362;Arnhem Centraal;79866;Amsterdam Centraal;120480;124260;63;3;90.6;86.3;1.1;4;016;0.0;0;IC;;Arnhem Centraal;Amsterdam
1423880;50;61;IC;IC;DB Fernverkehr AG;668361;Stuttgart Hbf;99055;Nürnberg Hbf;36540;44280;129;7;182.6;84.9;2.74;1;5;1.0;1;IC;;Stuttgart;Nürnberg
1424484;57;19;ICE;ICE;DB Fernverkehr AG;391201;Berlin Südkreuz;158073;Hagen Hbf;67920;80700;213;6;447.6;126.1;0.89;2;12;1.0;1;ICE;;Berlin;Hagen
1424643;77;10;ICE;ICE;DB Fernverkehr AG;613345;Berlin Hbf;93866;Hannover Hbf;78420;89340;182;2;246.4;81.2;0.0;1;5;1.0;1;ICE;;Berlin;Hannover
1424904;47;62;ICE;ICE;DB Fernverkehr AG;325703;Münster(Westf)Hbf;695368;Salzburg Hbf;25560;57540;533;19;772.1;86.9;2.2;2;56;0.947;0;ICE;;Münster;Salzburg
1425307;9;87;IC;IC;DB Fernverkehr AG;556408;Schaffhausen;266187;Tuttlingen;62160;64680;42;3;41.8;59.8;2.39;3;234;0.667;0;IC;;Schaffhausen;Tuttlingen
1426166;48;;EC;IC;SBB;96724;Zürich HB;63619;St. Margrethen SG;41520;46140;77;5;91.3;71.2;3.29;2;56;0.0;0;IC;;Zürich;St. Margrethen SG
1426594;40;78;ICE;ICE;DB Fernverkehr AG;575362;Arnhem Centraal;176697;Frankfurt(Main)Hbf;48840;59220;173;10;310.4;107.7;2.58;9;0123;0.8;0;ICE;;Arnhem Centraal;Frankfurt
1427120;1;;IC;IC;PKP Intercity;174196;Bohumin(Gr);401361;Przemysl Glowny;100920;123540;377;26;412.0;65.6;5.83;2;45;0.0;0;IC;;Bohumin;Przemysl Glowny
1427878;38;28;ICE;ICE;DB Fernverkehr AG;396514;Hamburg-Altona;99055;Nürnberg Hbf;65880;86580;345;12;668.6;116.3;1.5;1;5;1.0;1;ICE;;Hamburg;Nürnberg
1427980;22;;IC;IC;SBB;96724;Zürich HB;556408;Schaffhausen;45420;47580;36;2;36.3;60.4;0.0;4;0456;0.0;0;IC;;Zürich;Schaffhausen
1428144;31;11;ICE;ICE;DB Fernverkehr AG;428519;Hamburg Hbf;9941;München Hbf;40380;76500;602;17;1077.6;107.4;1.39;4;1234;1.0;1;ICE;;Hamburg;München
142878;87;41;ICE;ICE;DB Fernverkehr AG;9941;München Hbf;517455;Köln Hbf;45900;62400;275;7;500.5;109.2;1.0;1;5;1.0;1;ICE;;München;Köln
1428845;36;43;ICE;ICE;DB Fernverkehr AG;396514;Hamburg-Altona;464157;Basel SBB;15960;46080;502;19;838.3;100.2;2.03;14;0123456;0.895;0;ICE;;Hamburg;Basel
142910;22;;IC;IC;SBB;96724;Zürich HB;556408;Schaffhausen;31020;33180;36;2;36.3;60.4;0.0;2;56;0.0;0;IC;;Zürich;Schaffhausen
14292;50;61;IC;IC;DB Fernverkehr AG;53188;Leipzig Hbf;497089;Karlsruhe Hbf;28200;53580;423;19;501.9;71.2;3.39;10;0123456;1.0;1;IC;;Leipzig;Karlsruhe
1429498;10;20;ICE;ICE;DB Fernverkehr AG;87362;Wiesbaden Hbf;428519;Hamburg Hbf;17100;34140;284;9;481.5;101.7;1.45;1;5;1.0;1;ICE;;Wiesbaden;Hamburg
1430823;26;55;IC;IC;DB Fernverkehr AG;464794;Magdeburg Hbf;224643;Dresden Hbf;21600;31080;158;8;218.4;82.9;2.75;21;01234;1.0;1;IC;;Magdeburg;Dresden
1430915;86;;EN;SONSTIGE;PKP Intercity;135333;Wien Hbf;39653;Warszawa Wschodnia;83940;116100;536;17;576.7;64.6;2.6;7;0123456;0.0;0;SONSTIGE;;Wien;Warszawa
1431243;26;55;IC;IC;DB Fernverkehr AG;635340;Heidelberg Hbf;640892;Dortmund Hbf;73440;89460;267;9;310.9;69.9;2.25;2;45;1.0;1;IC;;Heidelberg;Dortmund
1431358;82;95;EC;IC;DB Fernverkehr AG;127712;Berlin Gesundbrunnen;42071;Rzepin;78660;84420;96;5;101.3;63.3;2.96;4;1234;0.8;0;IC;;Berlin;Rzepin
1431475;84;77;ICE;ICE;DB Fernverkehr AG;391201;Berlin Südkreuz;65847;Hengelo;53640;72420;313;8;453.9;87.0;1.32;1;6;0.875;0;ICE;;Berlin;Hengelo
1431537;31;11;ICE;ICE;DB Fernverkehr AG;127712;Berlin Gesundbrunnen;668361;Stuttgart Hbf;62220;83460;354;11;622.1;105.4;1.45;7;01234;1.0;1;ICE;;Berlin;Stuttgart
1431729;9;87;IC;IC;DB Fernverkehr AG;679686;Singen(Hohentwiel);556408;Schaffhausen;41400;42300;15;2;17.0;68.0;;28;0123456;0.5;0;IC;;Singen;Schaffhausen
14318;1;;IC;IC;PKP Intercity;39653;Warszawa Wschodnia;174196;Bohumin(Gr);70860;86340;258;12;333.5;77.6;3.0;13;0123456;0.0;0;IC;;Warszawa;Bohumin
143282;9;87;IC;IC;DB Fernverkehr AG;556408;Schaffhausen;679686;Singen(Hohentwiel);72960;73740;13;2;17.0;78.4;;3;456;0.5;0;IC;;Schaffhausen;Singen
1433419;36;43;ICE;ICE;DB Fernverkehr AG;464157;Basel SBB;428519;Hamburg Hbf;40560;69360;480;15;816.0;102.0;1.59;3;234;0.867;0;ICE;;Basel;Hamburg
143342;87;41;ICE;ICE;DB Fernverkehr AG;517455;Köln Hbf;9941;München Hbf;56100;72780;278;8;500.5;108.0;1.2;2;56;1.0;1;ICE;;Köln;München
1433459;72;;ICE;ICE;SBB;464157;Basel SBB;228347;Brig;80880;89340;141;8;179.2;76.2;3.35;8;0123;0.0;0;ICE;;Basel;Brig
1433722;44;17;IC;IC;DB Fernverkehr AG;157968;Rostock Hbf;224643;Dresden Hbf;51600;66480;248;9;368.9;89.3;1.9;1;4;1.0;1;IC;;Rostock;Dresden
1433845;33;42;ICE;ICE;DB Fernverkehr AG;9941;München Hbf;428519;Hamburg Hbf;48480;80100;527;17;883.4;100.6;1.7;6;123456;1.0;1;ICE;;München;Hamburg
143405;9;87;IC;IC;DB Fernverkehr AG;668361;Stuttgart Hbf;679686;Singen(Hohentwiel);47820;55560;129;13;136.9;63.7;8.03;10;0123456;1.0;1;IC;;Stuttgart;Singen
1435694;53;47;ICE;ICE;DB Fernverkehr AG;267257;Essen Hbf;9941;München Hbf;49260;70860;360;11;576.1;96.0;1.56;11;012345;1.0;1;ICE;;Essen;München
1435850;32;18;ICE;ICE;DB Fernverkehr AG;53188;Leipzig Hbf;428519;Hamburg Hbf;26160;38640;208;8;412.5;119.0;1.45;4;56;1.0;1;ICE;;Leipzig;Hamburg
1435912;75;;ECE;ICE;Dänische Staatsbahnen;368193;Padborg st;274287;Koebenhavn H;46980;56280;155;5;276.4;107.0;1.09;31;0123456;0.0;0;ICE;;Padborg st;København
1435940;9;87;IC;IC;DB Fernverkehr AG;668361;Stuttgart Hbf;398625;Oberndorf(Neckar);44880;48660;63;3;70.9;67.6;1.41;5;23456;1.0;1;IC;;Stuttgart;Oberndorf
1436148;42;22;ICE;ICE;DB Fernverkehr AG;659783;Kiel Hbf;668361;Stuttgart Hbf;58560;82260;395;11;671.9;102.1;1.34;2;56;1.0;1;ICE;;Kiel;Stuttgart
1436252;82;95;EC;IC;DB Fernverkehr AG;327376;Berlin-Lichtenberg;42071;Rzepin;57420;61620;70;4;92.9;79.7;2.15;2;23;0.75;0;IC;;Berlin;Rzepin
1436699;33;42;ICE;ICE;DB Fernverkehr AG;396514;Hamburg-Altona;176697;Frankfurt(Main)Hbf;80700;111780;518;19;607.4;70.4;2.8;1;0;1.0;1;ICE-SPRINTER;SPR-1;Hamburg;Frankfurt
1437043;33;42;ICE;ICE;DB Fernverkehr AG;396514;Hamburg-Altona;176697;Frankfurt(Main)Hbf;80160;111780;527;23;610.1;69.5;3.44;1;4;1.0;1;ICE-SPRINTER;SPR-1;Hamburg;Frankfurt
1437125;40;78;ICE;ICE;DB Fernverkehr AG;575362;Arnhem Centraal;176697;Frankfurt(Main)Hbf;41640;54540;215;9;309.8;86.4;2.26;4;1234;0.778;0;ICE;;Arnhem Centraal;Frankfurt
143733;10;20;ICE;ICE;DB Fernverkehr AG;428519;Hamburg Hbf;667068;Frankfurt(M) Flughafen Regionalbf;16020;30780;246;9;455.2;111.0;1.54;8;0123456;1.0;1;ICE-SPRINTER;SPR-1;Hamburg;Frankfurt
1437420;18;;ICE;ICE;ÖBB;338037;Graz Hbf;695368;Salzburg Hbf;21780;35580;230;14;305.4;79.7;3.93;4;56;0.0;0;ICE;;Graz;Salzburg
1437510;18;;ICE;ICE;ÖBB;695368;Salzburg Hbf;338037;Graz Hbf;58020;71760;229;14;305.4;80.0;3.93;10;01234;0.0;0;ICE;;Salzburg;Graz
143753;36;43;ICE;ICE;DB Fernverkehr AG;464157;Basel SBB;396514;Hamburg-Altona;54960;84840;498;19;838.3;101.0;2.03;8;0123;0.895;0;ICE;;Basel;Hamburg
1437817;60;;IC;IC;DB Fernverkehr (Codesharing);96724;Zürich HB;464157;Basel SBB;79140;82320;53;2;73.9;83.7;0.0;3;012;0.0;0;IC;;Zürich;Basel
1437913;33;42;ICE;ICE;DB Fernverkehr AG;396514;Hamburg-Altona;176697;Frankfurt(Main)Hbf;80700;111780;518;18;576.3;66.7;2.78;1;0;1.0;1;ICE-SPRINTER;SPR-1;Hamburg;Frankfurt
1438328;77;10;ICE;ICE;DB Fernverkehr AG;691821;Düsseldorf Hbf;391201;Berlin Südkreuz;63900;80400;275;12;508.4;110.9;1.97;1;1;1.0;1;ICE;;Düsseldorf;Berlin
1438450;5;50;ICE;ICE;DB Fernverkehr AG;87362;Wiesbaden Hbf;224643;Dresden Hbf;23160;42180;317;11;455.2;86.2;1.98;3;056;1.0;1;ICE;;Wiesbaden;Dresden
1438603;17;;ICE;ICE;Nederlandse Spoorwegen;65847;Hengelo;24890;Utrecht Centraal;72540;78240;95;5;117.6;74.3;2.55;2;56;0.0;0;ICE;;Hengelo;Utrecht Centraal
1438859;42;22;ICE;ICE;DB Fernverkehr AG;668361;Stuttgart Hbf;428519;Hamburg Hbf;33720;52140;307;8;583.5;114.0;1.03;10;01234;1.0;1;ICE;;Stuttgart;Hamburg
1438884;44;17;IC;IC;DB Fernverkehr AG;157968;Rostock Hbf;224643;Dresden Hbf;30000;44880;248;9;368.9;89.3;1.9;28;0123456;1.0;1;IC;;Rostock;Dresden
1440077;17;;ICE;ICE;Nederlandse Spoorwegen;65847;Hengelo;79866;Amsterdam Centraal;43740;50340;110;6;139.3;76.0;2.87;2;04;0.0;0;ICE;;Hengelo;Amsterdam
1440093;63;14;ICE;ICE;DB Fernverkehr AG;337692;Berlin-Charlottenburg;325703;Münster(Westf)Hbf;47640;59460;197;5;403.0;122.7;0.74;14;0123456;1.0;1;ICE;;Berlin;Münster
1440094;12;29;ICE;ICE;DB Fernverkehr AG;613345;Berlin Hbf;9941;München Hbf;74220;92160;299;7;557.6;111.9;0.9;10;0123456;1.0;1;ICE;;Berlin;München
1440117;47;62;ICE;ICE;DB Fernverkehr AG;695368;Salzburg Hbf;176697;Frankfurt(Main)Hbf;36000;56640;344;14;477.1;83.2;2.52;2;04;0.929;0;ICE;;Salzburg;Frankfurt
144019;1;;IC;IC;PKP Intercity;246292;Krakow Glowny;380319;Wroclaw Glowny;21420;31800;173;7;247.9;86.0;2.02;3;345;0.0;0;IC;;Krakow Glowny;Wroclaw Glowny
1440214;17;;ICE;ICE;Nederlandse Spoorwegen;79866;Amsterdam Centraal;575362;Arnhem Centraal;24000;27120;52;3;90.6;104.6;1.1;3;6;0.0;0;ICE;;Amsterdam;Arnhem Centraal
1440331;23;12;ICE;ICE;DB Fernverkehr AG;176697;Frankfurt(Main)Hbf;127712;Berlin Gesundbrunnen;84900;111360;441;9;544.8;74.1;1.28;1;5;1.0;1;ICE-SPRINTER;SPR-5;Frankfurt;Berlin
1440549;22;;IC;IC;SBB;556408;Schaffhausen;96724;Zürich HB;31620;33780;36;2;36.3;60.4;0.0;4;5;0.0;0;IC;;Schaffhausen;Zürich
1440870;68;91;ICE;ICE;DB Fernverkehr AG;99055;Nürnberg Hbf;396514;Hamburg-Altona;59160;80580;357;12;690.2;116.0;1.45;22;0123456;1.0;1;ICE;;Nürnberg;Hamburg
1440975;72;;ICE;ICE;SBB;464157;Basel SBB;228347;Brig;61080;69180;135;8;179.2;79.6;3.35;13;012345;0.0;0;ICE;;Basel;Brig
1441363;47;62;ICE;ICE;DB Fernverkehr AG;355878;Garmisch-Partenkirchen;180380;Saarbrücken Hbf;55980;80160;403;14;492.5;73.3;2.44;2;56;1.0;1;ICE;;Garmisch-Partenkirchen;Saarbrücken
1441519;22;;IC;IC;SBB;556408;Schaffhausen;96724;Zürich HB;74820;76980;36;2;36.3;60.4;0.0;2;23;0.0;0;IC;;Schaffhausen;Zürich
1441582;7;85;EC;IC;DB Fernverkehr AG;297876;Basel Bad Bf;464157;Basel SBB;38820;39240;7;2;2.6;22.3;;4;3456;0.0;0;IC;;Basel;Basel
1442001;17;;ICE;ICE;Nederlandse Spoorwegen;65847;Hengelo;79866;Amsterdam Centraal;36540;43440;115;6;139.3;72.7;2.87;2;56;0.0;0;ICE;;Hengelo;Amsterdam
1442082;26;55;IC;IC;DB Fernverkehr AG;668361;Stuttgart Hbf;93866;Hannover Hbf;56160;80400;404;19;568.5;84.4;2.99;9;0123456;1.0;1;IC;;Stuttgart;Hannover
1442238;36;43;ICE;ICE;DB Fernverkehr AG;464157;Basel SBB;396514;Hamburg-Altona;54960;84840;498;18;821.2;98.9;1.95;4;0123;0.889;0;ICE;;Basel;Hamburg
1442581;68;91;ICE;ICE;DB Fernverkehr AG;99055;Nürnberg Hbf;640892;Dortmund Hbf;55920;77580;361;13;459.1;76.3;2.4;5;056;1.0;1;ICE;;Nürnberg;Dortmund
1443156;10;20;ICE;ICE;DB Fernverkehr AG;331094;Hamburg Dammtor;497089;Karlsruhe Hbf;66060;84960;315;9;570.2;108.6;1.23;1;4;1.0;1;ICE;;Hamburg;Karlsruhe
1443470;84;77;ICE;ICE;DB Fernverkehr AG;391201;Berlin Südkreuz;65847;Hengelo;29160;43620;241;10;456.9;113.8;1.75;4;56;0.9;0;ICE;;Berlin;Hengelo
1443476;62;13;ICE;ICE;DB Fernverkehr AG;38672;Frankfurt(M) Flughafen Fernbf;337692;Berlin-Charlottenburg;36540;52260;262;11;536.0;122.7;1.68;6;56;1.0;1;ICE-SPRINTER;SPR-5;Frankfurt;Berlin
1443984;28;75;ECE;ICE;DB Fernverkehr AG;396514;Hamburg-Altona;368193;Padborg st;42960;49980;117;4;146.4;75.1;1.37;9;0123456;0.75;0;ICE;;Hamburg;Padborg st
1444391;77;10;ICE;ICE;DB Fernverkehr AG;691821;Düsseldorf Hbf;391201;Berlin Südkreuz;71400;88140;279;13;510.3;109.7;2.16;10;3456;1.0;1;ICE;;Düsseldorf;Berlin
1444519;53;47;ICE;ICE;DB Fernverkehr AG;640892;Dortmund Hbf;9941;München Hbf;18660;42000;389;12;607.7;93.7;1.65;8;01234;1.0;1;ICE;;Dortmund;München
1444618;23;12;ICE;ICE;DB Fernverkehr AG;613345;Berlin Hbf;19112;Kassel-Wilhelmshöhe;73800;88680;248;5;346.6;83.8;0.87;4;0126;1.0;1;ICE;;Berlin;Kassel-Wilhelmshöhe
1444783;87;41;ICE;ICE;DB Fernverkehr AG;691821;Düsseldorf Hbf;9941;München Hbf;58740;76560;297;8;532.9;107.7;1.13;4;56;1.0;1;ICE;;Düsseldorf;München
1444998;31;11;ICE;ICE;DB Fernverkehr AG;9941;München Hbf;127712;Berlin Gesundbrunnen;38700;67620;482;14;816.0;101.6;1.47;2;56;1.0;1;ICE;;München;Berlin
1445429;45;25;ICE;ICE;DB Fernverkehr AG;9066;Hamburg-Harburg;9941;München Hbf;43980;64140;336;10;692.6;123.7;1.16;2;56;1.0;1;ICE;;Hamburg;München
1445475;23;12;ICE;ICE;DB Fernverkehr AG;391201;Berlin Südkreuz;464157;Basel SBB;83460;118080;577;16;862.0;89.6;1.62;1;4;0.875;0;ICE;;Berlin;Basel
1445544;17;;ICE;ICE;Nederlandse Spoorwegen;79866;Amsterdam Centraal;575362;Arnhem Centraal;52380;55920;59;3;90.6;92.2;1.1;6;456;0.0;0;ICE;;Amsterdam;Arnhem Centraal
1446487;79;4;ICE;ICE;DB Fernverkehr AG;428519;Hamburg Hbf;667068;Frankfurt(M) Flughafen Regionalbf;66060;80280;237;4;404.3;102.4;0.49;3;123;1.0;1;ICE-SPRINTER;SPR-1;Hamburg;Frankfurt
1446509;42;22;ICE;ICE;DB Fernverkehr AG;93866;Hannover Hbf;428519;Hamburg Hbf;23220;28800;93;5;161.5;104.2;1.86;21;01234;1.0;1;ICE;;Hannover;Hamburg
1446612;87;41;ICE;ICE;DB Fernverkehr AG;9941;München Hbf;640892;Dortmund Hbf;63960;90360;440;12;602.2;82.1;1.66;1;3;1.0;1;ICE;;München;Dortmund
1446836;17;;ICE;ICE;Nederlandse Spoorwegen;79866;Amsterdam Centraal;575362;Arnhem Centraal;67080;70320;54;3;90.6;100.7;1.1;2;23;0.0;0;ICE;;Amsterdam;Arnhem Centraal
1447014;33;42;ICE;ICE;DB Fernverkehr AG;668361;Stuttgart Hbf;396514;Hamburg-Altona;20940;45240;405;15;693.0;102.7;1.88;17;0123456;1.0;1;ICE;;Stuttgart;Hamburg
1448267;10;20;ICE;ICE;DB Fernverkehr AG;428519;Hamburg Hbf;464157;Basel SBB;37740;62460;412;12;740.0;107.8;1.35;1;5;0.833;0;ICE;;Hamburg;Basel
1448428;14;;EC;IC;ÖBB;63619;St. Margrethen SG;167729;Lindau-Reutin;31860;32880;17;3;15.5;54.9;;5;03456;0.333;0;IC;;St. Margrethen SG;Lindau-Reutin
1448618;84;77;ICE;ICE;DB Fernverkehr AG;65847;Hengelo;613345;Berlin Hbf;35520;49500;233;9;451.4;116.2;1.55;3;56;0.889;0;ICE;;Hengelo;Berlin
1448852;31;11;ICE;ICE;DB Fernverkehr AG;9941;München Hbf;428519;Hamburg Hbf;53100;89040;599;18;1076.3;107.8;1.49;2;56;1.0;1;ICE;;München;Hamburg
1449344;87;41;ICE;ICE;DB Fernverkehr AG;9941;München Hbf;517455;Köln Hbf;71100;88260;286;12;504.1;105.7;1.98;2;23;1.0;1;ICE;;München;Köln
1449595;72;;ICE;ICE;SBB;583614;Chur;464157;Basel SBB;52680;60720;134;5;176.5;79.0;1.7;11;01234;0.0;0;ICE;;Chur;Basel
1450022;50;61;IC;IC;DB Fernverkehr AG;668361;Stuttgart Hbf;99055;Nürnberg Hbf;21900;29880;133;8;182.7;82.4;3.28;17;012345;1.0;1;IC;;Stuttgart;Nürnberg
1450339;87;41;ICE;ICE;DB Fernverkehr AG;9941;München Hbf;691821;Düsseldorf Hbf;20640;38400;296;10;533.7;108.2;1.5;4;56;1.0;1;ICE;;München;Düsseldorf
1450445;17;;ICE;ICE;Nederlandse Spoorwegen;24890;Utrecht Centraal;65847;Hengelo;65880;71460;93;5;117.6;75.9;2.55;2;56;0.0;0;ICE;;Utrecht Centraal;Hengelo
1450576;9;87;IC;IC;DB Fernverkehr AG;266187;Tuttlingen;556408;Schaffhausen;32400;35100;45;3;41.8;55.8;2.39;3;234;0.667;0;IC;;Tuttlingen;Schaffhausen
145080;84;77;ICE;ICE;DB Fernverkehr AG;391201;Berlin Südkreuz;65847;Hengelo;57960;72420;241;10;456.9;113.8;1.75;22;0123456;0.9;0;ICE;;Berlin;Hengelo
1450911;36;43;ICE;ICE;DB Fernverkehr AG;464157;Basel SBB;396514;Hamburg-Altona;26160;56040;498;19;839.5;101.1;2.02;11;01234;0.895;0;ICE;;Basel;Hamburg
145119;42;22;ICE;ICE;DB Fernverkehr AG;668361;Stuttgart Hbf;428519;Hamburg Hbf;69720;88200;308;9;596.8;116.3;1.17;2;56;1.0;1;ICE;;Stuttgart;Hamburg
1451372;77;10;ICE;ICE;DB Fernverkehr AG;691821;Düsseldorf Hbf;391201;Berlin Südkreuz;36900;55080;303;11;507.0;100.4;1.78;1;0;1.0;1;ICE;;Düsseldorf;Berlin
1452498;12;29;ICE;ICE;DB Fernverkehr AG;613345;Berlin Hbf;9941;München Hbf;70620;87300;278;6;557.0;120.2;0.72;1;0;1.0;1;ICE-SPRINTER;SPR-4;Berlin;München
14527;36;43;ICE;ICE;DB Fernverkehr AG;396514;Hamburg-Altona;517455;Köln Hbf;66360;82980;277;10;386.9;83.8;2.07;3;012;1.0;1;ICE-SPRINTER;SPR-2;Hamburg;Köln
1452739;32;18;ICE;ICE;DB Fernverkehr AG;9941;München Hbf;99055;Nürnberg Hbf;57960;64740;113;6;180.3;95.7;2.22;19;01236;1.0;1;ICE;;München;Nürnberg
1452872;48;;EC;IC;SBB;96724;Zürich HB;464157;Basel SBB;71940;75120;53;2;73.9;83.7;0.0;3;6;0.0;0;IC;;Zürich;Basel
1453170;36;43;ICE;ICE;DB Fernverkehr AG;598255;Offenburg;396514;Hamburg-Altona;51900;77640;429;16;732.2;102.4;1.91;2;56;1.0;1;ICE;;Offenburg;Hamburg
1453316;14;;EC;IC;ÖBB;167729;Lindau-Reutin;63619;St. Margrethen SG;67920;68940;17;3;15.5;54.9;;10;0123456;0.333;0;IC;;Lindau-Reutin;St. Margrethen SG
1453379;9;87;IC;IC;DB Fernverkehr AG;679686;Singen(Hohentwiel);668361;Stuttgart Hbf;30900;38580;128;13;136.9;64.2;8.03;6;01234;1.0;1;IC;;Singen;Stuttgart
1454475;67;33;ICE;ICE;DB Fernverkehr AG;552264;Ostseebad Binz;691821;Düsseldorf Hbf;40500;67800;455;17;613.6;80.9;2.44;7;0123456;1.0;1;ICE;;Ostseebad Binz;Düsseldorf
1455194;47;62;ICE;ICE;DB Fernverkehr AG;226858;Darmstadt Hbf;9941;München Hbf;52200;65400;220;9;328.0;89.5;2.13;2;56;1.0;1;ICE;;Darmstadt;München
1455523;87;41;ICE;ICE;DB Fernverkehr AG;517455;Köln Hbf;9941;München Hbf;45300;61980;278;7;497.9;107.5;1.0;9;01234;1.0;1;ICE;;Köln;München
1455524;18;;ICE;ICE;ÖBB;565099;Kufstein;438277;Innsbruck Hbf;74160;77340;53;4;68.7;77.7;2.91;23;0123456;0.0;0;ICE;;Kufstein;Innsbruck
1456071;37;82;ICE;ICE;DB Fernverkehr AG;176697;Frankfurt(Main)Hbf;412384;Strasbourg;20220;28680;141;5;194.4;82.7;1.54;1;5;0.6;0;ICE;;Frankfurt;Strasbourg
1456840;43;;EN;SONSTIGE;MAV;619325;Budapest-Nyugati;26993;Decin hl.n.;70200;103200;550;14;587.3;64.1;2.04;9;0123456;0.0;0;SONSTIGE;;Budapest;Decin hl.n.
1456881;94;88;ECE;ICE;DB Fernverkehr AG;167729;Lindau-Reutin;9941;München Hbf;47400;56040;144;4;163.5;68.1;1.22;5;03456;1.0;1;ICE;;Lindau-Reutin;München
145689;23;12;ICE;ICE;DB Fernverkehr AG;464157;Basel SBB;391201;Berlin Südkreuz;51360;78420;451;17;832.9;110.8;1.8;2;56;0.882;0;ICE;;Basel;Berlin
1456918;77;10;ICE;ICE;DB Fernverkehr AG;613345;Berlin Hbf;517455;Köln Hbf;71220;88440;287;11;535.3;111.9;1.68;7;02356;1.0;1;ICE;;Berlin;Köln
1456946;14;;EC;IC;ÖBB;63619;St. Margrethen SG;167729;Lindau-Reutin;60660;61680;17;3;15.5;54.9;;8;01234;0.333;0;IC;;St. Margrethen SG;Lindau-Reutin
1457206;33;42;ICE;ICE;DB Fernverkehr AG;9941;München Hbf;517455;Köln Hbf;70080;87000;282;9;503.9;107.2;1.39;3;046;1.0;1;ICE;;München;Köln
1458137;72;;ICE;ICE;SBB;480653;Interlaken Ost;464157;Basel SBB;61140;68400;121;8;138.9;68.9;4.32;2;45;0.0;0;ICE;;Interlaken Ost;Basel
1458191;63;14;ICE;ICE;DB Fernverkehr AG;691821;Düsseldorf Hbf;127712;Berlin Gesundbrunnen;51420;67380;266;12;506.0;114.1;1.98;4;1234;1.0;1;ICE;;Düsseldorf;Berlin
1458232;40;78;ICE;ICE;DB Fernverkehr AG;575362;Arnhem Centraal;176697;Frankfurt(Main)Hbf;63240;76140;215;9;309.8;86.4;2.26;3;123;0.778;0;ICE;;Arnhem Centraal;Frankfurt
145840;22;;IC;IC;SBB;96724;Zürich HB;556408;Schaffhausen;27420;29580;36;2;36.3;60.4;0.0;1;6;0.0;0;IC;;Zürich;Schaffhausen
1459066;40;78;ICE;ICE;DB Fernverkehr AG;176697;Frankfurt(Main)Hbf;575362;Arnhem Centraal;20040;30360;172;9;310.4;108.3;2.26;9;0123;0.778;0;ICE;;Frankfurt;Arnhem Centraal
1459564;53;47;ICE;ICE;DB Fernverkehr AG;640892;Dortmund Hbf;9941;München Hbf;49980;70860;348;13;609.1;105.0;1.81;2;56;1.0;1;ICE;;Dortmund;München
145979;62;13;ICE;ICE;DB Fernverkehr AG;497089;Karlsruhe Hbf;337692;Berlin-Charlottenburg;38400;58620;337;15;651.1;115.9;2.0;1;4;1.0;1;ICE;;Karlsruhe;Berlin
1460243;72;;ICE;ICE;SBB;464157;Basel SBB;510671;Bern;80880;84360;58;4;89.7;92.8;2.23;1;5;0.0;0;ICE;;Basel;Bern
1460773;9;87;IC;IC;DB Fernverkehr AG;668361;Stuttgart Hbf;398625;Oberndorf(Neckar);76560;80760;70;7;71.9;61.6;6.95;6;12356;1.0;1;IC;;Stuttgart;Oberndorf
1460810;20;49;ICE;ICE;DB Fernverkehr AG;517455;Köln Hbf;176697;Frankfurt(Main)Hbf;52140;56940;80;6;161.5;121.2;2.48;31;0123456;1.0;1;ICE;;Köln;Frankfurt
1461492;77;10;ICE;ICE;DB Fernverkehr AG;613345;Berlin Hbf;517455;Köln Hbf;53220;70560;289;11;540.3;112.2;1.67;14;0123456;1.0;1;ICE;;Berlin;Köln
1461574;31;11;ICE;ICE;DB Fernverkehr AG;428519;Hamburg Hbf;9941;München Hbf;47580;83700;602;17;1076.3;107.3;1.39;1;6;1.0;1;ICE;;Hamburg;München
1461797;20;49;ICE;ICE;DB Fernverkehr AG;176697;Frankfurt(Main)Hbf;517455;Köln Hbf;54060;59100;84;5;161.5;115.4;1.86;1;4;1.0;1;ICE;;Frankfurt;Köln
1461820;9;87;IC;IC;DB Fernverkehr AG;668361;Stuttgart Hbf;556408;Schaffhausen;58920;67500;143;7;149.2;62.6;3.35;16;0123456;0.857;0;IC;;Stuttgart;Schaffhausen
1462290;68;91;ICE;ICE;DB Fernverkehr AG;99055;Nürnberg Hbf;640892;Dortmund Hbf;70320;96720;440;8;434.3;59.2;1.38;2;56;1.0;1;ICE;;Nürnberg;Dortmund
1462319;17;;ICE;ICE;Nederlandse Spoorwegen;396218;Amersfoort Centraal;65847;Hengelo;59760;64260;75;4;98.2;78.6;2.04;2;56;0.0;0;ICE;;Amersfoort Centraal;Hengelo
1463552;68;91;ICE;ICE;DB Fernverkehr AG;565099;Kufstein;613345;Berlin Hbf;32880;57900;417;13;685.2;98.6;1.61;4;56;0.923;0;ICE;;Kufstein;Berlin
1463565;87;41;ICE;ICE;DB Fernverkehr AG;9941;München Hbf;640892;Dortmund Hbf;60240;81120;348;10;574.8;99.1;1.39;2;56;1.0;1;ICE;;München;Dortmund
1463700;10;20;ICE;ICE;DB Fernverkehr AG;464157;Basel SBB;428519;Hamburg Hbf;38760;62940;403;12;739.7;110.1;1.35;2;56;0.833;0;ICE;;Basel;Hamburg
1463877;10;20;ICE;ICE;DB Fernverkehr AG;428519;Hamburg Hbf;87362;Wiesbaden Hbf;71520;93720;370;11;492.1;79.8;1.83;1;5;1.0;1;ICE;;Hamburg;Wiesbaden
1463979;33;42;ICE;ICE;DB Fernverkehr AG;9941;München Hbf;428519;Hamburg Hbf;34080;65700;527;17;883.4;100.6;1.7;7;0123456;1.0;1;ICE;;München;Hamburg
1464365;27;57;IC;IC;DB Fernverkehr AG;53188;Leipzig Hbf;464794;Magdeburg Hbf;27720;32100;73;4;110.5;90.8;1.81;1;5;1.0;1;IC;;Leipzig;Magdeburg
1465000;26;55;IC;IC;DB Fernverkehr AG;635340;Heidelberg Hbf;640892;Dortmund Hbf;73500;88080;243;10;299.8;74.0;2.67;1;3;1.0;1;IC;;Heidelberg;Dortmund
1465216;42;22;ICE;ICE;DB Fernverkehr AG;659783;Kiel Hbf;668361;Stuttgart Hbf;50400;74280;398;10;670.1;101.0;1.19;7;0123456;1.0;1;ICE;;Kiel;Stuttgart
1465582;57;19;ICE;ICE;DB Fernverkehr AG;517455;Köln Hbf;391201;Berlin Südkreuz;22800;39840;284;7;506.8;107.1;0.99;1;0;1.0;1;ICE;;Köln;Berlin
1466541;9;87;IC;IC;DB Fernverkehr AG;556408;Schaffhausen;668361;Stuttgart Hbf;65760;74580;147;14;153.9;62.8;7.8;4;56;0.929;0;IC;;Schaffhausen;Stuttgart
1467546;26;55;IC;IC;DB Fernverkehr AG;517455;Köln Hbf;176697;Frankfurt(Main)Hbf;75180;83760;143;6;173.6;72.9;2.3;1;5;1.0;1;IC;;Köln;Frankfurt
1467803;82;95;EC;IC;DB Fernverkehr AG;127712;Berlin Gesundbrunnen;42071;Rzepin;53040;58020;83;5;101.3;73.2;2.96;2;06;0.8;0;IC;;Berlin;Rzepin
1468045;9;87;IC;IC;DB Fernverkehr AG;556408;Schaffhausen;668361;Stuttgart Hbf;29760;38580;147;13;153.9;62.8;7.15;4;56;0.923;0;IC;;Schaffhausen;Stuttgart
1468066;46;60;ICE;ICE;DB Fernverkehr AG;668361;Stuttgart Hbf;9941;München Hbf;23040;30600;126;7;198.1;94.4;2.52;3;056;1.0;1;ICE;;Stuttgart;München
1468366;77;10;ICE;ICE;DB Fernverkehr AG;613345;Berlin Hbf;93866;Hannover Hbf;74400;86760;206;2;246.4;71.8;0.0;1;3;1.0;1;ICE;;Berlin;Hannover
146903;46;60;ICE;ICE;DB Fernverkehr AG;9941;München Hbf;464157;Basel SBB;61080;79020;299;15;452.8;90.9;2.87;4;0123;0.867;0;ICE;;München;Basel
1469051;93;96;EC;IC;DB Fernverkehr AG;42071;Rzepin;327376;Berlin-Lichtenberg;35340;40080;79;4;92.9;70.6;2.15;5;12345;0.75;0;IC;;Rzepin;Berlin
1469454;23;12;ICE;ICE;DB Fernverkehr AG;613345;Berlin Hbf;598255;Offenburg;45060;66540;358;13;722.1;121.0;1.52;2;56;1.0;1;ICE;;Berlin;Offenburg
1469533;45;25;ICE;ICE;DB Fernverkehr AG;331094;Hamburg Dammtor;9941;München Hbf;53580;75000;357;12;704.6;118.4;1.42;6;123456;1.0;1;ICE;;Hamburg;München
1470122;19;24;ICE;ICE;DB Fernverkehr AG;176697;Frankfurt(Main)Hbf;468987;Westerland(Sylt);31860;61380;492;16;647.3;78.9;2.16;1;5;1.0;1;ICE;;Frankfurt;Westerland
1470274;36;43;ICE;ICE;DB Fernverkehr AG;396514;Hamburg-Altona;497089;Karlsruhe Hbf;59160;82740;393;15;666.4;101.7;1.95;3;6;1.0;1;ICE;;Hamburg;Karlsruhe
1470471;33;42;ICE;ICE;DB Fernverkehr AG;9941;München Hbf;325703;Münster(Westf)Hbf;62880;87660;413;11;628.4;91.3;1.43;1;2;1.0;1;ICE;;München;Münster
1470802;31;11;ICE;ICE;DB Fernverkehr AG;9941;München Hbf;127712;Berlin Gesundbrunnen;53100;81780;478;15;817.7;102.6;1.59;8;0123456;1.0;1;ICE;;München;Berlin
1470945;29;;EN;SONSTIGE;BahnTouristikExpress;478341;Stockholm Central;127712;Berlin Gesundbrunnen;61800;126600;1080;7;1158.3;64.3;0.43;1;5;0.429;0;SONSTIGE;;Stockholm Central;Berlin
1471689;23;12;ICE;ICE;DB Fernverkehr AG;176697;Frankfurt(Main)Hbf;127712;Berlin Gesundbrunnen;84900;112320;457;11;562.9;73.9;1.6;1;1;1.0;1;ICE;;Frankfurt;Berlin
1472095;53;47;ICE;ICE;DB Fernverkehr AG;640892;Dortmund Hbf;9941;München Hbf;42900;63600;345;12;609.0;105.9;1.64;6;01234;1.0;1;ICE;;Dortmund;München
1472664;75;;ECE;ICE;Dänische Staatsbahnen;274287;Koebenhavn H;368193;Padborg st;66120;75420;155;5;276.4;107.0;1.09;29;0123456;0.0;0;ICE;;København;Padborg st
1473410;67;33;ICE;ICE;DB Fernverkehr AG;517455;Köln Hbf;468987;Westerland(Sylt);18840;45180;439;13;581.4;79.5;1.89;12;03456;1.0;1;ICE;;Köln;Westerland
1473500;50;61;IC;IC;DB Fernverkehr AG;497089;Karlsruhe Hbf;53188;Leipzig Hbf;54360;79680;422;23;515.6;73.3;4.07;4;1234;1.0;1;IC;;Karlsruhe;Leipzig
1473556;77;10;ICE;ICE;DB Fernverkehr AG;613345;Berlin Hbf;691821;Düsseldorf Hbf;67620;83400;263;12;506.9;115.7;1.97;3;456;1.0;1;ICE;;Berlin;Düsseldorf
1473772;26;55;IC;IC;DB Fernverkehr AG;224643;Dresden Hbf;640892;Dortmund Hbf;62520;85800;388;17;539.3;83.4;2.78;2;34;1.0;1;IC;;Dresden;Dortmund
1473910;9;87;IC;IC;DB Fernverkehr AG;556408;Schaffhausen;679686;Singen(Hohentwiel);47760;48600;14;2;17.0;72.8;;2;56;0.5;0;IC;;Schaffhausen;Singen
1474834;63;14;ICE;ICE;DB Fernverkehr AG;267257;Essen Hbf;337692;Berlin-Charlottenburg;31440;46020;243;10;460.6;113.7;1.74;14;0123456;1.0;1;ICE;;Essen;Berlin
1475136;75;;ECE;ICE;Dänische Staatsbahnen;368193;Padborg st;274287;Koebenhavn H;50580;60900;172;5;276.4;96.4;1.09;7;012346;0.0;0;ICE;;Padborg st;København
1475450;1;;IC;IC;PKP Intercity;401361;Przemysl Glowny;380319;Wroclaw Glowny;25920;46200;338;17;474.6;84.3;3.16;3;034;0.0;0;IC;;Przemysl Glowny;Wroclaw Glowny
1475584;28;75;ECE;ICE;DB Fernverkehr AG;396514;Hamburg-Altona;368193;Padborg st;68400;75180;113;4;146.4;77.7;1.37;7;012346;0.75;0;ICE;;Hamburg;Padborg st
147560;54;82;ICE;ICE;SNCF;335130;Paris Est;412384;Strasbourg;40020;46980;116;2;395.5;204.6;0.0;6;023456;0.0;0;ICE;;Paris;Strasbourg
147577;53;47;ICE;ICE;DB Fernverkehr AG;267257;Essen Hbf;9941;München Hbf;63660;87420;396;11;576.1;87.3;1.56;1;0;1.0;1;ICE;;Essen;München
1476127;32;18;ICE;ICE;DB Fernverkehr AG;396514;Hamburg-Altona;391201;Berlin Südkreuz;77760;87540;163;7;273.2;100.5;1.83;1;1;1.0;1;ICE;;Hamburg;Berlin
1478484;81;83;ICE;ICE;SNCF;412384;Strasbourg;335130;Paris Est;30120;36300;103;2;395.5;230.4;0.0;1;5;0.0;0;ICE;;Strasbourg;Paris
1478617;42;22;ICE;ICE;DB Fernverkehr AG;659783;Kiel Hbf;668361;Stuttgart Hbf;44160;67080;382;10;669.7;105.2;1.19;2;56;1.0;1;ICE;;Kiel;Stuttgart
1478742;50;61;IC;IC;DB Fernverkehr AG;90261;Regensburg Hbf;497089;Karlsruhe Hbf;22920;42600;328;9;360.9;66.0;1.94;2;56;1.0;1;IC;;Regensburg;Karlsruhe
147875;12;29;ICE;ICE;DB Fernverkehr AG;9941;München Hbf;127712;Berlin Gesundbrunnen;69480;87180;295;7;559.5;113.8;0.89;1;0;1.0;1;ICE;;München;Berlin
1478805;77;10;ICE;ICE;DB Fernverkehr AG;391201;Berlin Südkreuz;691821;Düsseldorf Hbf;14760;33300;309;15;514.9;100.0;2.52;1;1;1.0;1;ICE;;Berlin;Düsseldorf
147882;50;61;IC;IC;DB Fernverkehr AG;99055;Nürnberg Hbf;497089;Karlsruhe Hbf;20100;31980;198;11;252.2;76.4;3.57;6;01234;1.0;1;IC;;Nürnberg;Karlsruhe
1478878;23;12;ICE;ICE;DB Fernverkehr AG;464157;Basel SBB;613345;Berlin Hbf;65760;93240;458;16;829.5;108.7;1.69;7;0123;0.875;0;ICE;;Basel;Berlin
1479017;50;61;IC;IC;DB Fernverkehr AG;497089;Karlsruhe Hbf;53188;Leipzig Hbf;25560;50880;422;21;502.0;71.4;3.78;10;0123456;1.0;1;IC;;Karlsruhe;Leipzig
1479222;62;13;ICE;ICE;DB Fernverkehr AG;337692;Berlin-Charlottenburg;497089;Karlsruhe Hbf;41280;62340;351;17;654.2;111.8;2.29;3;056;1.0;1;ICE;;Berlin;Karlsruhe
1479275;77;10;ICE;ICE;DB Fernverkehr AG;691821;Düsseldorf Hbf;391201;Berlin Südkreuz;24480;42960;308;11;507.0;98.8;1.78;1;0;1.0;1;ICE;;Düsseldorf;Berlin
1479283;93;96;EC;IC;DB Fernverkehr AG;354957;Frankfurt(Oder);42071;Rzepin;64200;65340;19;3;19.2;60.7;;3;056;0.667;0;IC;;Frankfurt(Oder);Rzepin
1479429;55;;RJ;SONSTIGE;Ceske Drahy;57233;Breclav;26993;Decin hl.n.;51120;68220;285;7;362.1;76.2;1.38;1;5;0.0;0;SONSTIGE;;Breclav;Decin hl.n.
1479966;84;77;ICE;ICE;DB Fernverkehr AG;65847;Hengelo;93866;Hannover Hbf;71520;82080;176;5;201.9;68.8;1.49;2;06;0.8;0;ICE;;Hengelo;Hannover
1479969;90;45;ICE;ICE;DB Fernverkehr AG;176697;Frankfurt(Main)Hbf;517455;Köln Hbf;21600;28620;117;7;178.8;91.7;2.8;14;01234;1.0;1;ICE;;Frankfurt;Köln
1480783;77;10;ICE;ICE;DB Fernverkehr AG;517455;Köln Hbf;391201;Berlin Südkreuz;61200;80400;320;9;509.8;95.6;1.37;1;6;1.0;1;ICE;;Köln;Berlin
1480796;94;88;ECE;ICE;DB Fernverkehr AG;9941;München Hbf;167729;Lindau-Reutin;52320;60600;138;4;163.5;71.1;1.22;14;0123456;1.0;1;ICE;;München;Lindau-Reutin
1480903;31;11;ICE;ICE;DB Fernverkehr AG;428519;Hamburg Hbf;9941;München Hbf;47580;84720;619;17;1077.6;104.5;1.39;1;4;1.0;1;ICE;;Hamburg;München
1481019;31;11;ICE;ICE;DB Fernverkehr AG;428519;Hamburg Hbf;9941;München Hbf;33180;69120;599;17;1077.6;107.9;1.39;3;056;1.0;1;ICE;;Hamburg;München
1481232;80;55;ICE;ICE;DB Fernverkehr AG;517455;Köln Hbf;668361;Stuttgart Hbf;39180;53460;238;8;298.0;75.1;2.01;1;6;1.0;1;ICE;;Köln;Stuttgart
1481478;72;;ICE;ICE;SBB;464157;Basel SBB;583614;Chur;54420;62520;135;5;176.5;78.4;1.7;2;56;0.0;0;ICE;;Basel;Chur
1481747;87;41;ICE;ICE;DB Fernverkehr AG;517455;Köln Hbf;9941;München Hbf;52500;69120;277;8;497.9;107.9;1.2;4;1234;1.0;1;ICE;;Köln;München
1482308;40;78;ICE;ICE;DB Fernverkehr AG;575362;Arnhem Centraal;176697;Frankfurt(Main)Hbf;27240;40800;226;9;309.8;82.2;2.26;4;056;0.778;0;ICE;;Arnhem Centraal;Frankfurt
1482555;33;42;ICE;ICE;DB Fernverkehr AG;176697;Frankfurt(Main)Hbf;396514;Hamburg-Altona;84120;111840;462;18;566.1;73.5;2.83;1;3;1.0;1;ICE-SPRINTER;SPR-1;Frankfurt;Hamburg
1483233;33;42;ICE;ICE;DB Fernverkehr AG;428519;Hamburg Hbf;9941;München Hbf;35100;66540;524;17;883.4;101.2;1.7;2;56;1.0;1;ICE;;Hamburg;München
1483321;19;24;ICE;ICE;DB Fernverkehr AG;9941;München Hbf;396514;Hamburg-Altona;53520;75240;362;9;662.7;109.8;1.06;16;01234;1.0;1;ICE;;München;Hamburg
1483333;48;;EC;IC;SBB;96724;Zürich HB;63619;St. Margrethen SG;48720;53340;77;5;91.3;71.2;3.29;9;01234;0.0;0;IC;;Zürich;St. Margrethen SG
1484489;36;43;ICE;ICE;DB Fernverkehr AG;396514;Hamburg-Altona;517455;Köln Hbf;73560;89940;273;13;408.5;89.8;2.69;1;6;1.0;1;ICE-SPRINTER;SPR-2;Hamburg;Köln
1485183;47;62;ICE;ICE;DB Fernverkehr AG;176697;Frankfurt(Main)Hbf;695368;Salzburg Hbf;29400;50340;349;14;475.9;81.8;2.52;3;234;0.929;0;ICE;;Frankfurt;Salzburg
1485403;87;41;ICE;ICE;DB Fernverkehr AG;517455;Köln Hbf;9941;München Hbf;12060;30960;315;13;504.7;96.1;2.18;3;01;1.0;1;ICE;;Köln;München
1485419;84;77;ICE;ICE;DB Fernverkehr AG;65847;Hengelo;613345;Berlin Hbf;64320;81000;278;7;448.4;96.8;1.12;2;06;0.857;0;ICE;;Hengelo;Berlin
1486109;38;28;ICE;ICE;DB Fernverkehr AG;391201;Berlin Südkreuz;428519;Hamburg Hbf;19200;26700;125;5;268.4;128.8;1.12;5;12345;1.0;1;ICE;;Berlin;Hamburg
1486298;38;28;ICE;ICE;DB Fernverkehr AG;9941;München Hbf;613345;Berlin Hbf;67560;84540;283;10;579.4;122.8;1.38;23;012346;1.0;1;ICE-SPRINTER;SPR-4;München;Berlin
1486526;45;25;ICE;ICE;DB Fernverkehr AG;9941;München Hbf;9066;Hamburg-Harburg;56580;78240;361;9;679.1;112.9;1.03;1;1;1.0;1;ICE;;München;Hamburg
1486794;45;25;ICE;ICE;DB Fernverkehr AG;9941;München Hbf;428519;Hamburg Hbf;81120;111060;499;11;720.8;86.7;1.25;1;1;1.0;1;ICE;;München;Hamburg
1486844;2;56;IC;IC;DB Fernverkehr AG;161450;Emden Hbf;53188;Leipzig Hbf;29760;52740;383;16;469.6;73.6;2.98;1;6;1.0;1;IC;;Emden;Leipzig
1486974;38;28;ICE;ICE;DB Fernverkehr AG;428519;Hamburg Hbf;9941;München Hbf;23640;47280;394;11;831.5;126.6;1.08;9;0123456;1.0;1;ICE;;Hamburg;München
1487068;77;10;ICE;ICE;DB Fernverkehr AG;691821;Düsseldorf Hbf;391201;Berlin Südkreuz;49800;66000;270;13;508.0;112.9;2.17;12;0123456;1.0;1;ICE;;Düsseldorf;Berlin
148714;87;41;ICE;ICE;DB Fernverkehr AG;517455;Köln Hbf;9941;München Hbf;70500;91080;343;9;501.2;87.7;1.4;4;3456;1.0;1;ICE;;Köln;München
1487922;32;18;ICE;ICE;DB Fernverkehr AG;9941;München Hbf;99055;Nürnberg Hbf;57960;64740;113;5;179.9;95.5;1.67;3;236;1.0;1;ICE;;München;Nürnberg
1487942;82;95;EC;IC;DB Fernverkehr AG;127712;Berlin Gesundbrunnen;42071;Rzepin;53040;58020;83;5;101.3;73.2;2.96;16;0123456;0.8;0;IC;;Berlin;Rzepin
1488002;32;18;ICE;ICE;DB Fernverkehr AG;396514;Hamburg-Altona;613345;Berlin Hbf;34560;42660;135;6;267.7;119.0;1.49;22;0123456;1.0;1;ICE;;Hamburg;Berlin
1488056;36;43;ICE;ICE;DB Fernverkehr AG;396514;Hamburg-Altona;497089;Karlsruhe Hbf;59160;82740;393;13;648.5;99.0;1.7;5;01234;1.0;1;ICE;;Hamburg;Karlsruhe
148809;68;91;ICE;ICE;DB Fernverkehr AG;640892;Dortmund Hbf;99055;Nürnberg Hbf;35640;59400;396;10;443.7;67.2;1.8;5;01234;1.0;1;ICE;;Dortmund;Nürnberg
148814;68;91;ICE;ICE;DB Fernverkehr AG;640892;Dortmund Hbf;99055;Nürnberg Hbf;42660;66600;399;13;457.7;68.8;2.4;4;0123;1.0;1;ICE;;Dortmund;Nürnberg
1488226;38;28;ICE;ICE;DB Fernverkehr AG;416646;Erfurt Hbf;428519;Hamburg Hbf;19500;33840;239;7;510.4;128.1;0.98;1;0;1.0;1;ICE;;Erfurt;Hamburg
1488717;91;79;ICE;ICE;DB Fernverkehr AG;176697;Frankfurt(Main)Hbf;257676;Bruxelles Midi;70440;84900;241;11;358.5;89.2;2.51;2;34;0.727;0;ICE;;Frankfurt;Bruxelles
1488863;36;43;ICE;ICE;DB Fernverkehr AG;464157;Basel SBB;396514;Hamburg-Altona;40560;70440;498;18;838.3;101.0;1.91;1;5;0.889;0;ICE;;Basel;Hamburg
1489226;17;;ICE;ICE;Nederlandse Spoorwegen;79866;Amsterdam Centraal;65847;Hengelo;27960;35460;125;6;152.9;73.4;2.62;1;6;0.0;0;ICE;;Amsterdam;Hengelo
1489240;30;;IC;IC;Ceske Drahy;57233;Breclav;174196;Bohumin(Gr);90240;100920;178;4;169.3;57.1;1.18;5;01236;0.0;0;IC;;Breclav;Bohumin
1489405;12;29;ICE;ICE;DB Fernverkehr AG;613345;Berlin Hbf;9941;München Hbf;70620;87120;275;7;584.4;127.5;0.86;2;56;1.0;1;ICE-SPRINTER;SPR-4;Berlin;München
1489555;94;88;ECE;ICE;DB Fernverkehr AG;167729;Lindau-Reutin;9941;München Hbf;76200;83760;126;4;163.5;77.9;1.22;1;2;1.0;1;ICE;;Lindau-Reutin;München
1489691;33;42;ICE;ICE;DB Fernverkehr AG;9941;München Hbf;396514;Hamburg-Altona;55680;88440;546;19;888.6;97.7;1.91;2;01;1.0;1;ICE;;München;Hamburg
1489908;22;;IC;IC;SBB;96724;Zürich HB;556408;Schaffhausen;41820;43980;36;2;36.3;60.4;0.0;2;01;0.0;0;IC;;Zürich;Schaffhausen
1490416;67;33;ICE;ICE;DB Fernverkehr AG;517455;Köln Hbf;436196;Greifswald;45900;73080;453;18;657.6;87.1;2.43;11;01234;1.0;1;ICE;;Köln;Greifswald
1490664;68;91;ICE;ICE;DB Fernverkehr AG;99055;Nürnberg Hbf;640892;Dortmund Hbf;70320;91500;353;11;445.0;75.6;2.02;1;0;1.0;1;ICE;;Nürnberg;Dortmund
1491350;36;43;ICE;ICE;DB Fernverkehr AG;464157;Basel SBB;396514;Hamburg-Altona;47760;77700;499;17;821.2;98.7;1.83;5;01234;0.882;0;ICE;;Basel;Hamburg
1491454;17;;ICE;ICE;Nederlandse Spoorwegen;65847;Hengelo;396218;Amersfoort Centraal;72540;77040;75;4;98.2;78.6;2.04;2;56;0.0;0;ICE;;Hengelo;Amersfoort Centraal
149209;31;11;ICE;ICE;DB Fernverkehr AG;127712;Berlin Gesundbrunnen;9941;München Hbf;40140;69120;483;15;817.7;101.6;1.59;7;01234;1.0;1;ICE;;Berlin;München
1492099;36;43;ICE;ICE;DB Fernverkehr AG;297876;Basel Bad Bf;428519;Hamburg Hbf;19500;47760;471;14;813.4;103.6;1.48;3;124;0.929;0;ICE;;Basel;Hamburg
1492229;10;20;ICE;ICE;DB Fernverkehr AG;331094;Hamburg Dammtor;464157;Basel SBB;22860;48060;420;14;741.2;105.9;1.62;2;56;0.857;0;ICE;;Hamburg;Basel
1492564;84;77;ICE;ICE;DB Fernverkehr AG;65847;Hengelo;613345;Berlin Hbf;57120;73680;276;7;448.4;97.5;1.12;2;06;0.857;0;ICE;;Hengelo;Berlin
1492722;77;10;ICE;ICE;DB Fernverkehr AG;517455;Köln Hbf;391201;Berlin Südkreuz;30300;47880;293;13;545.8;111.8;2.02;17;0123456;1.0;1;ICE;;Köln;Berlin
1492791;68;91;ICE;ICE;DB Fernverkehr AG;99055;Nürnberg Hbf;640892;Dortmund Hbf;55920;78300;373;11;445.0;71.6;2.02;9;0123456;1.0;1;ICE;;Nürnberg;Dortmund
1493435;26;55;IC;IC;DB Fernverkehr AG;464794;Magdeburg Hbf;224643;Dresden Hbf;36060;45480;157;8;218.4;83.5;2.75;4;0123;1.0;1;IC;;Magdeburg;Dresden
1494066;14;;EC;IC;ÖBB;597555;Jesenice(Gr);312777;Dobova(Gr);55200;68220;217;9;157.0;43.4;4.46;31;0123456;0.0;0;IC;;Jesenice;Dobova
1494096;9;87;IC;IC;DB Fernverkehr AG;556408;Schaffhausen;668361;Stuttgart Hbf;54960;63120;136;6;149.2;65.8;2.68;16;0123456;0.833;0;IC;;Schaffhausen;Stuttgart
149415;87;41;ICE;ICE;DB Fernverkehr AG;9941;München Hbf;517455;Köln Hbf;71100;88920;297;9;495.8;100.2;1.41;1;6;1.0;1;ICE;;München;Köln
1494668;46;60;ICE;ICE;DB Fernverkehr AG;668361;Stuttgart Hbf;464157;Basel SBB;63180;73260;168;9;252.4;90.1;2.77;8;0123456;0.778;0;ICE;;Stuttgart;Basel
1494963;50;61;IC;IC;DB Fernverkehr AG;99055;Nürnberg Hbf;497089;Karlsruhe Hbf;63600;75240;194;11;252.2;78.0;3.57;10;0123456;1.0;1;IC;;Nürnberg;Karlsruhe
1495104;87;41;ICE;ICE;DB Fernverkehr AG;517455;Köln Hbf;9941;München Hbf;63300;82740;324;9;498.6;92.3;1.4;1;1;1.0;1;ICE;;Köln;München
1495539;87;41;ICE;ICE;DB Fernverkehr AG;176697;Frankfurt(Main)Hbf;517455;Köln Hbf;20460;26160;95;7;162.1;102.4;3.08;10;01234;1.0;1;ICE;;Frankfurt;Köln
149620;45;25;ICE;ICE;DB Fernverkehr AG;331094;Hamburg Dammtor;9941;München Hbf;80400;109020;477;12;657.6;82.7;1.52;1;5;1.0;1;ICE;;Hamburg;München
1496205;77;10;ICE;ICE;DB Fernverkehr AG;613345;Berlin Hbf;517455;Köln Hbf;71220;91620;340;8;519.5;91.7;1.15;1;6;1.0;1;ICE;;Berlin;Köln
1496485;94;88;ECE;ICE;DB Fernverkehr AG;167729;Lindau-Reutin;9941;München Hbf;47400;55260;131;4;163.5;74.9;1.22;2;56;1.0;1;ICE;;Lindau-Reutin;München
149679;33;42;ICE;ICE;DB Fernverkehr AG;428519;Hamburg Hbf;176697;Frankfurt(Main)Hbf;81900;111780;498;16;561.3;67.6;2.49;1;2;1.0;1;ICE-SPRINTER;SPR-1;Hamburg;Frankfurt
1496876;28;75;ECE;ICE;DB Fernverkehr AG;428519;Hamburg Hbf;368193;Padborg st;53520;60780;121;4;147.5;73.2;1.36;22;0123456;0.75;0;ICE;;Hamburg;Padborg st
1496949;68;91;ICE;ICE;DB Fernverkehr AG;99055;Nürnberg Hbf;640892;Dortmund Hbf;41520;65100;393;12;456.0;69.6;2.19;7;01234;1.0;1;ICE;;Nürnberg;Dortmund
1496965;68;91;ICE;ICE;DB Fernverkehr AG;99055;Nürnberg Hbf;640892;Dortmund Hbf;63120;85080;366;10;443.7;72.7;1.8;1;3;1.0;1;ICE;;Nürnberg;Dortmund
1496988;17;;ICE;ICE;Nederlandse Spoorwegen;79866;Amsterdam Centraal;65847;Hengelo;28800;35460;111;6;139.3;75.3;2.87;2;56;0.0;0;ICE;;Amsterdam;Hengelo
1497158;54;82;ICE;ICE;SNCF;412384;Strasbourg;335130;Paris Est;29100;35400;105;2;395.5;226.0;0.0;1;5;0.0;0;ICE;;Strasbourg;Paris
1497652;87;41;ICE;ICE;DB Fernverkehr AG;9941;München Hbf;517455;Köln Hbf;49500;66180;278;8;500.5;108.0;1.2;2;56;1.0;1;ICE;;München;Köln
1498394;32;18;ICE;ICE;DB Fernverkehr AG;9941;München Hbf;127712;Berlin Gesundbrunnen;82920;110220;455;18;591.7;78.0;2.7;1;2;1.0;1;ICE;;München;Berlin
1498452;9;87;IC;IC;DB Fernverkehr AG;679686;Singen(Hohentwiel);556408;Schaffhausen;63000;63900;15;2;17.0;68.0;;28;0123456;0.5;0;IC;;Singen;Schaffhausen
1498564;53;47;ICE;ICE;DB Fernverkehr AG;9941;München Hbf;575362;Arnhem Centraal;51600;73560;366;14;654.1;107.2;1.83;7;0123456;0.857;0;ICE;;München;Arnhem Centraal
1499672;40;78;ICE;ICE;DB Fernverkehr AG;575362;Arnhem Centraal;176697;Frankfurt(Main)Hbf;27240;40800;226;9;309.8;82.2;2.26;4;1234;0.778;0;ICE;;Arnhem Centraal;Frankfurt
1499680;9;87;IC;IC;DB Fernverkehr AG;266187;Tuttlingen;556408;Schaffhausen;75600;78300;45;4;42.9;57.2;4.66;2;23;0.75;0;IC;;Tuttlingen;Schaffhausen
1499754;55;;RJ;SONSTIGE;Ceske Drahy;653775;Praha hl.n.;26993;Decin hl.n.;59460;64680;87;4;87.0;60.0;2.3;1;6;0.0;0;SONSTIGE;;Praha;Decin hl.n.
1500047;83;96;EC;IC;PKP Intercity;401361;Przemysl Glowny;42071;Rzepin;18960;49560;510;22;703.3;82.7;2.84;8;0123456;0.0;0;IC;;Przemysl Glowny;Rzepin
1500147;77;10;ICE;ICE;DB Fernverkehr AG;613345;Berlin Hbf;517455;Köln Hbf;71220;89040;297;11;535.3;108.1;1.68;1;6;1.0;1;ICE;;Berlin;Köln
1500583;86;;EN;SONSTIGE;PKP Intercity;135333;Wien Hbf;401361;Przemysl Glowny;83940;123120;653;31;655.2;60.2;4.43;8;0123456;0.0;0;SONSTIGE;;Wien;Przemysl Glowny
150064;46;60;ICE;ICE;DB Fernverkehr AG;497089;Karlsruhe Hbf;9941;München Hbf;57900;67740;164;7;273.1;99.9;1.83;8;0123456;1.0;1;ICE;;Karlsruhe;München
1500985;11;27;ICE;ICE;DB Fernverkehr AG;127712;Berlin Gesundbrunnen;396514;Hamburg-Altona;23520;31200;128;4;257.4;120.7;0.78;14;0123456;1.0;1;ICE;;Berlin;Hamburg
1501239;3;26;ICE;ICE;DB Fernverkehr AG;497089;Karlsruhe Hbf;477761;Bremen Hbf;60060;81900;364;16;528.0;87.0;2.65;1;5;1.0;1;ICE;;Karlsruhe;Bremen
1501367;62;13;ICE;ICE;DB Fernverkehr AG;337692;Berlin-Charlottenburg;19112;Kassel-Wilhelmshöhe;70080;79980;165;8;351.3;127.7;1.71;3;056;1.0;1;ICE;;Berlin;Kassel-Wilhelmshöhe
1501415;48;;EC;IC;SBB;96724;Zürich HB;63619;St. Margrethen SG;70320;74940;77;5;91.3;71.2;3.29;5;03456;0.0;0;IC;;Zürich;St. Margrethen SG
1501483;58;20;ECE;ICE;DB Fernverkehr AG;331094;Hamburg Dammtor;497089;Karlsruhe Hbf;30060;48180;302;9;567.6;112.8;1.23;2;56;1.0;1;ICE;;Hamburg;Karlsruhe
1502088;60;;IC;IC;DB Fernverkehr (Codesharing);79866;Amsterdam Centraal;575362;Arnhem Centraal;72000;75720;62;3;90.6;87.7;1.1;3;456;0.0;0;IC;;Amsterdam;Arnhem Centraal
1502237;84;77;ICE;ICE;DB Fernverkehr AG;391201;Berlin Südkreuz;65847;Hengelo;57960;72420;241;10;456.9;113.8;1.75;1;5;0.9;0;ICE;;Berlin;Hengelo
1502386;84;77;ICE;ICE;DB Fernverkehr AG;391201;Berlin Südkreuz;65847;Hengelo;21900;36420;242;10;456.9;113.3;1.75;1;5;0.9;0;ICE;;Berlin;Hengelo
1502434;1;;IC;IC;PKP Intercity;402680;Swinoujscie;246292;Krakow Glowny;47820;80940;552;24;680.6;74.0;3.23;1;5;0.0;0;IC;;Swinoujscie;Krakow Glowny
1502505;42;22;ICE;ICE;DB Fernverkehr AG;428519;Hamburg Hbf;176697;Frankfurt(Main)Hbf;70140;85140;250;6;419.3;100.6;0.95;1;3;1.0;1;ICE-SPRINTER;SPR-1;Hamburg;Frankfurt
150278;82;95;EC;IC;DB Fernverkehr AG;42071;Rzepin;127712;Berlin Gesundbrunnen;103800;110220;107;5;101.3;56.8;2.96;5;01234;0.8;0;IC;;Rzepin;Berlin
1502996;68;91;ICE;ICE;DB Fernverkehr AG;99055;Nürnberg Hbf;640892;Dortmund Hbf;41520;65100;393;12;456.0;69.6;2.19;2;56;1.0;1;ICE;;Nürnberg;Dortmund
1503258;33;42;ICE;ICE;DB Fernverkehr AG;428519;Hamburg Hbf;176697;Frankfurt(Main)Hbf;81900;111780;498;18;578.0;69.6;2.77;1;3;1.0;1;ICE-SPRINTER;SPR-1;Hamburg;Frankfurt
1503633;31;11;ICE;ICE;DB Fernverkehr AG;428519;Hamburg Hbf;9941;München Hbf;18780;54840;601;17;1077.6;107.6;1.39;6;123456;1.0;1;ICE;;Hamburg;München
1504108;31;11;ICE;ICE;DB Fernverkehr AG;9941;München Hbf;127712;Berlin Gesundbrunnen;81960;116040;568;17;808.2;85.4;1.86;1;3;1.0;1;ICE;;München;Berlin
1504185;47;62;ICE;ICE;DB Fernverkehr AG;695368;Salzburg Hbf;176697;Frankfurt(Main)Hbf;50400;71040;344;14;477.1;83.2;2.52;2;04;0.929;0;ICE;;Salzburg;Frankfurt
1504209;23;12;ICE;ICE;DB Fernverkehr AG;176697;Frankfurt(Main)Hbf;598255;Offenburg;31800;37740;99;4;191.9;116.3;1.04;2;56;1.0;1;ICE;;Frankfurt;Offenburg
1504566;53;47;ICE;ICE;DB Fernverkehr AG;9941;München Hbf;640892;Dortmund Hbf;58800;78600;330;12;608.2;110.6;1.64;1;6;1.0;1;ICE;;München;Dortmund
1504649;77;10;ICE;ICE;DB Fernverkehr AG;613345;Berlin Hbf;484741;Mönchengladbach Hbf;56820;74520;295;11;526.9;107.2;1.71;14;012345;1.0;1;ICE;;Berlin;Mönchengladbach
1505409;22;;IC;IC;SBB;96724;Zürich HB;556408;Schaffhausen;27420;29580;36;2;36.3;60.4;0.0;2;56;0.0;0;IC;;Zürich;Schaffhausen
1505654;9;87;IC;IC;DB Fernverkehr AG;679686;Singen(Hohentwiel);556408;Schaffhausen;81120;81900;13;2;17.0;78.4;;3;456;0.5;0;IC;;Singen;Schaffhausen
1505894;78;15;ICE;ICE;DB Fernverkehr AG;446029;Stralsund Hbf;176697;Frankfurt(Main)Hbf;27840;53760;432;8;632.5;87.9;0.95;5;01234;1.0;1;ICE;;Stralsund;Frankfurt
1506474;53;47;ICE;ICE;DB Fernverkehr AG;267257;Essen Hbf;9941;München Hbf;63660;85680;367;11;576.1;94.2;1.56;1;0;1.0;1;ICE;;Essen;München
1506663;63;14;ICE;ICE;DB Fernverkehr AG;517455;Köln Hbf;127712;Berlin Gesundbrunnen;48840;67380;309;11;509.5;98.9;1.77;17;0123456;1.0;1;ICE;;Köln;Berlin
1506796;77;10;ICE;ICE;DB Fernverkehr AG;613345;Berlin Hbf;691821;Düsseldorf Hbf;67620;85620;300;8;496.0;99.2;1.21;3;012;1.0;1;ICE;;Berlin;Düsseldorf
1506853;50;61;IC;IC;DB Fernverkehr AG;99055;Nürnberg Hbf;497089;Karlsruhe Hbf;34860;46380;192;11;252.2;78.8;3.57;10;0123456;1.0;1;IC;;Nürnberg;Karlsruhe
1506890;3;26;ICE;ICE;DB Fernverkehr AG;477761;Bremen Hbf;635340;Heidelberg Hbf;33300;52860;326;14;476.4;87.7;2.52;1;6;1.0;1;ICE;;Bremen;Heidelberg
1507182;40;78;ICE;ICE;DB Fernverkehr AG;176697;Frankfurt(Main)Hbf;575362;Arnhem Centraal;45480;59160;228;8;309.8;81.5;1.94;4;1234;0.75;0;ICE;;Frankfurt;Arnhem Centraal
1507301;48;;EC;IC;SBB;96724;Zürich HB;464157;Basel SBB;71940;75120;53;2;73.9;83.7;0.0;4;156;0.0;0;IC;;Zürich;Basel
1507666;12;29;ICE;ICE;DB Fernverkehr AG;127712;Berlin Gesundbrunnen;9941;München Hbf;69960;87300;289;7;560.0;116.3;0.89;3;034;1.0;1;ICE;;Berlin;München
1507667;47;62;ICE;ICE;DB Fernverkehr AG;9941;München Hbf;176697;Frankfurt(Main)Hbf;20580;35040;241;10;352.9;87.9;2.27;3;234;1.0;1;ICE;;München;Frankfurt
1507706;50;61;IC;IC;DB Fernverkehr AG;99055;Nürnberg Hbf;668361;Stuttgart Hbf;78060;86040;133;4;156.8;70.7;1.28;2;4;1.0;1;IC;;Nürnberg;Stuttgart
1508074;45;25;ICE;ICE;DB Fernverkehr AG;9941;München Hbf;9066;Hamburg-Harburg;43560;63840;338;10;692.6;123.0;1.16;2;56;1.0;1;ICE;;München;Hamburg
1508085;45;25;ICE;ICE;DB Fernverkehr AG;9941;München Hbf;9066;Hamburg-Harburg;13020;35040;367;10;692.6;113.2;1.16;1;2;1.0;1;ICE;;München;Hamburg
15091;78;15;ICE;ICE;DB Fernverkehr AG;176697;Frankfurt(Main)Hbf;552264;Ostseebad Binz;32520;60060;459;15;698.1;91.3;1.86;1;5;1.0;1;ICE;;Frankfurt;Ostseebad Binz
150914;23;12;ICE;ICE;DB Fernverkehr AG;613345;Berlin Hbf;598255;Offenburg;38220;59340;352;13;722.1;123.1;1.52;2;56;1.0;1;ICE;;Berlin;Offenburg
1509171;76;51;IC;IC;DB Fernverkehr AG;416646;Erfurt Hbf;640892;Dortmund Hbf;26640;40440;230;11;299.8;78.2;3.0;2;6;1.0;1;IC;;Erfurt;Dortmund
1509651;47;62;ICE;ICE;DB Fernverkehr AG;176697;Frankfurt(Main)Hbf;9941;München Hbf;65460;79980;242;11;353.3;87.6;2.55;1;6;1.0;1;ICE;;Frankfurt;München
1510988;23;12;ICE;ICE;DB Fernverkehr AG;464157;Basel SBB;127712;Berlin Gesundbrunnen;65760;93360;460;15;850.4;110.9;1.53;1;3;0.867;0;ICE;;Basel;Berlin
1512114;36;43;ICE;ICE;DB Fernverkehr AG;598255;Offenburg;396514;Hamburg-Altona;44700;70440;429;16;732.2;102.4;1.91;2;56;1.0;1;ICE;;Offenburg;Hamburg
1512780;86;;EN;SONSTIGE;PKP Intercity;135333;Wien Hbf;401361;Przemysl Glowny;83940;123060;652;30;632.7;58.2;4.43;7;0123456;0.0;0;SONSTIGE;;Wien;Przemysl Glowny
1513240;68;91;ICE;ICE;DB Fernverkehr AG;90261;Regensburg Hbf;622042;Oberhausen Hbf;30420;53640;387;13;516.3;80.0;2.13;12;0123456;1.0;1;ICE;;Regensburg;Oberhausen
1513247;60;;IC;IC;DB Fernverkehr (Codesharing);79866;Amsterdam Centraal;575362;Arnhem Centraal;72000;75660;61;3;90.6;89.1;1.1;4;0123;0.0;0;IC;;Amsterdam;Arnhem Centraal
1513316;17;;ICE;ICE;Nederlandse Spoorwegen;575362;Arnhem Centraal;79866;Amsterdam Centraal;37680;41340;61;3;90.6;89.1;1.1;13;456;0.0;0;ICE;;Arnhem Centraal;Amsterdam
1514056;87;41;ICE;ICE;DB Fernverkehr AG;517455;Köln Hbf;9941;München Hbf;59700;76560;281;7;497.9;106.3;1.0;3;056;1.0;1;ICE;;Köln;München
1514138;62;13;ICE;ICE;DB Fernverkehr AG;38672;Frankfurt(M) Flughafen Fernbf;391201;Berlin Südkreuz;65340;82200;281;12;543.3;116.0;1.84;21;0123456;1.0;1;ICE-SPRINTER;SPR-5;Frankfurt;Berlin
151468;45;25;ICE;ICE;DB Fernverkehr AG;93866;Hannover Hbf;9941;München Hbf;52020;67680;261;7;548.1;126.0;0.91;6;123456;1.0;1;ICE;;Hannover;München
151476;62;13;ICE;ICE;DB Fernverkehr AG;497089;Karlsruhe Hbf;337616;Braunschweig Hbf;67140;84240;285;12;449.3;94.6;2.23;2;56;1.0;1;ICE;;Karlsruhe;Braunschweig
1514917;53;47;ICE;ICE;DB Fernverkehr AG;640892;Dortmund Hbf;9941;München Hbf;57180;78000;347;12;609.0;105.3;1.64;6;01234;1.0;1;ICE;;Dortmund;München
1515367;8;90;EC;IC;DB Fernverkehr AG;552402;Simbach(Inn);9941;München Hbf;37200;43260;101;4;110.3;65.5;1.81;20;01234;1.0;1;IC;;Simbach;München
1516808;57;19;ICE;ICE;DB Fernverkehr AG;517455;Köln Hbf;391201;Berlin Südkreuz;74700;90420;262;8;509.5;116.7;1.18;5;46;1.0;1;ICE-SPRINTER;SPR-3;Köln;Berlin
1516837;26;55;IC;IC;DB Fernverkehr AG;517455;Köln Hbf;464794;Magdeburg Hbf;61860;78840;283;14;401.9;85.2;2.99;14;012346;1.0;1;IC;;Köln;Magdeburg
1517224;84;77;ICE;ICE;DB Fernverkehr AG;391201;Berlin Südkreuz;65847;Hengelo;29160;43620;241;10;456.9;113.8;1.75;16;0123456;0.9;0;ICE;;Berlin;Hengelo
1517225;36;43;ICE;ICE;DB Fernverkehr AG;396514;Hamburg-Altona;517455;Köln Hbf;66360;82080;262;12;397.0;90.9;2.52;6;56;1.0;1;ICE-SPRINTER;SPR-2;Hamburg;Köln
1517235;87;41;ICE;ICE;DB Fernverkehr AG;9941;München Hbf;517455;Köln Hbf;71100;88260;286;12;503.3;105.6;1.99;1;3;1.0;1;ICE;;München;Köln
1517270;26;55;IC;IC;DB Fernverkehr AG;93866;Hannover Hbf;224643;Dresden Hbf;31020;45480;241;10;349.7;87.1;2.29;2;04;1.0;1;IC;;Hannover;Dresden
1517381;12;29;ICE;ICE;DB Fernverkehr AG;127712;Berlin Gesundbrunnen;9941;München Hbf;69960;87660;295;8;587.3;119.5;1.02;2;45;1.0;1;ICE;;Berlin;München
1517551;30;;IC;IC;Ceske Drahy;57233;Breclav;174196;Bohumin(Gr);90240;100920;178;4;169.3;57.1;1.18;16;0123456;0.0;0;IC;;Breclav;Bohumin
1517577;31;11;ICE;ICE;DB Fernverkehr AG;9941;München Hbf;127712;Berlin Gesundbrunnen;81960;116040;568;17;808.2;85.4;1.86;1;1;1.0;1;ICE;;München;Berlin
1517620;14;;EC;IC;ÖBB;63619;St. Margrethen SG;167729;Lindau-Reutin;39060;40080;17;3;15.5;54.9;;2;45;0.333;0;IC;;St. Margrethen SG;Lindau-Reutin
1517753;33;42;ICE;ICE;DB Fernverkehr AG;9941;München Hbf;325703;Münster(Westf)Hbf;62880;86040;386;13;635.0;98.7;1.73;2;56;1.0;1;ICE;;München;Münster
1517986;9;87;IC;IC;DB Fernverkehr AG;668361;Stuttgart Hbf;398625;Oberndorf(Neckar);76560;80820;71;6;71.3;60.2;5.61;5;23456;1.0;1;IC;;Stuttgart;Oberndorf
1518076;55;;RJ;SONSTIGE;Ceske Drahy;57233;Breclav;26993;Decin hl.n.;51120;68220;285;7;362.1;76.2;1.38;17;0245;0.0;0;SONSTIGE;;Breclav;Decin hl.n.
1518285;40;78;ICE;ICE;DB Fernverkehr AG;575362;Arnhem Centraal;176697;Frankfurt(Main)Hbf;63240;76140;215;9;309.8;86.4;2.26;5;0123;0.778;0;ICE;;Arnhem Centraal;Frankfurt
1518611;32;18;ICE;ICE;DB Fernverkehr AG;127712;Berlin Gesundbrunnen;9941;München Hbf;84000;112500;475;14;601.6;76.0;1.99;1;5;1.0;1;ICE;;Berlin;München
1519079;87;41;ICE;ICE;DB Fernverkehr AG;9941;München Hbf;517455;Köln Hbf;31500;48000;275;7;497.9;108.6;1.0;2;56;1.0;1;ICE;;München;Köln
1519297;26;55;IC;IC;DB Fernverkehr AG;224643;Dresden Hbf;668361;Stuttgart Hbf;33720;73380;661;28;918.3;83.4;2.83;10;0123456;1.0;1;IC;;Dresden;Stuttgart
1519390;89;35;IC;IC;DB Fernverkehr AG;517455;Köln Hbf;161450;Emden Hbf;63960;77100;219;14;314.7;86.2;3.81;14;012346;1.0;1;IC;;Köln;Emden
1520093;77;10;ICE;ICE;DB Fernverkehr AG;613345;Berlin Hbf;517455;Köln Hbf;71220;87180;266;9;505.1;113.9;1.39;4;3456;1.0;1;ICE;;Berlin;Köln
1520325;77;10;ICE;ICE;DB Fernverkehr AG;691821;Düsseldorf Hbf;391201;Berlin Südkreuz;46800;66000;320;12;507.1;95.1;1.97;2;06;1.0;1;ICE;;Düsseldorf;Berlin
1520379;26;55;IC;IC;DB Fernverkehr AG;635340;Heidelberg Hbf;517455;Köln Hbf;37440;47160;162;6;218.9;81.1;1.83;2;06;1.0;1;IC;;Heidelberg;Köln
1520594;26;55;IC;IC;DB Fernverkehr AG;635340;Heidelberg Hbf;517455;Köln Hbf;37440;47160;162;6;218.9;81.1;1.83;4;1234;1.0;1;IC;;Heidelberg;Köln
1520828;9;87;IC;IC;DB Fernverkehr AG;556408;Schaffhausen;668361;Stuttgart Hbf;47760;55920;136;7;149.3;65.9;3.35;10;0123456;0.857;0;IC;;Schaffhausen;Stuttgart
1520985;45;25;ICE;ICE;DB Fernverkehr AG;9066;Hamburg-Harburg;9941;München Hbf;22380;42600;337;10;692.6;123.3;1.16;2;56;1.0;1;ICE;;Hamburg;München
1521094;17;;ICE;ICE;Nederlandse Spoorwegen;575362;Arnhem Centraal;79866;Amsterdam Centraal;73680;77340;61;3;90.6;89.1;1.1;2;56;0.0;0;ICE;;Arnhem Centraal;Amsterdam
1521591;17;;ICE;ICE;Nederlandse Spoorwegen;79866;Amsterdam Centraal;65847;Hengelo;28800;35460;111;6;139.3;75.3;2.87;1;0;0.0;0;ICE;;Amsterdam;Hengelo
1521644;40;78;ICE;ICE;DB Fernverkehr AG;575362;Arnhem Centraal;176697;Frankfurt(Main)Hbf;70440;80820;173;10;310.4;107.7;2.58;7;456;0.8;0;ICE;;Arnhem Centraal;Frankfurt
1522433;61;1;ICE;ICE;DB Fernverkehr AG;517455;Köln Hbf;157968;Rostock Hbf;58020;79080;351;9;553.1;94.5;1.27;14;012346;1.0;1;ICE;;Köln;Rostock
1522434;77;10;ICE;ICE;DB Fernverkehr AG;613345;Berlin Hbf;691821;Düsseldorf Hbf;53220;68880;261;11;506.9;116.5;1.78;1;5;1.0;1;ICE;;Berlin;Düsseldorf
1523314;80;55;ICE;ICE;DB Fernverkehr AG;668361;Stuttgart Hbf;640892;Dortmund Hbf;47100;66720;327;12;403.1;74.0;2.48;11;01234;1.0;1;ICE;;Stuttgart;Dortmund
152342;53;47;ICE;ICE;DB Fernverkehr AG;517455;Köln Hbf;9941;München Hbf;19500;34800;255;7;502.6;118.2;0.99;1;5;1.0;1;ICE;;Köln;München
1523476;22;;IC;IC;SBB;96724;Zürich HB;556408;Schaffhausen;59820;61980;36;2;36.3;60.4;0.0;5;23456;0.0;0;IC;;Zürich;Schaffhausen
152369;77;10;ICE;ICE;DB Fernverkehr AG;549058;Duisburg Hbf;391201;Berlin Südkreuz;540;20820;338;17;505.1;89.7;2.97;1;4;1.0;1;ICE;;Duisburg;Berlin
1523902;53;47;ICE;ICE;DB Fernverkehr AG;9941;München Hbf;575362;Arnhem Centraal;51600;77160;426;13;653.4;92.0;1.68;2;0;0.846;0;ICE;;München;Arnhem Centraal
1524311;82;95;EC;IC;DB Fernverkehr AG;127712;Berlin Gesundbrunnen;42071;Rzepin;20640;25620;83;5;101.3;73.2;2.96;4;2345;0.8;0;IC;;Berlin;Rzepin
1524404;2;56;IC;IC;DB Fernverkehr AG;53188;Leipzig Hbf;161450;Emden Hbf;42120;63480;356;18;469.8;79.2;3.41;8;56;1.0;1;IC;;Leipzig;Emden
1525100;20;49;ICE;ICE;DB Fernverkehr AG;176697;Frankfurt(Main)Hbf;517455;Köln Hbf;61380;66300;82;5;161.5;118.2;1.86;21;01234;1.0;1;ICE;;Frankfurt;Köln
1525170;77;10;ICE;ICE;DB Fernverkehr AG;691821;Düsseldorf Hbf;391201;Berlin Südkreuz;61200;80400;320;12;507.1;95.1;1.97;1;6;1.0;1;ICE;;Düsseldorf;Berlin
1525293;14;;EC;IC;ÖBB;63619;St. Margrethen SG;167729;Lindau-Reutin;60660;61680;17;3;15.5;54.9;;3;034;0.333;0;IC;;St. Margrethen SG;Lindau-Reutin
1525535;87;41;ICE;ICE;DB Fernverkehr AG;9941;München Hbf;640892;Dortmund Hbf;63960;85620;361;10;572.3;95.1;1.4;2;34;1.0;1;ICE;;München;Dortmund
1526002;21;95;EC;IC;PKP Intercity;42071;Rzepin;39653;Warszawa Wschodnia;33120;47700;243;9;430.8;106.4;1.62;4;2345;0.0;0;IC;;Rzepin;Warszawa
1526318;82;95;EC;IC;DB Fernverkehr AG;42071;Rzepin;127712;Berlin Gesundbrunnen;39000;44700;95;5;101.3;64.0;2.96;1;0;0.8;0;IC;;Rzepin;Berlin
1526788;50;61;IC;IC;DB Fernverkehr AG;99055;Nürnberg Hbf;497089;Karlsruhe Hbf;49200;60780;193;8;238.6;74.2;2.51;10;0123456;1.0;1;IC;;Nürnberg;Karlsruhe
152699;87;41;ICE;ICE;DB Fernverkehr AG;517455;Köln Hbf;9941;München Hbf;38100;54720;277;7;500.5;108.4;1.0;2;56;1.0;1;ICE;;Köln;München
1527496;33;42;ICE;ICE;DB Fernverkehr AG;9941;München Hbf;428519;Hamburg Hbf;34080;65700;527;17;883.4;100.6;1.7;2;56;1.0;1;ICE;;München;Hamburg
1527601;72;;ICE;ICE;SBB;464157;Basel SBB;96724;Zürich HB;54420;57600;53;2;73.9;83.7;0.0;4;156;0.0;0;ICE;;Basel;Zürich
1527611;93;96;EC;IC;DB Fernverkehr AG;354957;Frankfurt(Oder);42071;Rzepin;64200;65340;19;3;19.2;60.7;;2;56;0.667;0;IC;;Frankfurt(Oder);Rzepin
1527897;40;78;ICE;ICE;DB Fernverkehr AG;575362;Arnhem Centraal;176697;Frankfurt(Main)Hbf;70440;80760;172;10;310.4;108.3;2.58;1;5;0.8;0;ICE;;Arnhem Centraal;Frankfurt
1528029;23;12;ICE;ICE;DB Fernverkehr AG;613345;Berlin Hbf;464157;Basel SBB;45060;71160;435;16;827.4;114.1;1.69;6;56;0.875;0;ICE;;Berlin;Basel
1528240;77;10;ICE;ICE;DB Fernverkehr AG;517455;Köln Hbf;391201;Berlin Südkreuz;15900;33480;293;12;545.2;111.7;1.83;7;01235;1.0;1;ICE;;Köln;Berlin
1528337;42;22;ICE;ICE;DB Fernverkehr AG;428519;Hamburg Hbf;668361;Stuttgart Hbf;34140;52680;309;8;583.2;113.2;1.03;1;5;1.0;1;ICE;;Hamburg;Stuttgart
1528698;53;47;ICE;ICE;DB Fernverkehr AG;575362;Arnhem Centraal;456179;Augsburg Hbf;32640;56820;403;13;597.8;89.0;1.84;2;23;0.846;0;ICE;;Arnhem Centraal;Augsburg
1528947;53;47;ICE;ICE;DB Fernverkehr AG;575362;Arnhem Centraal;456179;Augsburg Hbf;32640;56820;403;13;597.8;89.0;1.84;2;56;0.846;0;ICE;;Arnhem Centraal;Augsburg
1529127;77;10;ICE;ICE;DB Fernverkehr AG;640892;Dortmund Hbf;391201;Berlin Südkreuz;62160;76680;242;6;435.2;107.9;0.92;2;06;1.0;1;ICE;;Dortmund;Berlin
1529900;62;13;ICE;ICE;DB Fernverkehr AG;337692;Berlin-Charlottenburg;497089;Karlsruhe Hbf;26760;47820;351;16;653.1;111.6;2.14;3;056;1.0;1;ICE;;Berlin;Karlsruhe
1530275;42;22;ICE;ICE;DB Fernverkehr AG;659783;Kiel Hbf;668361;Stuttgart Hbf;51360;74280;382;10;670.1;105.2;1.19;2;16;1.0;1;ICE;;Kiel;Stuttgart
1530652;24;16;ICE;ICE;DB Fernverkehr AG;477761;Bremen Hbf;93866;Hannover Hbf;40500;44040;59;2;100.4;102.1;0.0;31;0123456;1.0;1;ICE;;Bremen;Hannover
1531114;12;29;ICE;ICE;DB Fernverkehr AG;613345;Berlin Hbf;9941;München Hbf;74220;92460;304;7;584.4;115.3;0.86;1;3;1.0;1;ICE;;Berlin;München
1531746;23;12;ICE;ICE;DB Fernverkehr AG;464157;Basel SBB;613345;Berlin Hbf;65760;93240;458;16;827.4;108.4;1.69;1;6;0.875;0;ICE;;Basel;Berlin
1531924;72;;ICE;ICE;SBB;228347;Brig;464157;Basel SBB;27900;36000;135;8;179.2;79.6;3.35;19;01234;0.0;0;ICE;;Brig;Basel
1532241;10;20;ICE;ICE;DB Fernverkehr AG;497089;Karlsruhe Hbf;428519;Hamburg Hbf;38220;55740;292;8;566.2;116.3;1.06;2;56;1.0;1;ICE;;Karlsruhe;Hamburg
1532431;77;10;ICE;ICE;DB Fernverkehr AG;391201;Berlin Südkreuz;517455;Köln Hbf;19560;37320;296;10;510.6;103.5;1.57;4;1234;1.0;1;ICE;;Berlin;Köln
1532968;77;10;ICE;ICE;DB Fernverkehr AG;691821;Düsseldorf Hbf;391201;Berlin Südkreuz;39900;58800;315;12;507.1;96.6;1.97;2;06;1.0;1;ICE;;Düsseldorf;Berlin
1533614;83;96;EC;IC;PKP Intercity;42071;Rzepin;246292;Krakow Glowny;65460;86220;346;12;476.6;82.6;2.1;5;0123;0.0;0;IC;;Rzepin;Krakow Glowny
1534775;77;10;ICE;ICE;DB Fernverkehr AG;517455;Köln Hbf;391201;Berlin Südkreuz;63480;80400;282;10;510.6;108.6;1.57;8;0123456;1.0;1;ICE;;Köln;Berlin
1534837;75;;ECE;ICE;Dänische Staatsbahnen;368193;Padborg st;274287;Koebenhavn H;75780;85740;166;5;276.4;99.9;1.09;1;6;0.0;0;ICE;;Padborg st;København
153484;72;;ICE;ICE;SBB;228347;Brig;464157;Basel SBB;49500;57600;135;8;179.2;79.6;3.35;2;13;0.0;0;ICE;;Brig;Basel
153534;36;43;ICE;ICE;DB Fernverkehr AG;464157;Basel SBB;640892;Dortmund Hbf;69360;96240;448;13;546.8;73.2;2.01;1;5;0.846;0;ICE;;Basel;Dortmund
15354;23;12;ICE;ICE;DB Fernverkehr AG;391201;Berlin Südkreuz;464157;Basel SBB;22800;49680;448;17;832.9;111.6;1.8;4;56;0.882;0;ICE;;Berlin;Basel
1535425;42;22;ICE;ICE;DB Fernverkehr AG;331094;Hamburg Dammtor;668361;Stuttgart Hbf;26460;45480;317;9;584.9;110.7;1.2;8;0123456;1.0;1;ICE;;Hamburg;Stuttgart
1535536;65;97;EC;IC;DB Fernverkehr AG;262513;Horka(Gr);53188;Leipzig Hbf;39120;47040;132;6;193.7;88.0;2.07;13;0123456;0.833;0;IC;;Horka;Leipzig
1536231;45;25;ICE;ICE;DB Fernverkehr AG;331094;Hamburg Dammtor;9941;München Hbf;60780;83880;385;12;731.5;114.0;1.37;3;345;1.0;1;ICE;;Hamburg;München
1536864;47;62;ICE;ICE;DB Fernverkehr AG;309229;Friedrichshafen Stadt;640892;Dortmund Hbf;45300;71700;440;11;546.0;74.5;1.65;3;234;1.0;1;ICE;;Friedrichshafen Stadt;Dortmund
1537188;77;10;ICE;ICE;DB Fernverkehr AG;517455;Köln Hbf;391201;Berlin Südkreuz;19560;37200;294;13;541.3;110.5;2.03;2;6;1.0;1;ICE;;Köln;Berlin
1537488;38;28;ICE;ICE;DB Fernverkehr AG;9941;München Hbf;428519;Hamburg Hbf;24540;48240;395;11;831.5;126.3;1.08;9;0123456;1.0;1;ICE;;München;Hamburg
1538809;62;13;ICE;ICE;DB Fernverkehr AG;337692;Berlin-Charlottenburg;497089;Karlsruhe Hbf;41280;61500;337;14;649.2;115.6;1.85;4;0123;1.0;1;ICE;;Berlin;Karlsruhe
153917;47;62;ICE;ICE;DB Fernverkehr AG;695368;Salzburg Hbf;176697;Frankfurt(Main)Hbf;50400;71040;344;15;476.4;83.1;2.73;16;0123456;0.933;0;ICE;;Salzburg;Frankfurt
1539640;36;43;ICE;ICE;DB Fernverkehr AG;396514;Hamburg-Altona;526634;Freiburg(Breisgau) Hbf;44760;72180;457;17;785.7;103.2;1.91;1;4;1.0;1;ICE;;Hamburg;Freiburg
1539689;28;75;ECE;ICE;DB Fernverkehr AG;368193;Padborg st;396514;Hamburg-Altona;75720;84420;145;4;146.4;60.6;1.37;1;5;0.75;0;ICE;;Padborg st;Hamburg
1539741;42;22;ICE;ICE;DB Fernverkehr AG;428519;Hamburg Hbf;176697;Frankfurt(Main)Hbf;70140;83700;226;6;419.3;111.3;0.95;1;5;1.0;1;ICE-SPRINTER;SPR-1;Hamburg;Frankfurt
1540789;11;27;ICE;ICE;DB Fernverkehr AG;391201;Berlin Südkreuz;396514;Hamburg-Altona;23040;31200;136;5;262.9;116.0;1.14;5;1245;1.0;1;ICE;;Berlin;Hamburg
1541150;17;;ICE;ICE;Nederlandse Spoorwegen;79866;Amsterdam Centraal;575362;Arnhem Centraal;67080;70320;54;3;90.6;100.7;1.1;3;01;0.0;0;ICE;;Amsterdam;Arnhem Centraal
1541590;44;17;IC;IC;DB Fernverkehr AG;157968;Rostock Hbf;227595;Chemnitz Hbf;51600;70260;311;10;428.8;82.7;1.87;27;0123456;1.0;1;IC;;Rostock;Chemnitz
154229;75;;ECE;ICE;Dänische Staatsbahnen;368193;Padborg st;274287;Koebenhavn H;75780;85860;168;5;276.4;98.7;1.09;1;2;0.0;0;ICE;;Padborg st;København
1542930;46;60;ICE;ICE;DB Fernverkehr AG;9941;München Hbf;180380;Saarbrücken Hbf;54120;69420;255;10;405.4;95.4;1.97;8;0123456;1.0;1;ICE;;München;Saarbrücken
1543981;37;82;ICE;ICE;DB Fernverkehr AG;180380;Saarbrücken Hbf;176697;Frankfurt(Main)Hbf;75540;82980;124;4;182.3;88.2;1.1;2;5;1.0;1;ICE;;Saarbrücken;Frankfurt
1544238;31;11;ICE;ICE;DB Fernverkehr AG;87362;Wiesbaden Hbf;9941;München Hbf;19560;33240;228;8;356.5;93.8;1.68;3;234;1.0;1;ICE;;Wiesbaden;München
154481;18;;ICE;ICE;ÖBB;338037;Graz Hbf;695368;Salzburg Hbf;36000;49980;233;14;299.4;77.1;4.01;3;234;0.0;0;ICE;;Graz;Salzburg
1545060;72;;ICE;ICE;SBB;464157;Basel SBB;583614;Chur;65220;73320;135;5;176.5;78.4;1.7;18;012346;0.0;0;ICE;;Basel;Chur
1545522;82;95;EC;IC;DB Fernverkehr AG;42071;Rzepin;327376;Berlin-Lichtenberg;46200;50580;73;4;92.9;76.4;2.15;1;2;0.75;0;IC;;Rzepin;Berlin
1546118;22;;IC;IC;SBB;96724;Zürich HB;556408;Schaffhausen;27420;29580;36;2;36.3;60.4;0.0;1;5;0.0;0;IC;;Zürich;Schaffhausen
1546506;82;95;EC;IC;DB Fernverkehr AG;42071;Rzepin;327376;Berlin-Lichtenberg;42600;47580;83;4;92.9;67.2;2.15;5;12345;0.75;0;IC;;Rzepin;Berlin
1547008;9;87;IC;IC;DB Fernverkehr AG;668361;Stuttgart Hbf;391274;Konstanz;52020;60420;140;7;159.8;68.5;3.13;12;01234;0.857;0;IC;;Stuttgart;Konstanz
1547478;5;50;ICE;ICE;DB Fernverkehr AG;38672;Frankfurt(M) Flughafen Fernbf;224643;Dresden Hbf;39720;57300;293;10;431.8;88.4;1.85;2;56;1.0;1;ICE;;Frankfurt;Dresden
1547640;94;88;ECE;ICE;DB Fernverkehr AG;167729;Lindau-Reutin;9941;München Hbf;25800;33360;126;4;163.5;77.9;1.22;8;01234;1.0;1;ICE;;Lindau-Reutin;München
1548108;87;41;ICE;ICE;DB Fernverkehr AG;9941;München Hbf;640892;Dortmund Hbf;63960;87120;386;11;592.1;92.0;1.52;2;01;1.0;1;ICE;;München;Dortmund
1548159;17;;ICE;ICE;Nederlandse Spoorwegen;79866;Amsterdam Centraal;575362;Arnhem Centraal;52380;55920;59;3;90.6;92.2;1.1;1;4;0.0;0;ICE;;Amsterdam;Arnhem Centraal
1548436;3;26;ICE;ICE;DB Fernverkehr AG;83956;Oldenburg(Oldb)Hbf;635340;Heidelberg Hbf;17040;38460;357;15;516.3;86.8;2.52;5;01234;1.0;1;ICE;;Oldenburg;Heidelberg
1548576;42;22;ICE;ICE;DB Fernverkehr AG;668361;Stuttgart Hbf;428519;Hamburg Hbf;48120;66540;307;9;605.0;118.2;1.16;10;01234;1.0;1;ICE;;Stuttgart;Hamburg
1548743;42;22;ICE;ICE;DB Fernverkehr AG;659783;Kiel Hbf;668361;Stuttgart Hbf;58560;82500;399;11;671.9;101.0;1.34;2;46;1.0;1;ICE;;Kiel;Stuttgart
1549396;21;95;EC;IC;PKP Intercity;39653;Warszawa Wschodnia;42071;Rzepin;60540;74940;240;9;430.8;107.7;1.62;2;01;0.0;0;IC;;Warszawa;Rzepin
154954;36;43;ICE;ICE;DB Fernverkehr AG;464157;Basel SBB;640892;Dortmund Hbf;69360;87600;304;11;516.5;101.9;1.74;1;3;0.818;0;ICE;;Basel;Dortmund
15499;36;43;ICE;ICE;DB Fernverkehr AG;396514;Hamburg-Altona;517455;Köln Hbf;73560;91440;298;11;393.2;79.2;2.29;1;1;1.0;1;ICE-SPRINTER;SPR-2;Hamburg;Köln
1550015;32;18;ICE;ICE;DB Fernverkehr AG;613345;Berlin Hbf;396514;Hamburg-Altona;79740;90000;171;6;267.7;93.9;1.49;1;0;1.0;1;ICE;;Berlin;Hamburg
1550035;46;60;ICE;ICE;DB Fernverkehr AG;540195;Esslingen(Neckar);9941;München Hbf;39480;46140;111;5;185.6;100.3;1.62;3;056;1.0;1;ICE;;Esslingen;München
1550509;17;;ICE;ICE;Nederlandse Spoorwegen;79866;Amsterdam Centraal;575362;Arnhem Centraal;28020;32520;75;3;90.6;72.5;1.1;2;23;0.0;0;ICE;;Amsterdam;Arnhem Centraal
1550511;62;13;ICE;ICE;DB Fernverkehr AG;337692;Berlin-Charlottenburg;497089;Karlsruhe Hbf;26760;47220;341;15;645.6;113.6;2.01;3;56;1.0;1;ICE;;Berlin;Karlsruhe
155217;26;55;IC;IC;DB Fernverkehr AG;497089;Karlsruhe Hbf;517455;Köln Hbf;35520;47160;194;8;270.5;83.7;2.22;8;0123456;1.0;1;IC;;Karlsruhe;Köln
1553002;91;79;ICE;ICE;DB Fernverkehr AG;176697;Frankfurt(Main)Hbf;257676;Bruxelles Midi;66780;77700;182;8;356.7;117.6;1.68;2;56;0.625;0;ICE;;Frankfurt;Bruxelles
1553085;87;41;ICE;ICE;DB Fernverkehr AG;691821;Düsseldorf Hbf;9941;München Hbf;66060;83700;294;9;531.0;108.4;1.32;10;0123456;1.0;1;ICE;;Düsseldorf;München
1553760;17;;ICE;ICE;Nederlandse Spoorwegen;65847;Hengelo;79866;Amsterdam Centraal;36540;43140;110;6;139.3;76.0;2.87;22;0123456;0.0;0;ICE;;Hengelo;Amsterdam
1554234;36;43;ICE;ICE;DB Fernverkehr AG;396514;Hamburg-Altona;598255;Offenburg;37560;63300;429;17;733.0;102.5;2.05;2;56;1.0;1;ICE;;Hamburg;Offenburg
1554334;33;42;ICE;ICE;DB Fernverkehr AG;517455;Köln Hbf;396514;Hamburg-Altona;12900;30840;299;14;405.5;81.4;2.96;2;35;1.0;1;ICE-SPRINTER;SPR-2;Köln;Hamburg
1554364;12;29;ICE;ICE;DB Fernverkehr AG;9941;München Hbf;127712;Berlin Gesundbrunnen;69480;86520;284;8;560.6;118.4;1.07;1;5;1.0;1;ICE;;München;Berlin
1554612;40;78;ICE;ICE;DB Fernverkehr AG;575362;Arnhem Centraal;176697;Frankfurt(Main)Hbf;48840;61740;215;9;309.8;86.4;2.26;2;56;0.778;0;ICE;;Arnhem Centraal;Frankfurt
1554959;2;56;IC;IC;DB Fernverkehr AG;337692;Berlin-Charlottenburg;195950;Norddeich Mole;26880;51600;412;22;543.7;79.2;3.68;14;0123456;1.0;1;IC;;Berlin;Norddeich Mole
1555323;71;;IC;IC;ÖBB;135333;Wien Hbf;57233;Breclav;83940;88440;75;3;73.9;59.1;1.35;23;0123456;0.0;0;IC;;Wien;Breclav
1555483;31;11;ICE;ICE;DB Fernverkehr AG;9941;München Hbf;176697;Frankfurt(Main)Hbf;74700;87540;214;7;359.8;100.9;1.39;1;0;1.0;1;ICE;;München;Frankfurt
1555608;52;;EN;SONSTIGE;ÖBB;26993;Decin hl.n.;653775;Praha hl.n.;115020;120300;88;4;87.0;59.3;2.3;21;0123456;0.0;0;SONSTIGE;;Decin hl.n.;Praha
1556670;31;11;ICE;ICE;DB Fernverkehr AG;9941;München Hbf;53188;Leipzig Hbf;67500;94320;447;11;663.8;89.1;1.36;1;1;1.0;1;ICE;;München;Leipzig
1556904;21;95;EC;IC;PKP Intercity;42071;Rzepin;401361;Przemysl Glowny;84660;119700;584;33;781.7;80.3;3.97;3;026;0.0;0;IC;;Rzepin;Przemysl Glowny
1557090;23;12;ICE;ICE;DB Fernverkehr AG;19112;Kassel-Wilhelmshöhe;391201;Berlin Südkreuz;24300;35220;182;8;358.7;118.3;1.67;20;012345;1.0;1;ICE;;Kassel-Wilhelmshöhe;Berlin
1557380;22;;IC;IC;SBB;556408;Schaffhausen;96724;Zürich HB;31620;33780;36;2;36.3;60.4;0.0;3;234;0.0;0;IC;;Schaffhausen;Zürich
1557935;78;15;ICE;ICE;DB Fernverkehr AG;621598;Eisenach Hbf;552264;Ostseebad Binz;23820;44940;352;11;526.4;89.7;1.71;6;012345;1.0;1;ICE;;Eisenach;Ostseebad Binz
1557960;91;79;ICE;ICE;DB Fernverkehr AG;176697;Frankfurt(Main)Hbf;257676;Bruxelles Midi;59640;70500;181;8;356.7;118.3;1.68;1;0;0.625;0;ICE;;Frankfurt;Bruxelles
1558158;46;60;ICE;ICE;DB Fernverkehr AG;497089;Karlsruhe Hbf;668361;Stuttgart Hbf;40920;43740;47;2;61.6;78.6;0.0;1;5;1.0;1;ICE;;Karlsruhe;Stuttgart
1558693;74;90;EC;IC;ÖBB;552402;Simbach(Inn);135333;Wien Hbf;71400;82020;177;6;254.4;86.2;1.57;20;01234;0.167;0;IC;;Simbach;Wien
1558704;33;42;ICE;ICE;DB Fernverkehr AG;9941;München Hbf;396514;Hamburg-Altona;48480;81180;545;19;888.6;97.8;1.91;3;456;1.0;1;ICE;;München;Hamburg
1559218;2;56;IC;IC;DB Fernverkehr AG;337692;Berlin-Charlottenburg;195950;Norddeich Mole;27540;51600;401;23;516.4;77.3;4.07;7;0123456;1.0;1;IC;;Berlin;Norddeich Mole
1559574;23;12;ICE;ICE;DB Fernverkehr AG;464157;Basel SBB;613345;Berlin Hbf;65760;93240;458;16;829.5;108.7;1.69;5;0123;0.875;0;ICE;;Basel;Berlin
1559609;1;;IC;IC;PKP Intercity;39653;Warszawa Wschodnia;174196;Bohumin(Gr);70860;86340;258;12;333.5;77.6;3.0;8;0123456;0.0;0;IC;;Warszawa;Bohumin
1559702;23;12;ICE;ICE;DB Fernverkehr AG;613345;Berlin Hbf;497089;Karlsruhe Hbf;67020;86340;322;12;655.6;122.2;1.53;16;0123456;1.0;1;ICE;;Berlin;Karlsruhe
1560270;57;19;ICE;ICE;DB Fernverkehr AG;391201;Berlin Südkreuz;517455;Köln Hbf;24720;44220;325;7;506.8;93.6;0.99;1;5;1.0;1;ICE;;Berlin;Köln
156033;68;91;ICE;ICE;DB Fernverkehr AG;640892;Dortmund Hbf;99055;Nürnberg Hbf;14640;37800;386;15;471.4;73.3;2.76;1;3;1.0;1;ICE;;Dortmund;Nürnberg
1560788;77;10;ICE;ICE;DB Fernverkehr AG;517455;Köln Hbf;391201;Berlin Südkreuz;82860;107700;414;16;553.7;80.2;2.53;1;4;1.0;1;ICE;;Köln;Berlin
1561011;87;41;ICE;ICE;DB Fernverkehr AG;9941;München Hbf;640892;Dortmund Hbf;60240;81900;361;10;574.8;95.5;1.39;1;5;1.0;1;ICE;;München;Dortmund
1561136;2;56;IC;IC;DB Fernverkehr AG;195950;Norddeich Mole;53188;Leipzig Hbf;56160;81360;420;23;518.9;74.1;4.05;1;3;1.0;1;IC;;Norddeich Mole;Leipzig
1562196;6;;RJ;SONSTIGE;ÖBB;565099;Kufstein;438277;Innsbruck Hbf;77280;80040;46;4;68.7;89.5;2.91;8;0123456;0.0;0;SONSTIGE;;Kufstein;Innsbruck
1562687;42;22;ICE;ICE;DB Fernverkehr AG;176697;Frankfurt(Main)Hbf;659783;Kiel Hbf;16860;34620;296;12;552.1;111.9;1.81;1;1;1.0;1;ICE;;Frankfurt;Kiel
1562746;87;41;ICE;ICE;DB Fernverkehr AG;691821;Düsseldorf Hbf;9941;München Hbf;69480;89640;336;10;557.9;99.6;1.43;1;1;1.0;1;ICE;;Düsseldorf;München
1562825;43;;EN;SONSTIGE;MAV;26993;Decin hl.n.;619325;Budapest-Nyugati;82680;118140;591;15;608.3;61.8;2.14;1;3;0.0;0;SONSTIGE;;Decin hl.n.;Budapest
1563614;23;12;ICE;ICE;DB Fernverkehr AG;391201;Berlin Südkreuz;464157;Basel SBB;83460;118080;577;16;849.0;88.3;1.65;1;3;0.875;0;ICE;;Berlin;Basel
1563746;12;29;ICE;ICE;DB Fernverkehr AG;9941;München Hbf;127712;Berlin Gesundbrunnen;73260;88380;252;7;560.0;133.3;0.89;17;0123456;1.0;1;ICE-SPRINTER;SPR-4;München;Berlin
1563793;72;;ICE;ICE;SBB;480653;Interlaken Ost;464157;Basel SBB;39540;46800;121;8;138.9;68.9;4.32;9;0123;0.0;0;ICE;;Interlaken Ost;Basel
1564773;9;87;IC;IC;DB Fernverkehr AG;556408;Schaffhausen;668361;Stuttgart Hbf;69360;77520;136;7;149.3;65.9;3.35;10;0123456;0.857;0;IC;;Schaffhausen;Stuttgart
1564920;58;20;ECE;ICE;DB Fernverkehr AG;464157;Basel SBB;428519;Hamburg Hbf;24360;48540;403;12;739.7;110.1;1.35;6;56;0.833;0;ICE;;Basel;Hamburg
1565258;68;91;ICE;ICE;DB Fernverkehr AG;90261;Regensburg Hbf;691821;Düsseldorf Hbf;30600;53760;386;9;473.5;73.6;1.48;1;3;1.0;1;ICE;;Regensburg;Düsseldorf
156539;82;95;EC;IC;DB Fernverkehr AG;127712;Berlin Gesundbrunnen;42071;Rzepin;74820;84480;161;4;101.0;37.6;1.98;2;45;0.75;0;IC;;Berlin;Rzepin
1566116;37;82;ICE;ICE;DB Fernverkehr AG;180380;Saarbrücken Hbf;176697;Frankfurt(Main)Hbf;54060;63120;151;5;182.3;72.4;1.65;2;56;1.0;1;ICE;;Saarbrücken;Frankfurt
1566593;31;11;ICE;ICE;DB Fernverkehr AG;9941;München Hbf;127712;Berlin Gesundbrunnen;79560;116040;608;17;808.3;79.8;1.86;1;4;1.0;1;ICE;;München;Berlin
1567155;66;90;ICE;ICE;DB Fernverkehr AG;695368;Salzburg Hbf;9941;München Hbf;50640;57240;110;5;122.7;66.9;2.44;31;0123456;0.8;0;ICE;;Salzburg;München
1567321;23;12;ICE;ICE;DB Fernverkehr AG;464157;Basel SBB;613345;Berlin Hbf;44160;70380;437;16;827.4;113.6;1.69;6;56;0.875;0;ICE;;Basel;Berlin
1567612;77;10;ICE;ICE;DB Fernverkehr AG;640892;Dortmund Hbf;391201;Berlin Südkreuz;64020;76680;211;8;440.7;125.3;1.36;12;0123456;1.0;1;ICE;;Dortmund;Berlin
1568301;62;13;ICE;ICE;DB Fernverkehr AG;337692;Berlin-Charlottenburg;497089;Karlsruhe Hbf;26760;47820;351;16;647.5;110.7;2.16;2;56;1.0;1;ICE;;Berlin;Karlsruhe
1568306;33;42;ICE;ICE;DB Fernverkehr AG;428519;Hamburg Hbf;668361;Stuttgart Hbf;63900;87240;389;15;711.6;109.8;1.83;2;34;1.0;1;ICE;;Hamburg;Stuttgart
156898;23;12;ICE;ICE;DB Fernverkehr AG;391201;Berlin Südkreuz;464157;Basel SBB;83460;119700;604;16;849.0;84.3;1.65;1;0;0.875;0;ICE;;Berlin;Basel
1569174;53;47;ICE;ICE;DB Fernverkehr AG;456179;Augsburg Hbf;640892;Dortmund Hbf;60480;80100;327;11;552.1;101.3;1.63;1;1;1.0;1;ICE;;Augsburg;Dortmund
1569512;77;10;ICE;ICE;DB Fernverkehr AG;613345;Berlin Hbf;691821;Düsseldorf Hbf;71220;89700;308;10;497.7;97.0;1.61;1;3;1.0;1;ICE;;Berlin;Düsseldorf
1569737;59;85;ECE;ICE;DB Fernverkehr AG;176697;Frankfurt(Main)Hbf;297876;Basel Bad Bf;28920;38700;163;6;299.5;110.2;1.34;8;56;0.833;0;ICE;;Frankfurt;Basel
1569769;77;10;ICE;ICE;DB Fernverkehr AG;93866;Hannover Hbf;391201;Berlin Südkreuz;21000;28260;121;6;253.9;125.9;1.58;12;01234;1.0;1;ICE;;Hannover;Berlin
1569861;57;19;ICE;ICE;DB Fernverkehr AG;391201;Berlin Südkreuz;517455;Köln Hbf;39120;54900;263;8;509.5;116.2;1.18;21;0123456;1.0;1;ICE-SPRINTER;SPR-3;Berlin;Köln
1570027;89;35;IC;IC;DB Fernverkehr AG;161450;Emden Hbf;691821;Düsseldorf Hbf;30840;42360;192;13;281.8;88.1;3.9;12;0123456;1.0;1;IC;;Emden;Düsseldorf
1570072;36;43;ICE;ICE;DB Fernverkehr AG;464157;Basel SBB;396514;Hamburg-Altona;40560;70500;499;17;821.2;98.7;1.83;5;01234;0.882;0;ICE;;Basel;Hamburg
1570111;36;43;ICE;ICE;DB Fernverkehr AG;396514;Hamburg-Altona;517455;Köln Hbf;73560;91680;302;12;398.1;79.1;2.51;2;34;1.0;1;ICE-SPRINTER;SPR-2;Hamburg;Köln
1570138;86;;EN;SONSTIGE;PKP Intercity;39653;Warszawa Wschodnia;135333;Wien Hbf;70860;105900;584;17;576.7;59.3;2.6;13;0123456;0.0;0;SONSTIGE;;Warszawa;Wien
157018;31;11;ICE;ICE;DB Fernverkehr AG;9941;München Hbf;613345;Berlin Hbf;60300;88200;465;13;813.0;104.9;1.35;1;6;1.0;1;ICE;;München;Berlin
1570278;10;20;ICE;ICE;DB Fernverkehr AG;331094;Hamburg Dammtor;176697;Frankfurt(Main)Hbf;73260;89640;273;9;460.7;101.2;1.52;1;6;1.0;1;ICE-SPRINTER;SPR-1;Hamburg;Frankfurt
1570959;6;;RJ;SONSTIGE;ÖBB;135333;Wien Hbf;57233;Breclav;47400;50640;54;3;73.9;82.1;1.35;1;5;0.0;0;SONSTIGE;;Wien;Breclav
1571328;84;77;ICE;ICE;DB Fernverkehr AG;65847;Hengelo;613345;Berlin Hbf;49920;66780;281;8;515.9;110.2;1.16;1;0;0.875;0;ICE;;Hengelo;Berlin
1571485;48;;EC;IC;SBB;96724;Zürich HB;63619;St. Margrethen SG;55920;60540;77;5;91.3;71.2;3.29;1;0;0.0;0;IC;;Zürich;St. Margrethen SG
1571541;36;43;ICE;ICE;DB Fernverkehr AG;396514;Hamburg-Altona;464157;Basel SBB;44760;74880;502;19;839.1;100.3;2.03;1;6;0.895;0;ICE;;Hamburg;Basel
1572118;75;;ECE;ICE;Dänische Staatsbahnen;368193;Padborg st;274287;Koebenhavn H;75780;87180;190;5;276.4;87.3;1.09;1;6;0.0;0;ICE;;Padborg st;København
1572508;82;95;EC;IC;DB Fernverkehr AG;127712;Berlin Gesundbrunnen;42071;Rzepin;27840;32820;83;5;101.3;73.2;2.96;1;3;0.8;0;IC;;Berlin;Rzepin
1572895;57;19;ICE;ICE;DB Fernverkehr AG;517455;Köln Hbf;391201;Berlin Südkreuz;67440;83040;260;8;509.5;117.6;1.18;21;0123456;1.0;1;ICE-SPRINTER;SPR-3;Köln;Berlin
157316;91;79;ICE;ICE;DB Fernverkehr AG;257676;Bruxelles Midi;176697;Frankfurt(Main)Hbf;66300;77220;182;8;356.7;117.6;1.68;1;5;0.625;0;ICE;;Bruxelles;Frankfurt
1573212;62;13;ICE;ICE;DB Fernverkehr AG;497089;Karlsruhe Hbf;337616;Braunschweig Hbf;67140;82980;264;12;454.8;103.4;2.2;13;0123456;1.0;1;ICE;;Karlsruhe;Braunschweig
1573437;38;28;ICE;ICE;DB Fernverkehr AG;396514;Hamburg-Altona;9941;München Hbf;58680;84660;433;14;864.1;119.7;1.39;1;1;1.0;1;ICE;;Hamburg;München
1573447;3;26;ICE;ICE;DB Fernverkehr AG;477761;Bremen Hbf;497089;Karlsruhe Hbf;47700;69540;364;17;528.2;87.1;2.84;2;56;1.0;1;ICE;;Bremen;Karlsruhe
1573591;23;12;ICE;ICE;DB Fernverkehr AG;598255;Offenburg;391201;Berlin Südkreuz;62820;85620;380;14;727.6;114.9;1.65;2;56;1.0;1;ICE;;Offenburg;Berlin
1573595;22;;IC;IC;SBB;96724;Zürich HB;556408;Schaffhausen;34620;36780;36;2;36.3;60.4;0.0;3;234;0.0;0;IC;;Zürich;Schaffhausen
1574204;26;55;IC;IC;DB Fernverkehr AG;224643;Dresden Hbf;640892;Dortmund Hbf;62520;84720;370;17;539.3;87.5;2.78;13;0123456;1.0;1;IC;;Dresden;Dortmund
1574402;87;41;ICE;ICE;DB Fernverkehr AG;9941;München Hbf;640892;Dortmund Hbf;63960;85140;353;14;604.4;102.7;1.99;1;4;1.0;1;ICE;;München;Dortmund
1575401;45;25;ICE;ICE;DB Fernverkehr AG;9941;München Hbf;428519;Hamburg Hbf;65460;87720;371;11;703.3;113.7;1.28;1;4;1.0;1;ICE;;München;Hamburg
1575411;57;19;ICE;ICE;DB Fernverkehr AG;517455;Köln Hbf;391201;Berlin Südkreuz;31440;47040;260;8;509.5;117.6;1.18;21;0123456;1.0;1;ICE-SPRINTER;SPR-3;Köln;Berlin
1575598;44;17;IC;IC;DB Fernverkehr AG;227595;Chemnitz Hbf;157968;Rostock Hbf;30360;49020;311;10;428.8;82.7;1.87;31;0123456;1.0;1;IC;;Chemnitz;Rostock
1575991;26;55;IC;IC;DB Fernverkehr AG;325703;Münster(Westf)Hbf;668361;Stuttgart Hbf;18120;37380;321;13;429.2;80.2;2.56;10;0123456;1.0;1;IC;;Münster;Stuttgart
157630;31;11;ICE;ICE;DB Fernverkehr AG;127712;Berlin Gesundbrunnen;9941;München Hbf;54540;84840;505;15;817.7;97.2;1.59;1;1;1.0;1;ICE;;Berlin;München
1576485;68;91;ICE;ICE;DB Fernverkehr AG;176697;Frankfurt(Main)Hbf;640892;Dortmund Hbf;78240;94860;277;5;244.7;53.0;1.23;1;6;1.0;1;ICE;;Frankfurt;Dortmund
1576597;87;41;ICE;ICE;DB Fernverkehr AG;517455;Köln Hbf;9941;München Hbf;59700;76800;285;7;500.5;105.4;1.0;2;56;1.0;1;ICE;;Köln;München
1576611;84;77;ICE;ICE;DB Fernverkehr AG;65847;Hengelo;613345;Berlin Hbf;49920;63960;234;9;451.4;115.7;1.55;1;5;0.889;0;ICE;;Hengelo;Berlin
1576667;33;42;ICE;ICE;DB Fernverkehr AG;396514;Hamburg-Altona;9941;München Hbf;26760;59340;543;19;888.6;98.2;1.91;6;56;1.0;1;ICE;;Hamburg;München
157673;77;10;ICE;ICE;DB Fernverkehr AG;613345;Berlin Hbf;691821;Düsseldorf Hbf;38820;54660;264;11;507.4;115.3;1.77;17;0123456;1.0;1;ICE;;Berlin;Düsseldorf
1576774;19;24;ICE;ICE;DB Fernverkehr AG;468987;Westerland(Sylt);176697;Frankfurt(Main)Hbf;37500;68880;523;17;649.8;74.5;2.31;2;56;1.0;1;ICE;;Westerland;Frankfurt
1576928;91;79;ICE;ICE;DB Fernverkehr AG;257676;Bruxelles Midi;176697;Frankfurt(Main)Hbf;73500;86760;221;11;358.8;97.4;2.51;2;0;0.727;0;ICE;;Bruxelles;Frankfurt
1577368;9;87;IC;IC;DB Fernverkehr AG;266187;Tuttlingen;556408;Schaffhausen;36060;38700;44;3;41.8;57.1;2.39;3;234;0.667;0;IC;;Tuttlingen;Schaffhausen
1577640;79;4;ICE;ICE;DB Fernverkehr AG;667068;Frankfurt(M) Flughafen Regionalbf;396514;Hamburg-Altona;63480;78900;257;6;409.5;95.6;0.98;2;34;1.0;1;ICE-SPRINTER;SPR-1;Frankfurt;Hamburg
1577690;84;77;ICE;ICE;DB Fernverkehr AG;391201;Berlin Südkreuz;65847;Hengelo;43560;58020;241;10;456.9;113.8;1.75;4;56;0.9;0;ICE;;Berlin;Hengelo
1577877;9;87;IC;IC;DB Fernverkehr AG;398625;Oberndorf(Neckar);668361;Stuttgart Hbf;77520;81780;71;5;71.0;60.0;4.22;5;23456;1.0;1;IC;;Oberndorf;Stuttgart
1578152;9;87;IC;IC;DB Fernverkehr AG;668361;Stuttgart Hbf;398625;Oberndorf(Neckar);62160;66360;70;7;71.9;61.6;6.95;5;23456;1.0;1;IC;;Stuttgart;Oberndorf
1578197;45;25;ICE;ICE;DB Fernverkehr AG;331094;Hamburg Dammtor;9941;München Hbf;24780;46320;359;12;704.6;117.8;1.42;7;0123456;1.0;1;ICE;;Hamburg;München
1578519;36;43;ICE;ICE;DB Fernverkehr AG;464157;Basel SBB;640892;Dortmund Hbf;69360;88740;323;13;546.2;101.5;2.01;2;12;0.846;0;ICE;;Basel;Dortmund
1578615;1;;IC;IC;PKP Intercity;401361;Przemysl Glowny;174196;Bohumin(Gr);64260;86820;376;25;389.5;62.2;5.9;7;0123456;0.0;0;IC;;Przemysl Glowny;Bohumin
1578739;31;11;ICE;ICE;DB Fernverkehr AG;9941;München Hbf;176697;Frankfurt(Main)Hbf;74700;86940;204;7;359.8;105.8;1.39;2;01;1.0;1;ICE;;München;Frankfurt
1578850;87;41;ICE;ICE;DB Fernverkehr AG;691821;Düsseldorf Hbf;9941;München Hbf;58740;76560;297;8;530.4;107.1;1.13;13;0123456;1.0;1;ICE;;Düsseldorf;München
1578893;86;;EN;SONSTIGE;PKP Intercity;135333;Wien Hbf;39653;Warszawa Wschodnia;83940;117780;564;16;576.1;61.3;2.43;3;012;0.0;0;SONSTIGE;;Wien;Warszawa
1579104;10;20;ICE;ICE;DB Fernverkehr AG;464157;Basel SBB;428519;Hamburg Hbf;38760;62940;403;12;740.0;110.2;1.35;21;01234;0.833;0;ICE;;Basel;Hamburg
1579149;53;47;ICE;ICE;DB Fernverkehr AG;9941;München Hbf;640892;Dortmund Hbf;22800;42600;330;11;608.1;110.6;1.48;7;012345;1.0;1;ICE;;München;Dortmund
1579702;87;41;ICE;ICE;DB Fernverkehr AG;9941;München Hbf;517455;Köln Hbf;27720;44520;280;7;497.9;106.7;1.0;5;01234;1.0;1;ICE;;München;Köln
157976;22;;IC;IC;SBB;96724;Zürich HB;556408;Schaffhausen;56220;58380;36;2;36.3;60.4;0.0;6;01234;0.0;0;IC;;Zürich;Schaffhausen
1579834;32;18;ICE;ICE;DB Fernverkehr AG;9941;München Hbf;99055;Nürnberg Hbf;47520;53880;106;5;180.2;102.0;1.67;2;23;1.0;1;ICE;;München;Nürnberg
157993;28;75;ECE;ICE;DB Fernverkehr AG;368193;Padborg st;428519;Hamburg Hbf;75720;82560;114;4;147.5;77.7;1.36;15;01234;0.75;0;ICE;;Padborg st;Hamburg
1579977;31;11;ICE;ICE;DB Fernverkehr AG;9941;München Hbf;53188;Leipzig Hbf;67500;90540;384;11;663.8;103.7;1.36;1;6;1.0;1;ICE;;München;Leipzig
1580414;53;47;ICE;ICE;DB Fernverkehr AG;640892;Dortmund Hbf;9941;München Hbf;64440;85800;356;12;609.0;102.6;1.64;1;2;1.0;1;ICE;;Dortmund;München
1581030;1;;IC;IC;PKP Intercity;402680;Swinoujscie;246292;Krakow Glowny;48180;80760;543;24;680.6;75.2;3.23;14;0123456;0.0;0;IC;;Swinoujscie;Krakow Glowny
1581158;87;41;ICE;ICE;DB Fernverkehr AG;691821;Düsseldorf Hbf;9941;München Hbf;69480;87480;300;10;533.7;106.7;1.5;2;56;1.0;1;ICE;;Düsseldorf;München
1581467;36;43;ICE;ICE;DB Fernverkehr AG;396514;Hamburg-Altona;464157;Basel SBB;23160;53280;502;19;839.1;100.3;2.03;13;0123456;0.895;0;ICE;;Hamburg;Basel
1581800;22;;IC;IC;SBB;96724;Zürich HB;556408;Schaffhausen;52620;54780;36;2;36.3;60.4;0.0;5;23456;0.0;0;IC;;Zürich;Schaffhausen
1581877;27;57;IC;IC;DB Fernverkehr AG;129801;Warnemünde;53188;Leipzig Hbf;48780;65700;282;12;375.5;79.9;2.66;9;56;1.0;1;IC;;Warnemünde;Leipzig
1581920;26;55;IC;IC;DB Fernverkehr AG;668361;Stuttgart Hbf;93866;Hannover Hbf;63360;87600;404;18;565.1;83.9;2.83;1;5;1.0;1;IC;;Stuttgart;Hannover
1581949;32;18;ICE;ICE;DB Fernverkehr AG;99055;Nürnberg Hbf;9941;München Hbf;68340;74520;103;5;180.2;104.9;1.67;16;0123456;1.0;1;ICE;;Nürnberg;München
1582258;40;78;ICE;ICE;DB Fernverkehr AG;575362;Arnhem Centraal;176697;Frankfurt(Main)Hbf;56040;68940;215;9;309.8;86.4;2.26;5;0123;0.778;0;ICE;;Arnhem Centraal;Frankfurt
1582446;33;42;ICE;ICE;DB Fernverkehr AG;9941;München Hbf;396514;Hamburg-Altona;55680;92700;617;19;888.6;86.4;1.91;2;01;1.0;1;ICE;;München;Hamburg
1582554;43;;EN;SONSTIGE;MAV;695368;Salzburg Hbf;270995;Budapest-Keleti;100200;120540;339;12;484.5;85.7;2.06;2;34;0.0;0;SONSTIGE;;Salzburg;Budapest
1582574;26;55;IC;IC;DB Fernverkehr AG;93866;Hannover Hbf;224643;Dresden Hbf;52560;67080;242;10;349.7;86.7;2.29;4;0456;1.0;1;IC;;Hannover;Dresden
1582820;45;25;ICE;ICE;DB Fernverkehr AG;99055;Nürnberg Hbf;9941;München Hbf;23400;28200;80;3;149.8;112.4;0.67;1;0;1.0;1;ICE;;Nürnberg;München
1583187;18;;ICE;ICE;ÖBB;338037;Graz Hbf;695368;Salzburg Hbf;21780;35580;230;14;305.4;79.7;3.93;18;0123456;0.0;0;ICE;;Graz;Salzburg
1583633;33;42;ICE;ICE;DB Fernverkehr AG;396514;Hamburg-Altona;668361;Stuttgart Hbf;62760;87060;405;16;716.7;106.2;1.95;1;2;1.0;1;ICE;;Hamburg;Stuttgart
1583868;55;;RJ;SONSTIGE;Ceske Drahy;26993;Decin hl.n.;57233;Breclav;64620;82020;290;8;362.6;75.0;1.65;26;123456;0.0;0;SONSTIGE;;Decin hl.n.;Breclav
1583915;12;29;ICE;ICE;DB Fernverkehr AG;613345;Berlin Hbf;9941;München Hbf;67020;83040;267;7;584.4;131.3;0.86;1;3;1.0;1;ICE-SPRINTER;SPR-4;Berlin;München
1583949;60;;IC;IC;DB Fernverkehr (Codesharing);96724;Zürich HB;464157;Basel SBB;75540;78720;53;2;73.9;83.7;0.0;3;12;0.0;0;IC;;Zürich;Basel
1584057;37;82;ICE;ICE;DB Fernverkehr AG;176697;Frankfurt(Main)Hbf;127712;Berlin Gesundbrunnen;54120;68580;241;6;434.4;108.2;0.92;28;0123456;1.0;1;ICE-SPRINTER;SPR-5;Frankfurt;Berlin
1584984;18;;ICE;ICE;ÖBB;695368;Salzburg Hbf;338037;Graz Hbf;50820;64860;234;14;299.4;76.8;4.01;9;0123456;0.0;0;ICE;;Salzburg;Graz
158539;26;55;IC;IC;DB Fernverkehr AG;668361;Stuttgart Hbf;53188;Leipzig Hbf;34560;69420;581;25;810.7;83.7;2.84;2;5;1.0;1;IC;;Stuttgart;Leipzig
1585476;84;77;ICE;ICE;DB Fernverkehr AG;65847;Hengelo;613345;Berlin Hbf;28320;45120;280;7;448.4;96.1;1.12;1;0;0.857;0;ICE;;Hengelo;Berlin
1585505;45;25;ICE;ICE;DB Fernverkehr AG;331094;Hamburg Dammtor;9941;München Hbf;42780;64140;356;12;704.8;118.8;1.42;20;0123456;1.0;1;ICE;;Hamburg;München
1585571;23;12;ICE;ICE;DB Fernverkehr AG;556408;Schaffhausen;176697;Frankfurt(Main)Hbf;67560;83340;263;6;312.7;71.3;1.28;2;56;0.833;0;ICE;;Schaffhausen;Frankfurt
1585801;89;35;IC;IC;DB Fernverkehr AG;161450;Emden Hbf;691821;Düsseldorf Hbf;30840;43320;208;12;281.2;81.1;3.56;2;56;1.0;1;IC;;Emden;Düsseldorf
1586116;33;42;ICE;ICE;DB Fernverkehr AG;396514;Hamburg-Altona;176697;Frankfurt(Main)Hbf;80700;111780;518;23;610.1;70.7;3.44;6;02356;1.0;1;ICE-SPRINTER;SPR-1;Hamburg;Frankfurt
1586142;75;;ECE;ICE;Dänische Staatsbahnen;368193;Padborg st;274287;Koebenhavn H;61380;70680;155;5;276.4;107.0;1.09;31;0123456;0.0;0;ICE;;Padborg st;København
158645;33;42;ICE;ICE;DB Fernverkehr AG;396514;Hamburg-Altona;176697;Frankfurt(Main)Hbf;80700;111780;518;19;579.3;67.1;2.93;1;3;1.0;1;ICE-SPRINTER;SPR-1;Hamburg;Frankfurt
1587106;26;55;IC;IC;DB Fernverkehr AG;668361;Stuttgart Hbf;93866;Hannover Hbf;63360;90000;444;13;561.7;75.9;1.96;1;0;1.0;1;IC;;Stuttgart;Hannover
1587669;12;29;ICE;ICE;DB Fernverkehr AG;9941;München Hbf;127712;Berlin Gesundbrunnen;55020;70260;254;8;560.6;132.4;1.07;31;0123456;1.0;1;ICE-SPRINTER;SPR-4;München;Berlin
1587797;26;55;IC;IC;DB Fernverkehr AG;517455;Köln Hbf;224643;Dresden Hbf;18660;45480;447;21;620.3;83.3;3.06;11;01234;1.0;1;IC;;Köln;Dresden
1588211;10;20;ICE;ICE;DB Fernverkehr AG;331094;Hamburg Dammtor;497089;Karlsruhe Hbf;51660;69780;302;9;567.6;112.8;1.23;2;56;1.0;1;ICE;;Hamburg;Karlsruhe
1589067;5;50;ICE;ICE;DB Fernverkehr AG;53188;Leipzig Hbf;38672;Frankfurt(M) Flughafen Fernbf;19680;32160;208;8;329.3;95.0;1.82;5;56;1.0;1;ICE;;Leipzig;Frankfurt
158914;16;60;IC;IC;DB Fernverkehr AG;497089;Karlsruhe Hbf;668361;Stuttgart Hbf;24540;28020;58;4;78.4;81.2;2.55;6;01234;1.0;1;IC;;Karlsruhe;Stuttgart
1589361;14;;EC;IC;ÖBB;167729;Lindau-Reutin;63619;St. Margrethen SG;39120;40140;17;3;15.5;54.9;;1;5;0.333;0;IC;;Lindau-Reutin;St. Margrethen SG
1591265;37;82;ICE;ICE;DB Fernverkehr AG;176697;Frankfurt(Main)Hbf;180380;Saarbrücken Hbf;30120;39480;156;5;182.3;70.1;1.65;2;56;1.0;1;ICE;;Frankfurt;Saarbrücken
1591314;45;25;ICE;ICE;DB Fernverkehr AG;9941;München Hbf;428519;Hamburg Hbf;57960;79020;351;11;703.3;120.2;1.28;3;056;1.0;1;ICE;;München;Hamburg
1591446;83;96;EC;IC;PKP Intercity;401361;Przemysl Glowny;42071;Rzepin;18960;49560;510;22;703.3;82.7;2.84;14;0123456;0.0;0;IC;;Przemysl Glowny;Rzepin
1591569;44;17;IC;IC;DB Fernverkehr AG;157968;Rostock Hbf;224643;Dresden Hbf;44520;59280;246;9;368.9;90.0;1.9;28;0123456;1.0;1;IC;;Rostock;Dresden
1591725;32;18;ICE;ICE;DB Fernverkehr AG;127712;Berlin Gesundbrunnen;416646;Erfurt Hbf;70980;77520;109;5;241.0;132.7;1.24;26;012346;1.0;1;ICE;;Berlin;Erfurt
1592244;6;;RJ;SONSTIGE;ÖBB;135333;Wien Hbf;695368;Salzburg Hbf;41040;64380;389;20;474.4;73.2;3.79;31;0123456;0.0;0;SONSTIGE;;Wien;Salzburg
1592345;42;22;ICE;ICE;DB Fernverkehr AG;668361;Stuttgart Hbf;659783;Kiel Hbf;48180;70800;377;12;692.1;110.2;1.44;2;56;1.0;1;ICE;;Stuttgart;Kiel
1592426;52;;EN;SONSTIGE;ÖBB;96724;Zürich HB;556408;Schaffhausen;71940;73980;34;2;36.3;64.0;0.0;1;6;0.0;0;SONSTIGE;;Zürich;Schaffhausen
1592488;94;88;ECE;ICE;DB Fernverkehr AG;9941;München Hbf;167729;Lindau-Reutin;38880;46200;122;4;163.5;80.4;1.22;4;0156;1.0;1;ICE;;München;Lindau-Reutin
159272;10;20;ICE;ICE;DB Fernverkehr AG;428519;Hamburg Hbf;464157;Basel SBB;23340;48060;412;13;739.7;107.7;1.49;2;56;0.846;0;ICE;;Hamburg;Basel
1592757;75;;ECE;ICE;Dänische Staatsbahnen;368193;Padborg st;274287;Koebenhavn H;75780;87300;192;5;276.4;86.4;1.09;1;3;0.0;0;ICE;;Padborg st;København
1592810;18;;ICE;ICE;ÖBB;438277;Innsbruck Hbf;565099;Kufstein;30000;32460;41;4;68.7;100.5;2.91;31;0123456;0.0;0;ICE;;Innsbruck;Kufstein
1592992;53;47;ICE;ICE;DB Fernverkehr AG;640892;Dortmund Hbf;9941;München Hbf;40560;63600;384;12;607.7;95.0;1.65;2;6;1.0;1;ICE;;Dortmund;München
159325;44;17;IC;IC;DB Fernverkehr AG;224643;Dresden Hbf;552264;Ostseebad Binz;29040;51240;370;15;435.5;70.6;2.98;1;5;1.0;1;IC;;Dresden;Ostseebad Binz
1593765;23;12;ICE;ICE;DB Fernverkehr AG;464157;Basel SBB;613345;Berlin Hbf;29760;56040;438;16;827.4;113.3;1.69;1;6;0.875;0;ICE;;Basel;Berlin
1593920;14;;EC;IC;ÖBB;63619;St. Margrethen SG;167729;Lindau-Reutin;31860;32880;17;3;15.5;54.9;;2;56;0.333;0;IC;;St. Margrethen SG;Lindau-Reutin
1594010;57;19;ICE;ICE;DB Fernverkehr AG;391201;Berlin Südkreuz;691821;Düsseldorf Hbf;69600;91500;365;16;525.6;86.4;2.66;2;46;1.0;1;ICE;;Berlin;Düsseldorf
1594490;80;55;ICE;ICE;DB Fernverkehr AG;64889;Oberstdorf;640892;Dortmund Hbf;35400;67560;536;18;599.3;67.1;2.67;1;5;1.0;1;ICE;;Oberstdorf;Dortmund
1594571;33;42;ICE;ICE;DB Fernverkehr AG;9941;München Hbf;396514;Hamburg-Altona;82860;124440;693;22;924.5;80.0;2.16;1;1;1.0;1;ICE;;München;Hamburg
1594800;45;25;ICE;ICE;DB Fernverkehr AG;9941;München Hbf;428519;Hamburg Hbf;57960;79020;351;11;703.3;120.2;1.28;17;0123456;1.0;1;ICE;;München;Hamburg
1594890;72;;ICE;ICE;SBB;510671;Bern;464157;Basel SBB;43440;46800;56;4;89.7;96.1;2.23;1;6;0.0;0;ICE;;Bern;Basel
1594987;33;42;ICE;ICE;DB Fernverkehr AG;9941;München Hbf;396514;Hamburg-Altona;41280;74040;546;18;888.2;97.6;1.8;2;34;1.0;1;ICE;;München;Hamburg
1595018;80;55;ICE;ICE;DB Fernverkehr AG;635340;Heidelberg Hbf;640892;Dortmund Hbf;51840;68940;285;11;323.5;68.1;2.78;2;56;1.0;1;ICE;;Heidelberg;Dortmund
1595021;38;28;ICE;ICE;DB Fernverkehr AG;9941;München Hbf;428519;Hamburg Hbf;31740;55440;395;11;831.5;126.3;1.08;5;01234;1.0;1;ICE;;München;Hamburg
1596535;68;91;ICE;ICE;DB Fernverkehr AG;640892;Dortmund Hbf;99055;Nürnberg Hbf;16500;38220;362;11;454.5;75.3;1.98;1;4;1.0;1;ICE;;Dortmund;Nürnberg
1596740;66;90;ICE;ICE;DB Fernverkehr AG;9941;München Hbf;695368;Salzburg Hbf;43740;50100;106;2;116.7;66.0;0.0;31;0123456;0.5;0;ICE;;München;Salzburg
1596853;2;56;IC;IC;DB Fernverkehr AG;83956;Oldenburg(Oldb)Hbf;224643;Dresden Hbf;44940;65220;338;14;492.6;87.4;2.44;4;4;1.0;1;IC;;Oldenburg;Dresden
1597431;26;55;IC;IC;DB Fernverkehr AG;517455;Köln Hbf;635340;Heidelberg Hbf;60780;70440;161;6;218.9;81.6;1.83;2;56;1.0;1;IC;;Köln;Heidelberg
1597822;9;87;IC;IC;DB Fernverkehr AG;398625;Oberndorf(Neckar);668361;Stuttgart Hbf;34320;38580;71;7;71.9;60.8;6.95;3;234;1.0;1;IC;;Oberndorf;Stuttgart
1597884;87;41;ICE;ICE;DB Fernverkehr AG;9941;München Hbf;691821;Düsseldorf Hbf;16860;34560;295;10;531.1;108.0;1.51;11;01234;1.0;1;ICE;;München;Düsseldorf
1598090;69;;EC;IC;Ceske Drahy;653775;Praha hl.n.;26993;Decin hl.n.;66660;71880;87;4;87.0;60.0;2.3;5;45;0.0;0;IC;;Praha;Decin hl.n.
1598139;17;;ICE;ICE;Nederlandse Spoorwegen;575362;Arnhem Centraal;79866;Amsterdam Centraal;30480;34320;64;3;90.6;85.0;1.1;2;13;0.0;0;ICE;;Arnhem Centraal;Amsterdam
1598419;45;25;ICE;ICE;DB Fernverkehr AG;331094;Hamburg Dammtor;9941;München Hbf;53580;75000;357;12;704.6;118.4;1.42;1;0;1.0;1;ICE;;Hamburg;München
159870;42;22;ICE;ICE;DB Fernverkehr AG;668361;Stuttgart Hbf;428519;Hamburg Hbf;26520;44940;307;8;583.5;114.0;1.03;12;0123456;1.0;1;ICE;;Stuttgart;Hamburg
159887;14;;EC;IC;ÖBB;695368;Salzburg Hbf;655579;Hegyeshalom(Gr);13800;26520;212;6;322.0;91.1;1.24;31;0123456;0.0;0;IC;;Salzburg;Hegyeshalom
1599805;7;85;EC;IC;DB Fernverkehr AG;297876;Basel Bad Bf;464157;Basel SBB;38820;39240;7;2;2.6;22.3;;2;56;0.0;0;IC;;Basel;Basel
1600212;78;15;ICE;ICE;DB Fernverkehr AG;552264;Ostseebad Binz;176697;Frankfurt(Main)Hbf;41040;68160;452;13;697.3;92.6;1.58;16;012346;1.0;1;ICE;;Ostseebad Binz;Frankfurt
1600704;53;47;ICE;ICE;DB Fernverkehr AG;640892;Dortmund Hbf;9941;München Hbf;18660;42000;389;12;607.7;93.7;1.65;2;01;1.0;1;ICE;;Dortmund;München
1600983;47;62;ICE;ICE;DB Fernverkehr AG;9941;München Hbf;180380;Saarbrücken Hbf;63960;80160;270;10;407.1;90.5;1.97;6;01234;1.0;1;ICE;;München;Saarbrücken
1601490;33;42;ICE;ICE;DB Fernverkehr AG;396514;Hamburg-Altona;9941;München Hbf;69960;108060;635;20;901.8;85.2;2.0;1;3;1.0;1;ICE;;Hamburg;München
1601499;17;;ICE;ICE;Nederlandse Spoorwegen;575362;Arnhem Centraal;79866;Amsterdam Centraal;30480;34140;61;3;90.6;89.1;1.1;2;4;0.0;0;ICE;;Arnhem Centraal;Amsterdam
1601527;9;87;IC;IC;DB Fernverkehr AG;668361;Stuttgart Hbf;398625;Oberndorf(Neckar);30480;34260;63;3;70.9;67.6;1.41;5;23456;1.0;1;IC;;Stuttgart;Oberndorf
1601750;92;83;ICE;ICE;DB Fernverkehr AG;412384;Strasbourg;668361;Stuttgart Hbf;45840;51540;95;4;130.7;82.5;1.53;8;0123456;0.5;0;ICE;;Strasbourg;Stuttgart
1601871;31;11;ICE;ICE;DB Fernverkehr AG;9941;München Hbf;613345;Berlin Hbf;60300;88200;465;14;813.4;105.0;1.48;2;56;1.0;1;ICE;;München;Berlin
1602055;12;29;ICE;ICE;DB Fernverkehr AG;9941;München Hbf;613345;Berlin Hbf;69480;84120;244;7;557.6;137.1;0.9;1;5;1.0;1;ICE-SPRINTER;SPR-4;München;Berlin
1602464;87;41;ICE;ICE;DB Fernverkehr AG;640892;Dortmund Hbf;9941;München Hbf;26340;47520;353;11;602.6;102.4;1.49;13;0123456;1.0;1;ICE;;Dortmund;München
1602501;3;26;ICE;ICE;DB Fernverkehr AG;93866;Hannover Hbf;477761;Bremen Hbf;49500;53100;60;2;100.4;100.4;0.0;9;0123456;1.0;1;ICE;;Hannover;Bremen
1602976;82;95;EC;IC;DB Fernverkehr AG;42071;Rzepin;354957;Frankfurt(Oder);42600;43740;19;3;19.2;60.7;;3;056;0.667;0;IC;;Rzepin;Frankfurt(Oder)
1603122;22;;IC;IC;SBB;96724;Zürich HB;556408;Schaffhausen;45420;47580;36;2;36.3;60.4;0.0;7;56;0.0;0;IC;;Zürich;Schaffhausen
1603658;48;;EC;IC;SBB;96724;Zürich HB;63619;St. Margrethen SG;48720;53340;77;5;91.3;71.2;3.29;10;0123456;0.0;0;IC;;Zürich;St. Margrethen SG
1603845;77;10;ICE;ICE;DB Fernverkehr AG;613345;Berlin Hbf;517455;Köln Hbf;71220;88980;296;9;520.4;105.5;1.35;1;4;1.0;1;ICE;;Berlin;Köln
1604346;42;22;ICE;ICE;DB Fernverkehr AG;93866;Hannover Hbf;428519;Hamburg Hbf;23220;28680;91;6;165.4;109.0;2.42;10;56;1.0;1;ICE;;Hannover;Hamburg
1604392;1;;IC;IC;PKP Intercity;401361;Przemysl Glowny;174196;Bohumin(Gr);63840;86820;383;26;412.0;64.5;5.83;2;56;0.0;0;IC;;Przemysl Glowny;Bohumin
1604826;22;;IC;IC;SBB;96724;Zürich HB;556408;Schaffhausen;74220;76380;36;2;36.3;60.4;0.0;30;0123456;0.0;0;IC;;Zürich;Schaffhausen
1605216;67;33;ICE;ICE;DB Fernverkehr AG;517455;Köln Hbf;468987;Westerland(Sylt);27600;54180;443;14;584.6;79.2;2.05;16;0123456;1.0;1;ICE;;Köln;Westerland
1605479;63;14;ICE;ICE;DB Fernverkehr AG;325703;Münster(Westf)Hbf;337692;Berlin-Charlottenburg;48300;60120;197;5;403.0;122.7;0.74;14;0123456;1.0;1;ICE;;Münster;Berlin
1605573;77;10;ICE;ICE;DB Fernverkehr AG;691821;Düsseldorf Hbf;391201;Berlin Südkreuz;24480;42000;292;11;507.0;104.2;1.78;1;6;1.0;1;ICE;;Düsseldorf;Berlin
1605673;9;87;IC;IC;DB Fernverkehr AG;679686;Singen(Hohentwiel);668361;Stuttgart Hbf;30900;38580;128;12;136.9;64.2;7.31;12;01234;1.0;1;IC;;Singen;Stuttgart
1605778;48;;EC;IC;SBB;63619;St. Margrethen SG;96724;Zürich HB;40200;44880;78;5;91.3;70.2;3.29;3;016;0.0;0;IC;;St. Margrethen SG;Zürich
1605926;92;83;ICE;ICE;DB Fernverkehr AG;668361;Stuttgart Hbf;412384;Strasbourg;53520;58680;86;4;130.7;91.2;1.53;6;01234;0.5;0;ICE;;Stuttgart;Strasbourg
1606275;91;79;ICE;ICE;DB Fernverkehr AG;517455;Köln Hbf;164260;Antwerpen Centraal;22260;32220;166;7;223.2;80.7;2.24;1;5;0.429;0;ICE;;Köln;Antwerpen Centraal
1606310;33;42;ICE;ICE;DB Fernverkehr AG;396514;Hamburg-Altona;9941;München Hbf;69960;108180;637;23;919.1;86.6;2.28;4;356;1.0;1;ICE;;Hamburg;München
1606746;17;;ICE;ICE;Nederlandse Spoorwegen;79866;Amsterdam Centraal;65847;Hengelo;57600;64260;111;6;139.3;75.3;2.87;17;0123456;0.0;0;ICE;;Amsterdam;Hengelo
1607209;33;42;ICE;ICE;DB Fernverkehr AG;176697;Frankfurt(Main)Hbf;428519;Hamburg Hbf;84300;111000;445;15;568.3;76.6;2.29;1;5;1.0;1;ICE-SPRINTER;SPR-1;Frankfurt;Hamburg
1607231;67;33;ICE;ICE;DB Fernverkehr AG;412729;Hamburg-Bergedorf;552264;Ostseebad Binz;55080;68340;221;9;260.4;70.7;2.69;9;0123456;1.0;1;ICE;;Hamburg;Ostseebad Binz
1608640;40;78;ICE;ICE;DB Fernverkehr AG;575362;Arnhem Centraal;176697;Frankfurt(Main)Hbf;48840;61740;215;9;309.8;86.4;2.26;3;456;0.778;0;ICE;;Arnhem Centraal;Frankfurt
1608824;2;56;IC;IC;DB Fernverkehr AG;315947;Norddeich;337692;Berlin-Charlottenburg;20340;44400;401;22;516.0;77.2;3.88;6;01234;1.0;1;IC;;Norddeich;Berlin
1609597;17;;ICE;ICE;Nederlandse Spoorwegen;575362;Arnhem Centraal;79866;Amsterdam Centraal;37680;41340;61;3;90.6;89.1;1.1;1;4;0.0;0;ICE;;Arnhem Centraal;Amsterdam
160966;9;87;IC;IC;DB Fernverkehr AG;679686;Singen(Hohentwiel);556408;Schaffhausen;59520;60300;13;2;17.0;78.4;;21;01234;0.5;0;IC;;Singen;Schaffhausen
1609812;26;55;IC;IC;DB Fernverkehr AG;224643;Dresden Hbf;668361;Stuttgart Hbf;26520;66180;661;28;919.5;83.5;2.83;9;0123456;1.0;1;IC;;Dresden;Stuttgart
1609886;45;25;ICE;ICE;DB Fernverkehr AG;9941;München Hbf;9066;Hamburg-Harburg;36720;56640;332;10;692.6;125.2;1.16;3;056;1.0;1;ICE;;München;Hamburg
1610366;40;78;ICE;ICE;DB Fernverkehr AG;176697;Frankfurt(Main)Hbf;575362;Arnhem Centraal;70440;80760;172;9;310.4;108.3;2.26;3;6;0.778;0;ICE;;Frankfurt;Arnhem Centraal
1610413;45;25;ICE;ICE;DB Fernverkehr AG;331094;Hamburg Dammtor;9941;München Hbf;80460;109080;477;12;657.6;82.7;1.52;1;0;1.0;1;ICE;;Hamburg;München
1610791;36;43;ICE;ICE;DB Fernverkehr AG;598255;Offenburg;517455;Köln Hbf;66300;75900;160;6;336.0;126.0;1.19;2;56;1.0;1;ICE;;Offenburg;Köln
1610895;17;;ICE;ICE;Nederlandse Spoorwegen;79866;Amsterdam Centraal;65847;Hengelo;64800;71460;111;6;139.3;75.3;2.87;7;0123456;0.0;0;ICE;;Amsterdam;Hengelo
161123;91;79;ICE;ICE;DB Fernverkehr AG;517455;Köln Hbf;257676;Bruxelles Midi;38400;45300;115;6;196.9;102.7;2.03;3;123;0.5;0;ICE;;Köln;Bruxelles
1612068;84;77;ICE;ICE;DB Fernverkehr AG;93866;Hannover Hbf;65847;Hengelo;52980;65220;204;5;201.9;59.4;1.49;1;6;0.8;0;ICE;;Hannover;Hengelo
1612117;68;91;ICE;ICE;DB Fernverkehr AG;640892;Dortmund Hbf;176697;Frankfurt(Main)Hbf;42660;58380;262;7;252.7;57.9;1.98;2;56;1.0;1;ICE;;Dortmund;Frankfurt
1612334;45;25;ICE;ICE;DB Fernverkehr AG;331094;Hamburg Dammtor;9941;München Hbf;64380;87060;378;11;691.3;109.7;1.3;1;0;1.0;1;ICE;;Hamburg;München
1612876;72;;ICE;ICE;SBB;464157;Basel SBB;480653;Interlaken Ost;50280;57540;121;8;138.9;68.9;4.32;2;56;0.0;0;ICE;;Basel;Interlaken Ost
1613131;45;25;ICE;ICE;DB Fernverkehr AG;9066;Hamburg-Harburg;9941;München Hbf;36780;57000;337;10;692.6;123.3;1.16;3;056;1.0;1;ICE;;Hamburg;München
161322;36;43;ICE;ICE;DB Fernverkehr AG;464157;Basel SBB;428519;Hamburg Hbf;26160;54960;480;16;817.2;102.1;1.71;2;15;0.875;0;ICE;;Basel;Hamburg
1613681;17;;ICE;ICE;Nederlandse Spoorwegen;79866;Amsterdam Centraal;65847;Hengelo;57600;64260;111;6;139.3;75.3;2.87;1;0;0.0;0;ICE;;Amsterdam;Hengelo
1613883;17;;ICE;ICE;Nederlandse Spoorwegen;65847;Hengelo;79866;Amsterdam Centraal;65340;72060;112;6;139.3;74.6;2.87;1;0;0.0;0;ICE;;Hengelo;Amsterdam
1613890;22;;IC;IC;SBB;556408;Schaffhausen;96724;Zürich HB;71220;73380;36;2;36.3;60.4;0.0;28;0123456;0.0;0;IC;;Schaffhausen;Zürich
161401;48;;EC;IC;SBB;63619;St. Margrethen SG;96724;Zürich HB;83400;88080;78;5;91.3;70.2;3.29;4;023;0.0;0;IC;;St. Margrethen SG;Zürich
1614177;79;4;ICE;ICE;DB Fernverkehr AG;428519;Hamburg Hbf;667068;Frankfurt(M) Flughafen Regionalbf;22980;37080;235;4;404.3;103.2;0.49;1;0;1.0;1;ICE-SPRINTER;SPR-1;Hamburg;Frankfurt
1614199;32;18;ICE;ICE;DB Fernverkehr AG;99055;Nürnberg Hbf;9941;München Hbf;39540;45720;103;5;180.2;104.9;1.67;8;0123456;1.0;1;ICE;;Nürnberg;München
1615306;88;;IC;IC;Dänische Staatsbahnen;310614;Flensburg;328829;Fredericia st;36300;41400;85;10;112.7;79.5;7.1;31;0123456;0.2;0;IC;;Flensburg;Fredericia st
1615326;77;10;ICE;ICE;DB Fernverkehr AG;613345;Berlin Hbf;93866;Hannover Hbf;78420;85560;119;5;248.4;125.3;1.21;2;5;1.0;1;ICE;;Berlin;Hannover
1615796;20;49;ICE;ICE;DB Fernverkehr AG;517455;Köln Hbf;176697;Frankfurt(Main)Hbf;44940;49740;80;6;161.5;121.2;2.48;31;0123456;1.0;1;ICE;;Köln;Frankfurt
1615808;57;19;ICE;ICE;DB Fernverkehr AG;391201;Berlin Südkreuz;517455;Köln Hbf;67920;83700;263;8;509.5;116.2;1.18;14;0123456;1.0;1;ICE-SPRINTER;SPR-3;Berlin;Köln
1615847;87;41;ICE;ICE;DB Fernverkehr AG;9941;München Hbf;517455;Köln Hbf;35160;51780;277;8;500.5;108.4;1.2;2;56;1.0;1;ICE;;München;Köln
1616303;21;95;EC;IC;PKP Intercity;42071;Rzepin;401361;Przemysl Glowny;84660;119700;584;33;781.7;80.3;3.97;3;013;0.0;0;IC;;Rzepin;Przemysl Glowny
1616522;17;;ICE;ICE;Nederlandse Spoorwegen;65847;Hengelo;24890;Utrecht Centraal;50940;56640;95;5;117.6;74.3;2.55;2;56;0.0;0;ICE;;Hengelo;Utrecht Centraal
1616994;79;4;ICE;ICE;DB Fernverkehr AG;396514;Hamburg-Altona;667068;Frankfurt(M) Flughafen Regionalbf;21720;37080;256;6;409.5;96.0;0.98;2;56;1.0;1;ICE-SPRINTER;SPR-1;Hamburg;Frankfurt
1617304;45;25;ICE;ICE;DB Fernverkehr AG;9941;München Hbf;428519;Hamburg Hbf;54720;75420;345;10;702.7;122.2;1.14;11;01234;1.0;1;ICE;;München;Hamburg
1617696;9;87;IC;IC;DB Fernverkehr AG;241020;Rottweil;668361;Stuttgart Hbf;20160;25860;95;11;87.9;55.5;10.24;6;01234;1.0;1;IC;;Rottweil;Stuttgart
1617784;45;25;ICE;ICE;DB Fernverkehr AG;331094;Hamburg Dammtor;9941;München Hbf;64380;86460;368;12;704.8;114.9;1.42;1;5;1.0;1;ICE;;Hamburg;München
16178;9;87;IC;IC;DB Fernverkehr AG;391274;Konstanz;266187;Tuttlingen;21840;24660;47;5;53.6;68.4;5.6;3;234;0.8;0;IC;;Konstanz;Tuttlingen
1618197;93;96;EC;IC;DB Fernverkehr AG;42071;Rzepin;327376;Berlin-Lichtenberg;64140;68880;79;4;92.9;70.6;2.15;7;012346;0.75;0;IC;;Rzepin;Berlin
1618274;9;87;IC;IC;DB Fernverkehr AG;668361;Stuttgart Hbf;556408;Schaffhausen;69360;78300;149;14;153.9;62.0;7.8;10;0123456;0.929;0;IC;;Stuttgart;Schaffhausen
1618409;18;;ICE;ICE;ÖBB;695368;Salzburg Hbf;338037;Graz Hbf;58020;71760;229;14;305.4;80.0;3.93;3;234;0.0;0;ICE;;Salzburg;Graz
1618719;31;11;ICE;ICE;DB Fernverkehr AG;127712;Berlin Gesundbrunnen;668361;Stuttgart Hbf;62220;83460;354;11;622.1;105.4;1.45;2;0;1.0;1;ICE;;Berlin;Stuttgart
1618778;12;29;ICE;ICE;DB Fernverkehr AG;9941;München Hbf;127712;Berlin Gesundbrunnen;66060;81060;250;7;560.0;134.4;0.89;4;5;1.0;1;ICE-SPRINTER;SPR-4;München;Berlin
1619557;72;;ICE;ICE;SBB;464157;Basel SBB;228347;Brig;80880;89700;147;8;179.2;73.1;3.35;2;02;0.0;0;ICE;;Basel;Brig
1620132;26;55;IC;IC;DB Fernverkehr AG;61534;Koblenz Hbf;224643;Dresden Hbf;22140;52680;509;22;700.4;82.6;2.86;4;1234;1.0;1;IC;;Koblenz;Dresden
1620221;45;25;ICE;ICE;DB Fernverkehr AG;428519;Hamburg Hbf;9941;München Hbf;80880;109020;469;8;660.6;84.5;0.91;1;0;1.0;1;ICE;;Hamburg;München
162041;77;10;ICE;ICE;DB Fernverkehr AG;613345;Berlin Hbf;517455;Köln Hbf;71220;87720;275;9;505.1;110.2;1.39;1;5;1.0;1;ICE;;Berlin;Köln
1620862;67;33;ICE;ICE;DB Fernverkehr AG;552264;Ostseebad Binz;691821;Düsseldorf Hbf;40500;67800;455;17;621.5;82.0;2.41;1;4;1.0;1;ICE;;Ostseebad Binz;Düsseldorf
1620866;31;11;ICE;ICE;DB Fernverkehr AG;127712;Berlin Gesundbrunnen;9941;München Hbf;54540;85560;517;14;817.3;94.9;1.47;1;0;1.0;1;ICE;;Berlin;München
1621936;91;79;ICE;ICE;DB Fernverkehr AG;257676;Bruxelles Midi;176697;Frankfurt(Main)Hbf;44700;55620;182;8;356.7;117.6;1.68;25;0123456;0.625;0;ICE;;Bruxelles;Frankfurt
1621975;77;10;ICE;ICE;DB Fernverkehr AG;613345;Berlin Hbf;517455;Köln Hbf;64020;80520;275;9;505.1;110.2;1.39;21;0123456;1.0;1;ICE;;Berlin;Köln
162212;62;13;ICE;ICE;DB Fernverkehr AG;668361;Stuttgart Hbf;337692;Berlin-Charlottenburg;23760;45060;355;15;680.5;115.0;1.91;5;01234;1.0;1;ICE;;Stuttgart;Berlin
1622190;60;;IC;IC;DB Fernverkehr (Codesharing);96724;Zürich HB;464157;Basel SBB;75540;78720;53;2;73.9;83.7;0.0;4;45;0.0;0;IC;;Zürich;Basel
1622646;46;60;ICE;ICE;DB Fernverkehr AG;9941;München Hbf;497089;Karlsruhe Hbf;61080;71520;174;8;275.2;94.9;2.18;2;46;1.0;1;ICE;;München;Karlsruhe
1622858;53;47;ICE;ICE;DB Fernverkehr AG;640892;Dortmund Hbf;9941;München Hbf;49980;70920;349;13;609.1;104.7;1.81;3;234;1.0;1;ICE;;Dortmund;München
1623219;87;41;ICE;ICE;DB Fernverkehr AG;9941;München Hbf;176697;Frankfurt(Main)Hbf;74700;87300;210;5;338.7;96.8;0.89;1;6;1.0;1;ICE;;München;Frankfurt
1623417;5;50;ICE;ICE;DB Fernverkehr AG;38672;Frankfurt(M) Flughafen Fernbf;224643;Dresden Hbf;61320;78300;283;11;436.8;92.6;2.06;26;0123456;1.0;1;ICE;;Frankfurt;Dresden
1623663;33;42;ICE;ICE;DB Fernverkehr AG;517455;Köln Hbf;396514;Hamburg-Altona;14700;30840;269;13;407.9;91.0;2.7;3;123;1.0;1;ICE-SPRINTER;SPR-2;Köln;Hamburg
1623962;87;41;ICE;ICE;DB Fernverkehr AG;9941;München Hbf;176697;Frankfurt(Main)Hbf;74700;86580;198;6;338.7;102.6;1.18;14;0123456;1.0;1;ICE;;München;Frankfurt
1624341;33;42;ICE;ICE;DB Fernverkehr AG;9941;München Hbf;396514;Hamburg-Altona;55680;88440;546;19;888.6;97.7;1.91;7;0123456;1.0;1;ICE;;München;Hamburg
1625735;87;41;ICE;ICE;DB Fernverkehr AG;9941;München Hbf;691821;Düsseldorf Hbf;27720;45600;298;9;530.5;106.8;1.32;1;0;1.0;1;ICE;;München;Düsseldorf
1625813;32;18;ICE;ICE;DB Fernverkehr AG;127712;Berlin Gesundbrunnen;9941;München Hbf;84000;112500;475;16;579.5;73.2;2.42;1;5;1.0;1;ICE;;Berlin;München
1625911;21;95;EC;IC;PKP Intercity;42071;Rzepin;401361;Przemysl Glowny;84660;121440;613;33;781.7;76.5;3.97;2;45;0.0;0;IC;;Rzepin;Przemysl Glowny
1625949;3;26;ICE;ICE;DB Fernverkehr AG;93866;Hannover Hbf;477761;Bremen Hbf;63900;67500;60;2;100.4;100.4;0.0;11;0123456;1.0;1;ICE;;Hannover;Bremen
1626099;42;22;ICE;ICE;DB Fernverkehr AG;668361;Stuttgart Hbf;428519;Hamburg Hbf;48120;66540;307;9;604.7;118.2;1.16;2;56;1.0;1;ICE;;Stuttgart;Hamburg
1626416;89;35;IC;IC;DB Fernverkehr AG;195950;Norddeich Mole;691821;Düsseldorf Hbf;49860;64920;251;15;311.3;74.4;4.18;2;56;1.0;1;IC;;Norddeich Mole;Düsseldorf
1627216;37;82;ICE;ICE;DB Fernverkehr AG;127712;Berlin Gesundbrunnen;176697;Frankfurt(Main)Hbf;24960;39360;240;6;434.4;108.6;0.92;28;0123456;1.0;1;ICE-SPRINTER;SPR-5;Berlin;Frankfurt
1627443;9;87;IC;IC;DB Fernverkehr AG;668361;Stuttgart Hbf;556408;Schaffhausen;58920;67500;143;8;149.7;62.8;4.01;10;0123456;0.875;0;IC;;Stuttgart;Schaffhausen
1627621;50;61;IC;IC;DB Fernverkehr AG;53188;Leipzig Hbf;497089;Karlsruhe Hbf;57000;82440;424;19;501.9;71.0;3.39;8;013456;1.0;1;IC;;Leipzig;Karlsruhe
1627648;82;95;EC;IC;DB Fernverkehr AG;42071;Rzepin;327376;Berlin-Lichtenberg;43140;47460;72;4;92.9;77.5;2.15;14;0123456;0.75;0;IC;;Rzepin;Berlin
1627669;38;28;ICE;ICE;DB Fernverkehr AG;53188;Leipzig Hbf;9941;München Hbf;20460;34260;230;7;423.7;110.5;1.18;29;0123456;1.0;1;ICE;;Leipzig;München
1628095;78;15;ICE;ICE;DB Fernverkehr AG;621598;Eisenach Hbf;552264;Ostseebad Binz;23820;44940;352;11;526.4;89.7;1.71;1;5;1.0;1;ICE;;Eisenach;Ostseebad Binz
1628206;53;47;ICE;ICE;DB Fernverkehr AG;9941;München Hbf;267257;Essen Hbf;14580;36840;371;11;576.1;93.2;1.56;1;5;1.0;1;ICE;;München;Essen
1628350;45;25;ICE;ICE;DB Fernverkehr AG;93866;Hannover Hbf;9941;München Hbf;52020;67680;261;7;548.1;126.0;0.91;3;056;1.0;1;ICE;;Hannover;München
1628912;48;;EC;IC;SBB;464157;Basel SBB;96724;Zürich HB;113880;118320;74;2;73.9;59.9;0.0;3;45;0.0;0;IC;;Basel;Zürich
1629119;42;22;ICE;ICE;DB Fernverkehr AG;659783;Kiel Hbf;668361;Stuttgart Hbf;36960;59880;382;10;669.7;105.2;1.19;2;56;1.0;1;ICE;;Kiel;Stuttgart
1629153;48;;EC;IC;SBB;96724;Zürich HB;63619;St. Margrethen SG;34320;38940;77;5;91.3;71.2;3.29;3;056;0.0;0;IC;;Zürich;St. Margrethen SG
1629567;75;;ECE;ICE;Dänische Staatsbahnen;274287;Koebenhavn H;368193;Padborg st;44520;53820;155;5;276.4;107.0;1.09;31;0123456;0.0;0;ICE;;København;Padborg st
1629809;38;28;ICE;ICE;DB Fernverkehr AG;9941;München Hbf;53188;Leipzig Hbf;74940;88500;226;6;423.7;112.5;0.94;1;0;1.0;1;ICE;;München;Leipzig
1629884;58;20;ECE;ICE;DB Fernverkehr AG;497089;Karlsruhe Hbf;428519;Hamburg Hbf;59820;77340;292;8;566.2;116.3;1.06;2;56;1.0;1;ICE;;Karlsruhe;Hamburg
1629989;14;;EC;IC;ÖBB;63619;St. Margrethen SG;167729;Lindau-Reutin;53460;54480;17;3;15.5;54.9;;4;56;0.333;0;IC;;St. Margrethen SG;Lindau-Reutin
1630608;82;95;EC;IC;DB Fernverkehr AG;354957;Frankfurt(Oder);42071;Rzepin;31800;32820;17;3;19.2;67.8;;1;1;0.667;0;IC;;Frankfurt(Oder);Rzepin
1631169;67;33;ICE;ICE;DB Fernverkehr AG;468987;Westerland(Sylt);267257;Essen Hbf;35580;61260;428;11;514.6;72.1;1.75;1;5;1.0;1;ICE;;Westerland;Essen
1631384;48;;EC;IC;SBB;63619;St. Margrethen SG;96724;Zürich HB;33000;37680;78;5;91.3;70.2;3.29;3;016;0.0;0;IC;;St. Margrethen SG;Zürich
1631441;23;12;ICE;ICE;DB Fernverkehr AG;497089;Karlsruhe Hbf;464157;Basel SBB;21360;28080;112;6;174.0;93.2;2.3;25;012345;0.667;0;ICE;;Karlsruhe;Basel
1631480;77;10;ICE;ICE;DB Fernverkehr AG;613345;Berlin Hbf;517455;Köln Hbf;71220;87780;276;9;505.1;109.8;1.39;1;3;1.0;1;ICE;;Berlin;Köln
1632219;44;17;IC;IC;DB Fernverkehr AG;224643;Dresden Hbf;552264;Ostseebad Binz;28860;51120;371;9;407.6;65.9;1.72;1;5;1.0;1;IC;;Dresden;Ostseebad Binz
1632553;72;;ICE;ICE;SBB;96724;Zürich HB;556408;Schaffhausen;57600;60360;46;2;36.3;47.3;0.0;2;56;0.0;0;ICE;;Zürich;Schaffhausen
1632605;36;43;ICE;ICE;DB Fernverkehr AG;396514;Hamburg-Altona;517455;Köln Hbf;71400;90960;326;12;407.5;75.0;2.45;1;4;1.0;1;ICE-SPRINTER;SPR-2;Hamburg;Köln
1632620;78;15;ICE;ICE;DB Fernverkehr AG;391201;Berlin Südkreuz;552264;Ostseebad Binz;46080;60060;233;7;243.9;62.8;2.05;1;0;1.0;1;ICE;;Berlin;Ostseebad Binz
163265;17;;ICE;ICE;Nederlandse Spoorwegen;79866;Amsterdam Centraal;575362;Arnhem Centraal;52380;55920;59;3;90.6;92.2;1.1;2;56;0.0;0;ICE;;Amsterdam;Arnhem Centraal
1632651;38;28;ICE;ICE;DB Fernverkehr AG;396514;Hamburg-Altona;9941;München Hbf;44280;68880;410;13;836.7;122.5;1.31;3;056;1.0;1;ICE;;Hamburg;München
1632869;82;95;EC;IC;DB Fernverkehr AG;42071;Rzepin;127712;Berlin Gesundbrunnen;46200;51900;95;5;101.3;64.0;2.96;5;12345;0.8;0;IC;;Rzepin;Berlin
1632881;84;77;ICE;ICE;DB Fernverkehr AG;391201;Berlin Südkreuz;65847;Hengelo;29160;43620;241;10;456.9;113.8;1.75;3;123;0.9;0;ICE;;Berlin;Hengelo
1632913;28;75;ECE;ICE;DB Fernverkehr AG;428519;Hamburg Hbf;368193;Padborg st;39180;46380;120;4;147.5;73.8;1.36;22;0123456;0.75;0;ICE;;Hamburg;Padborg st
163298;50;61;IC;IC;DB Fernverkehr AG;668361;Stuttgart Hbf;99055;Nürnberg Hbf;36540;44280;129;7;182.6;84.9;2.74;7;0123456;1.0;1;IC;;Stuttgart;Nürnberg
1633267;3;26;ICE;ICE;DB Fernverkehr AG;477761;Bremen Hbf;635340;Heidelberg Hbf;47700;67260;326;13;474.5;87.3;2.32;5;01234;1.0;1;ICE;;Bremen;Heidelberg
1633986;40;78;ICE;ICE;DB Fernverkehr AG;575362;Arnhem Centraal;176697;Frankfurt(Main)Hbf;48840;61740;215;9;309.8;86.4;2.26;1;4;0.778;0;ICE;;Arnhem Centraal;Frankfurt
1634143;78;15;ICE;ICE;DB Fernverkehr AG;391201;Berlin Südkreuz;552264;Ostseebad Binz;38880;52140;221;10;266.2;72.3;3.01;4;56;1.0;1;ICE;;Berlin;Ostseebad Binz
16343;47;62;ICE;ICE;DB Fernverkehr AG;9941;München Hbf;226858;Darmstadt Hbf;28020;41100;218;9;328.0;90.3;2.13;2;56;1.0;1;ICE;;München;Darmstadt
1634623;82;95;EC;IC;DB Fernverkehr AG;42071;Rzepin;327376;Berlin-Lichtenberg;43140;50100;116;4;92.9;48.1;2.15;1;3;0.75;0;IC;;Rzepin;Berlin
1634800;45;25;ICE;ICE;DB Fernverkehr AG;9941;München Hbf;157968;Rostock Hbf;47400;75120;462;13;857.5;111.4;1.28;2;56;1.0;1;ICE;;München;Rostock
163518;45;25;ICE;ICE;DB Fernverkehr AG;9941;München Hbf;428519;Hamburg Hbf;29100;50220;352;11;703.3;119.9;1.28;14;01234;1.0;1;ICE;;München;Hamburg
1635181;89;35;IC;IC;DB Fernverkehr AG;195950;Norddeich Mole;517455;Köln Hbf;41760;58440;278;17;344.8;74.4;4.35;17;0123456;1.0;1;IC;;Norddeich Mole;Köln
1635225;46;60;ICE;ICE;DB Fernverkehr AG;9941;München Hbf;668361;Stuttgart Hbf;78540;85320;113;4;195.2;103.6;1.02;1;4;1.0;1;ICE;;München;Stuttgart
1635284;42;22;ICE;ICE;DB Fernverkehr AG;668361;Stuttgart Hbf;428519;Hamburg Hbf;69780;88200;307;9;597.1;116.7;1.17;8;0123456;1.0;1;ICE;;Stuttgart;Hamburg
1635403;22;;IC;IC;SBB;556408;Schaffhausen;96724;Zürich HB;56820;58980;36;2;36.3;60.4;0.0;30;0123456;0.0;0;IC;;Schaffhausen;Zürich
1636105;2;56;IC;IC;DB Fernverkehr AG;53188;Leipzig Hbf;195950;Norddeich Mole;48120;73200;418;20;501.3;72.0;3.59;5;01236;1.0;1;IC;;Leipzig;Norddeich Mole
1636116;23;12;ICE;ICE;DB Fernverkehr AG;613345;Berlin Hbf;464157;Basel SBB;52620;78480;431;16;829.5;115.5;1.69;3;45;0.875;0;ICE;;Berlin;Basel
1636211;42;22;ICE;ICE;DB Fernverkehr AG;659783;Kiel Hbf;668361;Stuttgart Hbf;50400;74280;398;10;669.7;101.0;1.19;2;56;1.0;1;ICE;;Kiel;Stuttgart
1636809;50;61;IC;IC;DB Fernverkehr AG;53188;Leipzig Hbf;497089;Karlsruhe Hbf;28200;53580;423;22;515.5;73.1;3.88;8;0123456;1.0;1;IC;;Leipzig;Karlsruhe
1637;32;18;ICE;ICE;DB Fernverkehr AG;416646;Erfurt Hbf;127712;Berlin Gesundbrunnen;23400;31440;134;6;255.1;114.2;1.57;16;01234;1.0;1;ICE;;Erfurt;Berlin
1637081;55;;RJ;SONSTIGE;Ceske Drahy;653775;Praha hl.n.;26993;Decin hl.n.;59460;64680;87;4;87.0;60.0;2.3;2;13;0.0;0;SONSTIGE;;Praha;Decin hl.n.
1637321;21;95;EC;IC;PKP Intercity;39653;Warszawa Wschodnia;42071;Rzepin;24540;38820;238;9;430.8;108.6;1.62;8;0123456;0.0;0;IC;;Warszawa;Rzepin
1638084;48;;EC;IC;SBB;96724;Zürich HB;63619;St. Margrethen SG;41520;46140;77;5;91.3;71.2;3.29;5;03456;0.0;0;IC;;Zürich;St. Margrethen SG
1638138;47;62;ICE;ICE;DB Fernverkehr AG;668361;Stuttgart Hbf;176697;Frankfurt(Main)Hbf;75240;82320;118;7;159.1;80.9;3.14;5;01234;1.0;1;ICE;;Stuttgart;Frankfurt
1638220;57;19;ICE;ICE;DB Fernverkehr AG;391201;Berlin Südkreuz;517455;Köln Hbf;39480;58140;311;7;506.8;97.8;0.99;2;56;1.0;1;ICE;;Berlin;Köln
1638246;81;83;ICE;ICE;SNCF;335130;Paris Est;412384;Strasbourg;39180;45480;105;2;395.5;226.0;0.0;10;012346;0.0;0;ICE;;Paris;Strasbourg
1638437;42;22;ICE;ICE;DB Fernverkehr AG;428519;Hamburg Hbf;176697;Frankfurt(Main)Hbf;70140;85020;248;6;419.3;101.4;0.95;1;5;1.0;1;ICE-SPRINTER;SPR-1;Hamburg;Frankfurt
1639035;18;;ICE;ICE;ÖBB;695368;Salzburg Hbf;338037;Graz Hbf;58020;71760;229;14;305.4;80.0;3.93;4;56;0.0;0;ICE;;Salzburg;Graz
1639637;63;14;ICE;ICE;DB Fernverkehr AG;22625;Aachen Hbf;337692;Berlin-Charlottenburg;32760;53220;341;19;573.8;101.0;2.96;14;0123456;1.0;1;ICE;;Aachen;Berlin
1639659;26;55;IC;IC;DB Fernverkehr AG;93866;Hannover Hbf;224643;Dresden Hbf;23820;38280;241;11;349.9;87.1;2.57;17;01234;1.0;1;IC;;Hannover;Dresden
1639690;31;11;ICE;ICE;DB Fernverkehr AG;127712;Berlin Gesundbrunnen;9941;München Hbf;54540;83700;486;15;817.7;101.0;1.59;7;012356;1.0;1;ICE;;Berlin;München
1640105;33;42;ICE;ICE;DB Fernverkehr AG;396514;Hamburg-Altona;9941;München Hbf;68040;108180;669;22;929.4;83.4;2.15;1;5;1.0;1;ICE;;Hamburg;München
1640166;26;55;IC;IC;DB Fernverkehr AG;224643;Dresden Hbf;464794;Magdeburg Hbf;19320;28620;155;8;218.4;84.5;2.75;4;0123;1.0;1;IC;;Dresden;Magdeburg
1640491;47;62;ICE;ICE;DB Fernverkehr AG;176697;Frankfurt(Main)Hbf;695368;Salzburg Hbf;29400;50340;349;14;475.9;81.8;2.52;4;56;0.929;0;ICE;;Frankfurt;Salzburg
1640929;94;88;ECE;ICE;DB Fernverkehr AG;167729;Lindau-Reutin;9941;München Hbf;40200;48480;138;2;153.0;66.5;0.0;2;45;1.0;1;ICE;;Lindau-Reutin;München
164099;38;28;ICE;ICE;DB Fernverkehr AG;9941;München Hbf;396514;Hamburg-Altona;31740;56400;411;13;836.7;122.2;1.31;6;56;1.0;1;ICE;;München;Hamburg
1641023;72;;ICE;ICE;SBB;96724;Zürich HB;464157;Basel SBB;28740;31920;53;2;73.9;83.7;0.0;2;5;0.0;0;ICE;;Zürich;Basel
164105;92;83;ICE;ICE;DB Fernverkehr AG;412384;Strasbourg;497089;Karlsruhe Hbf;30960;33960;50;3;69.1;82.9;1.45;1;5;0.333;0;ICE;;Strasbourg;Karlsruhe
1641311;23;12;ICE;ICE;DB Fernverkehr AG;391201;Berlin Südkreuz;464157;Basel SBB;83460;118080;577;16;845.4;87.9;1.66;1;0;0.875;0;ICE;;Berlin;Basel
1641417;33;42;ICE;ICE;DB Fernverkehr AG;9941;München Hbf;396514;Hamburg-Altona;60;37980;632;23;921.0;87.4;2.28;3;134;1.0;1;ICE;;München;Hamburg
1641471;68;91;ICE;ICE;DB Fernverkehr AG;640892;Dortmund Hbf;99055;Nürnberg Hbf;35640;59400;396;12;456.0;69.1;2.19;3;234;1.0;1;ICE;;Dortmund;Nürnberg
1641881;32;18;ICE;ICE;DB Fernverkehr AG;127712;Berlin Gesundbrunnen;9941;München Hbf;84000;112500;475;18;585.7;74.0;2.73;2;4;1.0;1;ICE;;Berlin;München
1642809;53;47;ICE;ICE;DB Fernverkehr AG;9941;München Hbf;640892;Dortmund Hbf;29940;49800;331;12;608.2;110.2;1.64;7;0123456;1.0;1;ICE;;München;Dortmund
1642881;46;60;ICE;ICE;DB Fernverkehr AG;497089;Karlsruhe Hbf;9941;München Hbf;29100;38940;164;8;273.1;99.9;2.2;1;6;1.0;1;ICE;;Karlsruhe;München
1642896;61;1;ICE;ICE;DB Fernverkehr AG;396514;Hamburg-Altona;99055;Nürnberg Hbf;57240;90000;546;13;760.8;83.6;1.45;1;4;1.0;1;ICE;;Hamburg;Nürnberg
1642978;68;91;ICE;ICE;DB Fernverkehr AG;640892;Dortmund Hbf;99055;Nürnberg Hbf;22860;45000;369;15;471.4;76.7;2.76;11;0123456;1.0;1;ICE;;Dortmund;Nürnberg
1643776;12;29;ICE;ICE;DB Fernverkehr AG;127712;Berlin Gesundbrunnen;9941;München Hbf;62760;78180;257;7;560.0;130.7;0.89;21;0123456;1.0;1;ICE-SPRINTER;SPR-4;Berlin;München
1644488;23;12;ICE;ICE;DB Fernverkehr AG;556408;Schaffhausen;176697;Frankfurt(Main)Hbf;60360;76140;263;6;312.7;71.3;1.28;1;5;0.833;0;ICE;;Schaffhausen;Frankfurt
1644703;36;43;ICE;ICE;DB Fernverkehr AG;396514;Hamburg-Altona;517455;Köln Hbf;66360;82080;262;12;397.0;90.9;2.52;5;023;1.0;1;ICE-SPRINTER;SPR-2;Hamburg;Köln
1644943;31;11;ICE;ICE;DB Fernverkehr AG;127712;Berlin Gesundbrunnen;9941;München Hbf;76680;113220;609;18;829.3;81.7;1.93;1;3;1.0;1;ICE;;Berlin;München
1644960;6;;RJ;SONSTIGE;ÖBB;695368;Salzburg Hbf;485693;Klagenfurt Hbf;79620;90360;179;14;198.6;66.6;6.04;31;0123456;0.0;0;SONSTIGE;;Salzburg;Klagenfurt
1645260;23;12;ICE;ICE;DB Fernverkehr AG;391201;Berlin Südkreuz;464157;Basel SBB;83460;118020;576;16;849.0;88.4;1.65;1;6;0.875;0;ICE;;Berlin;Basel
1645708;84;77;ICE;ICE;DB Fernverkehr AG;391201;Berlin Südkreuz;65847;Hengelo;36360;50820;241;10;456.9;113.8;1.75;2;56;0.9;0;ICE;;Berlin;Hengelo
1645834;50;61;IC;IC;DB Fernverkehr AG;497089;Karlsruhe Hbf;90261;Regensburg Hbf;68760;85140;273;9;326.8;71.8;2.14;10;0123456;1.0;1;IC;;Karlsruhe;Regensburg
1645901;9;87;IC;IC;DB Fernverkehr AG;266187;Tuttlingen;556408;Schaffhausen;72060;74700;44;3;41.8;57.1;2.39;3;234;0.667;0;IC;;Tuttlingen;Schaffhausen
1645914;17;;ICE;ICE;Nederlandse Spoorwegen;79866;Amsterdam Centraal;575362;Arnhem Centraal;59880;63120;54;3;90.6;100.7;1.1;3;123;0.0;0;ICE;;Amsterdam;Arnhem Centraal
1646343;91;79;ICE;ICE;DB Fernverkehr AG;257676;Bruxelles Midi;176697;Frankfurt(Main)Hbf;73500;85380;198;11;358.5;108.6;2.51;2;02;0.727;0;ICE;;Bruxelles;Frankfurt
1646479;2;56;IC;IC;DB Fernverkehr AG;195950;Norddeich Mole;53188;Leipzig Hbf;34560;59940;423;20;501.3;71.1;3.59;2;56;1.0;1;IC;;Norddeich Mole;Leipzig
164665;53;47;ICE;ICE;DB Fernverkehr AG;9941;München Hbf;267257;Essen Hbf;15600;36840;354;11;576.1;97.6;1.56;9;01234;1.0;1;ICE;;München;Essen
1646691;87;41;ICE;ICE;DB Fernverkehr AG;9941;München Hbf;691821;Düsseldorf Hbf;31500;49020;292;8;530.4;109.0;1.13;13;0123456;1.0;1;ICE;;München;Düsseldorf
1646769;33;42;ICE;ICE;DB Fernverkehr AG;9941;München Hbf;428519;Hamburg Hbf;26880;58500;527;17;883.4;100.6;1.7;2;56;1.0;1;ICE;;München;Hamburg
1647558;82;95;EC;IC;DB Fernverkehr AG;42071;Rzepin;127712;Berlin Gesundbrunnen;31800;37500;95;5;101.3;64.0;2.96;1;0;0.8;0;IC;;Rzepin;Berlin
1647722;26;55;IC;IC;DB Fernverkehr AG;93866;Hannover Hbf;668361;Stuttgart Hbf;20340;44580;404;19;568.5;84.4;2.99;10;0123456;1.0;1;IC;;Hannover;Stuttgart
1648189;33;42;ICE;ICE;DB Fernverkehr AG;428519;Hamburg Hbf;668361;Stuttgart Hbf;63900;94560;511;14;718.6;84.4;1.67;1;5;1.0;1;ICE;;Hamburg;Stuttgart
1648260;77;10;ICE;ICE;DB Fernverkehr AG;691821;Düsseldorf Hbf;391201;Berlin Südkreuz;31740;47880;269;13;512.4;114.3;2.15;9;12345;1.0;1;ICE;;Düsseldorf;Berlin
1648478;31;11;ICE;ICE;DB Fernverkehr AG;127712;Berlin Gesundbrunnen;9941;München Hbf;40140;69000;481;14;816.0;101.8;1.47;2;56;1.0;1;ICE;;Berlin;München
1648567;17;;ICE;ICE;Nederlandse Spoorwegen;575362;Arnhem Centraal;79866;Amsterdam Centraal;66480;70140;61;3;90.6;89.1;1.1;3;123;0.0;0;ICE;;Arnhem Centraal;Amsterdam
164860;47;62;ICE;ICE;DB Fernverkehr AG;226858;Darmstadt Hbf;695368;Salzburg Hbf;30600;50340;329;13;449.7;82.0;2.45;2;56;0.923;0;ICE;;Darmstadt;Salzburg
1648634;90;45;ICE;ICE;DB Fernverkehr AG;176697;Frankfurt(Main)Hbf;517455;Köln Hbf;21660;28500;114;5;169.2;89.1;1.77;2;01;1.0;1;ICE;;Frankfurt;Köln
1648831;31;11;ICE;ICE;DB Fernverkehr AG;127712;Berlin Gesundbrunnen;9941;München Hbf;76680;113220;609;18;829.4;81.7;1.93;1;6;1.0;1;ICE;;Berlin;München
1648835;42;22;ICE;ICE;DB Fernverkehr AG;428519;Hamburg Hbf;668361;Stuttgart Hbf;48420;67080;311;9;583.3;112.5;1.2;2;56;1.0;1;ICE;;Hamburg;Stuttgart
1650354;94;88;ECE;ICE;DB Fernverkehr AG;9941;München Hbf;167729;Lindau-Reutin;52380;60600;137;2;153.0;67.0;0.0;2;45;1.0;1;ICE;;München;Lindau-Reutin
1650706;45;25;ICE;ICE;DB Fernverkehr AG;9941;München Hbf;93866;Hannover Hbf;69180;86760;293;7;548.1;112.2;0.91;1;4;1.0;1;ICE;;München;Hannover
1650715;47;62;ICE;ICE;DB Fernverkehr AG;176697;Frankfurt(Main)Hbf;9941;München Hbf;51060;65460;240;10;352.9;88.2;2.27;2;56;1.0;1;ICE;;Frankfurt;München
1651253;82;95;EC;IC;DB Fernverkehr AG;42071;Rzepin;127712;Berlin Gesundbrunnen;31800;37500;95;5;101.3;64.0;2.96;14;012345;0.8;0;IC;;Rzepin;Berlin
1651532;68;91;ICE;ICE;DB Fernverkehr AG;640892;Dortmund Hbf;99055;Nürnberg Hbf;37440;59400;366;13;470.5;77.1;2.34;2;6;1.0;1;ICE;;Dortmund;Nürnberg
1652009;77;10;ICE;ICE;DB Fernverkehr AG;613345;Berlin Hbf;517455;Köln Hbf;71220;89220;300;12;535.3;107.1;1.87;1;5;1.0;1;ICE;;Berlin;Köln
1652312;10;20;ICE;ICE;DB Fernverkehr AG;428519;Hamburg Hbf;87362;Wiesbaden Hbf;73740;93120;323;10;482.0;89.5;1.66;1;2;1.0;1;ICE;;Hamburg;Wiesbaden
1652641;53;47;ICE;ICE;DB Fernverkehr AG;640892;Dortmund Hbf;9941;München Hbf;42900;63600;345;13;609.1;105.9;1.81;2;56;1.0;1;ICE;;Dortmund;München
1653480;9;87;IC;IC;DB Fernverkehr AG;668361;Stuttgart Hbf;556408;Schaffhausen;52080;60300;137;7;149.3;65.4;3.35;4;56;0.857;0;IC;;Stuttgart;Schaffhausen
1653481;17;;ICE;ICE;Nederlandse Spoorwegen;79866;Amsterdam Centraal;575362;Arnhem Centraal;52380;55920;59;3;90.6;92.2;1.1;3;456;0.0;0;ICE;;Amsterdam;Arnhem Centraal
165399;45;25;ICE;ICE;DB Fernverkehr AG;331094;Hamburg Dammtor;9941;München Hbf;60780;83340;376;11;704.1;112.4;1.28;1;2;1.0;1;ICE;;Hamburg;München
1654641;32;18;ICE;ICE;DB Fernverkehr AG;99055;Nürnberg Hbf;9941;München Hbf;22560;29280;112;5;179.9;96.4;1.67;3;234;1.0;1;ICE;;Nürnberg;München
1655109;22;;IC;IC;SBB;96724;Zürich HB;556408;Schaffhausen;27420;29580;36;2;36.3;60.4;0.0;21;01234;0.0;0;IC;;Zürich;Schaffhausen
1655668;23;12;ICE;ICE;DB Fernverkehr AG;464157;Basel SBB;176697;Frankfurt(Main)Hbf;72960;84480;192;7;299.2;93.5;1.67;1;5;0.714;0;ICE;;Basel;Frankfurt
1655946;28;75;ECE;ICE;DB Fernverkehr AG;368193;Padborg st;396514;Hamburg-Altona;61320;67380;101;4;146.4;87.0;1.37;9;0123456;0.75;0;ICE;;Padborg st;Hamburg
1656761;88;;IC;IC;Dänische Staatsbahnen;310614;Flensburg;328829;Fredericia st;72300;77400;85;10;112.7;79.5;7.1;31;0123456;0.2;0;IC;;Flensburg;Fredericia st
1656877;26;55;IC;IC;DB Fernverkehr AG;224643;Dresden Hbf;93866;Hannover Hbf;26520;40980;241;10;349.7;87.1;2.29;4;0456;1.0;1;IC;;Dresden;Hannover
1657317;87;41;ICE;ICE;DB Fernverkehr AG;9941;München Hbf;517455;Köln Hbf;67440;85140;295;11;502.8;102.3;1.79;6;456;1.0;1;ICE;;München;Köln
1657395;67;33;ICE;ICE;DB Fernverkehr AG;468987;Westerland(Sylt);517455;Köln Hbf;48060;77280;487;15;585.4;72.1;2.22;2;56;1.0;1;ICE;;Westerland;Köln
1657411;77;10;ICE;ICE;DB Fernverkehr AG;613345;Berlin Hbf;517455;Köln Hbf;71220;91860;344;10;533.9;93.1;1.5;1;0;1.0;1;ICE;;Berlin;Köln
165751;84;77;ICE;ICE;DB Fernverkehr AG;391201;Berlin Südkreuz;65847;Hengelo;21900;36420;242;10;456.9;113.3;1.75;22;0123456;0.9;0;ICE;;Berlin;Hengelo
1657529;9;87;IC;IC;DB Fernverkehr AG;668361;Stuttgart Hbf;556408;Schaffhausen;22560;31500;149;13;153.1;61.6;7.19;14;012345;0.923;0;IC;;Stuttgart;Schaffhausen
1657548;1;;IC;IC;PKP Intercity;402680;Swinoujscie;325087;Chelm;77580;120600;717;40;866.6;72.5;4.39;23;0123456;0.0;0;IC;;Swinoujscie;Chelm
1657781;32;18;ICE;ICE;DB Fernverkehr AG;9941;München Hbf;99055;Nürnberg Hbf;47520;53880;106;5;180.2;102.0;1.67;3;056;1.0;1;ICE;;München;Nürnberg
1658738;68;91;ICE;ICE;DB Fernverkehr AG;613345;Berlin Hbf;99055;Nürnberg Hbf;35700;48600;215;7;422.5;117.9;1.18;9;0123456;1.0;1;ICE-SPRINTER;SPR-4;Berlin;Nürnberg
1658739;23;12;ICE;ICE;DB Fernverkehr AG;391201;Berlin Südkreuz;464157;Basel SBB;83460;118080;577;16;849.0;88.3;1.65;1;3;0.875;0;ICE;;Berlin;Basel
1659413;31;11;ICE;ICE;DB Fernverkehr AG;9941;München Hbf;127712;Berlin Gesundbrunnen;81960;116040;568;16;806.1;85.2;1.74;1;6;1.0;1;ICE;;München;Berlin
1659551;89;35;IC;IC;DB Fernverkehr AG;691821;Düsseldorf Hbf;195950;Norddeich Mole;29520;44160;244;16;311.9;76.7;4.49;2;56;1.0;1;IC;;Düsseldorf;Norddeich Mole
1659588;1;;IC;IC;PKP Intercity;174196;Bohumin(Gr);401361;Przemysl Glowny;100920;123120;370;26;412.0;66.8;5.83;8;0123456;0.0;0;IC;;Bohumin;Przemysl Glowny
1659795;36;43;ICE;ICE;DB Fernverkehr AG;598255;Offenburg;396514;Hamburg-Altona;59160;84840;428;17;732.2;102.6;2.05;2;56;1.0;1;ICE;;Offenburg;Hamburg
1659922;77;10;ICE;ICE;DB Fernverkehr AG;517455;Köln Hbf;391201;Berlin Südkreuz;63300;80400;285;10;510.6;107.5;1.57;7;0123456;1.0;1;ICE;;Köln;Berlin
1659980;39;51;ICE;ICE;DB Fernverkehr AG;640892;Dortmund Hbf;224643;Dresden Hbf;49320;69540;337;10;491.1;87.4;1.63;14;0123456;1.0;1;ICE;;Dortmund;Dresden
1660419;57;19;ICE;ICE;DB Fernverkehr AG;391201;Berlin Südkreuz;517455;Köln Hbf;60720;79680;316;7;506.8;96.2;0.99;3;024;1.0;1;ICE;;Berlin;Köln
1660616;42;22;ICE;ICE;DB Fernverkehr AG;659783;Kiel Hbf;668361;Stuttgart Hbf;36960;59880;382;10;670.1;105.2;1.19;8;0123456;1.0;1;ICE;;Kiel;Stuttgart
1660667;77;10;ICE;ICE;DB Fernverkehr AG;613345;Berlin Hbf;22625;Aachen Hbf;56820;77640;347;15;583.7;100.9;2.23;3;6;1.0;1;ICE;;Berlin;Aachen
1661047;62;13;ICE;ICE;DB Fernverkehr AG;635340;Heidelberg Hbf;337616;Braunschweig Hbf;68760;83160;240;11;402.7;100.7;2.23;1;6;1.0;1;ICE;;Heidelberg;Braunschweig
1661592;26;55;IC;IC;DB Fernverkehr AG;224643;Dresden Hbf;582139;Mannheim Hbf;26520;62460;599;25;822.0;82.3;2.8;1;6;1.0;1;IC;;Dresden;Mannheim
1661674;55;;RJ;SONSTIGE;Ceske Drahy;26993;Decin hl.n.;653775;Praha hl.n.;79020;84660;94;7;91.7;58.6;5.45;31;0123456;0.0;0;SONSTIGE;;Decin hl.n.;Praha
1662162;31;11;ICE;ICE;DB Fernverkehr AG;9941;München Hbf;176697;Frankfurt(Main)Hbf;74700;87480;213;7;359.8;101.4;1.39;2;12;1.0;1;ICE;;München;Frankfurt
1662224;50;61;IC;IC;DB Fernverkehr AG;99055;Nürnberg Hbf;668361;Stuttgart Hbf;49200;57180;133;7;182.6;82.4;2.74;7;0123456;1.0;1;IC;;Nürnberg;Stuttgart
1662395;48;;EC;IC;SBB;63619;St. Margrethen SG;96724;Zürich HB;83400;88080;78;5;91.3;70.2;3.29;2;16;0.0;0;IC;;St. Margrethen SG;Zürich
1662604;42;22;ICE;ICE;DB Fernverkehr AG;659783;Kiel Hbf;668361;Stuttgart Hbf;65760;89580;397;10;662.1;100.1;1.21;1;4;1.0;1;ICE;;Kiel;Stuttgart
1662779;78;15;ICE;ICE;DB Fernverkehr AG;391201;Berlin Südkreuz;552264;Ostseebad Binz;46080;60060;233;12;272.1;70.1;3.67;6;56;1.0;1;ICE;;Berlin;Ostseebad Binz
1663160;45;25;ICE;ICE;DB Fernverkehr AG;9941;München Hbf;428519;Hamburg Hbf;18660;39420;346;11;703.2;121.9;1.28;4;1234;1.0;1;ICE;;München;Hamburg
166361;55;;RJ;SONSTIGE;Ceske Drahy;653775;Praha hl.n.;26993;Decin hl.n.;59460;64680;87;4;87.0;60.0;2.3;3;356;0.0;0;SONSTIGE;;Praha;Decin hl.n.
166433;87;41;ICE;ICE;DB Fernverkehr AG;9941;München Hbf;691821;Düsseldorf Hbf;24240;41820;293;8;532.9;109.1;1.13;4;56;1.0;1;ICE;;München;Düsseldorf
1664493;22;;IC;IC;SBB;96724;Zürich HB;556408;Schaffhausen;41820;43980;36;2;36.3;60.4;0.0;10;0123456;0.0;0;IC;;Zürich;Schaffhausen
1664584;77;10;ICE;ICE;DB Fernverkehr AG;691821;Düsseldorf Hbf;391201;Berlin Südkreuz;24480;40680;270;13;512.4;113.9;2.15;7;1234;1.0;1;ICE;;Düsseldorf;Berlin
1664654;26;55;IC;IC;DB Fernverkehr AG;497089;Karlsruhe Hbf;517455;Köln Hbf;64320;75960;194;8;269.6;83.4;2.23;8;0123456;1.0;1;IC;;Karlsruhe;Köln
1664773;48;;EC;IC;SBB;96724;Zürich HB;63619;St. Margrethen SG;20100;24540;74;4;89.2;72.3;2.24;8;01234;0.0;0;IC;;Zürich;St. Margrethen SG
1665117;42;22;ICE;ICE;DB Fernverkehr AG;668361;Stuttgart Hbf;428519;Hamburg Hbf;62520;80940;307;8;583.2;114.0;1.03;2;56;1.0;1;ICE;;Stuttgart;Hamburg
1665197;5;50;ICE;ICE;DB Fernverkehr AG;224643;Dresden Hbf;38672;Frankfurt(M) Flughafen Fernbf;36660;53760;285;10;431.8;90.9;1.85;26;0123456;1.0;1;ICE;;Dresden;Frankfurt
1665232;13;;RJ;SONSTIGE;Dänische Staatsbahnen;274287;Koebenhavn H;10831;Schleswig;22920;34140;187;7;314.3;100.8;1.59;1;0;0.286;0;SONSTIGE;;København;Schleswig
1665251;33;42;ICE;ICE;DB Fernverkehr AG;428519;Hamburg Hbf;9941;München Hbf;56700;88140;524;17;883.4;101.2;1.7;3;56;1.0;1;ICE;;Hamburg;München
1665384;45;25;ICE;ICE;DB Fernverkehr AG;9941;München Hbf;428519;Hamburg Hbf;61800;83880;368;9;680.1;110.9;1.03;1;3;1.0;1;ICE;;München;Hamburg
1665805;23;12;ICE;ICE;DB Fernverkehr AG;613345;Berlin Hbf;464157;Basel SBB;59400;85740;439;17;827.6;113.1;1.81;3;5;0.882;0;ICE;;Berlin;Basel
1666163;45;25;ICE;ICE;DB Fernverkehr AG;9941;München Hbf;428519;Hamburg Hbf;50760;71820;351;12;703.8;120.3;1.42;7;0123456;1.0;1;ICE;;München;Hamburg
1666258;87;41;ICE;ICE;DB Fernverkehr AG;517455;Köln Hbf;176697;Frankfurt(Main)Hbf;73440;78720;88;6;161.5;110.1;2.48;14;0123456;1.0;1;ICE;;Köln;Frankfurt
1666932;9;87;IC;IC;DB Fernverkehr AG;556408;Schaffhausen;668361;Stuttgart Hbf;40560;48720;136;7;149.3;65.9;3.35;10;0123456;0.857;0;IC;;Schaffhausen;Stuttgart
1667089;45;25;ICE;ICE;DB Fernverkehr AG;331094;Hamburg Dammtor;9941;München Hbf;24780;46320;359;11;704.1;117.7;1.28;13;0123456;1.0;1;ICE;;Hamburg;München
1667142;89;35;IC;IC;DB Fernverkehr AG;691821;Düsseldorf Hbf;195950;Norddeich Mole;22020;37500;258;16;311.3;72.4;4.5;1;5;1.0;1;IC;;Düsseldorf;Norddeich Mole
1667326;60;;IC;IC;DB Fernverkehr (Codesharing);464157;Basel SBB;96724;Zürich HB;117480;122700;87;2;73.9;51.0;0.0;6;345;0.0;0;IC;;Basel;Zürich
1667333;92;83;ICE;ICE;DB Fernverkehr AG;668361;Stuttgart Hbf;412384;Strasbourg;39120;44160;84;4;130.7;93.3;1.53;1;5;0.5;0;ICE;;Stuttgart;Strasbourg
1667488;82;95;EC;IC;DB Fernverkehr AG;127712;Berlin Gesundbrunnen;42071;Rzepin;78540;84480;99;5;101.3;61.4;2.96;1;1;0.8;0;IC;;Berlin;Rzepin
1667489;50;61;IC;IC;DB Fernverkehr AG;497089;Karlsruhe Hbf;99055;Nürnberg Hbf;32760;44280;192;10;250.5;78.3;3.19;4;1234;1.0;1;IC;;Karlsruhe;Nürnberg
1667573;14;;EC;IC;ÖBB;167729;Lindau-Reutin;63619;St. Margrethen SG;60720;61740;17;3;15.5;54.9;;10;0123456;0.333;0;IC;;Lindau-Reutin;St. Margrethen SG
1667774;77;10;ICE;ICE;DB Fernverkehr AG;691821;Düsseldorf Hbf;391201;Berlin Südkreuz;53280;69600;272;12;512.9;113.1;1.95;17;0123456;1.0;1;ICE;;Düsseldorf;Berlin
1667795;26;55;IC;IC;DB Fernverkehr AG;224643;Dresden Hbf;176697;Frankfurt(Main)Hbf;48120;84780;611;22;772.5;75.9;2.59;1;6;1.0;1;IC;;Dresden;Frankfurt
1668233;42;22;ICE;ICE;DB Fernverkehr AG;331094;Hamburg Dammtor;668361;Stuttgart Hbf;19260;38280;317;10;606.2;114.7;1.32;4;56;1.0;1;ICE;;Hamburg;Stuttgart
1669066;10;20;ICE;ICE;DB Fernverkehr AG;428519;Hamburg Hbf;87362;Wiesbaden Hbf;72060;93120;351;8;452.5;77.3;1.33;1;0;1.0;1;ICE;;Hamburg;Wiesbaden
1669638;72;;ICE;ICE;SBB;96724;Zürich HB;464157;Basel SBB;28740;31920;53;2;73.9;83.7;0.0;3;56;0.0;0;ICE;;Zürich;Basel
1669751;12;29;ICE;ICE;DB Fernverkehr AG;613345;Berlin Hbf;9941;München Hbf;67020;81900;248;7;557.6;134.9;0.9;20;0123456;1.0;1;ICE-SPRINTER;SPR-4;Berlin;München
1669771;72;;ICE;ICE;SBB;96724;Zürich HB;556408;Schaffhausen;64800;67560;46;2;36.3;47.3;0.0;2;56;0.0;0;ICE;;Zürich;Schaffhausen
166979;68;91;ICE;ICE;DB Fernverkehr AG;640892;Dortmund Hbf;176697;Frankfurt(Main)Hbf;28500;43980;258;9;265.0;61.6;2.64;2;56;1.0;1;ICE;;Dortmund;Frankfurt
1669862;33;42;ICE;ICE;DB Fernverkehr AG;428519;Hamburg Hbf;9941;München Hbf;49500;80940;524;17;883.4;101.2;1.7;3;234;1.0;1;ICE;;Hamburg;München
1670417;44;17;IC;IC;DB Fernverkehr AG;227595;Chemnitz Hbf;157968;Rostock Hbf;23160;41820;311;10;428.8;82.7;1.87;31;0123456;1.0;1;IC;;Chemnitz;Rostock
167063;87;41;ICE;ICE;DB Fernverkehr AG;9941;München Hbf;640892;Dortmund Hbf;56700;77880;353;14;607.0;103.2;1.98;4;56;1.0;1;ICE;;München;Dortmund
1670855;45;25;ICE;ICE;DB Fernverkehr AG;9941;München Hbf;9066;Hamburg-Harburg;27960;49440;358;9;679.1;113.8;1.03;1;1;1.0;1;ICE;;München;Hamburg
1670958;87;41;ICE;ICE;DB Fernverkehr AG;9941;München Hbf;640892;Dortmund Hbf;53100;73980;348;11;602.6;103.9;1.49;13;0123456;1.0;1;ICE;;München;Dortmund
167128;20;49;ICE;ICE;DB Fernverkehr AG;176697;Frankfurt(Main)Hbf;517455;Köln Hbf;61380;66300;82;5;161.5;118.2;1.86;10;56;1.0;1;ICE;;Frankfurt;Köln
1671499;45;25;ICE;ICE;DB Fernverkehr AG;331094;Hamburg Dammtor;9941;München Hbf;64380;86880;375;12;704.8;112.8;1.42;1;2;1.0;1;ICE;;Hamburg;München
1671802;33;42;ICE;ICE;DB Fernverkehr AG;428519;Hamburg Hbf;9941;München Hbf;42300;73920;527;17;883.4;100.6;1.7;3;234;1.0;1;ICE;;Hamburg;München
1672070;1;;IC;IC;PKP Intercity;380319;Wroclaw Glowny;402680;Swinoujscie;47520;67920;340;18;432.7;76.4;3.7;2;56;0.0;0;IC;;Wroclaw Glowny;Swinoujscie
1672386;45;25;ICE;ICE;DB Fernverkehr AG;9941;München Hbf;428519;Hamburg Hbf;50760;71820;351;11;703.3;120.2;1.28;14;0123456;1.0;1;ICE;;München;Hamburg
1673132;77;10;ICE;ICE;DB Fernverkehr AG;613345;Berlin Hbf;517455;Köln Hbf;64020;82920;315;8;504.3;96.0;1.19;1;0;1.0;1;ICE;;Berlin;Köln
1673453;33;42;ICE;ICE;DB Fernverkehr AG;517455;Köln Hbf;396514;Hamburg-Altona;7740;25440;295;15;422.2;85.9;3.08;1;0;1.0;1;ICE-SPRINTER;SPR-2;Köln;Hamburg
1673679;50;61;IC;IC;DB Fernverkehr AG;497089;Karlsruhe Hbf;99055;Nürnberg Hbf;47160;58560;190;10;250.5;79.1;3.19;4;1234;1.0;1;IC;;Karlsruhe;Nürnberg
1673717;31;11;ICE;ICE;DB Fernverkehr AG;9941;München Hbf;428519;Hamburg Hbf;53100;89040;599;18;1077.6;107.9;1.48;6;012356;1.0;1;ICE;;München;Hamburg
1673847;77;10;ICE;ICE;DB Fernverkehr AG;517455;Köln Hbf;391201;Berlin Südkreuz;34680;51600;282;10;510.6;108.6;1.57;8;0123456;1.0;1;ICE;;Köln;Berlin
1674866;62;13;ICE;ICE;DB Fernverkehr AG;497089;Karlsruhe Hbf;391201;Berlin Südkreuz;52800;74940;369;15;660.2;107.3;1.97;1;4;1.0;1;ICE;;Karlsruhe;Berlin
1674907;47;62;ICE;ICE;DB Fernverkehr AG;176697;Frankfurt(Main)Hbf;668361;Stuttgart Hbf;65460;71520;101;6;156.8;93.2;2.55;1;5;1.0;1;ICE;;Frankfurt;Stuttgart
1675223;68;91;ICE;ICE;DB Fernverkehr AG;176697;Frankfurt(Main)Hbf;640892;Dortmund Hbf;63660;78300;244;8;254.0;62.5;2.36;2;56;1.0;1;ICE;;Frankfurt;Dortmund
1675498;32;18;ICE;ICE;DB Fernverkehr AG;396514;Hamburg-Altona;613345;Berlin Hbf;20160;28260;135;6;267.7;119.0;1.49;22;0123456;1.0;1;ICE;;Hamburg;Berlin
1675860;21;95;EC;IC;PKP Intercity;506051;Gdynia Glowna;42071;Rzepin;25620;43080;291;13;458.1;94.5;2.4;17;0123456;0.0;0;IC;;Gdynia Glowna;Rzepin
1676018;17;;ICE;ICE;Nederlandse Spoorwegen;79866;Amsterdam Centraal;575362;Arnhem Centraal;66780;70320;59;3;90.6;92.2;1.1;3;456;0.0;0;ICE;;Amsterdam;Arnhem Centraal
1676181;26;55;IC;IC;DB Fernverkehr AG;436294;Bonn Hbf;224643;Dresden Hbf;24240;52680;474;22;645.5;81.7;3.1;1;1;1.0;1;IC;;Bonn;Dresden
1676450;33;42;ICE;ICE;DB Fernverkehr AG;176697;Frankfurt(Main)Hbf;428519;Hamburg Hbf;84120;112440;472;22;603.8;76.8;3.31;2;12;1.0;1;ICE-SPRINTER;SPR-1;Frankfurt;Hamburg
1676700;77;10;ICE;ICE;DB Fernverkehr AG;613345;Berlin Hbf;640892;Dortmund Hbf;46020;60180;236;5;429.7;109.3;0.7;2;06;1.0;1;ICE;;Berlin;Dortmund
1677272;91;79;ICE;ICE;DB Fernverkehr AG;257676;Bruxelles Midi;176697;Frankfurt(Main)Hbf;51900;62820;182;8;356.7;117.6;1.68;7;56;0.625;0;ICE;;Bruxelles;Frankfurt
167759;5;50;ICE;ICE;DB Fernverkehr AG;38672;Frankfurt(M) Flughafen Fernbf;53188;Leipzig Hbf;75720;88260;209;8;329.3;94.5;1.82;11;0123456;1.0;1;ICE;;Frankfurt;Leipzig
1677597;46;60;ICE;ICE;DB Fernverkehr AG;9941;München Hbf;668361;Stuttgart Hbf;77160;85320;136;5;195.6;86.3;1.53;2;45;1.0;1;ICE;;München;Stuttgart
1678415;47;62;ICE;ICE;DB Fernverkehr AG;695368;Salzburg Hbf;176697;Frankfurt(Main)Hbf;50400;71040;344;15;477.6;83.3;2.72;4;0123;0.933;0;ICE;;Salzburg;Frankfurt
1678579;72;;ICE;ICE;SBB;464157;Basel SBB;228347;Brig;39480;47580;135;8;179.2;79.6;3.35;2;56;0.0;0;ICE;;Basel;Brig
1679002;9;87;IC;IC;DB Fernverkehr AG;556408;Schaffhausen;679686;Singen(Hohentwiel);51360;52140;13;2;17.0;78.4;;2;56;0.5;0;IC;;Schaffhausen;Singen
16791;33;42;ICE;ICE;DB Fernverkehr AG;517455;Köln Hbf;396514;Hamburg-Altona;14400;30840;274;16;399.1;87.4;3.51;7;01256;1.0;1;ICE-SPRINTER;SPR-2;Köln;Hamburg
1679137;72;;ICE;ICE;SBB;464157;Basel SBB;228347;Brig;61080;69180;135;8;179.2;79.6;3.35;4;56;0.0;0;ICE;;Basel;Brig
167943;2;56;IC;IC;DB Fernverkehr AG;224643;Dresden Hbf;161450;Emden Hbf;53040;78720;428;19;575.2;80.6;2.96;3;6;1.0;1;IC;;Dresden;Emden
1680093;82;95;EC;IC;DB Fernverkehr AG;42071;Rzepin;127712;Berlin Gesundbrunnen;103740;110220;108;5;101.3;56.3;2.96;20;0123456;0.8;0;IC;;Rzepin;Berlin
1680105;45;25;ICE;ICE;DB Fernverkehr AG;9941;München Hbf;9066;Hamburg-Harburg;61740;81780;334;9;692.0;124.3;1.01;1;0;1.0;1;ICE;;München;Hamburg
1680237;62;13;ICE;ICE;DB Fernverkehr AG;337692;Berlin-Charlottenburg;497089;Karlsruhe Hbf;41280;62340;351;17;648.6;110.9;2.31;2;56;1.0;1;ICE;;Berlin;Karlsruhe
1680498;2;56;IC;IC;DB Fernverkehr AG;93866;Hannover Hbf;601951;Emden Außenhafen;31500;42600;185;13;230.7;74.8;4.77;5;6;1.0;1;IC;;Hannover;Emden Außenhafen
1680838;50;61;IC;IC;DB Fernverkehr AG;497089;Karlsruhe Hbf;90261;Regensburg Hbf;68760;85140;273;12;340.4;74.8;2.94;8;0123456;1.0;1;IC;;Karlsruhe;Regensburg
1680895;53;47;ICE;ICE;DB Fernverkehr AG;575362;Arnhem Centraal;456179;Augsburg Hbf;32640;56820;403;13;597.8;89.0;1.84;3;156;0.846;0;ICE;;Arnhem Centraal;Augsburg
16811;71;;IC;IC;ÖBB;57233;Breclav;135333;Wien Hbf;102000;105900;65;3;73.9;68.2;1.35;2;56;0.0;0;IC;;Breclav;Wien
1681583;42;22;ICE;ICE;DB Fernverkehr AG;668361;Stuttgart Hbf;428519;Hamburg Hbf;62520;82020;325;7;577.0;106.5;0.87;1;0;1.0;1;ICE;;Stuttgart;Hamburg
1681604;22;;IC;IC;SBB;556408;Schaffhausen;96724;Zürich HB;53220;55380;36;2;36.3;60.4;0.0;2;24;0.0;0;IC;;Schaffhausen;Zürich
1681641;26;55;IC;IC;DB Fernverkehr AG;668361;Stuttgart Hbf;224643;Dresden Hbf;27360;67080;662;28;918.3;83.2;2.83;10;0123456;1.0;1;IC;;Stuttgart;Dresden
1681953;77;10;ICE;ICE;DB Fernverkehr AG;691821;Düsseldorf Hbf;391201;Berlin Südkreuz;42600;58800;270;12;508.4;113.0;1.97;17;0123456;1.0;1;ICE;;Düsseldorf;Berlin
1681966;31;11;ICE;ICE;DB Fernverkehr AG;127712;Berlin Gesundbrunnen;9941;München Hbf;76680;113220;609;16;817.2;80.5;1.71;1;0;1.0;1;ICE;;Berlin;München
1682147;68;91;ICE;ICE;DB Fernverkehr AG;99055;Nürnberg Hbf;640892;Dortmund Hbf;70320;92100;363;9;432.6;71.5;1.62;2;12;1.0;1;ICE;;Nürnberg;Dortmund
1682155;36;43;ICE;ICE;DB Fernverkehr AG;464157;Basel SBB;396514;Hamburg-Altona;54960;84840;498;19;838.3;101.0;2.03;1;4;0.895;0;ICE;;Basel;Hamburg
168242;84;77;ICE;ICE;DB Fernverkehr AG;65847;Hengelo;613345;Berlin Hbf;28320;42300;233;9;451.4;116.2;1.55;17;0123456;0.889;0;ICE;;Hengelo;Berlin
1682628;77;10;ICE;ICE;DB Fernverkehr AG;613345;Berlin Hbf;517455;Köln Hbf;71220;88560;289;10;509.8;105.8;1.57;1;3;1.0;1;ICE;;Berlin;Köln
1682801;31;11;ICE;ICE;DB Fernverkehr AG;428519;Hamburg Hbf;9941;München Hbf;33180;69120;599;17;1077.6;107.9;1.39;4;1234;1.0;1;ICE;;Hamburg;München
1683356;50;61;IC;IC;DB Fernverkehr AG;90261;Regensburg Hbf;497089;Karlsruhe Hbf;22920;39960;284;12;340.4;71.9;2.94;1;5;1.0;1;IC;;Regensburg;Karlsruhe
1684056;57;19;ICE;ICE;DB Fernverkehr AG;517455;Köln Hbf;391201;Berlin Südkreuz;48960;68640;328;7;506.8;92.7;0.99;2;56;1.0;1;ICE;;Köln;Berlin
1684145;2;56;IC;IC;DB Fernverkehr AG;83956;Oldenburg(Oldb)Hbf;337692;Berlin-Charlottenburg;27300;46860;326;13;436.8;80.4;2.52;1;6;1.0;1;IC;;Oldenburg;Berlin
1684439;91;79;ICE;ICE;DB Fernverkehr AG;257676;Bruxelles Midi;176697;Frankfurt(Main)Hbf;66300;77220;182;8;356.7;117.6;1.68;1;5;0.625;0;ICE;;Bruxelles;Frankfurt
1684762;94;88;ECE;ICE;DB Fernverkehr AG;167729;Lindau-Reutin;9941;München Hbf;69000;76560;126;4;163.5;77.9;1.22;4;56;1.0;1;ICE;;Lindau-Reutin;München
1684852;12;29;ICE;ICE;DB Fernverkehr AG;613345;Berlin Hbf;9941;München Hbf;74220;90780;276;7;557.6;121.2;0.9;2;34;1.0;1;ICE-SPRINTER;SPR-4;Berlin;München
1685268;9;87;IC;IC;DB Fernverkehr AG;266187;Tuttlingen;556408;Schaffhausen;68520;71100;43;3;41.8;58.4;2.39;2;34;0.667;0;IC;;Tuttlingen;Schaffhausen
1685341;33;42;ICE;ICE;DB Fernverkehr AG;176697;Frankfurt(Main)Hbf;396514;Hamburg-Altona;84120;111840;462;20;607.8;78.9;2.96;2;12;1.0;1;ICE-SPRINTER;SPR-1;Frankfurt;Hamburg
1685704;76;51;IC;IC;DB Fernverkehr AG;640892;Dortmund Hbf;416646;Erfurt Hbf;60120;74340;237;11;299.8;75.9;3.0;2;5;1.0;1;IC;;Dortmund;Erfurt
1685834;77;10;ICE;ICE;DB Fernverkehr AG;613345;Berlin Hbf;691821;Düsseldorf Hbf;49620;65280;261;10;502.4;115.5;1.59;17;0123456;1.0;1;ICE;;Berlin;Düsseldorf
1686164;88;;IC;IC;Dänische Staatsbahnen;310614;Flensburg;328829;Fredericia st;57900;63000;85;10;112.7;79.5;7.1;31;0123456;0.2;0;IC;;Flensburg;Fredericia st
1686193;61;1;ICE;ICE;DB Fernverkehr AG;396514;Hamburg-Altona;99055;Nürnberg Hbf;57240;88920;528;13;760.8;86.5;1.45;1;0;1.0;1;ICE;;Hamburg;Nürnberg
1686297;14;;EC;IC;ÖBB;63619;St. Margrethen SG;167729;Lindau-Reutin;67800;68880;18;3;15.5;51.8;;2;56;0.333;0;IC;;St. Margrethen SG;Lindau-Reutin
1686487;17;;ICE;ICE;Nederlandse Spoorwegen;65847;Hengelo;79866;Amsterdam Centraal;43740;50460;112;6;139.3;74.6;2.87;14;01234;0.0;0;ICE;;Hengelo;Amsterdam
1686498;45;25;ICE;ICE;DB Fernverkehr AG;331094;Hamburg Dammtor;9941;München Hbf;21180;43680;375;11;691.3;110.6;1.3;2;01;1.0;1;ICE;;Hamburg;München
1687166;87;41;ICE;ICE;DB Fernverkehr AG;9941;München Hbf;517455;Köln Hbf;67440;86220;313;6;489.4;93.8;0.82;1;5;1.0;1;ICE;;München;Köln
168771;87;41;ICE;ICE;DB Fernverkehr AG;9941;München Hbf;517455;Köln Hbf;24240;40800;276;7;497.9;108.2;1.0;12;0123456;1.0;1;ICE;;München;Köln
1687956;33;42;ICE;ICE;DB Fernverkehr AG;9941;München Hbf;396514;Hamburg-Altona;19980;52440;541;19;888.6;98.6;1.91;8;0123456;1.0;1;ICE;;München;Hamburg
1688568;84;77;ICE;ICE;DB Fernverkehr AG;391201;Berlin Südkreuz;65847;Hengelo;50760;65220;241;10;456.9;113.8;1.75;2;45;0.9;0;ICE;;Berlin;Hengelo
1688686;45;25;ICE;ICE;DB Fernverkehr AG;9941;München Hbf;9066;Hamburg-Harburg;61800;81840;334;9;692.0;124.3;1.01;2;56;1.0;1;ICE;;München;Hamburg
1688902;54;82;ICE;ICE;SNCF;180380;Saarbrücken Hbf;335130;Paris Est;75600;82320;112;4;341.6;183.0;0.59;24;012346;0.5;0;ICE;;Saarbrücken;Paris
1689008;84;77;ICE;ICE;DB Fernverkehr AG;391201;Berlin Südkreuz;65847;Hengelo;57960;72420;241;10;456.9;113.8;1.75;2;56;0.9;0;ICE;;Berlin;Hengelo
1689143;10;20;ICE;ICE;DB Fernverkehr AG;464157;Basel SBB;428519;Hamburg Hbf;60360;85560;420;11;711.7;101.7;1.26;2;56;0.818;0;ICE;;Basel;Hamburg
1689401;48;;EC;IC;SBB;63619;St. Margrethen SG;96724;Zürich HB;76200;80880;78;5;91.3;70.2;3.29;6;01236;0.0;0;IC;;St. Margrethen SG;Zürich
1690693;12;29;ICE;ICE;DB Fernverkehr AG;9941;München Hbf;127712;Berlin Gesundbrunnen;33540;48660;252;8;560.6;133.5;1.07;31;0123456;1.0;1;ICE-SPRINTER;SPR-4;München;Berlin
1690853;26;55;IC;IC;DB Fernverkehr AG;224643;Dresden Hbf;61534;Koblenz Hbf;48120;78360;504;23;700.5;83.4;3.0;2;46;1.0;1;IC;;Dresden;Koblenz
1690957;9;87;IC;IC;DB Fernverkehr AG;556408;Schaffhausen;266187;Tuttlingen;51360;53880;42;4;42.9;61.3;4.66;3;234;0.75;0;IC;;Schaffhausen;Tuttlingen
1690994;17;;ICE;ICE;Nederlandse Spoorwegen;79866;Amsterdam Centraal;575362;Arnhem Centraal;28020;32520;75;3;90.6;72.5;1.1;3;023;0.0;0;ICE;;Amsterdam;Arnhem Centraal
1691345;23;12;ICE;ICE;DB Fernverkehr AG;464157;Basel SBB;613345;Berlin Hbf;65760;94260;475;17;837.6;105.8;1.79;1;6;0.882;0;ICE;;Basel;Berlin
1691547;87;41;ICE;ICE;DB Fernverkehr AG;691821;Düsseldorf Hbf;9941;München Hbf;69480;90540;351;10;531.1;90.8;1.51;1;3;1.0;1;ICE;;Düsseldorf;München
1691591;77;10;ICE;ICE;DB Fernverkehr AG;613345;Berlin Hbf;691821;Düsseldorf Hbf;42420;58020;260;12;502.5;116.0;1.99;12;0123456;1.0;1;ICE;;Berlin;Düsseldorf
169177;4;3;ICE;ICE;DB Fernverkehr AG;391201;Berlin Südkreuz;180380;Saarbrücken Hbf;28140;51420;388;9;619.9;95.9;1.13;8;01234;1.0;1;ICE;;Berlin;Saarbrücken
1691939;57;19;ICE;ICE;DB Fernverkehr AG;517455;Köln Hbf;93866;Hannover Hbf;74700;85380;178;4;254.8;85.9;0.79;1;0;1.0;1;ICE;;Köln;Hannover
1692293;87;41;ICE;ICE;DB Fernverkehr AG;9941;München Hbf;517455;Köln Hbf;42300;58980;278;8;497.9;107.5;1.2;12;0123456;1.0;1;ICE;;München;Köln
1692390;53;47;ICE;ICE;DB Fernverkehr AG;9941;München Hbf;517455;Köln Hbf;65940;81000;251;7;503.4;120.3;0.99;3;034;1.0;1;ICE;;München;Köln
1693311;84;77;ICE;ICE;DB Fernverkehr AG;93866;Hannover Hbf;65847;Hengelo;21360;29220;131;7;204.9;93.8;2.44;1;5;0.857;0;ICE;;Hannover;Hengelo
1693363;94;88;ECE;ICE;DB Fernverkehr AG;167729;Lindau-Reutin;9941;München Hbf;61800;69360;126;4;163.5;77.9;1.22;8;01234;1.0;1;ICE;;Lindau-Reutin;München
1693804;26;55;IC;IC;DB Fernverkehr AG;635340;Heidelberg Hbf;93866;Hannover Hbf;66240;87600;356;17;489.4;82.5;3.07;2;56;1.0;1;IC;;Heidelberg;Hannover
1693898;57;19;ICE;ICE;DB Fernverkehr AG;517455;Köln Hbf;391201;Berlin Südkreuz;37140;54240;285;7;506.8;106.7;0.99;3;056;1.0;1;ICE;;Köln;Berlin
1694222;53;47;ICE;ICE;DB Fernverkehr AG;575362;Arnhem Centraal;9941;München Hbf;34440;56400;366;14;654.0;107.2;1.83;6;01234;0.857;0;ICE;;Arnhem Centraal;München
1694481;77;10;ICE;ICE;DB Fernverkehr AG;613345;Berlin Hbf;691821;Düsseldorf Hbf;28020;43680;261;10;502.4;115.5;1.59;17;0123456;1.0;1;ICE;;Berlin;Düsseldorf
1694525;53;47;ICE;ICE;DB Fernverkehr AG;9941;München Hbf;640892;Dortmund Hbf;37140;57000;331;11;607.3;110.1;1.48;2;56;1.0;1;ICE;;München;Dortmund
1694643;87;41;ICE;ICE;DB Fernverkehr AG;95437;Köln Messe/Deutz;9941;München Hbf;31500;47520;267;7;499.5;112.2;1.0;2;56;1.0;1;ICE;;Köln;München
1694851;57;19;ICE;ICE;DB Fernverkehr AG;517455;Köln Hbf;391201;Berlin Südkreuz;44340;61440;285;7;506.8;106.7;0.99;5;01234;1.0;1;ICE;;Köln;Berlin
1695413;26;55;IC;IC;DB Fernverkehr AG;497089;Karlsruhe Hbf;640892;Dortmund Hbf;71700;87840;269;11;349.5;78.0;2.57;1;4;1.0;1;IC;;Karlsruhe;Dortmund
1695628;36;43;ICE;ICE;DB Fernverkehr AG;464157;Basel SBB;396514;Hamburg-Altona;54960;84840;498;19;838.3;101.0;2.03;4;56;0.895;0;ICE;;Basel;Hamburg
1695995;22;;IC;IC;SBB;556408;Schaffhausen;96724;Zürich HB;38820;40980;36;2;36.3;60.4;0.0;2;01;0.0;0;IC;;Schaffhausen;Zürich
1696434;26;55;IC;IC;DB Fernverkehr AG;224643;Dresden Hbf;635340;Heidelberg Hbf;19320;56040;612;26;839.1;82.3;2.86;5;01234;1.0;1;IC;;Dresden;Heidelberg
1696438;1;;IC;IC;PKP Intercity;174196;Bohumin(Gr);401361;Przemysl Glowny;100920;123360;374;26;412.0;66.1;5.83;5;01236;0.0;0;IC;;Bohumin;Przemysl Glowny
1696500;62;13;ICE;ICE;DB Fernverkehr AG;497089;Karlsruhe Hbf;337692;Berlin-Charlottenburg;38400;59460;351;16;648.4;110.8;2.16;3;56;1.0;1;ICE;;Karlsruhe;Berlin
1696723;22;;IC;IC;SBB;96724;Zürich HB;556408;Schaffhausen;31020;33180;36;2;36.3;60.4;0.0;3;234;0.0;0;IC;;Zürich;Schaffhausen
1697423;60;;IC;IC;DB Fernverkehr (Codesharing);79866;Amsterdam Centraal;575362;Arnhem Centraal;72060;75720;61;3;90.6;89.1;1.1;1;6;0.0;0;IC;;Amsterdam;Arnhem Centraal
1697483;33;42;ICE;ICE;DB Fernverkehr AG;9941;München Hbf;396514;Hamburg-Altona;34080;66840;546;19;888.6;97.7;1.91;7;0123456;1.0;1;ICE;;München;Hamburg
1698007;17;;ICE;ICE;Nederlandse Spoorwegen;79866;Amsterdam Centraal;65847;Hengelo;64800;71460;111;6;139.3;75.3;2.87;17;0123456;0.0;0;ICE;;Amsterdam;Hengelo
1698133;91;79;ICE;ICE;DB Fernverkehr AG;176697;Frankfurt(Main)Hbf;257676;Bruxelles Midi;38040;48900;181;8;356.7;118.3;1.68;2;01;0.625;0;ICE;;Frankfurt;Bruxelles
1698238;47;62;ICE;ICE;DB Fernverkehr AG;309229;Friedrichshafen Stadt;640892;Dortmund Hbf;45300;70440;419;15;578.2;82.8;2.25;2;56;1.0;1;ICE;;Friedrichshafen Stadt;Dortmund
1698345;77;10;ICE;ICE;DB Fernverkehr AG;691821;Düsseldorf Hbf;391201;Berlin Südkreuz;64200;80400;270;13;508.0;112.9;2.17;10;0123456;1.0;1;ICE;;Düsseldorf;Berlin
1698393;72;;ICE;ICE;SBB;464157;Basel SBB;96724;Zürich HB;119220;122400;53;2;73.9;83.7;0.0;6;0126;0.0;0;ICE;;Basel;Zürich
1698447;26;55;IC;IC;DB Fernverkehr AG;224643;Dresden Hbf;53188;Leipzig Hbf;73320;80340;117;3;102.5;52.6;0.98;1;3;1.0;1;IC;;Dresden;Leipzig
1699246;68;91;ICE;ICE;DB Fernverkehr AG;99055;Nürnberg Hbf;640892;Dortmund Hbf;63120;84180;351;11;449.0;76.8;2.0;1;0;1.0;1;ICE;;Nürnberg;Dortmund
1700166;38;28;ICE;ICE;DB Fernverkehr AG;9941;München Hbf;53188;Leipzig Hbf;74940;89100;236;6;423.7;107.7;0.94;2;01;1.0;1;ICE;;München;Leipzig
1700257;1;;IC;IC;PKP Intercity;246292;Krakow Glowny;380319;Wroclaw Glowny;21420;31800;173;7;247.9;86.0;2.02;11;0123456;0.0;0;IC;;Krakow Glowny;Wroclaw Glowny
170058;33;42;ICE;ICE;DB Fernverkehr AG;428519;Hamburg Hbf;9941;München Hbf;27900;59340;524;17;883.4;101.2;1.7;3;234;1.0;1;ICE;;Hamburg;München
1701316;72;;ICE;ICE;SBB;464157;Basel SBB;96724;Zürich HB;119220;122400;53;2;73.9;83.7;0.0;2;56;0.0;0;ICE;;Basel;Zürich
1701357;45;25;ICE;ICE;DB Fernverkehr AG;9941;München Hbf;9066;Hamburg-Harburg;12780;35040;371;10;692.6;112.0;1.16;3;134;1.0;1;ICE;;München;Hamburg
1702019;84;77;ICE;ICE;DB Fernverkehr AG;391201;Berlin Südkreuz;65847;Hengelo;50760;65220;241;10;456.9;113.8;1.75;18;012356;0.9;0;ICE;;Berlin;Hengelo
170214;53;47;ICE;ICE;DB Fernverkehr AG;456179;Augsburg Hbf;640892;Dortmund Hbf;60480;80100;327;11;552.1;101.3;1.63;3;056;1.0;1;ICE;;Augsburg;Dortmund
1702949;1;;IC;IC;PKP Intercity;174196;Bohumin(Gr);39653;Warszawa Wschodnia;100440;117780;289;11;332.9;69.1;2.7;7;0123456;0.0;0;IC;;Bohumin;Warszawa
1703024;28;75;ECE;ICE;DB Fernverkehr AG;428519;Hamburg Hbf;368193;Padborg st;67980;75180;120;4;147.5;73.8;1.36;3;026;0.75;0;ICE;;Hamburg;Padborg st
1703117;26;55;IC;IC;DB Fernverkehr AG;93866;Hannover Hbf;224643;Dresden Hbf;38220;52680;241;10;349.7;87.1;2.29;2;04;1.0;1;IC;;Hannover;Dresden
1703496;90;45;ICE;ICE;DB Fernverkehr AG;176697;Frankfurt(Main)Hbf;517455;Köln Hbf;21600;28620;117;5;169.2;86.8;1.77;5;01234;1.0;1;ICE;;Frankfurt;Köln
1703764;77;10;ICE;ICE;DB Fernverkehr AG;613345;Berlin Hbf;517455;Köln Hbf;71220;88740;292;8;503.5;103.5;1.19;3;012;1.0;1;ICE;;Berlin;Köln
1704255;91;79;ICE;ICE;DB Fernverkehr AG;257676;Bruxelles Midi;176697;Frankfurt(Main)Hbf;37500;48420;182;8;356.7;117.6;1.68;1;4;0.625;0;ICE;;Bruxelles;Frankfurt
1704264;36;43;ICE;ICE;DB Fernverkehr AG;396514;Hamburg-Altona;517455;Köln Hbf;73560;89280;262;13;397.0;90.9;2.77;3;56;1.0;1;ICE-SPRINTER;SPR-2;Hamburg;Köln
1704983;81;83;ICE;ICE;SNCF;412384;Strasbourg;335130;Paris Est;30120;36300;103;2;395.5;230.4;0.0;8;012345;0.0;0;ICE;;Strasbourg;Paris
1705115;57;19;ICE;ICE;DB Fernverkehr AG;517455;Köln Hbf;391201;Berlin Südkreuz;22800;39840;284;7;506.8;107.1;0.99;2;06;1.0;1;ICE;;Köln;Berlin
170516;37;82;ICE;ICE;DB Fernverkehr AG;176697;Frankfurt(Main)Hbf;180380;Saarbrücken Hbf;24780;32340;126;4;182.3;86.8;1.1;3;5;1.0;1;ICE;;Frankfurt;Saarbrücken
1705313;67;33;ICE;ICE;DB Fernverkehr AG;436196;Greifswald;691821;Düsseldorf Hbf;27000;53400;440;16;614.8;83.8;2.28;5;01234;1.0;1;ICE;;Greifswald;Düsseldorf
1705558;4;3;ICE;ICE;DB Fernverkehr AG;176697;Frankfurt(Main)Hbf;391201;Berlin Südkreuz;57720;72540;247;4;432.0;104.9;0.46;2;56;1.0;1;ICE-SPRINTER;SPR-5;Frankfurt;Berlin
1705673;17;;ICE;ICE;Nederlandse Spoorwegen;65847;Hengelo;79866;Amsterdam Centraal;50940;57840;115;6;139.3;72.7;2.87;2;56;0.0;0;ICE;;Hengelo;Amsterdam
1706136;45;25;ICE;ICE;DB Fernverkehr AG;331094;Hamburg Dammtor;9941;München Hbf;80400;109620;487;12;695.5;85.7;1.44;1;1;1.0;1;ICE;;Hamburg;München
1706743;77;10;ICE;ICE;DB Fernverkehr AG;391201;Berlin Südkreuz;517455;Köln Hbf;85320;111540;437;15;554.9;76.2;2.34;1;6;1.0;1;ICE;;Berlin;Köln
170697;2;56;IC;IC;DB Fernverkehr AG;337692;Berlin-Charlottenburg;195950;Norddeich Mole;26880;51600;412;22;543.7;79.2;3.68;1;5;1.0;1;IC;;Berlin;Norddeich Mole
1707381;67;33;ICE;ICE;DB Fernverkehr AG;517455;Köln Hbf;552264;Ostseebad Binz;31500;61380;498;19;664.2;80.0;2.56;17;0123456;1.0;1;ICE;;Köln;Ostseebad Binz
1707638;28;75;ECE;ICE;DB Fernverkehr AG;396514;Hamburg-Altona;368193;Padborg st;68400;75180;113;4;146.4;77.7;1.37;2;5;0.75;0;ICE;;Hamburg;Padborg st
1707696;10;20;ICE;ICE;DB Fernverkehr AG;331094;Hamburg Dammtor;497089;Karlsruhe Hbf;66060;84660;310;8;567.5;109.8;1.06;1;0;1.0;1;ICE;;Hamburg;Karlsruhe
1707783;42;22;ICE;ICE;DB Fernverkehr AG;428519;Hamburg Hbf;93866;Hannover Hbf;77280;82680;90;2;132.0;88.0;0.0;1;0;1.0;1;ICE;;Hamburg;Hannover
1707800;62;13;ICE;ICE;DB Fernverkehr AG;38672;Frankfurt(M) Flughafen Fernbf;391201;Berlin Südkreuz;65340;82200;281;12;543.3;116.0;1.84;3;056;1.0;1;ICE-SPRINTER;SPR-5;Frankfurt;Berlin
1708157;77;10;ICE;ICE;DB Fernverkehr AG;517455;Köln Hbf;391201;Berlin Südkreuz;46800;66000;320;9;509.8;95.6;1.37;2;06;1.0;1;ICE;;Köln;Berlin
1708244;31;11;ICE;ICE;DB Fernverkehr AG;9941;München Hbf;416646;Erfurt Hbf;67500;88020;342;10;562.6;98.7;1.42;1;5;1.0;1;ICE;;München;Erfurt
1708270;42;22;ICE;ICE;DB Fernverkehr AG;428519;Hamburg Hbf;668361;Stuttgart Hbf;62940;82200;321;8;583.2;109.0;1.03;2;45;1.0;1;ICE;;Hamburg;Stuttgart
1708799;26;55;IC;IC;DB Fernverkehr AG;224643;Dresden Hbf;668361;Stuttgart Hbf;19320;58980;661;28;918.3;83.4;2.83;6;01234;1.0;1;IC;;Dresden;Stuttgart
1709531;23;12;ICE;ICE;DB Fernverkehr AG;613345;Berlin Hbf;464157;Basel SBB;52620;78480;431;16;827.4;115.2;1.69;3;5;0.875;0;ICE;;Berlin;Basel
1710338;82;95;EC;IC;DB Fernverkehr AG;127712;Berlin Gesundbrunnen;42071;Rzepin;49440;54420;83;5;101.3;73.2;2.96;1;0;0.8;0;IC;;Berlin;Rzepin
1710378;45;25;ICE;ICE;DB Fernverkehr AG;9066;Hamburg-Harburg;9941;München Hbf;29580;51300;362;9;679.1;112.6;1.03;4;1234;1.0;1;ICE;;Hamburg;München
1710650;31;11;ICE;ICE;DB Fernverkehr AG;428519;Hamburg Hbf;668361;Stuttgart Hbf;54780;83460;478;13;882.0;110.7;1.25;3;123;1.0;1;ICE;;Hamburg;Stuttgart
1710654;31;11;ICE;ICE;DB Fernverkehr AG;9941;München Hbf;127712;Berlin Gesundbrunnen;24120;52980;481;14;816.0;101.8;1.47;2;56;1.0;1;ICE;;München;Berlin
1711728;17;;ICE;ICE;Nederlandse Spoorwegen;79866;Amsterdam Centraal;575362;Arnhem Centraal;45180;48720;59;3;90.6;92.2;1.1;1;4;0.0;0;ICE;;Amsterdam;Arnhem Centraal
1711804;84;77;ICE;ICE;DB Fernverkehr AG;93866;Hannover Hbf;65847;Hengelo;21360;29220;131;7;204.9;93.8;2.44;22;0123456;0.857;0;ICE;;Hannover;Hengelo
1712410;75;;ECE;ICE;Dänische Staatsbahnen;274287;Koebenhavn H;368193;Padborg st;51720;61020;155;5;276.4;107.0;1.09;31;0123456;0.0;0;ICE;;København;Padborg st
171243;36;43;ICE;ICE;DB Fernverkehr AG;464157;Basel SBB;428519;Hamburg Hbf;54960;83760;480;16;816.0;102.0;1.72;2;45;0.875;0;ICE;;Basel;Hamburg
1713173;47;62;ICE;ICE;DB Fernverkehr AG;180380;Saarbrücken Hbf;9941;München Hbf;20160;36720;276;12;408.0;88.7;2.45;2;56;1.0;1;ICE;;Saarbrücken;München
1713359;36;43;ICE;ICE;DB Fernverkehr AG;464157;Basel SBB;640892;Dortmund Hbf;69360;88920;326;11;517.4;95.2;1.74;2;45;0.818;0;ICE;;Basel;Dortmund
1713388;17;;ICE;ICE;Nederlandse Spoorwegen;79866;Amsterdam Centraal;575362;Arnhem Centraal;37860;41520;61;3;90.6;89.1;1.1;14;0123;0.0;0;ICE;;Amsterdam;Arnhem Centraal
1713552;22;;IC;IC;SBB;96724;Zürich HB;556408;Schaffhausen;59820;61980;36;2;36.3;60.4;0.0;26;0123456;0.0;0;IC;;Zürich;Schaffhausen
1713612;87;41;ICE;ICE;DB Fernverkehr AG;640892;Dortmund Hbf;9941;München Hbf;18120;40320;370;9;572.2;92.8;1.22;4;0156;1.0;1;ICE;;Dortmund;München
1713987;87;41;ICE;ICE;DB Fernverkehr AG;9941;München Hbf;517455;Köln Hbf;20640;37320;278;9;501.2;108.2;1.4;2;56;1.0;1;ICE;;München;Köln
1714611;57;19;ICE;ICE;DB Fernverkehr AG;391201;Berlin Südkreuz;517455;Köln Hbf;67920;87900;333;7;506.8;91.3;0.99;1;5;1.0;1;ICE;;Berlin;Köln
1714780;87;41;ICE;ICE;DB Fernverkehr AG;517455;Köln Hbf;9941;München Hbf;12060;30960;315;13;504.7;96.1;2.18;3;234;1.0;1;ICE;;Köln;München
1715669;77;10;ICE;ICE;DB Fernverkehr AG;640892;Dortmund Hbf;391201;Berlin Südkreuz;69240;83880;244;7;435.4;107.1;1.15;2;06;1.0;1;ICE;;Dortmund;Berlin
171625;87;41;ICE;ICE;DB Fernverkehr AG;9941;München Hbf;517455;Köln Hbf;67440;85140;295;11;499.2;101.5;1.8;1;1;1.0;1;ICE;;München;Köln
1716268;89;35;IC;IC;DB Fernverkehr AG;195950;Norddeich Mole;517455;Köln Hbf;35460;51240;263;17;344.8;78.7;4.35;17;0123456;1.0;1;IC;;Norddeich Mole;Köln
1716377;42;22;ICE;ICE;DB Fernverkehr AG;668361;Stuttgart Hbf;428519;Hamburg Hbf;69720;92040;372;9;597.1;96.3;1.17;1;1;1.0;1;ICE;;Stuttgart;Hamburg
1717121;82;95;EC;IC;DB Fernverkehr AG;127712;Berlin Gesundbrunnen;42071;Rzepin;74580;84480;165;5;101.3;36.8;2.96;1;0;0.8;0;IC;;Berlin;Rzepin
1717501;60;;IC;IC;DB Fernverkehr (Codesharing);96724;Zürich HB;464157;Basel SBB;75540;78720;53;2;73.9;83.7;0.0;5;0235;0.0;0;IC;;Zürich;Basel
1718810;68;91;ICE;ICE;DB Fernverkehr AG;691821;Düsseldorf Hbf;99055;Nürnberg Hbf;61140;81000;331;9;387.1;70.2;1.81;5;01234;1.0;1;ICE;;Düsseldorf;Nürnberg
1719058;61;1;ICE;ICE;DB Fernverkehr AG;99055;Nürnberg Hbf;517455;Köln Hbf;19680;36360;278;8;354.0;76.4;1.69;4;1234;1.0;1;ICE;;Nürnberg;Köln
171984;73;6;ICE;ICE;DB Fernverkehr AG;668361;Stuttgart Hbf;127712;Berlin Gesundbrunnen;25380;42960;293;5;538.0;110.2;0.56;31;0123456;1.0;1;ICE-SPRINTER;SPR-7;Stuttgart;Berlin
1721314;57;19;ICE;ICE;DB Fernverkehr AG;391201;Berlin Südkreuz;517455;Köln Hbf;60720;77820;285;7;506.8;106.7;0.99;1;6;1.0;1;ICE;;Berlin;Köln
172144;26;55;IC;IC;DB Fernverkehr AG;93866;Hannover Hbf;224643;Dresden Hbf;67020;81480;241;10;349.7;87.1;2.29;4;1234;1.0;1;IC;;Hannover;Dresden
1722431;83;96;EC;IC;PKP Intercity;246292;Krakow Glowny;42071;Rzepin;15000;35160;336;12;476.6;85.1;2.1;3;056;0.0;0;IC;;Krakow Glowny;Rzepin
1722654;21;95;EC;IC;PKP Intercity;42071;Rzepin;39653;Warszawa Wschodnia;47520;62100;243;9;430.8;106.4;1.62;8;0123456;0.0;0;IC;;Rzepin;Warszawa
1722734;94;88;ECE;ICE;DB Fernverkehr AG;9941;München Hbf;167729;Lindau-Reutin;74040;82140;135;4;163.5;72.7;1.22;3;123;1.0;1;ICE;;München;Lindau-Reutin
1722776;45;25;ICE;ICE;DB Fernverkehr AG;331094;Hamburg Dammtor;9941;München Hbf;57180;78600;357;12;704.8;118.4;1.42;14;0123456;1.0;1;ICE;;Hamburg;München
172284;42;22;ICE;ICE;DB Fernverkehr AG;668361;Stuttgart Hbf;659783;Kiel Hbf;40920;63780;381;10;670.1;105.5;1.19;5;01234;1.0;1;ICE;;Stuttgart;Kiel
1723004;33;42;ICE;ICE;DB Fernverkehr AG;9941;München Hbf;396514;Hamburg-Altona;26880;59640;546;19;888.6;97.7;1.91;7;0123456;1.0;1;ICE;;München;Hamburg
1723094;72;;ICE;ICE;SBB;96724;Zürich HB;464157;Basel SBB;57540;60720;53;2;73.9;83.7;0.0;6;3456;0.0;0;ICE;;Zürich;Basel
1723600;57;19;ICE;ICE;DB Fernverkehr AG;93866;Hannover Hbf;517455;Köln Hbf;81600;94380;213;14;296.4;83.5;4.05;1;6;1.0;1;ICE;;Hannover;Köln
1724117;45;25;ICE;ICE;DB Fernverkehr AG;9066;Hamburg-Harburg;9941;München Hbf;36780;57000;337;10;692.6;123.3;1.16;2;56;1.0;1;ICE;;Hamburg;München
1724783;91;79;ICE;ICE;DB Fernverkehr AG;517455;Köln Hbf;257676;Bruxelles Midi;75720;84900;153;6;196.9;77.2;2.03;1;5;0.5;0;ICE;;Köln;Bruxelles
1724847;45;25;ICE;ICE;DB Fernverkehr AG;9941;München Hbf;157968;Rostock Hbf;47400;75120;462;13;867.5;112.7;1.27;15;0123456;1.0;1;ICE;;München;Rostock
1725160;32;18;ICE;ICE;DB Fernverkehr AG;396514;Hamburg-Altona;391201;Berlin Südkreuz;70560;79260;145;7;273.2;113.0;1.83;22;0123456;1.0;1;ICE;;Hamburg;Berlin
1726215;62;13;ICE;ICE;DB Fernverkehr AG;668361;Stuttgart Hbf;337692;Berlin-Charlottenburg;23760;45060;355;15;680.5;115.0;1.91;3;056;1.0;1;ICE;;Stuttgart;Berlin
1726397;34;62;EC;IC;DB Fernverkehr AG;695368;Salzburg Hbf;9941;München Hbf;57600;63720;102;5;123.0;72.3;2.44;31;0123456;0.8;0;IC;;Salzburg;München
1726901;31;11;ICE;ICE;DB Fernverkehr AG;416646;Erfurt Hbf;9941;München Hbf;19740;40500;346;10;561.2;97.3;1.43;2;56;1.0;1;ICE;;Erfurt;München
1727030;67;33;ICE;ICE;DB Fernverkehr AG;691821;Düsseldorf Hbf;436196;Greifswald;47280;73080;430;16;606.9;84.7;2.31;7;0123456;1.0;1;ICE;;Düsseldorf;Greifswald
1727219;87;41;ICE;ICE;DB Fernverkehr AG;176697;Frankfurt(Main)Hbf;691821;Düsseldorf Hbf;20460;27420;116;8;194.6;100.6;3.08;11;01234;1.0;1;ICE;;Frankfurt;Düsseldorf
1727894;78;15;ICE;ICE;DB Fernverkehr AG;446029;Stralsund Hbf;176697;Frankfurt(Main)Hbf;29220;53760;409;13;660.8;96.9;1.66;1;5;1.0;1;ICE;;Stralsund;Frankfurt
1727918;9;87;IC;IC;DB Fernverkehr AG;668361;Stuttgart Hbf;556408;Schaffhausen;30480;38700;137;6;149.2;65.3;2.68;16;0123456;0.833;0;IC;;Stuttgart;Schaffhausen
1728027;68;91;ICE;ICE;DB Fernverkehr AG;176697;Frankfurt(Main)Hbf;640892;Dortmund Hbf;56460;69900;224;6;236.5;63.3;1.69;2;56;1.0;1;ICE;;Frankfurt;Dortmund
1728171;31;11;ICE;ICE;DB Fernverkehr AG;176697;Frankfurt(Main)Hbf;428519;Hamburg Hbf;22500;45840;389;11;717.8;110.7;1.25;3;456;1.0;1;ICE-SPRINTER;SPR-1;Frankfurt;Hamburg
172835;87;41;ICE;ICE;DB Fernverkehr AG;95437;Köln Messe/Deutz;9941;München Hbf;31500;47520;267;7;496.9;111.7;1.01;12;0123456;1.0;1;ICE;;Köln;München
172867;32;18;ICE;ICE;DB Fernverkehr AG;9941;München Hbf;99055;Nürnberg Hbf;47520;53880;106;4;179.7;101.7;1.11;5;23456;1.0;1;ICE;;München;Nürnberg
1729017;9;87;IC;IC;DB Fernverkehr AG;679686;Singen(Hohentwiel);556408;Schaffhausen;45120;45900;13;2;17.0;78.4;;2;56;0.5;0;IC;;Singen;Schaffhausen
1729079;17;;ICE;ICE;Nederlandse Spoorwegen;65847;Hengelo;24890;Utrecht Centraal;36540;42240;95;5;117.6;74.3;2.55;2;56;0.0;0;ICE;;Hengelo;Utrecht Centraal
1729210;17;;ICE;ICE;Nederlandse Spoorwegen;24890;Utrecht Centraal;65847;Hengelo;58680;64260;93;5;117.6;75.9;2.55;2;56;0.0;0;ICE;;Utrecht Centraal;Hengelo
1729740;36;43;ICE;ICE;DB Fernverkehr AG;517455;Köln Hbf;396514;Hamburg-Altona;25860;41700;264;10;379.1;86.2;2.11;5;01234;1.0;1;ICE-SPRINTER;SPR-2;Köln;Hamburg
1730343;21;95;EC;IC;PKP Intercity;401361;Przemysl Glowny;42071;Rzepin;68040;103560;592;33;781.7;79.2;3.97;1;5;0.0;0;IC;;Przemysl Glowny;Rzepin
1730653;87;41;ICE;ICE;DB Fernverkehr AG;691821;Düsseldorf Hbf;9941;München Hbf;44340;61980;294;8;532.9;108.8;1.13;2;56;1.0;1;ICE;;Düsseldorf;München
1731788;5;50;ICE;ICE;DB Fernverkehr AG;87362;Wiesbaden Hbf;53188;Leipzig Hbf;73560;88260;245;9;352.7;86.4;1.98;2;06;1.0;1;ICE;;Wiesbaden;Leipzig
1731905;77;10;ICE;ICE;DB Fernverkehr AG;640892;Dortmund Hbf;391201;Berlin Südkreuz;47580;62280;245;6;435.2;106.6;0.92;2;06;1.0;1;ICE;;Dortmund;Berlin
1731915;36;43;ICE;ICE;DB Fernverkehr AG;464157;Basel SBB;396514;Hamburg-Altona;54960;84840;498;18;821.2;98.9;1.95;1;4;0.889;0;ICE;;Basel;Hamburg
1732071;31;11;ICE;ICE;DB Fernverkehr AG;428519;Hamburg Hbf;9941;München Hbf;33180;69120;599;17;1076.3;107.8;1.39;2;56;1.0;1;ICE;;Hamburg;München
1732171;77;10;ICE;ICE;DB Fernverkehr AG;613345;Berlin Hbf;691821;Düsseldorf Hbf;64020;79620;260;12;502.5;116.0;1.99;1;3;1.0;1;ICE;;Berlin;Düsseldorf
1732254;14;;EC;IC;ÖBB;167729;Lindau-Reutin;63619;St. Margrethen SG;31920;32940;17;3;15.5;54.9;;3;016;0.333;0;IC;;Lindau-Reutin;St. Margrethen SG
1733028;67;33;ICE;ICE;DB Fernverkehr AG;436196;Greifswald;517455;Köln Hbf;27000;54900;465;18;657.6;84.8;2.43;11;0123456;1.0;1;ICE;;Greifswald;Köln
1733774;40;78;ICE;ICE;DB Fernverkehr AG;176697;Frankfurt(Main)Hbf;575362;Arnhem Centraal;41640;51960;172;9;310.4;108.3;2.26;11;01234;0.778;0;ICE;;Frankfurt;Arnhem Centraal
1733950;26;55;IC;IC;DB Fernverkehr AG;224643;Dresden Hbf;668361;Stuttgart Hbf;40920;80580;661;28;918.3;83.4;2.83;10;0123456;1.0;1;IC;;Dresden;Stuttgart
1734094;10;20;ICE;ICE;DB Fernverkehr AG;331094;Hamburg Dammtor;87362;Wiesbaden Hbf;73260;93120;331;11;483.4;87.6;1.86;9;01236;1.0;1;ICE;;Hamburg;Wiesbaden
1734174;57;19;ICE;ICE;DB Fernverkehr AG;391201;Berlin Südkreuz;517455;Köln Hbf;75240;94380;319;17;548.4;103.2;2.74;2;46;1.0;1;ICE;;Berlin;Köln
1734513;31;11;ICE;ICE;DB Fernverkehr AG;9941;München Hbf;127712;Berlin Gesundbrunnen;53100;81780;478;14;816.0;102.4;1.47;2;56;1.0;1;ICE;;München;Berlin
1734610;36;43;ICE;ICE;DB Fernverkehr AG;517455;Köln Hbf;428519;Hamburg Hbf;25860;40560;245;8;373.8;91.6;1.6;6;23456;1.0;1;ICE-SPRINTER;SPR-2;Köln;Hamburg
1734846;40;78;ICE;ICE;DB Fernverkehr AG;176697;Frankfurt(Main)Hbf;575362;Arnhem Centraal;67140;80760;227;8;309.8;81.9;1.94;7;012345;0.75;0;ICE;;Frankfurt;Arnhem Centraal
1735020;45;25;ICE;ICE;DB Fernverkehr AG;9941;München Hbf;428519;Hamburg Hbf;34980;57420;374;10;689.8;110.7;1.16;2;01;1.0;1;ICE;;München;Hamburg
173521;9;87;IC;IC;DB Fernverkehr AG;668361;Stuttgart Hbf;679686;Singen(Hohentwiel);47820;55560;129;12;136.9;63.7;7.31;16;0123456;1.0;1;IC;;Stuttgart;Singen
1735584;92;83;ICE;ICE;DB Fernverkehr AG;412384;Strasbourg;668361;Stuttgart Hbf;71040;76440;90;4;130.7;87.1;1.53;8;012346;0.5;0;ICE;;Strasbourg;Stuttgart
1735799;44;17;IC;IC;DB Fernverkehr AG;224643;Dresden Hbf;157968;Rostock Hbf;63300;77820;242;9;368.9;91.5;1.9;3;056;1.0;1;IC;;Dresden;Rostock
1736074;36;43;ICE;ICE;DB Fernverkehr AG;396514;Hamburg-Altona;464157;Basel SBB;51960;82080;502;20;840.4;100.4;2.14;7;023456;0.9;0;ICE;;Hamburg;Basel
1736109;23;12;ICE;ICE;DB Fernverkehr AG;176697;Frankfurt(Main)Hbf;127712;Berlin Gesundbrunnen;84900;112380;458;11;562.9;73.7;1.6;1;5;1.0;1;ICE;;Frankfurt;Berlin
1736340;69;;EC;IC;Ceske Drahy;26993;Decin hl.n.;653775;Praha hl.n.;115020;120300;88;4;87.0;59.3;2.3;2;34;0.0;0;IC;;Decin hl.n.;Praha
1736376;42;22;ICE;ICE;DB Fernverkehr AG;428519;Hamburg Hbf;93866;Hannover Hbf;77280;82380;85;5;161.5;114.0;1.86;6;123456;1.0;1;ICE;;Hamburg;Hannover
1736823;50;61;IC;IC;DB Fernverkehr AG;497089;Karlsruhe Hbf;53188;Leipzig Hbf;25560;50880;422;24;515.7;73.3;4.27;4;1234;1.0;1;IC;;Karlsruhe;Leipzig
1737263;42;22;ICE;ICE;DB Fernverkehr AG;659783;Kiel Hbf;668361;Stuttgart Hbf;51360;74280;382;10;669.7;105.2;1.19;2;56;1.0;1;ICE;;Kiel;Stuttgart
1737455;77;10;ICE;ICE;DB Fernverkehr AG;613345;Berlin Hbf;640892;Dortmund Hbf;46020;58380;206;7;435.2;126.7;1.15;12;0123456;1.0;1;ICE;;Berlin;Dortmund
1737463;50;61;IC;IC;DB Fernverkehr AG;497089;Karlsruhe Hbf;53188;Leipzig Hbf;54360;79680;422;23;515.6;73.3;4.07;8;012346;1.0;1;IC;;Karlsruhe;Leipzig
1737464;20;49;ICE;ICE;DB Fernverkehr AG;517455;Köln Hbf;176697;Frankfurt(Main)Hbf;23220;28140;82;6;161.5;118.2;2.48;21;01234;1.0;1;ICE;;Köln;Frankfurt
1737899;75;;ECE;ICE;Dänische Staatsbahnen;368193;Padborg st;274287;Koebenhavn H;32580;41880;155;5;276.4;107.0;1.09;31;0123456;0.0;0;ICE;;Padborg st;København
1738162;53;47;ICE;ICE;DB Fernverkehr AG;9941;München Hbf;517455;Köln Hbf;65940;81000;251;8;503.5;120.4;1.19;14;01234;1.0;1;ICE;;München;Köln
1738337;62;13;ICE;ICE;DB Fernverkehr AG;497089;Karlsruhe Hbf;337692;Berlin-Charlottenburg;38400;59280;348;14;649.2;111.9;1.85;3;013;1.0;1;ICE;;Karlsruhe;Berlin
1738671;14;;EC;IC;ÖBB;167729;Lindau-Reutin;63619;St. Margrethen SG;53520;54540;17;3;15.5;54.9;;4;0156;0.333;0;IC;;Lindau-Reutin;St. Margrethen SG
1738849;77;10;ICE;ICE;DB Fernverkehr AG;613345;Berlin Hbf;691821;Düsseldorf Hbf;64020;79380;256;12;502.5;117.8;1.99;7;012456;1.0;1;ICE;;Berlin;Düsseldorf
1739435;89;35;IC;IC;DB Fernverkehr AG;195950;Norddeich Mole;691821;Düsseldorf Hbf;64620;78360;229;16;311.9;81.7;4.49;2;4;1.0;1;IC;;Norddeich Mole;Düsseldorf
173965;45;25;ICE;ICE;DB Fernverkehr AG;9941;München Hbf;9066;Hamburg-Harburg;29100;49440;339;10;692.6;122.6;1.16;1;0;1.0;1;ICE;;München;Hamburg
1739778;20;49;ICE;ICE;DB Fernverkehr AG;176697;Frankfurt(Main)Hbf;517455;Köln Hbf;51060;55980;82;6;161.5;118.2;2.48;31;0123456;1.0;1;ICE;;Frankfurt;Köln
1740294;45;25;ICE;ICE;DB Fernverkehr AG;9941;München Hbf;428519;Hamburg Hbf;65460;86220;346;11;703.3;122.0;1.28;13;01234;1.0;1;ICE;;München;Hamburg
1740459;17;;ICE;ICE;Nederlandse Spoorwegen;575362;Arnhem Centraal;79866;Amsterdam Centraal;59280;62940;61;3;90.6;89.1;1.1;14;0123;0.0;0;ICE;;Arnhem Centraal;Amsterdam
1740739;74;90;EC;IC;ÖBB;135333;Wien Hbf;552402;Simbach(Inn);61980;72660;178;6;254.4;85.7;1.57;29;0123456;0.167;0;IC;;Wien;Simbach
1741203;87;41;ICE;ICE;DB Fernverkehr AG;9941;München Hbf;176697;Frankfurt(Main)Hbf;72600;86580;233;6;338.7;87.2;1.18;1;4;1.0;1;ICE;;München;Frankfurt
1741271;62;13;ICE;ICE;DB Fernverkehr AG;337616;Braunschweig Hbf;38672;Frankfurt(M) Flughafen Fernbf;25080;35520;174;7;334.8;115.5;1.49;25;0123456;1.0;1;ICE;;Braunschweig;Frankfurt
1741275;82;95;EC;IC;DB Fernverkehr AG;42071;Rzepin;354957;Frankfurt(Oder);53400;54540;19;3;19.2;60.7;;2;56;0.667;0;IC;;Rzepin;Frankfurt(Oder)
174135;5;50;ICE;ICE;DB Fernverkehr AG;224643;Dresden Hbf;38672;Frankfurt(M) Flughafen Fernbf;51060;70020;316;10;431.8;82.0;1.85;2;56;1.0;1;ICE;;Dresden;Frankfurt
1741443;31;11;ICE;ICE;DB Fernverkehr AG;9941;München Hbf;127712;Berlin Gesundbrunnen;81960;116580;577;17;808.2;84.0;1.86;1;0;1.0;1;ICE;;München;Berlin
1741934;17;;ICE;ICE;Nederlandse Spoorwegen;575362;Arnhem Centraal;79866;Amsterdam Centraal;66480;70140;61;3;90.6;89.1;1.1;1;4;0.0;0;ICE;;Arnhem Centraal;Amsterdam
1742447;57;19;ICE;ICE;DB Fernverkehr AG;391201;Berlin Südkreuz;517455;Köln Hbf;46320;63480;286;7;506.8;106.3;0.99;5;01234;1.0;1;ICE;;Berlin;Köln
1742766;68;91;ICE;ICE;DB Fernverkehr AG;176697;Frankfurt(Main)Hbf;640892;Dortmund Hbf;49260;65100;264;9;265.0;60.2;2.64;2;56;1.0;1;ICE;;Frankfurt;Dortmund
1743289;12;29;ICE;ICE;DB Fernverkehr AG;9941;München Hbf;127712;Berlin Gesundbrunnen;40680;55860;253;8;560.6;132.9;1.07;31;0123456;1.0;1;ICE-SPRINTER;SPR-4;München;Berlin
1743653;1;;IC;IC;PKP Intercity;174196;Bohumin(Gr);401361;Przemysl Glowny;100920;123060;369;25;389.5;63.3;5.9;7;0123456;0.0;0;IC;;Bohumin;Przemysl Glowny
1743804;53;47;ICE;ICE;DB Fernverkehr AG;640892;Dortmund Hbf;9941;München Hbf;42900;63600;345;13;609.1;105.9;1.81;2;01;1.0;1;ICE;;Dortmund;München
1743918;10;20;ICE;ICE;DB Fernverkehr AG;331094;Hamburg Dammtor;464157;Basel SBB;51660;76860;420;13;741.5;105.9;1.48;7;01234;0.846;0;ICE;;Hamburg;Basel
1743935;26;55;IC;IC;DB Fernverkehr AG;635340;Heidelberg Hbf;517455;Köln Hbf;30240;39960;162;6;218.9;81.1;1.83;4;1234;1.0;1;IC;;Heidelberg;Köln
1744487;20;49;ICE;ICE;DB Fernverkehr AG;517455;Köln Hbf;176697;Frankfurt(Main)Hbf;27180;31740;76;5;161.5;127.5;1.86;31;0123456;1.0;1;ICE;;Köln;Frankfurt
1745258;87;41;ICE;ICE;DB Fernverkehr AG;9941;München Hbf;176697;Frankfurt(Main)Hbf;72660;86580;232;5;338.1;87.4;0.89;6;23456;1.0;1;ICE;;München;Frankfurt
1745407;10;20;ICE;ICE;DB Fernverkehr AG;497089;Karlsruhe Hbf;428519;Hamburg Hbf;45420;62940;292;8;566.2;116.3;1.06;2;56;1.0;1;ICE;;Karlsruhe;Hamburg
1745447;62;13;ICE;ICE;DB Fernverkehr AG;497089;Karlsruhe Hbf;337692;Berlin-Charlottenburg;52800;73800;350;14;645.1;110.6;1.86;1;5;1.0;1;ICE;;Karlsruhe;Berlin
1745966;94;88;ECE;ICE;DB Fernverkehr AG;9941;München Hbf;167729;Lindau-Reutin;66720;75000;138;4;163.5;71.1;1.22;4;0456;1.0;1;ICE;;München;Lindau-Reutin
1746052;82;95;EC;IC;DB Fernverkehr AG;42071;Rzepin;327376;Berlin-Lichtenberg;43140;47460;72;4;92.9;77.5;2.15;4;0146;0.75;0;IC;;Rzepin;Berlin
1746582;21;95;EC;IC;PKP Intercity;401361;Przemysl Glowny;42071;Rzepin;68040;103620;593;33;781.7;79.1;3.97;7;0123456;0.0;0;IC;;Przemysl Glowny;Rzepin
174686;9;87;IC;IC;DB Fernverkehr AG;668361;Stuttgart Hbf;556408;Schaffhausen;52080;60300;137;6;149.2;65.3;2.68;4;56;0.833;0;IC;;Stuttgart;Schaffhausen
1747653;94;88;ECE;ICE;DB Fernverkehr AG;167729;Lindau-Reutin;9941;München Hbf;33000;40560;126;4;163.5;77.9;1.22;13;0123456;1.0;1;ICE;;Lindau-Reutin;München
1747730;77;10;ICE;ICE;DB Fernverkehr AG;517455;Köln Hbf;391201;Berlin Südkreuz;19560;37200;294;14;540.8;110.4;2.22;1;6;1.0;1;ICE;;Köln;Berlin
1748176;86;;EN;SONSTIGE;PKP Intercity;135333;Wien Hbf;39653;Warszawa Wschodnia;83940;117780;564;16;576.1;61.3;2.43;7;0123456;0.0;0;SONSTIGE;;Wien;Warszawa
1748591;9;87;IC;IC;DB Fernverkehr AG;556408;Schaffhausen;668361;Stuttgart Hbf;58560;67380;147;14;153.9;62.8;7.8;10;0123456;0.929;0;IC;;Schaffhausen;Stuttgart
1748814;68;91;ICE;ICE;DB Fernverkehr AG;640892;Dortmund Hbf;176697;Frankfurt(Main)Hbf;21720;36780;251;7;252.7;60.4;1.98;2;56;1.0;1;ICE;;Dortmund;Frankfurt
1748907;45;25;ICE;ICE;DB Fernverkehr AG;93866;Hannover Hbf;9941;München Hbf;59220;75000;263;7;548.1;125.0;0.91;3;056;1.0;1;ICE;;Hannover;München
1749043;74;90;EC;IC;ÖBB;135333;Wien Hbf;552402;Simbach(Inn);25980;36660;178;6;254.4;85.7;1.57;30;0123456;0.167;0;IC;;Wien;Simbach
1749219;88;;IC;IC;Dänische Staatsbahnen;328829;Fredericia st;310614;Flensburg;66600;71580;83;10;112.7;81.4;7.1;31;0123456;0.2;0;IC;;Fredericia st;Flensburg
1749234;38;28;ICE;ICE;DB Fernverkehr AG;428519;Hamburg Hbf;99055;Nürnberg Hbf;66840;85980;319;10;682.3;128.3;1.17;6;123456;1.0;1;ICE;;Hamburg;Nürnberg
1749379;17;;ICE;ICE;Nederlandse Spoorwegen;575362;Arnhem Centraal;79866;Amsterdam Centraal;44880;48540;61;3;90.6;89.1;1.1;1;6;0.0;0;ICE;;Arnhem Centraal;Amsterdam
1750202;40;78;ICE;ICE;DB Fernverkehr AG;176697;Frankfurt(Main)Hbf;575362;Arnhem Centraal;31080;44760;228;8;309.8;81.5;1.94;4;56;0.75;0;ICE;;Frankfurt;Arnhem Centraal
1750391;33;42;ICE;ICE;DB Fernverkehr AG;9941;München Hbf;396514;Hamburg-Altona;34080;66840;546;18;888.2;97.6;1.8;2;56;1.0;1;ICE;;München;Hamburg
1750615;68;91;ICE;ICE;DB Fernverkehr AG;99055;Nürnberg Hbf;640892;Dortmund Hbf;70320;91020;345;13;459.1;79.8;2.4;1;5;1.0;1;ICE;;Nürnberg;Dortmund
1750815;45;25;ICE;ICE;DB Fernverkehr AG;331094;Hamburg Dammtor;9941;München Hbf;28380;49800;357;13;705.3;118.5;1.56;7;0123456;1.0;1;ICE;;Hamburg;München
1751014;17;;ICE;ICE;Nederlandse Spoorwegen;575362;Arnhem Centraal;79866;Amsterdam Centraal;73680;77340;61;3;90.6;89.1;1.1;7;0123456;0.0;0;ICE;;Arnhem Centraal;Amsterdam
1751174;45;25;ICE;ICE;DB Fernverkehr AG;9941;München Hbf;428519;Hamburg Hbf;64320;87540;387;9;667.3;103.5;1.05;1;0;1.0;1;ICE;;München;Hamburg
1751358;91;79;ICE;ICE;DB Fernverkehr AG;517455;Köln Hbf;176697;Frankfurt(Main)Hbf;80280;85380;85;6;161.5;114.0;2.48;2;02;1.0;1;ICE;;Köln;Frankfurt
1751385;33;42;ICE;ICE;DB Fernverkehr AG;176697;Frankfurt(Main)Hbf;396514;Hamburg-Altona;84120;111840;462;23;609.6;79.2;3.44;4;012;1.0;1;ICE-SPRINTER;SPR-1;Frankfurt;Hamburg
1751606;62;13;ICE;ICE;DB Fernverkehr AG;337692;Berlin-Charlottenburg;497089;Karlsruhe Hbf;26760;47100;339;15;651.1;115.2;2.0;5;01234;1.0;1;ICE;;Berlin;Karlsruhe
1751767;45;25;ICE;ICE;DB Fernverkehr AG;9941;München Hbf;9066;Hamburg-Harburg;56580;78240;361;9;679.1;112.9;1.03;3;234;1.0;1;ICE;;München;Hamburg
175235;36;43;ICE;ICE;DB Fernverkehr AG;396514;Hamburg-Altona;517455;Köln Hbf;71400;89280;298;12;407.5;82.0;2.45;1;5;1.0;1;ICE-SPRINTER;SPR-2;Hamburg;Köln
1752459;93;96;EC;IC;DB Fernverkehr AG;127712;Berlin Gesundbrunnen;42071;Rzepin;45840;50940;85;5;101.3;71.5;2.96;18;0123456;0.8;0;IC;;Berlin;Rzepin
1752692;32;18;ICE;ICE;DB Fernverkehr AG;99055;Nürnberg Hbf;9941;München Hbf;39540;45600;101;4;179.7;106.8;1.11;5;23456;1.0;1;ICE;;Nürnberg;München
1752758;91;79;ICE;ICE;DB Fernverkehr AG;257676;Bruxelles Midi;176697;Frankfurt(Main)Hbf;73500;85380;198;11;358.5;108.6;2.51;2;12;0.727;0;ICE;;Bruxelles;Frankfurt
1753043;91;79;ICE;ICE;DB Fernverkehr AG;176697;Frankfurt(Main)Hbf;257676;Bruxelles Midi;38040;48900;181;8;356.7;118.3;1.68;8;56;0.625;0;ICE;;Frankfurt;Bruxelles
1753141;36;43;ICE;ICE;DB Fernverkehr AG;428519;Hamburg Hbf;517455;Köln Hbf;74700;93780;318;7;370.5;69.9;1.35;2;12;1.0;1;ICE-SPRINTER;SPR-2;Hamburg;Köln
1753262;23;12;ICE;ICE;DB Fernverkehr AG;464157;Basel SBB;613345;Berlin Hbf;29760;56040;438;16;829.5;113.6;1.69;23;0123456;0.875;0;ICE;;Basel;Berlin
175390;84;77;ICE;ICE;DB Fernverkehr AG;391201;Berlin Südkreuz;65847;Hengelo;57960;72420;241;10;456.9;113.8;1.75;4;56;0.9;0;ICE;;Berlin;Hengelo
1753954;47;62;ICE;ICE;DB Fernverkehr AG;325703;Münster(Westf)Hbf;695368;Salzburg Hbf;25560;57540;533;19;771.7;86.9;2.2;2;56;0.947;0;ICE;;Münster;Salzburg
1754078;77;10;ICE;ICE;DB Fernverkehr AG;613345;Berlin Hbf;691821;Düsseldorf Hbf;53220;70740;292;9;501.5;103.0;1.4;2;06;1.0;1;ICE;;Berlin;Düsseldorf
1754106;87;41;ICE;ICE;DB Fernverkehr AG;9941;München Hbf;517455;Köln Hbf;45900;62340;274;7;497.9;109.0;1.0;12;0123456;1.0;1;ICE;;München;Köln
1754750;68;91;ICE;ICE;DB Fernverkehr AG;99055;Nürnberg Hbf;640892;Dortmund Hbf;48720;69900;353;11;439.8;74.8;2.05;4;1234;1.0;1;ICE;;Nürnberg;Dortmund
175521;45;25;ICE;ICE;DB Fernverkehr AG;331094;Hamburg Dammtor;9941;München Hbf;35580;58560;383;11;691.3;108.3;1.3;2;01;1.0;1;ICE;;Hamburg;München
1755224;79;4;ICE;ICE;DB Fernverkehr AG;176697;Frankfurt(Main)Hbf;428519;Hamburg Hbf;50520;63420;215;3;395.3;110.3;0.25;5;01234;1.0;1;ICE-SPRINTER;SPR-1;Frankfurt;Hamburg
1755938;33;42;ICE;ICE;DB Fernverkehr AG;176697;Frankfurt(Main)Hbf;428519;Hamburg Hbf;84180;111000;447;16;572.9;76.9;2.44;1;4;1.0;1;ICE-SPRINTER;SPR-1;Frankfurt;Hamburg
175612;38;28;ICE;ICE;DB Fernverkehr AG;9941;München Hbf;53188;Leipzig Hbf;74940;86640;195;6;423.7;130.4;0.94;10;0123456;1.0;1;ICE;;München;Leipzig
1756572;23;12;ICE;ICE;DB Fernverkehr AG;613345;Berlin Hbf;464157;Basel SBB;30660;56880;437;16;829.5;113.9;1.69;23;0123456;0.875;0;ICE;;Berlin;Basel
1756700;32;18;ICE;ICE;DB Fernverkehr AG;9941;München Hbf;99055;Nürnberg Hbf;25920;32280;106;5;180.2;102.0;1.67;6;56;1.0;1;ICE;;München;Nürnberg
175681;47;62;ICE;ICE;DB Fernverkehr AG;176697;Frankfurt(Main)Hbf;668361;Stuttgart Hbf;19140;25320;103;7;159.1;92.7;3.14;21;01234;1.0;1;ICE;;Frankfurt;Stuttgart
1757009;77;10;ICE;ICE;DB Fernverkehr AG;691821;Düsseldorf Hbf;391201;Berlin Südkreuz;15600;33480;298;11;507.0;102.1;1.78;1;0;1.0;1;ICE;;Düsseldorf;Berlin
1757221;84;77;ICE;ICE;DB Fernverkehr AG;391201;Berlin Südkreuz;65847;Hengelo;19140;36420;288;8;453.9;94.6;1.32;1;0;0.875;0;ICE;;Berlin;Hengelo
1757257;17;;ICE;ICE;Nederlandse Spoorwegen;575362;Arnhem Centraal;79866;Amsterdam Centraal;66480;70140;61;3;90.6;89.1;1.1;14;0123;0.0;0;ICE;;Arnhem Centraal;Amsterdam
1757697;5;50;ICE;ICE;DB Fernverkehr AG;224643;Dresden Hbf;38672;Frankfurt(M) Flughafen Fernbf;36660;55680;317;10;431.8;81.7;1.85;2;56;1.0;1;ICE;;Dresden;Frankfurt
1758064;11;27;ICE;ICE;DB Fernverkehr AG;127712;Berlin Gesundbrunnen;396514;Hamburg-Altona;23520;31200;128;4;257.4;120.7;0.78;3;056;1.0;1;ICE;;Berlin;Hamburg
1758554;31;11;ICE;ICE;DB Fernverkehr AG;9941;München Hbf;53188;Leipzig Hbf;67500;92340;414;10;663.4;96.1;1.21;1;2;1.0;1;ICE;;München;Leipzig
1758823;89;35;IC;IC;DB Fernverkehr AG;691821;Düsseldorf Hbf;195950;Norddeich Mole;43920;58560;244;16;311.9;76.7;4.49;12;0123456;1.0;1;IC;;Düsseldorf;Norddeich Mole
1759061;87;41;ICE;ICE;DB Fernverkehr AG;9941;München Hbf;691821;Düsseldorf Hbf;16860;34560;295;10;531.1;108.0;1.51;1;5;1.0;1;ICE;;München;Düsseldorf
1759164;20;49;ICE;ICE;DB Fernverkehr AG;176697;Frankfurt(Main)Hbf;517455;Köln Hbf;36660;41580;82;6;161.5;118.2;2.48;31;0123456;1.0;1;ICE;;Frankfurt;Köln
1759465;86;;EN;SONSTIGE;PKP Intercity;135333;Wien Hbf;39653;Warszawa Wschodnia;83940;116100;536;17;576.7;64.6;2.6;12;0123456;0.0;0;SONSTIGE;;Wien;Warszawa
1759794;77;10;ICE;ICE;DB Fernverkehr AG;613345;Berlin Hbf;691821;Düsseldorf Hbf;24420;40140;262;10;500.2;114.5;1.6;17;0123456;1.0;1;ICE;;Berlin;Düsseldorf
176018;48;;EC;IC;SBB;96724;Zürich HB;63619;St. Margrethen SG;34320;38940;77;5;91.3;71.2;3.29;8;01234;0.0;0;IC;;Zürich;St. Margrethen SG
1761347;50;61;IC;IC;DB Fernverkehr AG;668361;Stuttgart Hbf;99055;Nürnberg Hbf;65340;73080;129;7;182.6;84.9;2.74;7;0123456;1.0;1;IC;;Stuttgart;Nürnberg
1761389;79;4;ICE;ICE;DB Fernverkehr AG;428519;Hamburg Hbf;667068;Frankfurt(M) Flughafen Regionalbf;51780;65940;236;4;404.3;102.8;0.49;9;01234;1.0;1;ICE-SPRINTER;SPR-1;Hamburg;Frankfurt
1761657;92;83;ICE;ICE;DB Fernverkehr AG;412384;Strasbourg;497089;Karlsruhe Hbf;71040;73500;41;3;69.1;101.1;1.45;6;012346;0.333;0;ICE;;Strasbourg;Karlsruhe
1761810;67;33;ICE;ICE;DB Fernverkehr AG;396514;Hamburg-Altona;552264;Ostseebad Binz;53700;68340;244;10;277.1;68.1;2.89;22;0123456;1.0;1;ICE;;Hamburg;Ostseebad Binz
1761964;68;91;ICE;ICE;DB Fernverkehr AG;622042;Oberhausen Hbf;99055;Nürnberg Hbf;61380;82020;344;13;429.8;75.0;2.56;1;1;1.0;1;ICE;;Oberhausen;Nürnberg
1762008;31;11;ICE;ICE;DB Fernverkehr AG;127712;Berlin Gesundbrunnen;176697;Frankfurt(Main)Hbf;68940;85440;275;9;457.9;99.9;1.53;21;0123456;1.0;1;ICE-SPRINTER;SPR-5;Berlin;Frankfurt
1762649;77;10;ICE;ICE;DB Fernverkehr AG;613345;Berlin Hbf;93866;Hannover Hbf;78420;87720;155;2;246.4;95.4;0.0;1;4;1.0;1;ICE;;Berlin;Hannover
1763021;40;78;ICE;ICE;DB Fernverkehr AG;176697;Frankfurt(Main)Hbf;575362;Arnhem Centraal;16680;30360;228;8;309.8;81.5;1.94;1;2;0.75;0;ICE;;Frankfurt;Arnhem Centraal
1763254;77;10;ICE;ICE;DB Fernverkehr AG;691821;Düsseldorf Hbf;391201;Berlin Südkreuz;31740;50160;307;11;507.0;99.1;1.78;1;0;1.0;1;ICE;;Düsseldorf;Berlin
1764354;2;56;IC;IC;DB Fernverkehr AG;195950;Norddeich Mole;53188;Leipzig Hbf;56160;81420;421;20;501.3;71.4;3.59;4;0123;1.0;1;IC;;Norddeich Mole;Leipzig
1764395;28;75;ECE;ICE;DB Fernverkehr AG;396514;Hamburg-Altona;368193;Padborg st;53760;60780;117;4;146.4;75.1;1.37;9;0123456;0.75;0;ICE;;Hamburg;Padborg st
1764740;72;;ICE;ICE;SBB;583614;Chur;464157;Basel SBB;52680;60720;134;5;176.5;79.0;1.7;2;56;0.0;0;ICE;;Chur;Basel
1766478;81;83;ICE;ICE;SNCF;412384;Strasbourg;335130;Paris Est;59460;65760;105;2;395.5;226.0;0.0;6;012346;0.0;0;ICE;;Strasbourg;Paris
1767104;26;55;IC;IC;DB Fernverkehr AG;464794;Magdeburg Hbf;224643;Dresden Hbf;28860;38280;157;8;218.4;83.5;2.75;4;0123;1.0;1;IC;;Magdeburg;Dresden
1767129;45;25;ICE;ICE;DB Fernverkehr AG;9941;München Hbf;93866;Hannover Hbf;69180;87660;308;7;548.1;106.8;0.91;1;6;1.0;1;ICE;;München;Hannover
1767331;68;91;ICE;ICE;DB Fernverkehr AG;640892;Dortmund Hbf;99055;Nürnberg Hbf;14880;37800;382;12;443.7;69.7;2.25;1;4;1.0;1;ICE;;Dortmund;Nürnberg
1767779;33;42;ICE;ICE;DB Fernverkehr AG;176697;Frankfurt(Main)Hbf;396514;Hamburg-Altona;84120;111840;462;21;607.1;78.8;3.13;1;0;1.0;1;ICE-SPRINTER;SPR-1;Frankfurt;Hamburg
1768540;47;62;ICE;ICE;DB Fernverkehr AG;176697;Frankfurt(Main)Hbf;9941;München Hbf;58200;72600;240;10;354.1;88.5;2.26;1;0;1.0;1;ICE;;Frankfurt;München
1769288;31;11;ICE;ICE;DB Fernverkehr AG;127712;Berlin Gesundbrunnen;176697;Frankfurt(Main)Hbf;68940;85500;276;9;457.9;99.5;1.53;1;1;1.0;1;ICE-SPRINTER;SPR-5;Berlin;Frankfurt
176999;77;10;ICE;ICE;DB Fernverkehr AG;613345;Berlin Hbf;691821;Düsseldorf Hbf;71220;86820;260;12;502.5;116.0;1.99;2;56;1.0;1;ICE;;Berlin;Düsseldorf
177004;87;41;ICE;ICE;DB Fernverkehr AG;691821;Düsseldorf Hbf;9941;München Hbf;33600;51120;292;9;533.0;109.5;1.31;4;56;1.0;1;ICE;;Düsseldorf;München
1770070;32;18;ICE;ICE;DB Fernverkehr AG;127712;Berlin Gesundbrunnen;9941;München Hbf;84000;112380;473;17;585.3;74.2;2.56;1;4;1.0;1;ICE;;Berlin;München
1770390;17;;ICE;ICE;Nederlandse Spoorwegen;79866;Amsterdam Centraal;575362;Arnhem Centraal;28800;32520;62;3;90.6;87.7;1.1;2;56;0.0;0;ICE;;Amsterdam;Arnhem Centraal
1770949;9;87;IC;IC;DB Fernverkehr AG;266187;Tuttlingen;556408;Schaffhausen;39600;42300;45;3;41.8;55.8;2.39;3;234;0.667;0;IC;;Tuttlingen;Schaffhausen
1771329;38;28;ICE;ICE;DB Fernverkehr AG;396514;Hamburg-Altona;416646;Erfurt Hbf;73080;88380;255;9;515.6;121.3;1.36;8;012346;1.0;1;ICE;;Hamburg;Erfurt
1771697;38;28;ICE;ICE;DB Fernverkehr AG;396514;Hamburg-Altona;416646;Erfurt Hbf;73080;90300;287;9;515.6;107.8;1.36;7;01234;1.0;1;ICE;;Hamburg;Erfurt
1771743;45;25;ICE;ICE;DB Fernverkehr AG;331094;Hamburg Dammtor;9941;München Hbf;67980;89400;357;11;704.1;118.3;1.28;5;456;1.0;1;ICE;;Hamburg;München
1772416;22;;IC;IC;SBB;96724;Zürich HB;556408;Schaffhausen;34620;36780;36;2;36.3;60.4;0.0;18;01234;0.0;0;IC;;Zürich;Schaffhausen
1772737;89;35;IC;IC;DB Fernverkehr AG;601951;Emden Außenhafen;517455;Köln Hbf;57840;72840;250;15;317.5;76.2;4.09;17;0123456;1.0;1;IC;;Emden Außenhafen;Köln
1772897;68;91;ICE;ICE;DB Fernverkehr AG;99055;Nürnberg Hbf;640892;Dortmund Hbf;63120;85080;366;8;426.3;69.9;1.41;3;012;1.0;1;ICE;;Nürnberg;Dortmund
1773077;78;15;ICE;ICE;DB Fernverkehr AG;226858;Darmstadt Hbf;552264;Ostseebad Binz;23820;52140;472;14;718.3;91.3;1.67;16;0123456;1.0;1;ICE;;Darmstadt;Ostseebad Binz
1775054;26;55;IC;IC;DB Fernverkehr AG;635340;Heidelberg Hbf;517455;Köln Hbf;44640;54360;162;6;218.9;81.1;1.83;2;06;1.0;1;IC;;Heidelberg;Köln
1775713;31;11;ICE;ICE;DB Fernverkehr AG;9941;München Hbf;127712;Berlin Gesundbrunnen;81960;116040;568;16;807.9;85.3;1.73;1;4;1.0;1;ICE;;München;Berlin
1775933;72;;ICE;ICE;SBB;228347;Brig;464157;Basel SBB;18960;26940;133;7;178.9;80.7;2.79;1;6;0.0;0;ICE;;Brig;Basel
1776388;50;61;IC;IC;DB Fernverkehr AG;668361;Stuttgart Hbf;53188;Leipzig Hbf;58140;79680;359;19;446.0;74.5;3.81;6;123456;1.0;1;IC;;Stuttgart;Leipzig
1776644;50;61;IC;IC;DB Fernverkehr AG;497089;Karlsruhe Hbf;90261;Regensburg Hbf;68760;88140;323;12;340.4;63.2;2.94;1;5;1.0;1;IC;;Karlsruhe;Regensburg
1777004;3;26;ICE;ICE;DB Fernverkehr AG;477761;Bremen Hbf;497089;Karlsruhe Hbf;47700;69540;364;16;526.3;86.8;2.66;5;01234;1.0;1;ICE;;Bremen;Karlsruhe
1777244;60;;IC;IC;DB Fernverkehr (Codesharing);79866;Amsterdam Centraal;575362;Arnhem Centraal;75660;79260;60;3;90.6;90.6;1.1;8;023456;0.0;0;IC;;Amsterdam;Arnhem Centraal
1777343;84;77;ICE;ICE;DB Fernverkehr AG;65847;Hengelo;93866;Hannover Hbf;35520;46080;176;5;201.9;68.8;1.49;2;06;0.8;0;ICE;;Hengelo;Hannover
177735;94;88;ECE;ICE;DB Fernverkehr AG;9941;München Hbf;167729;Lindau-Reutin;24480;31800;122;4;163.5;80.4;1.22;1;1;1.0;1;ICE;;München;Lindau-Reutin
1777544;22;;IC;IC;SBB;96724;Zürich HB;556408;Schaffhausen;56220;58380;36;2;36.3;60.4;0.0;2;56;0.0;0;IC;;Zürich;Schaffhausen
1777582;22;;IC;IC;SBB;96724;Zürich HB;556408;Schaffhausen;31020;33180;36;2;36.3;60.4;0.0;11;01234;0.0;0;IC;;Zürich;Schaffhausen
1777624;22;;IC;IC;SBB;556408;Schaffhausen;96724;Zürich HB;64020;66180;36;2;36.3;60.4;0.0;2;56;0.0;0;IC;;Schaffhausen;Zürich
1777768;32;18;ICE;ICE;DB Fernverkehr AG;127712;Berlin Gesundbrunnen;9941;München Hbf;84000;112500;475;17;585.6;74.0;2.56;1;5;1.0;1;ICE;;Berlin;München
1777779;57;19;ICE;ICE;DB Fernverkehr AG;517455;Köln Hbf;391201;Berlin Südkreuz;45840;61440;260;8;509.5;117.6;1.18;21;0123456;1.0;1;ICE-SPRINTER;SPR-3;Köln;Berlin
1777839;94;88;ECE;ICE;DB Fernverkehr AG;167729;Lindau-Reutin;9941;München Hbf;61800;70440;144;4;163.5;68.1;1.22;2;56;1.0;1;ICE;;Lindau-Reutin;München
1778243;32;18;ICE;ICE;DB Fernverkehr AG;613345;Berlin Hbf;396514;Hamburg-Altona;65340;73500;136;6;267.7;118.1;1.49;22;0123456;1.0;1;ICE;;Berlin;Hamburg
1778345;46;60;ICE;ICE;DB Fernverkehr AG;668361;Stuttgart Hbf;464157;Basel SBB;63180;72720;159;7;235.6;88.9;2.12;2;23;0.714;0;ICE;;Stuttgart;Basel
1779587;31;11;ICE;ICE;DB Fernverkehr AG;9941;München Hbf;53188;Leipzig Hbf;67500;90540;384;11;665.1;103.9;1.35;3;046;1.0;1;ICE;;München;Leipzig
1779619;1;;IC;IC;PKP Intercity;325087;Chelm;402680;Swinoujscie;65880;110340;741;40;866.6;70.2;4.39;7;0123456;0.0;0;IC;;Chelm;Swinoujscie
1779718;4;3;ICE;ICE;DB Fernverkehr AG;391201;Berlin Südkreuz;180380;Saarbrücken Hbf;28140;51420;388;9;619.9;95.9;1.13;1;0;1.0;1;ICE;;Berlin;Saarbrücken
1779739;22;;IC;IC;SBB;96724;Zürich HB;556408;Schaffhausen;56220;58380;36;2;36.3;60.4;0.0;2;01;0.0;0;IC;;Zürich;Schaffhausen
1779886;77;10;ICE;ICE;DB Fernverkehr AG;517455;Köln Hbf;391201;Berlin Südkreuz;23100;40680;293;13;545.8;111.8;2.02;6;56;1.0;1;ICE;;Köln;Berlin
1779906;36;43;ICE;ICE;DB Fernverkehr AG;428519;Hamburg Hbf;464157;Basel SBB;24300;53280;483;15;816.0;101.4;1.59;8;023456;0.867;0;ICE;;Hamburg;Basel
1780110;45;25;ICE;ICE;DB Fernverkehr AG;93866;Hannover Hbf;9941;München Hbf;66420;82380;266;7;537.0;121.1;0.93;1;6;1.0;1;ICE;;Hannover;München
1780338;43;;EN;SONSTIGE;MAV;270995;Budapest-Keleti;442631;Hegyeshalom;73800;80940;119;6;157.9;79.6;2.53;31;0123456;0.0;0;SONSTIGE;;Budapest;Hegyeshalom
1780524;1;;IC;IC;PKP Intercity;174196;Bohumin(Gr);39653;Warszawa Wschodnia;100440;117780;289;11;332.9;69.1;2.7;3;012;0.0;0;IC;;Bohumin;Warszawa
1780604;84;77;ICE;ICE;DB Fernverkehr AG;391201;Berlin Südkreuz;65847;Hengelo;43560;58020;241;10;456.9;113.8;1.75;21;012346;0.9;0;ICE;;Berlin;Hengelo
1781228;26;55;IC;IC;DB Fernverkehr AG;93866;Hannover Hbf;464794;Magdeburg Hbf;74220;78840;77;3;131.4;102.4;0.76;3;046;1.0;1;IC;;Hannover;Magdeburg
1781948;82;95;EC;IC;DB Fernverkehr AG;42071;Rzepin;354957;Frankfurt(Oder);39000;40140;19;3;19.2;60.7;;2;56;0.667;0;IC;;Rzepin;Frankfurt(Oder)
1782133;84;77;ICE;ICE;DB Fernverkehr AG;65847;Hengelo;613345;Berlin Hbf;57120;70860;229;9;451.4;118.3;1.55;2;56;0.889;0;ICE;;Hengelo;Berlin
1782136;40;78;ICE;ICE;DB Fernverkehr AG;176697;Frankfurt(Main)Hbf;575362;Arnhem Centraal;23940;37560;227;8;309.8;81.9;1.94;4;1234;0.75;0;ICE;;Frankfurt;Arnhem Centraal
1782203;21;95;EC;IC;PKP Intercity;39653;Warszawa Wschodnia;42071;Rzepin;17340;31620;238;9;430.8;108.6;1.62;7;012345;0.0;0;IC;;Warszawa;Rzepin
1782338;11;27;ICE;ICE;DB Fernverkehr AG;396514;Hamburg-Altona;613345;Berlin Hbf;69480;77040;126;3;256.9;122.3;0.39;21;0123456;1.0;1;ICE;;Hamburg;Berlin
1782352;68;91;ICE;ICE;DB Fernverkehr AG;565099;Kufstein;396514;Hamburg-Altona;32880;66240;556;18;952.8;102.8;1.68;1;0;0.944;0;ICE;;Kufstein;Hamburg
1782763;10;20;ICE;ICE;DB Fernverkehr AG;87362;Wiesbaden Hbf;428519;Hamburg Hbf;17100;32880;263;9;481.5;109.8;1.45;1;5;1.0;1;ICE;;Wiesbaden;Hamburg
1783140;6;;RJ;SONSTIGE;ÖBB;565099;Kufstein;438277;Innsbruck Hbf;66960;70140;53;4;68.7;77.7;2.91;23;0123456;0.0;0;SONSTIGE;;Kufstein;Innsbruck
1783654;77;10;ICE;ICE;DB Fernverkehr AG;391201;Berlin Südkreuz;691821;Düsseldorf Hbf;19560;36000;274;13;508.0;111.2;2.17;4;1234;1.0;1;ICE;;Berlin;Düsseldorf
1783739;21;95;EC;IC;PKP Intercity;42071;Rzepin;39653;Warszawa Wschodnia;25920;40500;243;9;430.8;106.4;1.62;3;015;0.0;0;IC;;Rzepin;Warszawa
1783740;17;;ICE;ICE;Nederlandse Spoorwegen;65847;Hengelo;24890;Utrecht Centraal;65340;70980;94;5;117.6;75.1;2.55;1;5;0.0;0;ICE;;Hengelo;Utrecht Centraal
1784106;26;55;IC;IC;DB Fernverkehr AG;224643;Dresden Hbf;176697;Frankfurt(Main)Hbf;48120;83580;591;25;793.2;80.5;2.9;1;4;1.0;1;IC;;Dresden;Frankfurt
1784234;44;17;IC;IC;DB Fernverkehr AG;224643;Dresden Hbf;157968;Rostock Hbf;56100;70620;242;9;368.9;91.5;1.9;31;0123456;1.0;1;IC;;Dresden;Rostock
1784513;68;91;ICE;ICE;DB Fernverkehr AG;99055;Nürnberg Hbf;640892;Dortmund Hbf;48720;70680;366;15;471.4;77.3;2.76;2;56;1.0;1;ICE;;Nürnberg;Dortmund
1784633;47;62;ICE;ICE;DB Fernverkehr AG;176697;Frankfurt(Main)Hbf;9941;München Hbf;65460;79860;240;10;352.9;88.2;2.27;3;234;1.0;1;ICE;;Frankfurt;München
1785378;65;97;EC;IC;DB Fernverkehr AG;262513;Horka(Gr);53188;Leipzig Hbf;39120;47700;143;4;187.0;78.5;1.07;8;0123456;0.75;0;IC;;Horka;Leipzig
1786128;91;79;ICE;ICE;DB Fernverkehr AG;176697;Frankfurt(Main)Hbf;257676;Bruxelles Midi;23640;34500;181;8;356.7;118.3;1.68;1;5;0.625;0;ICE;;Frankfurt;Bruxelles
1786950;94;88;ECE;ICE;DB Fernverkehr AG;167729;Lindau-Reutin;9941;München Hbf;61800;70440;144;4;163.5;68.1;1.22;3;034;1.0;1;ICE;;Lindau-Reutin;München
1787029;77;10;ICE;ICE;DB Fernverkehr AG;613345;Berlin Hbf;517455;Köln Hbf;71220;89040;297;11;534.7;108.0;1.68;2;12;1.0;1;ICE;;Berlin;Köln
1787176;38;28;ICE;ICE;DB Fernverkehr AG;396514;Hamburg-Altona;9941;München Hbf;37080;61740;411;13;836.7;122.2;1.31;22;0123456;1.0;1;ICE;;Hamburg;München
1787270;45;25;ICE;ICE;DB Fernverkehr AG;331094;Hamburg Dammtor;99055;Nürnberg Hbf;67980;85560;293;10;554.9;113.6;1.44;1;1;1.0;1;ICE;;Hamburg;Nürnberg
1787298;62;13;ICE;ICE;DB Fernverkehr AG;668361;Stuttgart Hbf;337692;Berlin-Charlottenburg;23280;45060;363;16;676.0;111.7;2.07;4;56;1.0;1;ICE;;Stuttgart;Berlin
1787344;72;;ICE;ICE;SBB;480653;Interlaken Ost;464157;Basel SBB;21540;28800;121;8;138.9;68.9;4.32;3;56;0.0;0;ICE;;Interlaken Ost;Basel
1787695;40;78;ICE;ICE;DB Fernverkehr AG;575362;Arnhem Centraal;176697;Frankfurt(Main)Hbf;63240;76140;215;9;309.8;86.4;2.26;4;456;0.778;0;ICE;;Arnhem Centraal;Frankfurt
1787880;5;50;ICE;ICE;DB Fernverkehr AG;224643;Dresden Hbf;38672;Frankfurt(M) Flughafen Fernbf;43860;60960;285;10;431.8;90.9;1.85;26;0123456;1.0;1;ICE;;Dresden;Frankfurt
1788150;87;41;ICE;ICE;DB Fernverkehr AG;691821;Düsseldorf Hbf;9941;München Hbf;48060;65520;291;9;533.0;109.9;1.31;2;6;1.0;1;ICE;;Düsseldorf;München
179029;28;75;ECE;ICE;DB Fernverkehr AG;396514;Hamburg-Altona;368193;Padborg st;39660;46380;112;4;146.4;78.4;1.37;9;0123456;0.75;0;ICE;;Hamburg;Padborg st
179078;32;18;ICE;ICE;DB Fernverkehr AG;9941;München Hbf;99055;Nürnberg Hbf;47520;53880;106;5;180.2;102.0;1.67;1;1;1.0;1;ICE;;München;Nürnberg
179368;29;;EN;SONSTIGE;BahnTouristikExpress;478341;Stockholm Central;428519;Hamburg Hbf;62940;107580;744;11;925.1;74.6;0.97;3;1;0.182;0;SONSTIGE;;Stockholm Central;Hamburg
179673;83;96;EC;IC;PKP Intercity;246292;Krakow Glowny;42071;Rzepin;15060;35160;335;12;476.6;85.4;2.1;14;0123456;0.0;0;IC;;Krakow Glowny;Rzepin
179712;57;19;ICE;ICE;DB Fernverkehr AG;517455;Köln Hbf;391201;Berlin Südkreuz;65940;83100;286;6;506.7;106.3;0.79;1;3;1.0;1;ICE;;Köln;Berlin
180400;36;43;ICE;ICE;DB Fernverkehr AG;396514;Hamburg-Altona;464157;Basel SBB;23160;53280;502;19;839.1;100.3;2.03;2;56;0.895;0;ICE;;Hamburg;Basel
180452;94;88;ECE;ICE;DB Fernverkehr AG;9941;München Hbf;167729;Lindau-Reutin;45120;53400;138;4;163.5;71.1;1.22;17;0123456;1.0;1;ICE;;München;Lindau-Reutin
180678;93;96;EC;IC;DB Fernverkehr AG;42071;Rzepin;354957;Frankfurt(Oder);35340;36540;20;3;19.2;57.6;;2;56;0.667;0;IC;;Rzepin;Frankfurt(Oder)
180858;8;90;EC;IC;DB Fernverkehr AG;552402;Simbach(Inn);9941;München Hbf;73200;79140;99;4;110.3;66.8;1.81;5;5;1.0;1;IC;;Simbach;München
181200;87;41;ICE;ICE;DB Fernverkehr AG;640892;Dortmund Hbf;9941;München Hbf;18120;40320;370;9;574.7;93.2;1.22;2;56;1.0;1;ICE;;Dortmund;München
181281;71;;IC;IC;ÖBB;57233;Breclav;135333;Wien Hbf;102000;105900;65;3;73.9;68.2;1.35;29;0123456;0.0;0;IC;;Breclav;Wien
18146;42;22;ICE;ICE;DB Fernverkehr AG;428519;Hamburg Hbf;668361;Stuttgart Hbf;26940;45480;309;8;583.5;113.3;1.03;7;0123456;1.0;1;ICE;;Hamburg;Stuttgart
181877;50;61;IC;IC;DB Fernverkehr AG;668361;Stuttgart Hbf;90261;Regensburg Hbf;72540;88140;260;8;270.8;62.5;2.22;2;34;1.0;1;IC;;Stuttgart;Regensburg
182252;42;22;ICE;ICE;DB Fernverkehr AG;668361;Stuttgart Hbf;659783;Kiel Hbf;18120;42000;398;14;674.3;101.7;1.78;2;02;1.0;1;ICE;;Stuttgart;Kiel
182924;87;41;ICE;ICE;DB Fernverkehr AG;517455;Köln Hbf;9941;München Hbf;52500;69120;277;7;497.9;107.8;1.0;3;056;1.0;1;ICE;;Köln;München
183442;57;19;ICE;ICE;DB Fernverkehr AG;517455;Köln Hbf;391201;Berlin Südkreuz;65940;83040;285;7;506.8;106.7;0.99;4;0124;1.0;1;ICE;;Köln;Berlin
183688;77;10;ICE;ICE;DB Fernverkehr AG;517455;Köln Hbf;613345;Berlin Hbf;54120;72780;311;8;504.3;97.3;1.19;2;06;1.0;1;ICE;;Köln;Berlin
184301;45;25;ICE;ICE;DB Fernverkehr AG;93866;Hannover Hbf;9941;München Hbf;73620;92460;314;7;548.1;104.7;0.91;1;4;1.0;1;ICE;;Hannover;München
185115;13;;RJ;SONSTIGE;Dänische Staatsbahnen;310614;Flensburg;274287;Koebenhavn H;7080;20880;230;8;284.6;74.2;2.11;1;4;0.25;0;SONSTIGE;;Flensburg;København
185282;94;88;ECE;ICE;DB Fernverkehr AG;167729;Lindau-Reutin;9941;München Hbf;54600;62160;126;4;163.5;77.9;1.22;9;01234;1.0;1;ICE;;Lindau-Reutin;München
185585;93;96;EC;IC;DB Fernverkehr AG;127712;Berlin Gesundbrunnen;42071;Rzepin;31440;36540;85;5;101.3;71.5;2.96;20;0123456;0.8;0;IC;;Berlin;Rzepin
185704;72;;ICE;ICE;SBB;464157;Basel SBB;583614;Chur;65220;73320;135;5;176.5;78.4;1.7;2;5;0.0;0;ICE;;Basel;Chur
185815;69;;EC;IC;Ceske Drahy;653775;Praha hl.n.;26993;Decin hl.n.;66660;71880;87;4;87.0;60.0;2.3;6;02356;0.0;0;IC;;Praha;Decin hl.n.
186113;9;87;IC;IC;DB Fernverkehr AG;398625;Oberndorf(Neckar);668361;Stuttgart Hbf;55920;60180;71;5;71.0;60.0;4.22;5;23456;1.0;1;IC;;Oberndorf;Stuttgart
186280;45;25;ICE;ICE;DB Fernverkehr AG;9941;München Hbf;428519;Hamburg Hbf;25920;46620;345;10;702.7;122.2;1.14;3;056;1.0;1;ICE;;München;Hamburg
186371;26;55;IC;IC;DB Fernverkehr AG;635340;Heidelberg Hbf;640892;Dortmund Hbf;73440;87840;240;11;302.1;75.5;2.98;5;0126;1.0;1;IC;;Heidelberg;Dortmund
187479;17;;ICE;ICE;Nederlandse Spoorwegen;79866;Amsterdam Centraal;65847;Hengelo;28800;35460;111;6;139.3;75.3;2.87;2;56;0.0;0;ICE;;Amsterdam;Hengelo
187485;33;42;ICE;ICE;DB Fernverkehr AG;9941;München Hbf;396514;Hamburg-Altona;60;37980;632;23;921.0;87.4;2.28;1;1;1.0;1;ICE;;München;Hamburg
187740;32;18;ICE;ICE;DB Fernverkehr AG;428519;Hamburg Hbf;391201;Berlin Südkreuz;78660;86400;129;6;268.4;124.8;1.49;9;0123456;1.0;1;ICE;;Hamburg;Berlin
187931;33;42;ICE;ICE;DB Fernverkehr AG;396514;Hamburg-Altona;668361;Stuttgart Hbf;62760;87360;410;16;716.7;104.9;1.95;1;0;1.0;1;ICE;;Hamburg;Stuttgart
188568;37;82;ICE;ICE;DB Fernverkehr AG;412384;Strasbourg;176697;Frankfurt(Main)Hbf;47340;53760;107;5;194.4;109.0;1.54;17;01234;0.6;0;ICE;;Strasbourg;Frankfurt
188985;33;42;ICE;ICE;DB Fernverkehr AG;9941;München Hbf;325703;Münster(Westf)Hbf;63060;86520;391;12;634.6;97.4;1.58;1;2;1.0;1;ICE;;München;Münster
188995;42;22;ICE;ICE;DB Fernverkehr AG;176697;Frankfurt(Main)Hbf;428519;Hamburg Hbf;16860;30600;229;9;464.9;121.8;1.51;2;5;1.0;1;ICE-SPRINTER;SPR-1;Frankfurt;Hamburg
189051;31;11;ICE;ICE;DB Fernverkehr AG;9941;München Hbf;127712;Berlin Gesundbrunnen;53100;81780;478;15;817.7;102.6;1.59;7;01234;1.0;1;ICE;;München;Berlin
189304;45;25;ICE;ICE;DB Fernverkehr AG;331094;Hamburg Dammtor;9941;München Hbf;24780;46320;359;11;704.1;117.7;1.28;2;0;1.0;1;ICE;;Hamburg;München
189347;22;;IC;IC;SBB;556408;Schaffhausen;96724;Zürich HB;28020;30180;36;2;36.3;60.4;0.0;11;456;0.0;0;IC;;Schaffhausen;Zürich
189375;45;25;ICE;ICE;DB Fernverkehr AG;9941;München Hbf;428519;Hamburg Hbf;33120;53820;345;10;702.7;122.2;1.14;16;01234;1.0;1;ICE;;München;Hamburg
189757;40;78;ICE;ICE;DB Fernverkehr AG;575362;Arnhem Centraal;176697;Frankfurt(Main)Hbf;41640;52020;173;10;310.4;107.7;2.58;14;012345;0.8;0;ICE;;Arnhem Centraal;Frankfurt
189847;9;87;IC;IC;DB Fernverkehr AG;668361;Stuttgart Hbf;556408;Schaffhausen;69360;78300;149;13;153.9;62.0;7.15;16;0123456;0.923;0;IC;;Stuttgart;Schaffhausen
18992;14;;EC;IC;ÖBB;63619;St. Margrethen SG;167729;Lindau-Reutin;53460;54480;17;3;15.5;54.9;;5;03456;0.333;0;IC;;St. Margrethen SG;Lindau-Reutin
189957;6;;RJ;SONSTIGE;ÖBB;565099;Kufstein;21642;Feldkirch;55680;70500;247;11;209.9;51.0;4.29;1;5;0.0;0;SONSTIGE;;Kufstein;Feldkirch
190091;62;13;ICE;ICE;DB Fernverkehr AG;497089;Karlsruhe Hbf;337616;Braunschweig Hbf;67140;84540;290;12;449.3;93.0;2.23;1;5;1.0;1;ICE;;Karlsruhe;Braunschweig
190208;58;20;ECE;ICE;DB Fernverkehr AG;331094;Hamburg Dammtor;464157;Basel SBB;58860;83400;409;13;741.5;108.8;1.48;2;01;0.846;0;ICE;;Hamburg;Basel
190346;10;20;ICE;ICE;DB Fernverkehr AG;331094;Hamburg Dammtor;464157;Basel SBB;22860;48060;420;14;741.5;105.9;1.62;16;01234;0.857;0;ICE;;Hamburg;Basel
190788;78;15;ICE;ICE;DB Fernverkehr AG;226858;Darmstadt Hbf;552264;Ostseebad Binz;23820;52140;472;11;695.9;88.5;1.29;5;1234;1.0;1;ICE;;Darmstadt;Ostseebad Binz
191369;44;17;IC;IC;DB Fernverkehr AG;224643;Dresden Hbf;157968;Rostock Hbf;20100;34620;242;9;368.9;91.5;1.9;26;012345;1.0;1;IC;;Dresden;Rostock
191446;62;13;ICE;ICE;DB Fernverkehr AG;497089;Karlsruhe Hbf;337692;Berlin-Charlottenburg;52800;73800;350;14;651.7;111.7;1.84;11;0123456;1.0;1;ICE;;Karlsruhe;Berlin
19163;60;;IC;IC;DB Fernverkehr (Codesharing);575362;Arnhem Centraal;79866;Amsterdam Centraal;120480;124260;63;3;90.6;86.3;1.1;3;012;0.0;0;IC;;Arnhem Centraal;Amsterdam
191973;17;;ICE;ICE;Nederlandse Spoorwegen;79866;Amsterdam Centraal;575362;Arnhem Centraal;45180;48720;59;3;90.6;92.2;1.1;6;456;0.0;0;ICE;;Amsterdam;Arnhem Centraal
192310;36;43;ICE;ICE;DB Fernverkehr AG;41860;Dortmund-Scharnhorst;598255;Offenburg;18540;34500;266;12;447.8;101.0;2.23;2;56;1.0;1;ICE;;Dortmund;Offenburg
19239;3;26;ICE;ICE;DB Fernverkehr AG;477761;Bremen Hbf;176697;Frankfurt(Main)Hbf;62100;77520;257;10;397.7;92.8;2.01;8;56;1.0;1;ICE;;Bremen;Frankfurt
192466;60;;IC;IC;DB Fernverkehr (Codesharing);575362;Arnhem Centraal;79866;Amsterdam Centraal;120480;124260;63;3;90.6;86.3;1.1;2;23;0.0;0;IC;;Arnhem Centraal;Amsterdam
192664;89;35;IC;IC;DB Fernverkehr AG;549058;Duisburg Hbf;601951;Emden Außenhafen;37560;50280;212;12;260.6;73.8;3.84;2;56;1.0;1;IC;;Duisburg;Emden Außenhafen
193067;37;82;ICE;ICE;DB Fernverkehr AG;176697;Frankfurt(Main)Hbf;180380;Saarbrücken Hbf;64500;75540;184;5;182.3;59.5;1.65;1;6;1.0;1;ICE;;Frankfurt;Saarbrücken
193143;72;;ICE;ICE;SBB;556408;Schaffhausen;96724;Zürich HB;60300;62940;44;2;36.3;49.5;0.0;2;56;0.0;0;ICE;;Schaffhausen;Zürich
193216;84;77;ICE;ICE;DB Fernverkehr AG;391201;Berlin Südkreuz;65847;Hengelo;36360;50820;241;10;456.9;113.8;1.75;2;45;0.9;0;ICE;;Berlin;Hengelo
193863;82;95;EC;IC;DB Fernverkehr AG;42071;Rzepin;127712;Berlin Gesundbrunnen;67800;73500;95;5;101.3;64.0;2.96;5;12345;0.8;0;IC;;Rzepin;Berlin
194608;12;29;ICE;ICE;DB Fernverkehr AG;9941;München Hbf;127712;Berlin Gesundbrunnen;19020;34260;254;8;560.6;132.4;1.07;29;0123456;1.0;1;ICE-SPRINTER;SPR-4;München;Berlin
194810;77;10;ICE;ICE;DB Fernverkehr AG;613345;Berlin Hbf;93866;Hannover Hbf;78420;85560;119;5;248.4;125.3;1.21;11;012346;1.0;1;ICE;;Berlin;Hannover
194828;53;47;ICE;ICE;DB Fernverkehr AG;9941;München Hbf;640892;Dortmund Hbf;29940;49800;331;11;607.3;110.1;1.48;1;5;1.0;1;ICE;;München;Dortmund
194895;48;;EC;IC;SBB;96724;Zürich HB;63619;St. Margrethen SG;27120;31740;77;5;91.3;71.2;3.29;1;0;0.0;0;IC;;Zürich;St. Margrethen SG
19505;58;20;ECE;ICE;DB Fernverkehr AG;331094;Hamburg Dammtor;464157;Basel SBB;30060;55260;420;13;741.5;105.9;1.48;12;01234;0.846;0;ICE;;Hamburg;Basel
195109;54;82;ICE;ICE;SNCF;412384;Strasbourg;335130;Paris Est;46860;53460;110;2;395.5;215.7;0.0;28;0123456;0.0;0;ICE;;Strasbourg;Paris
195698;23;12;ICE;ICE;DB Fernverkehr AG;613345;Berlin Hbf;464157;Basel SBB;45060;71280;437;16;829.5;113.9;1.69;23;0123456;0.875;0;ICE;;Berlin;Basel
1964;10;20;ICE;ICE;DB Fernverkehr AG;87362;Wiesbaden Hbf;428519;Hamburg Hbf;17100;32880;263;9;481.5;109.8;1.45;8;012346;1.0;1;ICE;;Wiesbaden;Hamburg
196678;45;25;ICE;ICE;DB Fernverkehr AG;9941;München Hbf;93866;Hannover Hbf;33120;48720;260;7;548.1;126.5;0.91;3;056;1.0;1;ICE;;München;Hannover
196782;78;15;ICE;ICE;DB Fernverkehr AG;552264;Ostseebad Binz;226858;Darmstadt Hbf;55440;84000;476;14;723.4;91.2;1.66;14;012356;1.0;1;ICE;;Ostseebad Binz;Darmstadt
197727;37;82;ICE;ICE;DB Fernverkehr AG;412384;Strasbourg;176697;Frankfurt(Main)Hbf;61980;69180;120;5;194.4;97.2;1.54;31;0123456;0.6;0;ICE;;Strasbourg;Frankfurt
197741;45;25;ICE;ICE;DB Fernverkehr AG;331094;Hamburg Dammtor;9941;München Hbf;49980;72300;372;11;691.3;111.5;1.3;1;0;1.0;1;ICE;;Hamburg;München
197780;75;;ECE;ICE;Dänische Staatsbahnen;274287;Koebenhavn H;368193;Padborg st;30120;39420;155;5;276.4;107.0;1.09;31;0123456;0.0;0;ICE;;København;Padborg st
198046;32;18;ICE;ICE;DB Fernverkehr AG;127712;Berlin Gesundbrunnen;9941;München Hbf;84000;112380;473;18;591.7;75.1;2.7;1;0;1.0;1;ICE;;Berlin;München
198444;47;62;ICE;ICE;DB Fernverkehr AG;325703;Münster(Westf)Hbf;695368;Salzburg Hbf;23400;57540;569;20;772.5;81.5;2.33;9;01234;0.95;0;ICE;;Münster;Salzburg
198581;77;10;ICE;ICE;DB Fernverkehr AG;613345;Berlin Hbf;93866;Hannover Hbf;77760;91200;224;4;295.5;79.1;0.68;1;4;1.0;1;ICE;;Berlin;Hannover
198771;29;;EN;SONSTIGE;BahnTouristikExpress;478341;Stockholm Central;127712;Berlin Gesundbrunnen;62940;118560;927;12;1177.3;76.2;0.85;3;3;0.25;0;SONSTIGE;;Stockholm Central;Berlin
19888;17;;ICE;ICE;Nederlandse Spoorwegen;79866;Amsterdam Centraal;65847;Hengelo;20700;28260;126;6;152.9;72.8;2.62;1;5;0.0;0;ICE;;Amsterdam;Hengelo
198930;9;87;IC;IC;DB Fernverkehr AG;668361;Stuttgart Hbf;556408;Schaffhausen;22560;31500;149;14;153.1;61.7;7.84;1;5;0.929;0;IC;;Stuttgart;Schaffhausen
199002;46;60;ICE;ICE;DB Fernverkehr AG;464157;Basel SBB;9941;München Hbf;21000;38940;299;15;450.7;90.4;2.88;3;234;0.867;0;ICE;;Basel;München
199086;46;60;ICE;ICE;DB Fernverkehr AG;9941;München Hbf;497089;Karlsruhe Hbf;32520;42720;170;7;273.1;96.4;1.83;5;01234;1.0;1;ICE;;München;Karlsruhe
199580;43;;EN;SONSTIGE;MAV;619325;Budapest-Nyugati;269485;Sturovo;70200;73980;63;4;65.4;62.3;3.06;31;0123456;0.0;0;SONSTIGE;;Budapest;Sturovo
19962;46;60;ICE;ICE;DB Fernverkehr AG;9941;München Hbf;297876;Basel Bad Bf;61080;78420;289;15;450.2;93.5;2.89;4;0123;0.933;0;ICE;;München;Basel
199649;86;;EN;SONSTIGE;PKP Intercity;401361;Przemysl Glowny;135333;Wien Hbf;64260;105900;694;30;632.7;54.7;4.43;7;0123456;0.0;0;SONSTIGE;;Przemysl Glowny;Wien
199697;33;42;ICE;ICE;DB Fernverkehr AG;428519;Hamburg Hbf;9941;München Hbf;27900;59340;524;17;883.4;101.2;1.7;2;56;1.0;1;ICE;;Hamburg;München
200587;9;87;IC;IC;DB Fernverkehr AG;556408;Schaffhausen;266187;Tuttlingen;58560;61080;42;4;42.9;61.3;4.66;3;234;0.75;0;IC;;Schaffhausen;Tuttlingen
201086;63;14;ICE;ICE;DB Fernverkehr AG;337692;Berlin-Charlottenburg;267257;Essen Hbf;40440;54780;239;10;460.6;115.6;1.74;3;056;1.0;1;ICE;;Berlin;Essen
201158;67;33;ICE;ICE;DB Fernverkehr AG;691821;Düsseldorf Hbf;552264;Ostseebad Binz;32880;61380;475;17;621.5;78.5;2.41;5;01234;1.0;1;ICE;;Düsseldorf;Ostseebad Binz
201182;47;62;ICE;ICE;DB Fernverkehr AG;226858;Darmstadt Hbf;9941;München Hbf;66600;79980;223;10;327.2;88.0;2.45;1;6;1.0;1;ICE;;Darmstadt;München
20166;42;22;ICE;ICE;DB Fernverkehr AG;668361;Stuttgart Hbf;659783;Kiel Hbf;40920;63600;378;11;670.6;106.4;1.34;5;01234;1.0;1;ICE;;Stuttgart;Kiel
201810;22;;IC;IC;SBB;556408;Schaffhausen;96724;Zürich HB;60420;62580;36;2;36.3;60.4;0.0;8;56;0.0;0;IC;;Schaffhausen;Zürich
202037;21;95;EC;IC;PKP Intercity;42071;Rzepin;39653;Warszawa Wschodnia;47280;62100;247;9;430.8;104.7;1.62;19;0123456;0.0;0;IC;;Rzepin;Warszawa
202058;27;57;IC;IC;DB Fernverkehr AG;53188;Leipzig Hbf;129801;Warnemünde;27720;44520;280;12;375.5;80.5;2.66;8;56;1.0;1;IC;;Leipzig;Warnemünde
202226;52;;EN;SONSTIGE;ÖBB;695368;Salzburg Hbf;440759;Zagreb Glavni kolodvor;7800;37800;500;16;355.0;42.6;3.94;31;0123456;0.0;0;SONSTIGE;;Salzburg;Zagreb Glavni kolodvor
202302;87;41;ICE;ICE;DB Fernverkehr AG;9941;München Hbf;176697;Frankfurt(Main)Hbf;72000;86580;243;5;338.1;83.5;0.89;1;5;1.0;1;ICE;;München;Frankfurt
203533;83;96;EC;IC;PKP Intercity;42071;Rzepin;401361;Przemysl Glowny;51060;82140;518;22;703.3;81.5;2.84;2;34;0.0;0;IC;;Rzepin;Przemysl Glowny
203787;17;;ICE;ICE;Nederlandse Spoorwegen;65847;Hengelo;79866;Amsterdam Centraal;43740;50640;115;6;139.3;72.7;2.87;2;56;0.0;0;ICE;;Hengelo;Amsterdam
203962;47;62;ICE;ICE;DB Fernverkehr AG;176697;Frankfurt(Main)Hbf;9941;München Hbf;58200;72600;240;10;352.9;88.2;2.27;19;0123456;1.0;1;ICE;;Frankfurt;München
204838;2;56;IC;IC;DB Fernverkehr AG;195950;Norddeich Mole;53188;Leipzig Hbf;27360;52740;423;20;501.3;71.1;3.59;4;0123;1.0;1;IC;;Norddeich Mole;Leipzig
204936;26;55;IC;IC;DB Fernverkehr AG;497089;Karlsruhe Hbf;640892;Dortmund Hbf;71700;89340;294;8;342.6;69.9;1.75;1;1;1.0;1;IC;;Karlsruhe;Dortmund
204946;84;77;ICE;ICE;DB Fernverkehr AG;391201;Berlin Südkreuz;65847;Hengelo;33600;50820;287;8;453.9;94.9;1.32;1;0;0.875;0;ICE;;Berlin;Hengelo
20516;17;;ICE;ICE;Nederlandse Spoorwegen;79866;Amsterdam Centraal;575362;Arnhem Centraal;52680;55920;54;3;90.6;100.7;1.1;3;123;0.0;0;ICE;;Amsterdam;Arnhem Centraal
205378;45;25;ICE;ICE;DB Fernverkehr AG;9941;München Hbf;99055;Nürnberg Hbf;72300;77040;79;3;149.8;113.8;0.67;2;6;1.0;1;ICE;;München;Nürnberg
205666;33;42;ICE;ICE;DB Fernverkehr AG;428519;Hamburg Hbf;176697;Frankfurt(Main)Hbf;81900;111780;498;18;602.3;72.6;2.66;1;5;1.0;1;ICE-SPRINTER;SPR-1;Hamburg;Frankfurt
205858;50;61;IC;IC;DB Fernverkehr AG;497089;Karlsruhe Hbf;99055;Nürnberg Hbf;32760;44280;192;10;250.5;78.3;3.19;9;0123456;1.0;1;IC;;Karlsruhe;Nürnberg
206407;72;;ICE;ICE;SBB;464157;Basel SBB;228347;Brig;39480;47580;135;8;179.2;79.6;3.35;11;012345;0.0;0;ICE;;Basel;Brig
206663;77;10;ICE;ICE;DB Fernverkehr AG;613345;Berlin Hbf;691821;Düsseldorf Hbf;35220;53640;307;11;501.6;98.0;1.79;2;06;1.0;1;ICE;;Berlin;Düsseldorf
206827;47;62;ICE;ICE;DB Fernverkehr AG;226858;Darmstadt Hbf;668361;Stuttgart Hbf;66600;71580;83;5;130.7;94.5;2.3;1;5;1.0;1;ICE;;Darmstadt;Stuttgart
207149;31;11;ICE;ICE;DB Fernverkehr AG;127712;Berlin Gesundbrunnen;668361;Stuttgart Hbf;62220;84000;363;11;622.1;102.8;1.45;2;12;1.0;1;ICE;;Berlin;Stuttgart
207526;5;50;ICE;ICE;DB Fernverkehr AG;38672;Frankfurt(M) Flughafen Fernbf;224643;Dresden Hbf;68520;85800;288;11;436.8;91.0;2.06;1;6;1.0;1;ICE;;Frankfurt;Dresden
207802;87;41;ICE;ICE;DB Fernverkehr AG;9941;München Hbf;517455;Köln Hbf;16860;33780;282;9;501.2;106.6;1.4;1;5;1.0;1;ICE;;München;Köln
207984;31;11;ICE;ICE;DB Fernverkehr AG;9941;München Hbf;176697;Frankfurt(Main)Hbf;74700;89520;247;7;359.8;87.4;1.39;1;6;1.0;1;ICE;;München;Frankfurt
2082;89;35;IC;IC;DB Fernverkehr AG;517455;Köln Hbf;161450;Emden Hbf;56760;69960;220;14;314.7;85.8;3.81;17;0123456;1.0;1;IC;;Köln;Emden
208288;47;62;ICE;ICE;DB Fernverkehr AG;176697;Frankfurt(Main)Hbf;9941;München Hbf;51060;65400;239;10;352.9;88.6;2.27;13;0123456;1.0;1;ICE;;Frankfurt;München
208316;68;91;ICE;ICE;DB Fernverkehr AG;640892;Dortmund Hbf;176697;Frankfurt(Main)Hbf;16500;31080;243;6;251.2;62.0;1.59;2;56;1.0;1;ICE;;Dortmund;Frankfurt
208352;38;28;ICE;ICE;DB Fernverkehr AG;9941;München Hbf;396514;Hamburg-Altona;53280;78960;428;14;840.9;117.9;1.43;1;3;1.0;1;ICE;;München;Hamburg
208354;77;10;ICE;ICE;DB Fernverkehr AG;517455;Köln Hbf;391201;Berlin Südkreuz;83400;107220;397;16;553.7;83.7;2.53;1;6;1.0;1;ICE;;Köln;Berlin
208747;48;;EC;IC;SBB;63619;St. Margrethen SG;96724;Zürich HB;61800;66480;78;5;91.3;70.2;3.29;4;0156;0.0;0;IC;;St. Margrethen SG;Zürich
20875;21;95;EC;IC;PKP Intercity;42071;Rzepin;39653;Warszawa Wschodnia;25680;40500;247;9;430.8;104.7;1.62;19;012345;0.0;0;IC;;Rzepin;Warszawa
20876;13;;RJ;SONSTIGE;Dänische Staatsbahnen;274287;Koebenhavn H;368193;Padborg st;37320;46620;155;5;276.4;107.0;1.09;15;01234;0.0;0;SONSTIGE;;København;Padborg st
209107;1;;IC;IC;PKP Intercity;402680;Swinoujscie;325087;Chelm;77580;120660;718;40;866.6;72.4;4.39;7;0123456;0.0;0;IC;;Swinoujscie;Chelm
209471;53;47;ICE;ICE;DB Fernverkehr AG;640892;Dortmund Hbf;9941;München Hbf;21240;42000;346;13;609.1;105.6;1.81;1;5;1.0;1;ICE;;Dortmund;München
209696;16;60;IC;IC;DB Fernverkehr AG;668361;Stuttgart Hbf;497089;Karlsruhe Hbf;61320;64380;51;3;77.5;91.1;1.29;7;01236;1.0;1;IC;;Stuttgart;Karlsruhe
21033;17;;ICE;ICE;Nederlandse Spoorwegen;79866;Amsterdam Centraal;575362;Arnhem Centraal;67080;70320;54;3;90.6;100.7;1.1;7;0123;0.0;0;ICE;;Amsterdam;Arnhem Centraal
210892;33;42;ICE;ICE;DB Fernverkehr AG;9941;München Hbf;396514;Hamburg-Altona;20040;52440;540;18;888.2;98.7;1.8;3;234;1.0;1;ICE;;München;Hamburg
211289;22;;IC;IC;SBB;556408;Schaffhausen;96724;Zürich HB;38820;40980;36;2;36.3;60.4;0.0;14;0123456;0.0;0;IC;;Schaffhausen;Zürich
211492;45;25;ICE;ICE;DB Fernverkehr AG;9941;München Hbf;428519;Hamburg Hbf;82320;110520;470;11;694.0;88.6;1.3;6;123456;1.0;1;ICE;;München;Hamburg
211658;31;11;ICE;ICE;DB Fernverkehr AG;9941;München Hbf;127712;Berlin Gesundbrunnen;24120;52980;481;15;817.7;102.0;1.59;8;0123456;1.0;1;ICE;;München;Berlin
211848;23;12;ICE;ICE;DB Fernverkehr AG;176697;Frankfurt(Main)Hbf;127712;Berlin Gesundbrunnen;84900;112320;457;11;562.9;73.9;1.6;1;0;1.0;1;ICE;;Frankfurt;Berlin
2119;48;;EC;IC;SBB;96724;Zürich HB;63619;St. Margrethen SG;41520;46140;77;5;91.3;71.2;3.29;10;0123456;0.0;0;IC;;Zürich;St. Margrethen SG
212342;63;14;ICE;ICE;DB Fernverkehr AG;337692;Berlin-Charlottenburg;691821;Düsseldorf Hbf;40500;56520;267;11;490.5;110.2;1.83;4;1234;1.0;1;ICE;;Berlin;Düsseldorf
212379;53;47;ICE;ICE;DB Fernverkehr AG;517455;Köln Hbf;9941;München Hbf;19500;34800;255;7;503.4;118.4;0.99;1;0;1.0;1;ICE;;Köln;München
212451;40;78;ICE;ICE;DB Fernverkehr AG;176697;Frankfurt(Main)Hbf;575362;Arnhem Centraal;31080;44760;228;8;309.8;81.5;1.94;6;01234;0.75;0;ICE;;Frankfurt;Arnhem Centraal
212673;14;;EC;IC;ÖBB;167729;Lindau-Reutin;63619;St. Margrethen SG;82320;83340;17;3;15.5;54.9;;10;012346;0.333;0;IC;;Lindau-Reutin;St. Margrethen SG
212893;77;10;ICE;ICE;DB Fernverkehr AG;391201;Berlin Südkreuz;517455;Köln Hbf;85320;108900;393;17;554.2;84.6;2.71;2;56;1.0;1;ICE;;Berlin;Köln
213003;9;87;IC;IC;DB Fernverkehr AG;679686;Singen(Hohentwiel);556408;Schaffhausen;48600;49500;15;2;17.0;68.0;;28;0123456;0.5;0;IC;;Singen;Schaffhausen
213152;43;;EN;SONSTIGE;MAV;270995;Budapest-Keleti;695368;Salzburg Hbf;73800;94020;337;12;484.5;86.3;2.06;31;0123456;0.0;0;SONSTIGE;;Budapest;Salzburg
21322;72;;ICE;ICE;SBB;464157;Basel SBB;96724;Zürich HB;68820;72000;53;2;73.9;83.7;0.0;4;0124;0.0;0;ICE;;Basel;Zürich
213474;77;10;ICE;ICE;DB Fernverkehr AG;613345;Berlin Hbf;517455;Köln Hbf;28020;44520;275;9;505.1;110.2;1.39;9;0123456;1.0;1;ICE;;Berlin;Köln
213711;12;29;ICE;ICE;DB Fernverkehr AG;127712;Berlin Gesundbrunnen;9941;München Hbf;23160;38700;259;8;560.6;129.9;1.07;31;0123456;1.0;1;ICE-SPRINTER;SPR-4;Berlin;München
215497;2;56;IC;IC;DB Fernverkehr AG;337692;Berlin-Charlottenburg;161450;Emden Hbf;56460;77880;357;19;484.7;81.5;3.51;1;6;1.0;1;IC;;Berlin;Emden
216897;2;56;IC;IC;DB Fernverkehr AG;601951;Emden Außenhafen;337692;Berlin-Charlottenburg;43260;67200;399;18;487.3;73.3;3.28;6;012356;1.0;1;IC;;Emden Außenhafen;Berlin
216944;53;47;ICE;ICE;DB Fernverkehr AG;9941;München Hbf;640892;Dortmund Hbf;37140;57000;331;11;608.1;110.2;1.48;3;056;1.0;1;ICE;;München;Dortmund
217171;68;91;ICE;ICE;DB Fernverkehr AG;613345;Berlin Hbf;565099;Kufstein;50160;74040;398;13;685.2;103.3;1.61;9;0123456;0.923;0;ICE;;Berlin;Kufstein
217921;83;96;EC;IC;PKP Intercity;246292;Krakow Glowny;42071;Rzepin;15060;35160;335;12;476.6;85.4;2.1;1;2;0.0;0;IC;;Krakow Glowny;Rzepin
217925;5;50;ICE;ICE;DB Fernverkehr AG;224643;Dresden Hbf;87362;Wiesbaden Hbf;58260;77520;321;11;455.2;85.1;1.98;3;056;1.0;1;ICE;;Dresden;Wiesbaden
217973;9;87;IC;IC;DB Fernverkehr AG;266187;Tuttlingen;391274;Konstanz;57660;60420;46;4;52.5;68.5;3.81;3;234;0.75;0;IC;;Tuttlingen;Konstanz
218007;31;11;ICE;ICE;DB Fernverkehr AG;9941;München Hbf;127712;Berlin Gesundbrunnen;79560;116040;608;16;806.1;79.6;1.74;1;5;1.0;1;ICE;;München;Berlin
218247;45;25;ICE;ICE;DB Fernverkehr AG;9941;München Hbf;93866;Hannover Hbf;18660;34320;261;7;548.1;126.0;0.91;1;0;1.0;1;ICE;;München;Hannover
218727;1;;IC;IC;PKP Intercity;402680;Swinoujscie;401361;Przemysl Glowny;33720;75240;692;34;907.4;78.7;3.53;21;0123456;0.0;0;IC;;Swinoujscie;Przemysl Glowny
219089;83;96;EC;IC;PKP Intercity;42071;Rzepin;246292;Krakow Glowny;65460;85380;332;12;476.6;86.1;2.1;15;0123456;0.0;0;IC;;Rzepin;Krakow Glowny
219127;5;50;ICE;ICE;DB Fernverkehr AG;38672;Frankfurt(M) Flughafen Fernbf;224643;Dresden Hbf;68520;87000;308;10;446.7;87.0;1.79;1;5;1.0;1;ICE;;Frankfurt;Dresden
219258;9;87;IC;IC;DB Fernverkehr AG;556408;Schaffhausen;668361;Stuttgart Hbf;47760;55920;136;6;149.2;65.8;2.68;16;0123456;0.833;0;IC;;Schaffhausen;Stuttgart
219375;26;55;IC;IC;DB Fernverkehr AG;517455;Köln Hbf;224643;Dresden Hbf;18660;45480;447;21;620.3;83.3;3.06;3;5;1.0;1;IC;;Köln;Dresden
219418;47;62;ICE;ICE;DB Fernverkehr AG;668361;Stuttgart Hbf;226858;Darmstadt Hbf;21900;26700;80;4;130.3;97.8;1.53;4;56;1.0;1;ICE;;Stuttgart;Darmstadt
219937;13;;RJ;SONSTIGE;Dänische Staatsbahnen;274287;Koebenhavn H;368193;Padborg st;22920;32220;155;5;276.4;107.0;1.09;18;123456;0.0;0;SONSTIGE;;København;Padborg st
220465;92;83;ICE;ICE;DB Fernverkehr AG;668361;Stuttgart Hbf;412384;Strasbourg;23700;29760;101;5;134.4;79.9;2.23;12;012345;0.6;0;ICE;;Stuttgart;Strasbourg
220573;33;42;ICE;ICE;DB Fernverkehr AG;428519;Hamburg Hbf;9941;München Hbf;27900;59340;524;17;883.4;101.2;1.7;2;01;1.0;1;ICE;;Hamburg;München
220938;12;29;ICE;ICE;DB Fernverkehr AG;613345;Berlin Hbf;9941;München Hbf;59820;74760;249;7;557.6;134.4;0.9;31;0123456;1.0;1;ICE-SPRINTER;SPR-4;Berlin;München
221199;26;55;IC;IC;DB Fernverkehr AG;497089;Karlsruhe Hbf;517455;Köln Hbf;42780;54360;193;7;268.6;83.5;1.86;8;0123456;1.0;1;IC;;Karlsruhe;Köln
221665;83;96;EC;IC;PKP Intercity;246292;Krakow Glowny;42071;Rzepin;15060;35160;335;12;476.6;85.4;2.1;2;56;0.0;0;IC;;Krakow Glowny;Rzepin
221673;61;1;ICE;ICE;DB Fernverkehr AG;517455;Köln Hbf;99055;Nürnberg Hbf;71580;88920;289;9;378.0;78.5;1.85;2;01;1.0;1;ICE;;Köln;Nürnberg
221742;91;79;ICE;ICE;DB Fernverkehr AG;176697;Frankfurt(Main)Hbf;257676;Bruxelles Midi;52440;63300;181;8;356.7;118.3;1.68;10;56;0.625;0;ICE;;Frankfurt;Bruxelles
221839;26;55;IC;IC;DB Fernverkehr AG;517455;Köln Hbf;635340;Heidelberg Hbf;53580;63240;161;6;218.9;81.6;1.83;2;06;1.0;1;IC;;Köln;Heidelberg
222094;68;91;ICE;ICE;DB Fernverkehr AG;640892;Dortmund Hbf;99055;Nürnberg Hbf;14880;37860;383;10;431.3;67.6;1.85;2;56;1.0;1;ICE;;Dortmund;Nürnberg
222405;24;16;ICE;ICE;DB Fernverkehr AG;93866;Hannover Hbf;83956;Oldenburg(Oldb)Hbf;71100;76560;91;3;140.4;92.6;0.71;31;0123456;1.0;1;ICE;;Hannover;Oldenburg
222515;87;41;ICE;ICE;DB Fernverkehr AG;691821;Düsseldorf Hbf;9941;München Hbf;51540;69120;293;9;533.0;109.2;1.31;4;56;1.0;1;ICE;;Düsseldorf;München
22271;87;41;ICE;ICE;DB Fernverkehr AG;176697;Frankfurt(Main)Hbf;9941;München Hbf;17640;29580;199;7;342.5;103.3;1.46;4;1236;1.0;1;ICE;;Frankfurt;München
222889;79;4;ICE;ICE;DB Fernverkehr AG;396514;Hamburg-Altona;176697;Frankfurt(Main)Hbf;36120;50160;234;5;400.5;102.7;0.75;6;012345;1.0;1;ICE-SPRINTER;SPR-1;Hamburg;Frankfurt
223246;9;87;IC;IC;DB Fernverkehr AG;679686;Singen(Hohentwiel);556408;Schaffhausen;66720;67500;13;2;17.0;78.4;;2;56;0.5;0;IC;;Singen;Schaffhausen
223841;38;28;ICE;ICE;DB Fernverkehr AG;396514;Hamburg-Altona;99055;Nürnberg Hbf;65880;85980;335;12;668.6;119.7;1.5;1;5;1.0;1;ICE;;Hamburg;Nürnberg
224165;42;22;ICE;ICE;DB Fernverkehr AG;331094;Hamburg Dammtor;93866;Hannover Hbf;76860;82380;92;6;162.9;106.3;2.45;17;0123456;1.0;1;ICE;;Hamburg;Hannover
224556;18;;ICE;ICE;ÖBB;695368;Salzburg Hbf;338037;Graz Hbf;58020;71760;229;14;305.4;80.0;3.93;2;04;0.0;0;ICE;;Salzburg;Graz
224837;22;;IC;IC;SBB;556408;Schaffhausen;96724;Zürich HB;31620;33780;36;2;36.3;60.4;0.0;18;01234;0.0;0;IC;;Schaffhausen;Zürich
224874;76;51;IC;IC;DB Fernverkehr AG;416646;Erfurt Hbf;640892;Dortmund Hbf;26640;40560;232;11;299.8;77.5;3.0;3;6;1.0;1;IC;;Erfurt;Dortmund
225484;55;;RJ;SONSTIGE;Ceske Drahy;653775;Praha hl.n.;26993;Decin hl.n.;45060;50280;87;4;87.0;60.0;2.3;26;123456;0.0;0;SONSTIGE;;Praha;Decin hl.n.
225527;54;82;ICE;ICE;SNCF;412384;Strasbourg;335130;Paris Est;46860;53460;110;2;395.5;215.7;0.0;2;56;0.0;0;ICE;;Strasbourg;Paris
226010;30;;IC;IC;Ceske Drahy;57233;Breclav;174196;Bohumin(Gr);90240;100920;178;4;169.3;57.1;1.18;2;45;0.0;0;IC;;Breclav;Bohumin
226385;5;50;ICE;ICE;DB Fernverkehr AG;38672;Frankfurt(M) Flughafen Fernbf;416646;Erfurt Hbf;75720;85260;159;7;226.7;85.6;2.21;1;5;1.0;1;ICE-SPRINTER;SPR-5;Frankfurt;Erfurt
226422;53;47;ICE;ICE;DB Fernverkehr AG;9941;München Hbf;575362;Arnhem Centraal;51600;73560;366;13;654.0;107.2;1.68;8;0123456;0.846;0;ICE;;München;Arnhem Centraal
226693;31;11;ICE;ICE;DB Fernverkehr AG;9941;München Hbf;127712;Berlin Gesundbrunnen;81960;116040;568;16;806.1;85.2;1.74;1;4;1.0;1;ICE;;München;Berlin
22702;18;;ICE;ICE;ÖBB;338037;Graz Hbf;695368;Salzburg Hbf;28980;42780;230;14;305.4;79.7;3.93;4;0156;0.0;0;ICE;;Graz;Salzburg
227266;23;12;ICE;ICE;DB Fernverkehr AG;464157;Basel SBB;391201;Berlin Südkreuz;58560;85620;451;17;832.9;110.8;1.8;4;56;0.882;0;ICE;;Basel;Berlin
227438;42;22;ICE;ICE;DB Fernverkehr AG;428519;Hamburg Hbf;668361;Stuttgart Hbf;34140;52680;309;8;583.2;113.2;1.03;2;56;1.0;1;ICE;;Hamburg;Stuttgart
228024;87;41;ICE;ICE;DB Fernverkehr AG;640892;Dortmund Hbf;9941;München Hbf;14760;37140;373;13;606.2;97.5;1.81;1;6;1.0;1;ICE;;Dortmund;München
228090;12;29;ICE;ICE;DB Fernverkehr AG;9941;München Hbf;127712;Berlin Gesundbrunnen;69480;84720;254;8;560.6;132.4;1.07;2;06;1.0;1;ICE-SPRINTER;SPR-4;München;Berlin
22846;77;10;ICE;ICE;DB Fernverkehr AG;517455;Köln Hbf;391201;Berlin Südkreuz;40500;58800;305;9;509.8;100.3;1.37;2;06;1.0;1;ICE;;Köln;Berlin
228841;50;61;IC;IC;DB Fernverkehr AG;90261;Regensburg Hbf;497089;Karlsruhe Hbf;22920;40680;296;9;360.9;73.2;1.94;1;0;1.0;1;IC;;Regensburg;Karlsruhe
228906;68;91;ICE;ICE;DB Fernverkehr AG;99055;Nürnberg Hbf;640892;Dortmund Hbf;63120;83640;342;13;459.1;80.5;2.4;3;56;1.0;1;ICE;;Nürnberg;Dortmund
228993;42;22;ICE;ICE;DB Fernverkehr AG;659783;Kiel Hbf;176697;Frankfurt(Main)Hbf;65760;83640;298;8;505.9;101.9;1.19;8;0123;1.0;1;ICE;;Kiel;Frankfurt
229156;23;12;ICE;ICE;DB Fernverkehr AG;391201;Berlin Südkreuz;464157;Basel SBB;15900;42480;443;17;835.0;113.1;1.8;20;01234;0.882;0;ICE;;Berlin;Basel
229687;62;13;ICE;ICE;DB Fernverkehr AG;497089;Karlsruhe Hbf;337616;Braunschweig Hbf;67140;84180;284;12;454.8;96.1;2.2;2;01;1.0;1;ICE;;Karlsruhe;Braunschweig
229716;93;96;EC;IC;DB Fernverkehr AG;42071;Rzepin;327376;Berlin-Lichtenberg;49740;54480;79;4;92.9;70.6;2.15;14;0123456;0.75;0;IC;;Rzepin;Berlin
229852;91;79;ICE;ICE;DB Fernverkehr AG;176697;Frankfurt(Main)Hbf;257676;Bruxelles Midi;23640;34500;181;8;356.7;118.3;1.68;1;6;0.625;0;ICE;;Frankfurt;Bruxelles
230062;36;43;ICE;ICE;DB Fernverkehr AG;464157;Basel SBB;640892;Dortmund Hbf;69360;88500;319;13;546.2;102.7;2.01;1;3;0.846;0;ICE;;Basel;Dortmund
230179;9;87;IC;IC;DB Fernverkehr AG;391274;Konstanz;668361;Stuttgart Hbf;21840;31380;159;15;164.6;62.1;7.9;7;012345;0.933;0;IC;;Konstanz;Stuttgart
23069;5;50;ICE;ICE;DB Fernverkehr AG;224643;Dresden Hbf;87362;Wiesbaden Hbf;43860;63120;321;11;455.2;85.1;1.98;3;056;1.0;1;ICE;;Dresden;Wiesbaden
230724;40;78;ICE;ICE;DB Fernverkehr AG;575362;Arnhem Centraal;176697;Frankfurt(Main)Hbf;41640;54540;215;9;309.8;86.4;2.26;3;56;0.778;0;ICE;;Arnhem Centraal;Frankfurt
231159;87;41;ICE;ICE;DB Fernverkehr AG;691821;Düsseldorf Hbf;9941;München Hbf;69480;89520;334;10;557.9;100.2;1.43;1;2;1.0;1;ICE;;Düsseldorf;München
231246;17;;ICE;ICE;Nederlandse Spoorwegen;65847;Hengelo;79866;Amsterdam Centraal;72540;79140;110;6;139.3;76.0;2.87;2;56;0.0;0;ICE;;Hengelo;Amsterdam
23152;21;95;EC;IC;PKP Intercity;506051;Gdynia Glowna;42071;Rzepin;25620;43080;291;13;458.1;94.5;2.4;4;0146;0.0;0;IC;;Gdynia Glowna;Rzepin
231552;57;19;ICE;ICE;DB Fernverkehr AG;391201;Berlin Südkreuz;517455;Köln Hbf;17400;33300;265;8;509.5;115.4;1.18;3;0;1.0;1;ICE;;Berlin;Köln
231613;77;10;ICE;ICE;DB Fernverkehr AG;691821;Düsseldorf Hbf;391201;Berlin Südkreuz;68400;87900;325;12;507.1;93.6;1.97;1;6;1.0;1;ICE;;Düsseldorf;Berlin
231689;77;10;ICE;ICE;DB Fernverkehr AG;691821;Düsseldorf Hbf;391201;Berlin Südkreuz;86220;109020;380;14;516.1;81.5;2.32;1;3;1.0;1;ICE;;Düsseldorf;Berlin
232169;50;61;IC;IC;DB Fernverkehr AG;668361;Stuttgart Hbf;90261;Regensburg Hbf;72540;85140;210;8;270.8;77.4;2.22;5;01256;1.0;1;IC;;Stuttgart;Regensburg
232598;32;18;ICE;ICE;DB Fernverkehr AG;9941;München Hbf;99055;Nürnberg Hbf;47520;53880;106;5;180.2;102.0;1.67;7;01234;1.0;1;ICE;;München;Nürnberg
233025;60;;IC;IC;DB Fernverkehr (Codesharing);464157;Basel SBB;96724;Zürich HB;117480;122700;87;2;73.9;51.0;0.0;10;0126;0.0;0;IC;;Basel;Zürich
233762;79;4;ICE;ICE;DB Fernverkehr AG;667068;Frankfurt(M) Flughafen Regionalbf;428519;Hamburg Hbf;34680;48960;238;4;404.3;101.9;0.49;4;1234;1.0;1;ICE-SPRINTER;SPR-1;Frankfurt;Hamburg
233929;77;10;ICE;ICE;DB Fernverkehr AG;613345;Berlin Hbf;691821;Düsseldorf Hbf;53220;68880;261;11;506.9;116.5;1.78;11;0123456;1.0;1;ICE;;Berlin;Düsseldorf
234410;77;10;ICE;ICE;DB Fernverkehr AG;613345;Berlin Hbf;517455;Köln Hbf;71220;88440;287;11;535.3;111.9;1.68;1;4;1.0;1;ICE;;Berlin;Köln
23461;26;55;IC;IC;DB Fernverkehr AG;517455;Köln Hbf;224643;Dresden Hbf;18660;45480;447;20;620.2;83.3;2.9;4;1234;1.0;1;IC;;Köln;Dresden
234721;57;19;ICE;ICE;DB Fernverkehr AG;517455;Köln Hbf;391201;Berlin Südkreuz;62940;83040;335;7;506.8;90.8;0.99;2;56;1.0;1;ICE;;Köln;Berlin
234954;87;41;ICE;ICE;DB Fernverkehr AG;691821;Düsseldorf Hbf;9941;München Hbf;62400;80160;296;10;533.7;108.2;1.5;4;56;1.0;1;ICE;;Düsseldorf;München
235178;37;82;ICE;ICE;DB Fernverkehr AG;176697;Frankfurt(Main)Hbf;412384;Strasbourg;39660;46260;110;5;194.4;106.1;1.54;28;0123456;0.6;0;ICE;;Frankfurt;Strasbourg
235249;58;20;ECE;ICE;DB Fernverkehr AG;331094;Hamburg Dammtor;464157;Basel SBB;58860;83400;409;13;741.5;108.8;1.48;4;0123;0.846;0;ICE;;Hamburg;Basel
235792;38;28;ICE;ICE;DB Fernverkehr AG;396514;Hamburg-Altona;99055;Nürnberg Hbf;65880;85980;335;12;687.5;123.1;1.45;20;0123456;1.0;1;ICE;;Hamburg;Nürnberg
23589;13;;RJ;SONSTIGE;Dänische Staatsbahnen;368193;Padborg st;274287;Koebenhavn H;68580;77880;155;5;276.4;107.0;1.09;3;0;0.0;0;SONSTIGE;;Padborg st;København
23641;57;19;ICE;ICE;DB Fernverkehr AG;391201;Berlin Südkreuz;517455;Köln Hbf;60720;77820;285;7;506.8;106.7;0.99;2;06;1.0;1;ICE;;Berlin;Köln
236632;87;41;ICE;ICE;DB Fernverkehr AG;691821;Düsseldorf Hbf;9941;München Hbf;48060;65520;291;9;533.0;109.9;1.31;1;5;1.0;1;ICE;;Düsseldorf;München
236823;83;96;EC;IC;PKP Intercity;42071;Rzepin;401361;Przemysl Glowny;51120;82080;516;22;703.3;81.8;2.84;3;056;0.0;0;IC;;Rzepin;Przemysl Glowny
237022;47;62;ICE;ICE;DB Fernverkehr AG;695368;Salzburg Hbf;226858;Darmstadt Hbf;36000;55500;325;13;451.1;83.3;2.44;2;56;0.923;0;ICE;;Salzburg;Darmstadt
237260;82;95;EC;IC;DB Fernverkehr AG;42071;Rzepin;354957;Frankfurt(Oder);61140;62220;18;3;19.2;64.1;;2;56;0.667;0;IC;;Rzepin;Frankfurt(Oder)
237762;38;28;ICE;ICE;DB Fernverkehr AG;9941;München Hbf;428519;Hamburg Hbf;38880;62640;396;11;831.5;126.0;1.08;9;0123456;1.0;1;ICE;;München;Hamburg
238040;50;61;IC;IC;DB Fernverkehr AG;53188;Leipzig Hbf;497089;Karlsruhe Hbf;57000;82440;424;17;497.6;70.4;3.01;1;2;1.0;1;IC;;Leipzig;Karlsruhe
238291;9;87;IC;IC;DB Fernverkehr AG;556408;Schaffhausen;668361;Stuttgart Hbf;51360;60180;147;13;153.9;62.8;7.15;16;0123456;0.923;0;IC;;Schaffhausen;Stuttgart
240041;45;25;ICE;ICE;DB Fernverkehr AG;331094;Hamburg Dammtor;99055;Nürnberg Hbf;57180;74700;292;10;554.9;114.0;1.44;1;0;1.0;1;ICE;;Hamburg;Nürnberg
240149;9;87;IC;IC;DB Fernverkehr AG;556408;Schaffhausen;679686;Singen(Hohentwiel);62160;63000;14;2;17.0;72.8;;2;56;0.5;0;IC;;Schaffhausen;Singen
240299;57;19;ICE;ICE;DB Fernverkehr AG;517455;Köln Hbf;93866;Hannover Hbf;74700;83940;154;5;257.5;100.3;1.17;6;0123;1.0;1;ICE;;Köln;Hannover
24035;20;49;ICE;ICE;DB Fernverkehr AG;176697;Frankfurt(Main)Hbf;517455;Köln Hbf;58260;63180;82;6;161.5;118.2;2.48;31;0123456;1.0;1;ICE;;Frankfurt;Köln
240504;32;18;ICE;ICE;DB Fernverkehr AG;468987;Westerland(Sylt);127712;Berlin Gesundbrunnen;52560;71820;321;9;453.6;84.8;1.54;13;0123456;1.0;1;ICE;;Westerland;Berlin
240623;36;43;ICE;ICE;DB Fernverkehr AG;428519;Hamburg Hbf;497089;Karlsruhe Hbf;60300;82740;374;11;643.2;103.2;1.4;5;01234;1.0;1;ICE;;Hamburg;Karlsruhe
241012;40;78;ICE;ICE;DB Fernverkehr AG;176697;Frankfurt(Main)Hbf;575362;Arnhem Centraal;38220;51960;229;8;309.8;81.2;1.94;6;01234;0.75;0;ICE;;Frankfurt;Arnhem Centraal
241251;56;1;IC;IC;SBB;96724;Zürich HB;510671;Bern;84720;88260;59;3;104.9;106.6;0.95;2;4;0.0;0;IC;;Zürich;Bern
241383;32;18;ICE;ICE;DB Fernverkehr AG;127712;Berlin Gesundbrunnen;9941;München Hbf;84240;113520;488;17;585.6;72.0;2.56;1;3;1.0;1;ICE;;Berlin;München
241577;22;;IC;IC;SBB;556408;Schaffhausen;96724;Zürich HB;78420;80580;36;2;36.3;60.4;0.0;1;1;0.0;0;IC;;Schaffhausen;Zürich
241802;48;;EC;IC;SBB;63619;St. Margrethen SG;96724;Zürich HB;33000;37680;78;5;91.3;70.2;3.29;26;0123456;0.0;0;IC;;St. Margrethen SG;Zürich
24209;4;3;ICE;ICE;DB Fernverkehr AG;391201;Berlin Südkreuz;176697;Frankfurt(Main)Hbf;28140;42960;247;4;432.0;104.9;0.46;2;56;1.0;1;ICE-SPRINTER;SPR-5;Berlin;Frankfurt
242648;17;;ICE;ICE;Nederlandse Spoorwegen;79866;Amsterdam Centraal;575362;Arnhem Centraal;24000;27120;52;3;90.6;104.6;1.1;1;6;0.0;0;ICE;;Amsterdam;Arnhem Centraal
243043;45;25;ICE;ICE;DB Fernverkehr AG;331094;Hamburg Dammtor;9941;München Hbf;46380;67680;355;11;704.1;119.0;1.28;3;056;1.0;1;ICE;;Hamburg;München
243109;21;95;EC;IC;PKP Intercity;39653;Warszawa Wschodnia;42071;Rzepin;60540;74940;240;9;430.8;107.7;1.62;3;246;0.0;0;IC;;Warszawa;Rzepin
243690;7;85;EC;IC;DB Fernverkehr AG;464157;Basel SBB;297876;Basel Bad Bf;56760;57180;7;2;2.6;22.3;;4;3456;0.0;0;IC;;Basel;Basel
244013;77;10;ICE;ICE;DB Fernverkehr AG;517455;Köln Hbf;391201;Berlin Südkreuz;84420;108900;408;12;545.3;80.2;1.83;1;5;1.0;1;ICE;;Köln;Berlin
244150;32;18;ICE;ICE;DB Fernverkehr AG;9941;München Hbf;127712;Berlin Gesundbrunnen;83520;110520;450;18;591.7;78.9;2.7;1;0;1.0;1;ICE;;München;Berlin
244318;26;55;IC;IC;DB Fernverkehr AG;635340;Heidelberg Hbf;224643;Dresden Hbf;30240;67080;614;26;839.1;82.0;2.86;5;01234;1.0;1;IC;;Heidelberg;Dresden
244994;77;10;ICE;ICE;DB Fernverkehr AG;613345;Berlin Hbf;517455;Köln Hbf;71220;88320;285;9;505.9;106.5;1.38;1;2;1.0;1;ICE;;Berlin;Köln
245247;25;;RJ;SONSTIGE;MAV;269485;Sturovo;619325;Budapest-Nyugati;77220;80880;61;6;65.8;64.7;6.08;24;123456;0.0;0;SONSTIGE;;Sturovo;Budapest
245399;72;;ICE;ICE;SBB;464157;Basel SBB;480653;Interlaken Ost;50280;57540;121;8;138.9;68.9;4.32;23;0123456;0.0;0;ICE;;Basel;Interlaken Ost
245943;88;;IC;IC;Dänische Staatsbahnen;328829;Fredericia st;310614;Flensburg;59400;64380;83;10;112.7;81.4;7.1;26;012345;0.2;0;IC;;Fredericia st;Flensburg
246208;12;29;ICE;ICE;DB Fernverkehr AG;9941;München Hbf;127712;Berlin Gesundbrunnen;51660;66660;250;7;560.0;134.4;0.89;31;0123456;1.0;1;ICE-SPRINTER;SPR-4;München;Berlin
246608;31;11;ICE;ICE;DB Fernverkehr AG;127712;Berlin Gesundbrunnen;9941;München Hbf;76680;113220;609;18;829.4;81.7;1.93;2;56;1.0;1;ICE;;Berlin;München
24735;62;13;ICE;ICE;DB Fernverkehr AG;337692;Berlin-Charlottenburg;497089;Karlsruhe Hbf;41280;61500;337;15;645.6;114.9;2.01;2;56;1.0;1;ICE;;Berlin;Karlsruhe
248047;87;41;ICE;ICE;DB Fernverkehr AG;9941;München Hbf;517455;Köln Hbf;20640;37320;278;9;498.6;107.6;1.4;9;01234;1.0;1;ICE;;München;Köln
248247;93;96;EC;IC;DB Fernverkehr AG;42071;Rzepin;327376;Berlin-Lichtenberg;49740;54480;79;4;92.9;70.6;2.15;5;01346;0.75;0;IC;;Rzepin;Berlin
248652;87;41;ICE;ICE;DB Fernverkehr AG;517455;Köln Hbf;9941;München Hbf;16080;33180;285;11;503.4;106.0;1.79;20;012345;1.0;1;ICE;;Köln;München
248822;40;78;ICE;ICE;DB Fernverkehr AG;575362;Arnhem Centraal;176697;Frankfurt(Main)Hbf;70440;81480;184;10;310.4;101.2;2.58;1;3;0.8;0;ICE;;Arnhem Centraal;Frankfurt
248919;32;18;ICE;ICE;DB Fernverkehr AG;99055;Nürnberg Hbf;9941;München Hbf;39540;45720;103;5;180.2;104.9;1.67;2;23;1.0;1;ICE;;Nürnberg;München
248960;42;22;ICE;ICE;DB Fernverkehr AG;668361;Stuttgart Hbf;659783;Kiel Hbf;26580;49200;377;11;670.3;106.7;1.34;2;56;1.0;1;ICE;;Stuttgart;Kiel
248969;23;12;ICE;ICE;DB Fernverkehr AG;613345;Berlin Hbf;497089;Karlsruhe Hbf;52620;71940;322;12;655.6;122.2;1.53;1;4;1.0;1;ICE;;Berlin;Karlsruhe
248988;14;;EC;IC;ÖBB;63619;St. Margrethen SG;167729;Lindau-Reutin;53460;54480;17;3;15.5;54.9;;9;01234;0.333;0;IC;;St. Margrethen SG;Lindau-Reutin
249385;80;55;ICE;ICE;DB Fernverkehr AG;517455;Köln Hbf;668361;Stuttgart Hbf;39180;53460;238;8;298.0;75.1;2.01;5;01234;1.0;1;ICE;;Köln;Stuttgart
249608;42;22;ICE;ICE;DB Fernverkehr AG;331094;Hamburg Dammtor;668361;Stuttgart Hbf;26460;45480;317;9;584.6;110.7;1.2;4;56;1.0;1;ICE;;Hamburg;Stuttgart
250333;4;3;ICE;ICE;DB Fernverkehr AG;180380;Saarbrücken Hbf;391201;Berlin Südkreuz;48420;72540;402;9;619.9;92.5;1.13;9;01234;1.0;1;ICE;;Saarbrücken;Berlin
250756;21;95;EC;IC;PKP Intercity;401361;Przemysl Glowny;42071;Rzepin;68100;103560;591;33;781.7;79.4;3.97;3;456;0.0;0;IC;;Przemysl Glowny;Rzepin
25137;91;79;ICE;ICE;DB Fernverkehr AG;517455;Köln Hbf;402204;Oostende;36480;49620;219;10;308.0;84.4;2.6;4;56;0.3;0;ICE;;Köln;Oostende
251749;88;;IC;IC;Dänische Staatsbahnen;328829;Fredericia st;310614;Flensburg;37800;42780;83;10;112.7;81.4;7.1;7;56;0.2;0;IC;;Fredericia st;Flensburg
251800;47;62;ICE;ICE;DB Fernverkehr AG;668361;Stuttgart Hbf;226858;Darmstadt Hbf;57720;62700;83;5;130.7;94.5;2.3;2;56;1.0;1;ICE;;Stuttgart;Darmstadt
252288;88;;IC;IC;Dänische Staatsbahnen;310614;Flensburg;328829;Fredericia st;65100;70200;85;10;112.7;79.5;7.1;31;0123456;0.2;0;IC;;Flensburg;Fredericia st
25276;53;47;ICE;ICE;DB Fernverkehr AG;9941;München Hbf;640892;Dortmund Hbf;44400;67320;382;12;607.7;95.5;1.65;1;6;1.0;1;ICE;;München;Dortmund
253171;79;4;ICE;ICE;DB Fernverkehr AG;667068;Frankfurt(M) Flughafen Regionalbf;428519;Hamburg Hbf;63480;77820;239;4;404.3;101.5;0.49;4;1234;1.0;1;ICE-SPRINTER;SPR-1;Frankfurt;Hamburg
253584;87;41;ICE;ICE;DB Fernverkehr AG;691821;Düsseldorf Hbf;9941;München Hbf;66060;83700;294;9;533.6;108.9;1.31;2;6;1.0;1;ICE;;Düsseldorf;München
253960;45;25;ICE;ICE;DB Fernverkehr AG;9941;München Hbf;9066;Hamburg-Harburg;12780;35040;371;10;692.6;112.0;1.16;1;0;1.0;1;ICE;;München;Hamburg
254517;78;15;ICE;ICE;DB Fernverkehr AG;127712;Berlin Gesundbrunnen;176697;Frankfurt(Main)Hbf;32160;46560;240;6;434.4;108.6;0.92;25;0123456;1.0;1;ICE-SPRINTER;SPR-5;Berlin;Frankfurt
254553;47;62;ICE;ICE;DB Fernverkehr AG;695368;Salzburg Hbf;325703;Münster(Westf)Hbf;43200;74760;526;22;773.2;88.2;2.59;4;0156;0.955;0;ICE;;Salzburg;Münster
254672;40;78;ICE;ICE;DB Fernverkehr AG;575362;Arnhem Centraal;176697;Frankfurt(Main)Hbf;56040;66420;173;10;310.4;107.7;2.58;6;56;0.8;0;ICE;;Arnhem Centraal;Frankfurt
254735;60;;IC;IC;DB Fernverkehr (Codesharing);96724;Zürich HB;464157;Basel SBB;79140;82320;53;2;73.9;83.7;0.0;2;5;0.0;0;IC;;Zürich;Basel
254850;87;41;ICE;ICE;DB Fernverkehr AG;176697;Frankfurt(Main)Hbf;9941;München Hbf;17640;29580;199;7;342.5;103.3;1.46;1;6;1.0;1;ICE;;Frankfurt;München
255010;39;51;ICE;ICE;DB Fernverkehr AG;691821;Düsseldorf Hbf;224643;Dresden Hbf;45900;69600;395;14;562.8;85.5;2.13;14;0123456;1.0;1;ICE;;Düsseldorf;Dresden
255798;9;87;IC;IC;DB Fernverkehr AG;241020;Rottweil;668361;Stuttgart Hbf;20160;25860;95;10;87.8;55.5;9.11;6;01234;1.0;1;IC;;Rottweil;Stuttgart
255955;18;;ICE;ICE;ÖBB;447324;Schwarzach-St.Veit;565099;Kufstein;39480;48000;142;13;118.7;50.1;9.27;6;56;0.0;0;ICE;;Schwarzach-St.Veit;Kufstein
256037;62;13;ICE;ICE;DB Fernverkehr AG;38672;Frankfurt(M) Flughafen Fernbf;446029;Stralsund Hbf;50940;78000;451;19;767.2;102.1;2.22;2;6;1.0;1;ICE;;Frankfurt;Stralsund
256600;22;;IC;IC;SBB;556408;Schaffhausen;96724;Zürich HB;74820;76980;36;2;36.3;60.4;0.0;4;56;0.0;0;IC;;Schaffhausen;Zürich
256739;5;50;ICE;ICE;DB Fernverkehr AG;87362;Wiesbaden Hbf;224643;Dresden Hbf;66360;88440;368;11;470.0;76.6;1.91;1;5;1.0;1;ICE;;Wiesbaden;Dresden
256908;47;62;ICE;ICE;DB Fernverkehr AG;355878;Garmisch-Partenkirchen;180380;Saarbrücken Hbf;55980;80160;403;14;492.5;73.3;2.44;2;56;1.0;1;ICE;;Garmisch-Partenkirchen;Saarbrücken
257165;9;87;IC;IC;DB Fernverkehr AG;668361;Stuttgart Hbf;556408;Schaffhausen;44880;53100;137;7;149.3;65.4;3.35;10;0123456;0.857;0;IC;;Stuttgart;Schaffhausen
25729;26;55;IC;IC;DB Fernverkehr AG;224643;Dresden Hbf;93866;Hannover Hbf;62520;76920;240;10;349.7;87.4;2.29;4;0456;1.0;1;IC;;Dresden;Hannover
257432;62;13;ICE;ICE;DB Fernverkehr AG;668361;Stuttgart Hbf;337692;Berlin-Charlottenburg;23760;45060;355;15;674.9;114.1;1.93;2;56;1.0;1;ICE;;Stuttgart;Berlin
257797;21;95;EC;IC;PKP Intercity;42071;Rzepin;39653;Warszawa Wschodnia;54720;69300;243;9;430.8;106.4;1.62;8;0123456;0.0;0;IC;;Rzepin;Warszawa
257839;36;43;ICE;ICE;DB Fernverkehr AG;396514;Hamburg-Altona;517455;Köln Hbf;73560;89280;262;13;397.0;90.9;2.77;1;4;1.0;1;ICE-SPRINTER;SPR-2;Hamburg;Köln
257849;26;55;IC;IC;DB Fernverkehr AG;517455;Köln Hbf;635340;Heidelberg Hbf;53580;63240;161;6;218.9;81.6;1.83;4;1234;1.0;1;IC;;Köln;Heidelberg
258130;2;56;IC;IC;DB Fernverkehr AG;93866;Hannover Hbf;53188;Leipzig Hbf;20220;29700;158;7;242.0;91.9;2.07;20;012345;1.0;1;IC;;Hannover;Leipzig
258570;76;51;IC;IC;DB Fernverkehr AG;197934;Gera Hbf;640892;Dortmund Hbf;21840;40440;310;17;378.9;73.3;3.96;12;012345;1.0;1;IC;;Gera;Dortmund
259374;77;10;ICE;ICE;DB Fernverkehr AG;613345;Berlin Hbf;517455;Köln Hbf;56820;72720;265;9;505.1;114.4;1.39;8;0123456;1.0;1;ICE;;Berlin;Köln
259635;26;55;IC;IC;DB Fernverkehr AG;517455;Köln Hbf;176697;Frankfurt(Main)Hbf;75180;83580;140;6;173.6;74.4;2.3;5;01236;1.0;1;IC;;Köln;Frankfurt
25968;33;42;ICE;ICE;DB Fernverkehr AG;9941;München Hbf;428519;Hamburg Hbf;48480;80100;527;16;883.0;100.5;1.59;2;23;1.0;1;ICE;;München;Hamburg
260016;36;43;ICE;ICE;DB Fernverkehr AG;464157;Basel SBB;428519;Hamburg Hbf;54960;83760;480;16;816.0;102.0;1.72;3;56;0.875;0;ICE;;Basel;Hamburg
260153;72;;ICE;ICE;SBB;96724;Zürich HB;464157;Basel SBB;68340;71520;53;2;73.9;83.7;0.0;3;015;0.0;0;ICE;;Zürich;Basel
260911;78;15;ICE;ICE;DB Fernverkehr AG;180380;Saarbrücken Hbf;552264;Ostseebad Binz;23280;60060;613;22;887.1;86.8;2.25;1;5;1.0;1;ICE;;Saarbrücken;Ostseebad Binz
26100;87;41;ICE;ICE;DB Fernverkehr AG;517455;Köln Hbf;9941;München Hbf;70500;87480;283;9;498.6;105.7;1.4;1;1;1.0;1;ICE;;Köln;München
261008;9;87;IC;IC;DB Fernverkehr AG;556408;Schaffhausen;668361;Stuttgart Hbf;72960;81780;147;13;153.9;62.8;7.15;16;0123456;0.923;0;IC;;Schaffhausen;Stuttgart
261026;55;;RJ;SONSTIGE;Ceske Drahy;653775;Praha hl.n.;26993;Decin hl.n.;1980;7080;85;4;87.0;61.4;2.3;1;0;0.0;0;SONSTIGE;;Praha;Decin hl.n.
261071;67;33;ICE;ICE;DB Fernverkehr AG;468987;Westerland(Sylt);517455;Köln Hbf;49980;77340;456;15;587.3;77.3;2.21;1;5;1.0;1;ICE;;Westerland;Köln
261146;32;18;ICE;ICE;DB Fernverkehr AG;9941;München Hbf;99055;Nürnberg Hbf;25920;32280;106;5;180.2;102.0;1.67;17;01234;1.0;1;ICE;;München;Nürnberg
261147;33;42;ICE;ICE;DB Fernverkehr AG;9941;München Hbf;325703;Münster(Westf)Hbf;61020;88740;462;11;638.5;82.9;1.41;1;5;1.0;1;ICE;;München;Münster
261452;87;41;ICE;ICE;DB Fernverkehr AG;517455;Köln Hbf;9941;München Hbf;45300;61980;278;7;497.9;107.5;1.0;3;056;1.0;1;ICE;;Köln;München
261475;26;55;IC;IC;DB Fernverkehr AG;224643;Dresden Hbf;93866;Hannover Hbf;40920;55380;241;10;349.7;87.1;2.29;8;0123456;1.0;1;IC;;Dresden;Hannover
262069;36;43;ICE;ICE;DB Fernverkehr AG;464157;Basel SBB;517455;Köln Hbf;62160;75900;229;8;442.1;115.8;1.36;13;0123456;0.75;0;ICE;;Basel;Köln
262782;87;41;ICE;ICE;DB Fernverkehr AG;691821;Düsseldorf Hbf;9941;München Hbf;33600;51120;292;9;530.5;109.0;1.32;13;0123456;1.0;1;ICE;;Düsseldorf;München
262800;77;10;ICE;ICE;DB Fernverkehr AG;640892;Dortmund Hbf;391201;Berlin Südkreuz;71220;83940;212;8;440.7;124.7;1.36;1;3;1.0;1;ICE;;Dortmund;Berlin
26328;63;14;ICE;ICE;DB Fernverkehr AG;337692;Berlin-Charlottenburg;267257;Essen Hbf;62160;76380;237;10;460.6;116.6;1.74;3;056;1.0;1;ICE;;Berlin;Essen
263287;80;55;ICE;ICE;DB Fernverkehr AG;64889;Oberstdorf;640892;Dortmund Hbf;35400;68940;559;18;589.3;63.2;2.72;1;0;1.0;1;ICE;;Oberstdorf;Dortmund
263631;22;;IC;IC;SBB;556408;Schaffhausen;96724;Zürich HB;53220;55380;36;2;36.3;60.4;0.0;4;56;0.0;0;IC;;Schaffhausen;Zürich
264111;23;12;ICE;ICE;DB Fernverkehr AG;391201;Berlin Südkreuz;556408;Schaffhausen;22800;52980;503;16;848.4;101.2;1.65;2;56;0.938;0;ICE;;Berlin;Schaffhausen
26432;91;79;ICE;ICE;DB Fernverkehr AG;257676;Bruxelles Midi;176697;Frankfurt(Main)Hbf;30300;41220;182;8;356.7;117.6;1.68;2;01;0.625;0;ICE;;Bruxelles;Frankfurt
26452;19;24;ICE;ICE;DB Fernverkehr AG;9941;München Hbf;9066;Hamburg-Harburg;53520;73740;337;8;647.3;115.2;0.93;5;01234;1.0;1;ICE;;München;Hamburg
264598;5;50;ICE;ICE;DB Fernverkehr AG;38672;Frankfurt(M) Flughafen Fernbf;224643;Dresden Hbf;68520;86040;292;11;436.8;89.8;2.06;1;2;1.0;1;ICE;;Frankfurt;Dresden
264752;53;47;ICE;ICE;DB Fernverkehr AG;640892;Dortmund Hbf;9941;München Hbf;49980;70860;348;12;608.2;104.9;1.64;2;56;1.0;1;ICE;;Dortmund;München
264816;32;18;ICE;ICE;DB Fernverkehr AG;127712;Berlin Gesundbrunnen;468987;Westerland(Sylt);29340;48660;322;9;452.4;84.3;1.55;13;0123456;1.0;1;ICE;;Berlin;Westerland
264838;62;13;ICE;ICE;DB Fernverkehr AG;337692;Berlin-Charlottenburg;497089;Karlsruhe Hbf;26760;47220;341;15;651.1;114.6;2.0;5;01234;1.0;1;ICE;;Berlin;Karlsruhe
264964;77;10;ICE;ICE;DB Fernverkehr AG;691821;Düsseldorf Hbf;613345;Berlin Hbf;57000;72780;263;11;502.9;114.7;1.79;17;0123456;1.0;1;ICE;;Düsseldorf;Berlin
264993;32;18;ICE;ICE;DB Fernverkehr AG;468987;Westerland(Sylt);127712;Berlin Gesundbrunnen;51660;71820;336;9;453.6;81.0;1.54;1;0;1.0;1;ICE;;Westerland;Berlin
26525;22;;IC;IC;SBB;556408;Schaffhausen;96724;Zürich HB;78420;80580;36;2;36.3;60.4;0.0;14;0123;0.0;0;IC;;Schaffhausen;Zürich
265326;82;95;EC;IC;DB Fernverkehr AG;127712;Berlin Gesundbrunnen;42071;Rzepin;56640;61620;83;5;101.3;73.2;2.96;5;12345;0.8;0;IC;;Berlin;Rzepin
265925;60;;IC;IC;DB Fernverkehr (Codesharing);96724;Zürich HB;464157;Basel SBB;79140;82320;53;2;73.9;83.7;0.0;5;0123;0.0;0;IC;;Zürich;Basel
265927;31;11;ICE;ICE;DB Fernverkehr AG;127712;Berlin Gesundbrunnen;9941;München Hbf;76680;113220;609;18;829.3;81.7;1.93;1;2;1.0;1;ICE;;Berlin;München
265979;77;10;ICE;ICE;DB Fernverkehr AG;691821;Düsseldorf Hbf;391201;Berlin Südkreuz;24480;40680;270;13;512.4;113.9;2.15;3;056;1.0;1;ICE;;Düsseldorf;Berlin
265995;87;41;ICE;ICE;DB Fernverkehr AG;517455;Köln Hbf;9941;München Hbf;12060;29580;292;12;503.4;103.4;1.99;1;5;1.0;1;ICE;;Köln;München
266166;26;55;IC;IC;DB Fernverkehr AG;53188;Leipzig Hbf;635340;Heidelberg Hbf;24000;56040;534;23;731.6;82.2;2.87;2;56;1.0;1;IC;;Leipzig;Heidelberg
266679;57;19;ICE;ICE;DB Fernverkehr AG;391201;Berlin Südkreuz;517455;Köln Hbf;60720;79620;315;7;506.8;96.5;0.99;3;135;1.0;1;ICE;;Berlin;Köln
266719;23;12;ICE;ICE;DB Fernverkehr AG;297876;Basel Bad Bf;613345;Berlin Hbf;23100;48840;429;15;826.9;115.6;1.57;1;0;0.933;0;ICE;;Basel;Berlin
266941;45;25;ICE;ICE;DB Fernverkehr AG;331094;Hamburg Dammtor;9941;München Hbf;28380;49800;357;12;704.8;118.4;1.42;13;0123456;1.0;1;ICE;;Hamburg;München
267037;17;;ICE;ICE;Nederlandse Spoorwegen;65847;Hengelo;396218;Amersfoort Centraal;58140;62640;75;4;98.2;78.6;2.04;2;56;0.0;0;ICE;;Hengelo;Amersfoort Centraal
267152;65;97;EC;IC;DB Fernverkehr AG;53188;Leipzig Hbf;262513;Horka(Gr);38220;47220;150;4;187.0;74.8;1.07;8;0123456;0.75;0;IC;;Leipzig;Horka
267269;10;20;ICE;ICE;DB Fernverkehr AG;331094;Hamburg Dammtor;464157;Basel SBB;44460;69660;420;13;741.5;105.9;1.48;16;01234;0.846;0;ICE;;Hamburg;Basel
267388;36;43;ICE;ICE;DB Fernverkehr AG;396514;Hamburg-Altona;517455;Köln Hbf;73440;90960;292;13;397.0;81.6;2.77;2;02;1.0;1;ICE-SPRINTER;SPR-2;Hamburg;Köln
26744;17;;ICE;ICE;Nederlandse Spoorwegen;575362;Arnhem Centraal;79866;Amsterdam Centraal;52080;55740;61;3;90.6;89.1;1.1;13;456;0.0;0;ICE;;Arnhem Centraal;Amsterdam
268205;33;42;ICE;ICE;DB Fernverkehr AG;9941;München Hbf;396514;Hamburg-Altona;19980;52440;541;18;888.2;98.5;1.8;2;56;1.0;1;ICE;;München;Hamburg
268433;5;50;ICE;ICE;DB Fernverkehr AG;224643;Dresden Hbf;38672;Frankfurt(M) Flughafen Fernbf;29460;46560;285;11;436.8;92.0;2.06;26;0123456;1.0;1;ICE;;Dresden;Frankfurt
268530;62;13;ICE;ICE;DB Fernverkehr AG;127712;Berlin Gesundbrunnen;38672;Frankfurt(M) Flughafen Fernbf;33480;49920;274;11;539.3;118.1;1.67;21;0123456;1.0;1;ICE-SPRINTER;SPR-5;Berlin;Frankfurt
268671;22;;IC;IC;SBB;96724;Zürich HB;556408;Schaffhausen;27420;29580;36;2;36.3;60.4;0.0;2;56;0.0;0;IC;;Zürich;Schaffhausen
268679;37;82;ICE;ICE;DB Fernverkehr AG;412384;Strasbourg;176697;Frankfurt(Main)Hbf;68940;76020;118;5;194.4;98.9;1.54;1;6;0.6;0;ICE;;Strasbourg;Frankfurt
268700;22;;IC;IC;SBB;96724;Zürich HB;556408;Schaffhausen;67020;69180;36;2;36.3;60.4;0.0;2;5;0.0;0;IC;;Zürich;Schaffhausen
268986;72;;ICE;ICE;SBB;583614;Chur;464157;Basel SBB;45480;53520;134;5;176.5;79.0;1.7;10;0123456;0.0;0;ICE;;Chur;Basel
269167;3;26;ICE;ICE;DB Fernverkehr AG;176697;Frankfurt(Main)Hbf;477761;Bremen Hbf;23160;38700;259;10;396.3;91.8;2.02;4;1234;1.0;1;ICE;;Frankfurt;Bremen
269335;78;15;ICE;ICE;DB Fernverkehr AG;176697;Frankfurt(Main)Hbf;446029;Stralsund Hbf;46920;72540;427;8;632.5;88.9;0.95;6;01234;1.0;1;ICE;;Frankfurt;Stralsund
269834;26;55;IC;IC;DB Fernverkehr AG;517455;Köln Hbf;635340;Heidelberg Hbf;67980;77640;161;6;218.9;81.6;1.83;4;1234;1.0;1;IC;;Köln;Heidelberg
270130;61;1;ICE;ICE;DB Fernverkehr AG;396514;Hamburg-Altona;99055;Nürnberg Hbf;57240;90120;548;13;787.3;86.2;1.4;1;5;1.0;1;ICE;;Hamburg;Nürnberg
270250;26;55;IC;IC;DB Fernverkehr AG;497089;Karlsruhe Hbf;640892;Dortmund Hbf;71700;87840;269;11;349.5;78.0;2.57;3;236;1.0;1;IC;;Karlsruhe;Dortmund
270314;50;61;IC;IC;DB Fernverkehr AG;497089;Karlsruhe Hbf;90261;Regensburg Hbf;68760;85140;273;12;340.4;74.8;2.94;3;234;1.0;1;IC;;Karlsruhe;Regensburg
270371;10;20;ICE;ICE;DB Fernverkehr AG;331094;Hamburg Dammtor;87362;Wiesbaden Hbf;73260;94320;351;11;483.4;82.6;1.86;1;6;1.0;1;ICE;;Hamburg;Wiesbaden
27042;60;;IC;IC;DB Fernverkehr (Codesharing);79866;Amsterdam Centraal;575362;Arnhem Centraal;75660;79260;60;3;90.6;90.6;1.1;4;0134;0.0;0;IC;;Amsterdam;Arnhem Centraal
270554;22;;IC;IC;SBB;556408;Schaffhausen;96724;Zürich HB;67620;69780;36;2;36.3;60.4;0.0;11;0123456;0.0;0;IC;;Schaffhausen;Zürich
27063;46;60;ICE;ICE;DB Fernverkehr AG;253250;Ulm Hbf;9941;München Hbf;23880;28500;77;5;124.9;97.4;2.4;1;0;1.0;1;ICE;;Ulm;München
270677;13;;RJ;SONSTIGE;Dänische Staatsbahnen;310614;Flensburg;274287;Koebenhavn H;7080;21600;242;8;284.6;70.6;2.11;1;1;0.25;0;SONSTIGE;;Flensburg;København
270933;48;;EC;IC;SBB;96724;Zürich HB;63619;St. Margrethen SG;55920;60540;77;5;91.3;71.2;3.29;8;01234;0.0;0;IC;;Zürich;St. Margrethen SG
271026;70;;EN;SONSTIGE;HZZP;440759;Zagreb Glavni kolodvor;597555;Jesenice(Gr);70740;84300;226;11;182.1;48.3;4.94;31;0123456;0.0;0;SONSTIGE;;Zagreb Glavni kolodvor;Jesenice
271165;87;41;ICE;ICE;DB Fernverkehr AG;691821;Düsseldorf Hbf;9941;München Hbf;69480;87480;300;10;531.1;106.2;1.51;8;0123456;1.0;1;ICE;;Düsseldorf;München
271241;17;;ICE;ICE;Nederlandse Spoorwegen;24890;Utrecht Centraal;65847;Hengelo;51480;57060;93;5;117.6;75.9;2.55;2;56;0.0;0;ICE;;Utrecht Centraal;Hengelo
271253;2;56;IC;IC;DB Fernverkehr AG;195950;Norddeich Mole;53188;Leipzig Hbf;27360;51300;399;22;501.5;75.4;3.99;4;5;1.0;1;IC;;Norddeich Mole;Leipzig
271884;17;;ICE;ICE;Nederlandse Spoorwegen;65847;Hengelo;79866;Amsterdam Centraal;29340;36120;113;6;139.3;74.0;2.87;1;0;0.0;0;ICE;;Hengelo;Amsterdam
272146;17;;ICE;ICE;Nederlandse Spoorwegen;24890;Utrecht Centraal;65847;Hengelo;44280;49860;93;5;117.6;75.9;2.55;2;56;0.0;0;ICE;;Utrecht Centraal;Hengelo
27217;27;57;IC;IC;DB Fernverkehr AG;464794;Magdeburg Hbf;396514;Hamburg-Altona;25140;34620;158;8;236.1;89.7;2.54;3;5;1.0;1;IC;;Magdeburg;Hamburg
272224;22;;IC;IC;SBB;96724;Zürich HB;556408;Schaffhausen;31020;33180;36;2;36.3;60.4;0.0;9;456;0.0;0;IC;;Zürich;Schaffhausen
272457;6;;RJ;SONSTIGE;ÖBB;695368;Salzburg Hbf;160045;Flughafen Wien;36420;61020;410;21;489.9;71.7;3.88;31;0123456;0.0;0;SONSTIGE;;Salzburg;Flughafen Wien
272766;47;62;ICE;ICE;DB Fernverkehr AG;176697;Frankfurt(Main)Hbf;9941;München Hbf;65460;79980;242;11;354.6;87.9;2.54;5;01234;1.0;1;ICE;;Frankfurt;München
27301;87;41;ICE;ICE;DB Fernverkehr AG;9941;München Hbf;640892;Dortmund Hbf;63960;87720;396;12;596.2;90.3;1.68;1;5;1.0;1;ICE;;München;Dortmund
273343;10;20;ICE;ICE;DB Fernverkehr AG;87362;Wiesbaden Hbf;428519;Hamburg Hbf;16320;34080;296;9;481.5;97.6;1.45;1;3;1.0;1;ICE;;Wiesbaden;Hamburg
273429;14;;EC;IC;ÖBB;167729;Lindau-Reutin;63619;St. Margrethen SG;67920;68940;17;3;15.5;54.9;;14;0123456;0.333;0;IC;;Lindau-Reutin;St. Margrethen SG
273590;60;;IC;IC;DB Fernverkehr (Codesharing);79866;Amsterdam Centraal;575362;Arnhem Centraal;75660;79260;60;3;90.6;90.6;1.1;1;3;0.0;0;IC;;Amsterdam;Arnhem Centraal
273751;88;;IC;IC;Dänische Staatsbahnen;328829;Fredericia st;310614;Flensburg;30600;35580;83;10;112.7;81.4;7.1;21;01234;0.2;0;IC;;Fredericia st;Flensburg
274462;87;41;ICE;ICE;DB Fernverkehr AG;640892;Dortmund Hbf;9941;München Hbf;14400;36720;372;17;609.1;98.2;2.46;1;5;1.0;1;ICE;;Dortmund;München
274529;82;95;EC;IC;DB Fernverkehr AG;42071;Rzepin;127712;Berlin Gesundbrunnen;53400;59100;95;5;101.3;64.0;2.96;5;12345;0.8;0;IC;;Rzepin;Berlin
275465;10;20;ICE;ICE;DB Fernverkehr AG;464157;Basel SBB;428519;Hamburg Hbf;17160;41340;403;13;740.1;110.2;1.49;4;1234;0.846;0;ICE;;Basel;Hamburg
275684;31;11;ICE;ICE;DB Fernverkehr AG;127712;Berlin Gesundbrunnen;9941;München Hbf;47340;76500;486;15;817.7;101.0;1.59;22;0123456;1.0;1;ICE;;Berlin;München
276572;84;77;ICE;ICE;DB Fernverkehr AG;391201;Berlin Südkreuz;65847;Hengelo;29160;43620;241;10;456.9;113.8;1.75;2;35;0.9;0;ICE;;Berlin;Hengelo
277259;32;18;ICE;ICE;DB Fernverkehr AG;396514;Hamburg-Altona;391201;Berlin Südkreuz;77760;86400;144;7;273.2;113.8;1.83;19;0123456;1.0;1;ICE;;Hamburg;Berlin
27781;36;43;ICE;ICE;DB Fernverkehr AG;428519;Hamburg Hbf;517455;Köln Hbf;74700;93780;318;7;370.5;69.9;1.35;1;0;1.0;1;ICE-SPRINTER;SPR-2;Hamburg;Köln
278807;91;79;ICE;ICE;DB Fernverkehr AG;257676;Bruxelles Midi;176697;Frankfurt(Main)Hbf;58920;70020;185;8;356.7;115.7;1.68;1;0;0.625;0;ICE;;Bruxelles;Frankfurt
278935;68;91;ICE;ICE;DB Fernverkehr AG;640892;Dortmund Hbf;99055;Nürnberg Hbf;16500;39180;378;12;456.0;72.4;2.19;2;03;1.0;1;ICE;;Dortmund;Nürnberg
279113;17;;ICE;ICE;Nederlandse Spoorwegen;79866;Amsterdam Centraal;65847;Hengelo;43200;49860;111;6;139.3;75.3;2.87;17;0123456;0.0;0;ICE;;Amsterdam;Hengelo
279649;5;50;ICE;ICE;DB Fernverkehr AG;38672;Frankfurt(M) Flughafen Fernbf;224643;Dresden Hbf;68520;86940;307;11;436.8;85.4;2.06;2;56;1.0;1;ICE;;Frankfurt;Dresden
280212;77;10;ICE;ICE;DB Fernverkehr AG;613345;Berlin Hbf;517455;Köln Hbf;64020;82500;308;11;535.3;104.3;1.68;1;4;1.0;1;ICE;;Berlin;Köln
28025;36;43;ICE;ICE;DB Fernverkehr AG;598255;Offenburg;640892;Dortmund Hbf;73440;88980;259;13;442.9;102.6;2.48;1;5;1.0;1;ICE;;Offenburg;Dortmund
280390;81;83;ICE;ICE;SNCF;412384;Strasbourg;335130;Paris Est;30120;36300;103;2;395.5;230.4;0.0;5;01234;0.0;0;ICE;;Strasbourg;Paris
280738;14;;EC;IC;ÖBB;63619;St. Margrethen SG;167729;Lindau-Reutin;46260;47280;17;3;15.5;54.9;;5;01234;0.333;0;IC;;St. Margrethen SG;Lindau-Reutin
281562;10;20;ICE;ICE;DB Fernverkehr AG;331094;Hamburg Dammtor;87362;Wiesbaden Hbf;73260;93120;331;11;483.6;87.7;1.86;1;4;1.0;1;ICE;;Hamburg;Wiesbaden
281786;44;17;IC;IC;DB Fernverkehr AG;157968;Rostock Hbf;224643;Dresden Hbf;66000;81660;261;9;368.9;84.8;1.9;1;0;1.0;1;IC;;Rostock;Dresden
282251;91;79;ICE;ICE;DB Fernverkehr AG;257676;Bruxelles Midi;176697;Frankfurt(Main)Hbf;73500;87480;233;8;357.1;92.0;1.68;3;012;0.625;0;ICE;;Bruxelles;Frankfurt
282302;50;61;IC;IC;DB Fernverkehr AG;90261;Regensburg Hbf;497089;Karlsruhe Hbf;22920;39180;271;12;340.4;75.4;2.94;3;034;1.0;1;IC;;Regensburg;Karlsruhe
283106;88;;IC;IC;Dänische Staatsbahnen;328829;Fredericia st;310614;Flensburg;45000;49980;83;10;112.7;81.4;7.1;26;012346;0.2;0;IC;;Fredericia st;Flensburg
283459;87;41;ICE;ICE;DB Fernverkehr AG;517455;Köln Hbf;9941;München Hbf;70500;91560;351;9;501.2;85.7;1.4;2;12;1.0;1;ICE;;Köln;München
28371;78;15;ICE;ICE;DB Fernverkehr AG;552264;Ostseebad Binz;226858;Darmstadt Hbf;55440;85740;505;14;723.4;86.0;1.66;1;3;1.0;1;ICE;;Ostseebad Binz;Darmstadt
283791;44;17;IC;IC;DB Fernverkehr AG;157968;Rostock Hbf;224643;Dresden Hbf;66000;80880;248;9;369.0;89.3;1.9;2;06;1.0;1;IC;;Rostock;Dresden
284109;10;20;ICE;ICE;DB Fernverkehr AG;87362;Wiesbaden Hbf;428519;Hamburg Hbf;17100;34140;284;9;481.5;101.7;1.45;2;6;1.0;1;ICE;;Wiesbaden;Hamburg
284115;17;;ICE;ICE;Nederlandse Spoorwegen;24890;Utrecht Centraal;65847;Hengelo;58680;64260;93;5;117.6;75.9;2.55;2;56;0.0;0;ICE;;Utrecht Centraal;Hengelo
284459;17;;ICE;ICE;Nederlandse Spoorwegen;79866;Amsterdam Centraal;65847;Hengelo;64800;71460;111;6;139.3;75.3;2.87;1;0;0.0;0;ICE;;Amsterdam;Hengelo
284523;13;;RJ;SONSTIGE;Dänische Staatsbahnen;10831;Schleswig;274287;Koebenhavn H;66420;77880;191;7;314.3;98.7;1.59;8;0123456;0.286;0;SONSTIGE;;Schleswig;København
285159;68;91;ICE;ICE;DB Fernverkehr AG;396514;Hamburg-Altona;565099;Kufstein;41820;74040;537;18;952.8;106.5;1.68;22;0123456;0.944;0;ICE;;Hamburg;Kufstein
285473;77;10;ICE;ICE;DB Fernverkehr AG;391201;Berlin Südkreuz;517455;Köln Hbf;85320;111540;437;20;561.3;77.1;3.21;4;1234;1.0;1;ICE;;Berlin;Köln
285604;87;41;ICE;ICE;DB Fernverkehr AG;99055;Nürnberg Hbf;9941;München Hbf;21360;25980;77;3;149.8;116.8;0.67;3;234;1.0;1;ICE;;Nürnberg;München
286063;36;43;ICE;ICE;DB Fernverkehr AG;428519;Hamburg Hbf;297876;Basel Bad Bf;53100;81540;474;15;814.6;103.1;1.6;5;0136;0.933;0;ICE;;Hamburg;Basel
286517;23;12;ICE;ICE;DB Fernverkehr AG;598255;Offenburg;613345;Berlin Hbf;34020;56040;367;13;722.1;118.1;1.52;2;56;1.0;1;ICE;;Offenburg;Berlin
286863;9;87;IC;IC;DB Fernverkehr AG;556408;Schaffhausen;668361;Stuttgart Hbf;19800;28860;151;12;153.3;60.9;6.52;12;01234;0.917;0;IC;;Schaffhausen;Stuttgart
286949;21;95;EC;IC;PKP Intercity;42071;Rzepin;39653;Warszawa Wschodnia;54480;69300;247;9;430.8;104.7;1.62;2;34;0.0;0;IC;;Rzepin;Warszawa
287009;37;82;ICE;ICE;DB Fernverkehr AG;180380;Saarbrücken Hbf;176697;Frankfurt(Main)Hbf;68400;75780;123;4;182.3;88.9;1.1;13;012346;1.0;1;ICE;;Saarbrücken;Frankfurt
287537;77;10;ICE;ICE;DB Fernverkehr AG;127712;Berlin Gesundbrunnen;517455;Köln Hbf;86220;108900;378;16;551.5;87.5;2.54;1;4;1.0;1;ICE;;Berlin;Köln
288525;83;96;EC;IC;PKP Intercity;42071;Rzepin;401361;Przemysl Glowny;36660;67620;516;22;703.3;81.8;2.84;1;3;0.0;0;IC;;Rzepin;Przemysl Glowny
289948;77;10;ICE;ICE;DB Fernverkehr AG;691821;Düsseldorf Hbf;391201;Berlin Südkreuz;31740;49200;291;11;507.0;104.5;1.78;1;6;1.0;1;ICE;;Düsseldorf;Berlin
289953;72;;ICE;ICE;SBB;464157;Basel SBB;228347;Brig;70200;78060;131;7;178.9;81.9;2.79;1;6;0.0;0;ICE;;Basel;Brig
290953;16;60;IC;IC;DB Fernverkehr AG;497089;Karlsruhe Hbf;668361;Stuttgart Hbf;24540;28260;62;2;61.6;59.6;0.0;1;1;1.0;1;IC;;Karlsruhe;Stuttgart
29144;31;11;ICE;ICE;DB Fernverkehr AG;668361;Stuttgart Hbf;127712;Berlin Gesundbrunnen;24540;45780;354;11;620.8;105.2;1.45;4;56;1.0;1;ICE;;Stuttgart;Berlin
29166;36;43;ICE;ICE;DB Fernverkehr AG;396514;Hamburg-Altona;598255;Offenburg;15960;41520;426;17;732.2;103.1;2.05;2;56;1.0;1;ICE;;Hamburg;Offenburg
292032;77;10;ICE;ICE;DB Fernverkehr AG;613345;Berlin Hbf;691821;Düsseldorf Hbf;35220;50880;261;10;502.4;115.5;1.59;17;0123456;1.0;1;ICE;;Berlin;Düsseldorf
292644;53;47;ICE;ICE;DB Fernverkehr AG;9941;München Hbf;640892;Dortmund Hbf;58800;78420;327;11;608.9;111.7;1.48;2;45;1.0;1;ICE;;München;Dortmund
292775;77;10;ICE;ICE;DB Fernverkehr AG;517455;Köln Hbf;391201;Berlin Südkreuz;41880;58800;282;10;510.6;108.6;1.57;8;0123456;1.0;1;ICE;;Köln;Berlin
293037;9;87;IC;IC;DB Fernverkehr AG;398625;Oberndorf(Neckar);668361;Stuttgart Hbf;37740;41520;63;3;70.9;67.6;1.41;5;23456;1.0;1;IC;;Oberndorf;Stuttgart
29349;47;62;ICE;ICE;DB Fernverkehr AG;668361;Stuttgart Hbf;226858;Darmstadt Hbf;28920;33900;83;5;130.7;94.5;2.3;1;6;1.0;1;ICE;;Stuttgart;Darmstadt
293749;23;12;ICE;ICE;DB Fernverkehr AG;613345;Berlin Hbf;497089;Karlsruhe Hbf;67020;86640;327;12;658.2;120.8;1.52;1;4;1.0;1;ICE;;Berlin;Karlsruhe
293910;36;43;ICE;ICE;DB Fernverkehr AG;464157;Basel SBB;640892;Dortmund Hbf;69360;88680;322;11;517.4;96.4;1.74;7;012456;0.818;0;ICE;;Basel;Dortmund
294043;91;79;ICE;ICE;DB Fernverkehr AG;176697;Frankfurt(Main)Hbf;257676;Bruxelles Midi;59640;70500;181;8;356.7;118.3;1.68;1;5;0.625;0;ICE;;Frankfurt;Bruxelles
294103;45;25;ICE;ICE;DB Fernverkehr AG;9941;München Hbf;428519;Hamburg Hbf;80880;112260;523;11;694.0;79.6;1.3;1;2;1.0;1;ICE;;München;Hamburg
294493;57;19;ICE;ICE;DB Fernverkehr AG;391201;Berlin Südkreuz;517455;Köln Hbf;24720;40440;262;8;509.5;116.7;1.18;3;056;1.0;1;ICE-SPRINTER;SPR-3;Berlin;Köln
295018;33;42;ICE;ICE;DB Fernverkehr AG;176697;Frankfurt(Main)Hbf;396514;Hamburg-Altona;84120;110640;442;21;608.4;82.6;3.12;1;5;1.0;1;ICE-SPRINTER;SPR-1;Frankfurt;Hamburg
29509;87;41;ICE;ICE;DB Fernverkehr AG;9941;München Hbf;640892;Dortmund Hbf;60240;81000;346;10;572.3;99.2;1.4;3;012;1.0;1;ICE;;München;Dortmund
295806;9;87;IC;IC;DB Fernverkehr AG;398625;Oberndorf(Neckar);668361;Stuttgart Hbf;41520;45780;71;5;71.0;60.0;4.22;5;23456;1.0;1;IC;;Oberndorf;Stuttgart
296109;77;10;ICE;ICE;DB Fernverkehr AG;613345;Berlin Hbf;640892;Dortmund Hbf;24420;36720;205;7;435.2;127.4;1.15;12;0123456;1.0;1;ICE;;Berlin;Dortmund
296203;57;19;ICE;ICE;DB Fernverkehr AG;517455;Köln Hbf;391201;Berlin Südkreuz;24300;39840;259;8;509.5;118.0;1.18;18;012346;1.0;1;ICE-SPRINTER;SPR-3;Köln;Berlin
297037;79;4;ICE;ICE;DB Fernverkehr AG;176697;Frankfurt(Main)Hbf;428519;Hamburg Hbf;21720;34560;214;3;395.3;110.8;0.25;11;012345;1.0;1;ICE-SPRINTER;SPR-1;Frankfurt;Hamburg
297408;33;42;ICE;ICE;DB Fernverkehr AG;9941;München Hbf;517455;Köln Hbf;70080;92100;367;8;503.8;82.4;1.19;3;012;1.0;1;ICE;;München;Köln
297721;87;41;ICE;ICE;DB Fernverkehr AG;9941;München Hbf;176697;Frankfurt(Main)Hbf;71100;84300;220;7;342.5;93.4;1.46;1;1;1.0;1;ICE;;München;Frankfurt
297743;77;10;ICE;ICE;DB Fernverkehr AG;613345;Berlin Hbf;517455;Köln Hbf;35220;51720;275;9;505.1;110.2;1.39;7;0123456;1.0;1;ICE;;Berlin;Köln
29783;46;60;ICE;ICE;DB Fernverkehr AG;9941;München Hbf;180380;Saarbrücken Hbf;54360;69420;251;9;404.1;96.6;1.73;3;234;1.0;1;ICE;;München;Saarbrücken
298326;45;25;ICE;ICE;DB Fernverkehr AG;428519;Hamburg Hbf;9941;München Hbf;80880;110520;494;11;694.0;84.3;1.3;2;46;1.0;1;ICE;;Hamburg;München
298328;68;91;ICE;ICE;DB Fernverkehr AG;99055;Nürnberg Hbf;428519;Hamburg Hbf;59160;79800;344;11;685.4;119.5;1.31;9;0123456;1.0;1;ICE;;Nürnberg;Hamburg
298421;48;;EC;IC;SBB;96724;Zürich HB;63619;St. Margrethen SG;70320;74940;77;5;91.3;71.2;3.29;2;56;0.0;0;IC;;Zürich;St. Margrethen SG
298618;45;25;ICE;ICE;DB Fernverkehr AG;9941;München Hbf;93866;Hannover Hbf;54720;70320;260;7;548.1;126.5;0.91;2;56;1.0;1;ICE;;München;Hannover
299015;23;12;ICE;ICE;DB Fernverkehr AG;391201;Berlin Südkreuz;464157;Basel SBB;22800;49680;448;17;835.0;111.8;1.8;23;0123456;0.882;0;ICE;;Berlin;Basel
299217;31;11;ICE;ICE;DB Fernverkehr AG;127712;Berlin Gesundbrunnen;9941;München Hbf;76680;115140;641;18;829.4;77.6;1.93;1;5;1.0;1;ICE;;Berlin;München
299270;43;;EN;SONSTIGE;MAV;26993;Decin hl.n.;619325;Budapest-Nyugati;82680;118140;591;14;587.3;59.6;2.04;2;45;0.0;0;SONSTIGE;;Decin hl.n.;Budapest
299342;60;;IC;IC;DB Fernverkehr (Codesharing);96724;Zürich HB;464157;Basel SBB;71940;75120;53;2;73.9;83.7;0.0;2;34;0.0;0;IC;;Zürich;Basel
299458;18;;ICE;ICE;ÖBB;695368;Salzburg Hbf;338037;Graz Hbf;65220;78960;229;14;305.4;80.0;3.93;2;04;0.0;0;ICE;;Salzburg;Graz
299483;33;42;ICE;ICE;DB Fernverkehr AG;396514;Hamburg-Altona;668361;Stuttgart Hbf;62760;90660;465;15;688.7;88.9;1.89;1;5;1.0;1;ICE;;Hamburg;Stuttgart
300044;48;;EC;IC;SBB;96724;Zürich HB;63619;St. Margrethen SG;41520;46140;77;5;91.3;71.2;3.29;5;01234;0.0;0;IC;;Zürich;St. Margrethen SG
300205;78;15;ICE;ICE;DB Fernverkehr AG;552264;Ostseebad Binz;226858;Darmstadt Hbf;55440;84000;476;14;721.8;91.0;1.66;1;1;1.0;1;ICE;;Ostseebad Binz;Darmstadt
300545;55;;RJ;SONSTIGE;Ceske Drahy;653775;Praha hl.n.;26993;Decin hl.n.;37860;43080;87;4;87.0;60.0;2.3;26;123456;0.0;0;SONSTIGE;;Praha;Decin hl.n.
3006;47;62;ICE;ICE;DB Fernverkehr AG;226858;Darmstadt Hbf;695368;Salzburg Hbf;30600;50340;329;13;451.0;82.2;2.44;2;56;0.923;0;ICE;;Darmstadt;Salzburg
301411;77;10;ICE;ICE;DB Fernverkehr AG;391201;Berlin Südkreuz;691821;Düsseldorf Hbf;19560;36480;282;12;509.8;108.5;1.96;17;0123456;1.0;1;ICE;;Berlin;Düsseldorf
301634;94;88;ECE;ICE;DB Fernverkehr AG;167729;Lindau-Reutin;9941;München Hbf;76200;83040;114;4;163.5;86.1;1.22;10;012456;1.0;1;ICE;;Lindau-Reutin;München
301712;14;;EC;IC;ÖBB;63619;St. Margrethen SG;167729;Lindau-Reutin;24660;25680;17;3;15.5;54.9;;4;0345;0.333;0;IC;;St. Margrethen SG;Lindau-Reutin
301900;4;3;ICE;ICE;DB Fernverkehr AG;613345;Berlin Hbf;667068;Frankfurt(M) Flughafen Regionalbf;43320;58800;258;4;435.5;101.3;0.46;9;01234;1.0;1;ICE-SPRINTER;SPR-5;Berlin;Frankfurt
301935;40;78;ICE;ICE;DB Fernverkehr AG;575362;Arnhem Centraal;176697;Frankfurt(Main)Hbf;27240;37620;173;10;310.4;107.7;2.58;11;01234;0.8;0;ICE;;Arnhem Centraal;Frankfurt
302267;61;1;ICE;ICE;DB Fernverkehr AG;396514;Hamburg-Altona;99055;Nürnberg Hbf;57240;89820;543;13;787.3;87.0;1.4;1;5;1.0;1;ICE;;Hamburg;Nürnberg
302647;87;41;ICE;ICE;DB Fernverkehr AG;517455;Köln Hbf;9941;München Hbf;48900;65520;277;8;500.5;108.4;1.2;2;56;1.0;1;ICE;;Köln;München
302828;91;79;ICE;ICE;DB Fernverkehr AG;257676;Bruxelles Midi;176697;Frankfurt(Main)Hbf;73500;85140;194;11;358.5;110.9;2.51;1;1;0.727;0;ICE;;Bruxelles;Frankfurt
302974;50;61;IC;IC;DB Fernverkehr AG;497089;Karlsruhe Hbf;99055;Nürnberg Hbf;61560;73080;192;8;238.6;74.6;2.51;5;01256;1.0;1;IC;;Karlsruhe;Nürnberg
30300;82;95;EC;IC;DB Fernverkehr AG;127712;Berlin Gesundbrunnen;42071;Rzepin;42240;47220;83;5;101.3;73.2;2.96;1;4;0.8;0;IC;;Berlin;Rzepin
303680;77;10;ICE;ICE;DB Fernverkehr AG;691821;Düsseldorf Hbf;391201;Berlin Südkreuz;38940;55080;269;13;512.4;114.3;2.15;1;6;1.0;1;ICE;;Düsseldorf;Berlin
303706;36;43;ICE;ICE;DB Fernverkehr AG;396514;Hamburg-Altona;464157;Basel SBB;51960;82080;502;18;822.4;98.3;1.95;1;4;0.889;0;ICE;;Hamburg;Basel
303750;47;62;ICE;ICE;DB Fernverkehr AG;176697;Frankfurt(Main)Hbf;668361;Stuttgart Hbf;72600;78900;105;6;156.8;89.6;2.55;27;0123456;1.0;1;ICE;;Frankfurt;Stuttgart
30394;11;27;ICE;ICE;DB Fernverkehr AG;224643;Dresden Hbf;127712;Berlin Gesundbrunnen;75180;83340;136;5;170.2;75.1;1.76;2;15;1.0;1;ICE;;Dresden;Berlin
30405;32;18;ICE;ICE;DB Fernverkehr AG;9941;München Hbf;127712;Berlin Gesundbrunnen;82320;110220;465;18;591.7;76.3;2.7;1;0;1.0;1;ICE;;München;Berlin
304067;10;20;ICE;ICE;DB Fernverkehr AG;428519;Hamburg Hbf;464157;Basel SBB;37740;62460;412;12;740.0;107.8;1.35;6;012346;0.833;0;ICE;;Hamburg;Basel
304079;8;90;EC;IC;DB Fernverkehr AG;552402;Simbach(Inn);9941;München Hbf;37200;43260;101;4;110.3;65.5;1.81;5;6;1.0;1;IC;;Simbach;München
304240;50;61;IC;IC;DB Fernverkehr AG;99055;Nürnberg Hbf;497089;Karlsruhe Hbf;56460;67980;192;11;252.2;78.8;3.57;3;123;1.0;1;IC;;Nürnberg;Karlsruhe
304259;33;42;ICE;ICE;DB Fernverkehr AG;396514;Hamburg-Altona;9941;München Hbf;69960;108480;642;21;903.2;84.4;2.1;1;0;1.0;1;ICE;;Hamburg;München
304328;91;79;ICE;ICE;DB Fernverkehr AG;176697;Frankfurt(Main)Hbf;517455;Köln Hbf;72840;77940;85;6;161.5;114.0;2.48;3;012;1.0;1;ICE;;Frankfurt;Köln
304371;17;;ICE;ICE;Nederlandse Spoorwegen;575362;Arnhem Centraal;79866;Amsterdam Centraal;77340;80940;60;3;90.6;90.6;1.1;1;0;0.0;0;ICE;;Arnhem Centraal;Amsterdam
304635;10;20;ICE;ICE;DB Fernverkehr AG;464157;Basel SBB;428519;Hamburg Hbf;45960;70140;403;12;740.0;110.2;1.35;21;01234;0.833;0;ICE;;Basel;Hamburg
305275;36;43;ICE;ICE;DB Fernverkehr AG;396514;Hamburg-Altona;464157;Basel SBB;30300;60480;503;19;839.1;100.1;2.03;1;6;0.895;0;ICE;;Hamburg;Basel
305532;37;82;ICE;ICE;DB Fernverkehr AG;412384;Strasbourg;176697;Frankfurt(Main)Hbf;47340;54360;117;5;194.4;99.7;1.54;2;56;0.6;0;ICE;;Strasbourg;Frankfurt
305817;57;19;ICE;ICE;DB Fernverkehr AG;517455;Köln Hbf;93866;Hannover Hbf;74700;85380;178;4;254.8;85.9;0.79;2;23;1.0;1;ICE;;Köln;Hannover
306085;82;95;EC;IC;DB Fernverkehr AG;42071;Rzepin;354957;Frankfurt(Oder);60600;61740;19;3;19.2;60.7;;3;056;0.667;0;IC;;Rzepin;Frankfurt(Oder)
30674;12;29;ICE;ICE;DB Fernverkehr AG;613345;Berlin Hbf;9941;München Hbf;49020;63780;246;6;557.0;135.8;0.72;3;056;1.0;1;ICE-SPRINTER;SPR-4;Berlin;München
307295;89;35;IC;IC;DB Fernverkehr AG;691821;Düsseldorf Hbf;161450;Emden Hbf;65520;77100;193;13;281.8;87.6;3.9;11;012346;1.0;1;IC;;Düsseldorf;Emden
307429;56;1;IC;IC;SBB;96724;Zürich HB;510671;Bern;84720;88260;59;3;104.9;106.6;0.95;2;6;0.0;0;IC;;Zürich;Bern
30747;17;;ICE;ICE;Nederlandse Spoorwegen;65847;Hengelo;79866;Amsterdam Centraal;43740;50340;110;6;139.3;76.0;2.87;1;3;0.0;0;ICE;;Hengelo;Amsterdam
307893;55;;RJ;SONSTIGE;Ceske Drahy;26993;Decin hl.n.;269485;Sturovo;50220;77040;447;12;540.2;72.5;1.85;24;123456;0.0;0;SONSTIGE;;Decin hl.n.;Sturovo
307925;77;10;ICE;ICE;DB Fernverkehr AG;613345;Berlin Hbf;517455;Köln Hbf;67620;86100;308;12;539.8;105.2;1.85;1;5;1.0;1;ICE;;Berlin;Köln
308010;9;87;IC;IC;DB Fernverkehr AG;668361;Stuttgart Hbf;556408;Schaffhausen;22560;31500;149;14;153.1;61.7;7.84;7;012345;0.929;0;IC;;Stuttgart;Schaffhausen
308061;2;56;IC;IC;DB Fernverkehr AG;315947;Norddeich;337692;Berlin-Charlottenburg;20340;46860;442;21;543.4;73.8;3.5;10;01234;1.0;1;IC;;Norddeich;Berlin
309157;53;47;ICE;ICE;DB Fernverkehr AG;575362;Arnhem Centraal;9941;München Hbf;34440;56400;366;15;654.1;107.2;1.99;2;01;0.867;0;ICE;;Arnhem Centraal;München
309270;21;95;EC;IC;PKP Intercity;39653;Warszawa Wschodnia;42071;Rzepin;38940;53340;240;9;430.8;107.7;1.62;23;0123456;0.0;0;IC;;Warszawa;Rzepin
30961;46;60;ICE;ICE;DB Fernverkehr AG;9941;München Hbf;464157;Basel SBB;61080;79020;299;16;452.8;90.9;3.09;1;4;0.875;0;ICE;;München;Basel
309659;78;15;ICE;ICE;DB Fernverkehr AG;552264;Ostseebad Binz;391201;Berlin Südkreuz;55440;69000;226;10;271.3;72.0;2.95;9;456;1.0;1;ICE;;Ostseebad Binz;Berlin
31025;46;60;ICE;ICE;DB Fernverkehr AG;668361;Stuttgart Hbf;9941;München Hbf;22080;30600;142;8;198.2;83.7;3.03;21;0123456;1.0;1;ICE;;Stuttgart;München
310364;91;79;ICE;ICE;DB Fernverkehr AG;402204;Oostende;517455;Köln Hbf;51840;64200;206;10;308.0;89.7;2.6;4;56;0.3;0;ICE;;Oostende;Köln
310437;23;12;ICE;ICE;DB Fernverkehr AG;598255;Offenburg;613345;Berlin Hbf;26880;48840;366;13;722.1;118.4;1.52;2;56;1.0;1;ICE;;Offenburg;Berlin
310861;57;19;ICE;ICE;DB Fernverkehr AG;93866;Hannover Hbf;517455;Köln Hbf;24000;34680;178;4;254.8;85.9;0.79;4;1234;1.0;1;ICE;;Hannover;Köln
310921;75;;ECE;ICE;Dänische Staatsbahnen;368193;Padborg st;274287;Koebenhavn H;50580;60900;172;5;276.4;96.4;1.09;2;5;0.0;0;ICE;;Padborg st;København
310966;68;91;ICE;ICE;DB Fernverkehr AG;640892;Dortmund Hbf;99055;Nürnberg Hbf;16500;39180;378;10;443.7;70.4;1.8;4;0123;1.0;1;ICE;;Dortmund;Nürnberg
311119;2;56;IC;IC;DB Fernverkehr AG;53188;Leipzig Hbf;83956;Oldenburg(Oldb)Hbf;63720;80580;281;13;394.6;84.3;2.79;4;25;1.0;1;IC;;Leipzig;Oldenburg
311124;42;22;ICE;ICE;DB Fernverkehr AG;668361;Stuttgart Hbf;428519;Hamburg Hbf;62520;82440;332;8;583.5;105.4;1.03;1;3;1.0;1;ICE;;Stuttgart;Hamburg
311132;88;;IC;IC;Dänische Staatsbahnen;328829;Fredericia st;310614;Flensburg;37800;42780;83;10;112.7;81.4;7.1;9;123;0.2;0;IC;;Fredericia st;Flensburg
311771;38;28;ICE;ICE;DB Fernverkehr AG;396514;Hamburg-Altona;416646;Erfurt Hbf;73080;90900;297;9;515.6;104.2;1.36;2;01;1.0;1;ICE;;Hamburg;Erfurt
311945;9;87;IC;IC;DB Fernverkehr AG;668361;Stuttgart Hbf;398625;Oberndorf(Neckar);54960;59160;70;7;71.9;61.6;6.95;5;23456;1.0;1;IC;;Stuttgart;Oberndorf
312533;33;42;ICE;ICE;DB Fernverkehr AG;9941;München Hbf;396514;Hamburg-Altona;60;37980;632;23;921.0;87.4;2.28;4;023;1.0;1;ICE;;München;Hamburg
312673;9;87;IC;IC;DB Fernverkehr AG;556408;Schaffhausen;266187;Tuttlingen;72960;75480;42;4;42.9;61.3;4.66;2;23;0.75;0;IC;;Schaffhausen;Tuttlingen
312730;14;;EC;IC;ÖBB;655579;Hegyeshalom(Gr);695368;Salzburg Hbf;81300;94020;212;6;322.0;91.1;1.24;31;0123456;0.0;0;IC;;Hegyeshalom;Salzburg
312890;45;25;ICE;ICE;DB Fernverkehr AG;9941;München Hbf;428519;Hamburg Hbf;21000;43020;367;10;689.8;112.8;1.16;2;01;1.0;1;ICE;;München;Hamburg
313031;61;1;ICE;ICE;DB Fernverkehr AG;157968;Rostock Hbf;691821;Düsseldorf Hbf;21720;40920;320;8;521.3;97.7;1.15;4;1234;1.0;1;ICE;;Rostock;Düsseldorf
313204;2;56;IC;IC;DB Fernverkehr AG;549925;Leer(Ostfriesl);53188;Leipzig Hbf;16860;36900;334;17;446.3;80.2;3.36;2;03;1.0;1;IC;;Leer;Leipzig
313380;29;;EN;SONSTIGE;BahnTouristikExpress;327376;Berlin-Lichtenberg;478341;Stockholm Central;68760;121500;879;12;1185.6;80.9;0.84;5;04;0.25;0;SONSTIGE;;Berlin;Stockholm Central
313564;83;96;EC;IC;PKP Intercity;42071;Rzepin;246292;Krakow Glowny;65520;85560;334;12;476.6;85.6;2.1;8;0123456;0.0;0;IC;;Rzepin;Krakow Glowny
313728;37;82;ICE;ICE;DB Fernverkehr AG;176697;Frankfurt(Main)Hbf;180380;Saarbrücken Hbf;67980;75540;126;4;182.3;86.8;1.1;3;6;1.0;1;ICE;;Frankfurt;Saarbrücken
313731;31;11;ICE;ICE;DB Fernverkehr AG;428519;Hamburg Hbf;9941;München Hbf;40380;76500;602;17;1077.6;107.4;1.39;3;056;1.0;1;ICE;;Hamburg;München
314053;70;;EN;SONSTIGE;HZZP;695368;Salzburg Hbf;440759;Zagreb Glavni kolodvor;94200;124200;500;16;355.0;42.6;3.94;21;0123456;0.0;0;SONSTIGE;;Salzburg;Zagreb Glavni kolodvor
314147;72;;ICE;ICE;SBB;480653;Interlaken Ost;464157;Basel SBB;61140;68400;121;8;138.9;68.9;4.32;2;34;0.0;0;ICE;;Interlaken Ost;Basel
314215;42;22;ICE;ICE;DB Fernverkehr AG;428519;Hamburg Hbf;668361;Stuttgart Hbf;48540;67080;309;8;583.2;113.2;1.03;1;5;1.0;1;ICE;;Hamburg;Stuttgart
314292;21;95;EC;IC;PKP Intercity;42071;Rzepin;39653;Warszawa Wschodnia;40080;54900;247;9;430.8;104.7;1.62;21;0123456;0.0;0;IC;;Rzepin;Warszawa
314941;57;19;ICE;ICE;DB Fernverkehr AG;391201;Berlin Südkreuz;517455;Köln Hbf;24720;40440;262;8;509.5;116.7;1.18;18;0123456;1.0;1;ICE-SPRINTER;SPR-3;Berlin;Köln
315100;33;42;ICE;ICE;DB Fernverkehr AG;428519;Hamburg Hbf;9941;München Hbf;71100;108180;618;20;916.0;88.9;1.97;1;5;1.0;1;ICE;;Hamburg;München
315115;82;95;EC;IC;DB Fernverkehr AG;42071;Rzepin;127712;Berlin Gesundbrunnen;75000;80700;95;5;101.3;64.0;2.96;4;1234;0.8;0;IC;;Rzepin;Berlin
315365;47;62;ICE;ICE;DB Fernverkehr AG;9941;München Hbf;176697;Frankfurt(Main)Hbf;28020;42240;237;10;352.9;89.3;2.27;2;56;1.0;1;ICE;;München;Frankfurt
316028;31;11;ICE;ICE;DB Fernverkehr AG;668361;Stuttgart Hbf;428519;Hamburg Hbf;24540;53040;475;13;880.6;111.2;1.25;2;56;1.0;1;ICE;;Stuttgart;Hamburg
316388;3;26;ICE;ICE;DB Fernverkehr AG;93866;Hannover Hbf;477761;Bremen Hbf;63900;67440;59;2;100.4;102.1;0.0;6;01234;1.0;1;ICE;;Hannover;Bremen
316874;87;41;ICE;ICE;DB Fernverkehr AG;9941;München Hbf;176697;Frankfurt(Main)Hbf;70620;86580;266;6;338.7;76.4;1.18;1;5;1.0;1;ICE;;München;Frankfurt
316877;72;;ICE;ICE;SBB;583614;Chur;464157;Basel SBB;31080;39120;134;5;176.5;79.0;1.7;3;56;0.0;0;ICE;;Chur;Basel
317368;75;;ECE;ICE;Dänische Staatsbahnen;368193;Padborg st;274287;Koebenhavn H;75780;87300;192;5;276.4;86.4;1.09;1;2;0.0;0;ICE;;Padborg st;København
317434;93;96;EC;IC;DB Fernverkehr AG;127712;Berlin Gesundbrunnen;42071;Rzepin;45840;50940;85;5;101.3;71.5;2.96;5;12345;0.8;0;IC;;Berlin;Rzepin
317581;59;85;ECE;ICE;DB Fernverkehr AG;176697;Frankfurt(Main)Hbf;297876;Basel Bad Bf;28920;38700;163;6;299.5;110.2;1.34;18;01234;0.833;0;ICE;;Frankfurt;Basel
317631;32;18;ICE;ICE;DB Fernverkehr AG;127712;Berlin Gesundbrunnen;9941;München Hbf;84000;112500;475;17;585.6;74.0;2.56;14;012356;1.0;1;ICE;;Berlin;München
318024;22;;IC;IC;SBB;556408;Schaffhausen;96724;Zürich HB;67620;69780;36;2;36.3;60.4;0.0;3;234;0.0;0;IC;;Schaffhausen;Zürich
318106;95;17;ICE;ICE;DB Fernverkehr AG;129801;Warnemünde;127712;Berlin Gesundbrunnen;46440;55140;145;6;207.7;85.9;1.93;5;6;1.0;1;ICE;;Warnemünde;Berlin
318474;87;41;ICE;ICE;DB Fernverkehr AG;176697;Frankfurt(Main)Hbf;517455;Köln Hbf;20460;26160;95;7;162.1;102.4;3.08;4;56;1.0;1;ICE;;Frankfurt;Köln
318750;62;13;ICE;ICE;DB Fernverkehr AG;337692;Berlin-Charlottenburg;668361;Stuttgart Hbf;55620;77340;362;16;677.2;112.2;2.07;2;56;1.0;1;ICE;;Berlin;Stuttgart
318977;65;97;EC;IC;DB Fernverkehr AG;53188;Leipzig Hbf;262513;Horka(Gr);39300;47220;132;6;193.7;88.0;2.07;19;0123456;0.833;0;IC;;Leipzig;Horka
31899;61;1;ICE;ICE;DB Fernverkehr AG;396514;Hamburg-Altona;99055;Nürnberg Hbf;57240;90000;546;15;762.0;83.7;1.71;1;3;1.0;1;ICE;;Hamburg;Nürnberg
319906;36;43;ICE;ICE;DB Fernverkehr AG;464157;Basel SBB;428519;Hamburg Hbf;26160;54960;480;16;817.2;102.1;1.71;3;56;0.875;0;ICE;;Basel;Hamburg
320467;81;83;ICE;ICE;SNCF;335130;Paris Est;412384;Strasbourg;39180;45480;105;2;395.5;226.0;0.0;1;0;0.0;0;ICE;;Paris;Strasbourg
320697;91;79;ICE;ICE;DB Fernverkehr AG;517455;Köln Hbf;164260;Antwerpen Centraal;22260;32280;167;7;223.2;80.2;2.24;1;0;0.429;0;ICE;;Köln;Antwerpen Centraal
320792;91;79;ICE;ICE;DB Fernverkehr AG;176697;Frankfurt(Main)Hbf;257676;Bruxelles Midi;23640;34500;181;8;356.7;118.3;1.68;3;5;0.625;0;ICE;;Frankfurt;Bruxelles
321869;82;95;EC;IC;DB Fernverkehr AG;354957;Frankfurt(Oder);42071;Rzepin;60600;61620;17;3;19.2;67.8;;3;056;0.667;0;IC;;Frankfurt(Oder);Rzepin
321927;9;87;IC;IC;DB Fernverkehr AG;668361;Stuttgart Hbf;556408;Schaffhausen;73560;81900;139;9;151.9;65.6;4.61;10;0123456;0.889;0;IC;;Stuttgart;Schaffhausen
322066;20;49;ICE;ICE;DB Fernverkehr AG;517455;Köln Hbf;176697;Frankfurt(Main)Hbf;30540;35340;80;6;161.5;121.2;2.48;21;01234;1.0;1;ICE;;Köln;Frankfurt
322252;2;56;IC;IC;DB Fernverkehr AG;53188;Leipzig Hbf;161450;Emden Hbf;33600;56280;378;16;469.6;74.5;2.98;6;012356;1.0;1;IC;;Leipzig;Emden
322533;48;;EC;IC;SBB;96724;Zürich HB;63619;St. Margrethen SG;20100;24540;74;4;89.2;72.3;2.24;2;05;0.0;0;IC;;Zürich;St. Margrethen SG
32310;12;29;ICE;ICE;DB Fernverkehr AG;127712;Berlin Gesundbrunnen;9941;München Hbf;26760;42180;257;7;560.0;130.7;0.89;31;0123456;1.0;1;ICE-SPRINTER;SPR-4;Berlin;München
32377;36;43;ICE;ICE;DB Fernverkehr AG;464157;Basel SBB;396514;Hamburg-Altona;26160;56100;499;18;822.4;98.9;1.95;5;01234;0.889;0;ICE;;Basel;Hamburg
323813;9;87;IC;IC;DB Fernverkehr AG;556408;Schaffhausen;668361;Stuttgart Hbf;29760;38580;147;14;153.9;62.8;7.8;4;56;0.929;0;IC;;Schaffhausen;Stuttgart
324225;19;24;ICE;ICE;DB Fernverkehr AG;396514;Hamburg-Altona;565099;Kufstein;32640;59940;455;10;740.6;97.7;1.08;6;45;0.9;0;ICE;;Hamburg;Kufstein
324447;36;43;ICE;ICE;DB Fernverkehr AG;396514;Hamburg-Altona;517455;Köln Hbf;66360;85080;312;12;397.0;76.3;2.52;1;1;1.0;1;ICE-SPRINTER;SPR-2;Hamburg;Köln
324742;56;1;IC;IC;SBB;96724;Zürich HB;510671;Bern;84720;88260;59;3;104.9;106.6;0.95;3;145;0.0;0;IC;;Zürich;Bern
324987;67;33;ICE;ICE;DB Fernverkehr AG;691821;Düsseldorf Hbf;552264;Ostseebad Binz;32880;61380;475;17;613.6;77.5;2.44;7;0123456;1.0;1;ICE;;Düsseldorf;Ostseebad Binz
32535;5;50;ICE;ICE;DB Fernverkehr AG;38672;Frankfurt(M) Flughafen Fernbf;224643;Dresden Hbf;68520;91080;376;11;468.8;74.8;1.92;1;1;1.0;1;ICE;;Frankfurt;Dresden
325369;33;42;ICE;ICE;DB Fernverkehr AG;428519;Hamburg Hbf;668361;Stuttgart Hbf;63900;87300;390;15;711.6;109.5;1.83;1;2;1.0;1;ICE;;Hamburg;Stuttgart
325382;57;19;ICE;ICE;DB Fernverkehr AG;391201;Berlin Südkreuz;517455;Köln Hbf;46320;62100;263;8;509.5;116.2;1.18;21;0123456;1.0;1;ICE-SPRINTER;SPR-3;Berlin;Köln
325387;53;47;ICE;ICE;DB Fernverkehr AG;640892;Dortmund Hbf;9941;München Hbf;57180;78000;347;13;609.1;105.3;1.81;2;56;1.0;1;ICE;;Dortmund;München
325670;36;43;ICE;ICE;DB Fernverkehr AG;464157;Basel SBB;428519;Hamburg Hbf;40560;69360;480;15;816.0;102.0;1.59;6;0156;0.867;0;ICE;;Basel;Hamburg
325907;83;96;EC;IC;PKP Intercity;42071;Rzepin;401361;Przemysl Glowny;51060;82440;523;22;703.3;80.7;2.84;2;56;0.0;0;IC;;Rzepin;Przemysl Glowny
326315;32;18;ICE;ICE;DB Fernverkehr AG;9941;München Hbf;127712;Berlin Gesundbrunnen;83100;110220;452;18;591.7;78.5;2.7;1;5;1.0;1;ICE;;München;Berlin
32640;13;;RJ;SONSTIGE;Dänische Staatsbahnen;310614;Flensburg;274287;Koebenhavn H;7080;20340;221;8;284.6;77.3;2.11;1;5;0.25;0;SONSTIGE;;Flensburg;København
326585;1;;IC;IC;PKP Intercity;402680;Swinoujscie;401361;Przemysl Glowny;33720;75660;699;34;907.4;77.9;3.53;2;56;0.0;0;IC;;Swinoujscie;Przemysl Glowny
32742;16;60;IC;IC;DB Fernverkehr AG;668361;Stuttgart Hbf;497089;Karlsruhe Hbf;61320;64380;51;3;77.5;91.1;1.29;1;1;1.0;1;IC;;Stuttgart;Karlsruhe
327917;87;41;ICE;ICE;DB Fernverkehr AG;517455;Köln Hbf;9941;München Hbf;66900;86100;320;8;498.5;93.5;1.2;2;34;1.0;1;ICE;;Köln;München
327922;82;95;EC;IC;DB Fernverkehr AG;42071;Rzepin;127712;Berlin Gesundbrunnen;61140;66180;84;5;101.3;72.4;2.96;21;0123456;0.8;0;IC;;Rzepin;Berlin
327937;9;87;IC;IC;DB Fernverkehr AG;398625;Oberndorf(Neckar);668361;Stuttgart Hbf;48720;52980;71;5;71.0;60.0;4.22;5;23456;1.0;1;IC;;Oberndorf;Stuttgart
328156;40;78;ICE;ICE;DB Fernverkehr AG;176697;Frankfurt(Main)Hbf;575362;Arnhem Centraal;38220;51960;229;8;309.8;81.2;1.94;4;56;0.75;0;ICE;;Frankfurt;Arnhem Centraal
328307;77;10;ICE;ICE;DB Fernverkehr AG;517455;Köln Hbf;391201;Berlin Südkreuz;14880;33540;311;9;513.5;99.1;1.36;3;123;1.0;1;ICE;;Köln;Berlin
328453;58;20;ECE;ICE;DB Fernverkehr AG;428519;Hamburg Hbf;464157;Basel SBB;30540;55260;412;12;740.0;107.8;1.35;5;01234;0.833;0;ICE;;Hamburg;Basel
328491;9;87;IC;IC;DB Fernverkehr AG;668361;Stuttgart Hbf;679686;Singen(Hohentwiel);33420;41160;129;12;136.9;63.7;7.31;16;0123456;1.0;1;IC;;Stuttgart;Singen
328749;53;47;ICE;ICE;DB Fernverkehr AG;517455;Köln Hbf;9941;München Hbf;19500;34800;255;8;503.5;118.5;1.19;3;5;1.0;1;ICE;;Köln;München
328843;89;35;IC;IC;DB Fernverkehr AG;549058;Duisburg Hbf;601951;Emden Außenhafen;31380;44280;215;8;258.2;72.1;2.32;2;56;1.0;1;IC;;Duisburg;Emden Außenhafen
328970;84;77;ICE;ICE;DB Fernverkehr AG;65847;Hengelo;613345;Berlin Hbf;57120;70860;229;9;451.4;118.3;1.55;1;5;0.889;0;ICE;;Hengelo;Berlin
32934;29;;EN;SONSTIGE;BahnTouristikExpress;428519;Hamburg Hbf;478341;Stockholm Central;78780;121500;712;11;925.1;78.0;0.97;3;2;0.182;0;SONSTIGE;;Hamburg;Stockholm Central
329438;50;61;IC;IC;DB Fernverkehr AG;497089;Karlsruhe Hbf;99055;Nürnberg Hbf;61560;73080;192;11;252.2;78.8;3.57;1;4;1.0;1;IC;;Karlsruhe;Nürnberg
329639;2;56;IC;IC;DB Fernverkehr AG;161450;Emden Hbf;53188;Leipzig Hbf;15360;36900;359;18;469.8;78.5;3.41;14;01234;1.0;1;IC;;Emden;Leipzig
329955;84;77;ICE;ICE;DB Fernverkehr AG;65847;Hengelo;613345;Berlin Hbf;49920;63960;234;9;451.4;115.7;1.55;26;0123456;0.889;0;ICE;;Hengelo;Berlin
33028;75;;ECE;ICE;Dänische Staatsbahnen;368193;Padborg st;274287;Koebenhavn H;75780;86640;181;5;276.4;91.6;1.09;1;1;0.0;0;ICE;;Padborg st;København
33075;26;55;IC;IC;DB Fernverkehr AG;224643;Dresden Hbf;464794;Magdeburg Hbf;26520;35820;155;8;218.4;84.5;2.75;6;012356;1.0;1;IC;;Dresden;Magdeburg
33142;72;;ICE;ICE;SBB;464157;Basel SBB;480653;Interlaken Ost;71880;79200;122;8;138.9;68.3;4.32;23;0123456;0.0;0;ICE;;Basel;Interlaken Ost
331770;33;42;ICE;ICE;DB Fernverkehr AG;428519;Hamburg Hbf;668361;Stuttgart Hbf;63900;87720;397;14;711.5;107.5;1.69;1;5;1.0;1;ICE;;Hamburg;Stuttgart
332315;26;55;IC;IC;DB Fernverkehr AG;517455;Köln Hbf;497089;Karlsruhe Hbf;46380;58560;203;9;270.7;80.0;2.59;1;0;1.0;1;IC;;Köln;Karlsruhe
33236;38;28;ICE;ICE;DB Fernverkehr AG;9941;München Hbf;416646;Erfurt Hbf;74940;84180;154;5;321.1;125.1;0.93;2;5;1.0;1;ICE-SPRINTER;SPR-4;München;Erfurt
332457;77;10;ICE;ICE;DB Fernverkehr AG;613345;Berlin Hbf;22625;Aachen Hbf;56820;77640;347;17;583.8;100.9;2.57;1;6;1.0;1;ICE;;Berlin;Aachen
332500;75;;ECE;ICE;Dänische Staatsbahnen;368193;Padborg st;274287;Koebenhavn H;75780;85740;166;5;276.4;99.9;1.09;3;012;0.0;0;ICE;;Padborg st;København
333632;12;29;ICE;ICE;DB Fernverkehr AG;127712;Berlin Gesundbrunnen;9941;München Hbf;41160;56580;257;7;560.0;130.7;0.89;28;0123456;1.0;1;ICE-SPRINTER;SPR-4;Berlin;München
333788;1;;IC;IC;PKP Intercity;325087;Chelm;402680;Swinoujscie;66180;110340;736;40;866.6;70.6;4.39;1;5;0.0;0;IC;;Chelm;Swinoujscie
333789;42;22;ICE;ICE;DB Fernverkehr AG;659783;Kiel Hbf;668361;Stuttgart Hbf;36960;59880;382;10;669.7;105.2;1.19;2;56;1.0;1;ICE;;Kiel;Stuttgart
334109;82;95;EC;IC;DB Fernverkehr AG;42071;Rzepin;354957;Frankfurt(Oder);46200;47340;19;3;19.2;60.7;;3;056;0.667;0;IC;;Rzepin;Frankfurt(Oder)
334625;47;62;ICE;ICE;DB Fernverkehr AG;9941;München Hbf;226858;Darmstadt Hbf;35220;48300;218;9;326.7;89.9;2.14;2;56;1.0;1;ICE;;München;Darmstadt
334886;17;;ICE;ICE;Nederlandse Spoorwegen;24890;Utrecht Centraal;65847;Hengelo;65880;71460;93;5;117.6;75.9;2.55;2;56;0.0;0;ICE;;Utrecht Centraal;Hengelo
334887;5;50;ICE;ICE;DB Fernverkehr AG;224643;Dresden Hbf;38672;Frankfurt(M) Flughafen Fernbf;51060;68160;285;10;431.8;90.9;1.85;26;0123456;1.0;1;ICE;;Dresden;Frankfurt
335190;28;75;ECE;ICE;DB Fernverkehr AG;368193;Padborg st;396514;Hamburg-Altona;39720;46620;115;4;146.4;76.4;1.37;9;0123456;0.75;0;ICE;;Padborg st;Hamburg
335480;62;13;ICE;ICE;DB Fernverkehr AG;497089;Karlsruhe Hbf;337692;Berlin-Charlottenburg;52800;73860;351;15;645.6;110.4;2.01;2;6;1.0;1;ICE;;Karlsruhe;Berlin
335500;53;47;ICE;ICE;DB Fernverkehr AG;9941;München Hbf;640892;Dortmund Hbf;44400;67320;382;12;607.7;95.5;1.65;11;0123456;1.0;1;ICE;;München;Dortmund
335661;38;28;ICE;ICE;DB Fernverkehr AG;428519;Hamburg Hbf;416646;Erfurt Hbf;74040;88380;239;7;510.4;128.1;0.98;5;12346;1.0;1;ICE;;Hamburg;Erfurt
335765;26;55;IC;IC;DB Fernverkehr AG;635340;Heidelberg Hbf;93866;Hannover Hbf;66240;87600;356;14;483.6;81.5;2.48;1;2;1.0;1;IC;;Heidelberg;Hannover
336044;87;41;ICE;ICE;DB Fernverkehr AG;640892;Dortmund Hbf;9941;München Hbf;37200;58380;353;12;605.3;102.9;1.65;2;6;1.0;1;ICE;;Dortmund;München
336074;42;22;ICE;ICE;DB Fernverkehr AG;668361;Stuttgart Hbf;659783;Kiel Hbf;40920;63600;378;11;670.3;106.4;1.34;1;6;1.0;1;ICE;;Stuttgart;Kiel
33609;53;47;ICE;ICE;DB Fernverkehr AG;640892;Dortmund Hbf;9941;München Hbf;64440;85260;347;13;609.1;105.3;1.81;4;1234;1.0;1;ICE;;Dortmund;München
336094;72;;ICE;ICE;SBB;464157;Basel SBB;96724;Zürich HB;54420;57600;53;2;73.9;83.7;0.0;3;013;0.0;0;ICE;;Basel;Zürich
336230;91;79;ICE;ICE;DB Fernverkehr AG;176697;Frankfurt(Main)Hbf;257676;Bruxelles Midi;38040;48900;181;8;356.7;118.3;1.68;2;56;0.625;0;ICE;;Frankfurt;Bruxelles
336605;14;;EC;IC;ÖBB;167729;Lindau-Reutin;63619;St. Margrethen SG;82320;83340;17;3;15.5;54.9;;3;123;0.333;0;IC;;Lindau-Reutin;St. Margrethen SG
336736;23;12;ICE;ICE;DB Fernverkehr AG;464157;Basel SBB;176697;Frankfurt(Main)Hbf;72960;83340;173;7;299.2;103.8;1.67;11;0123456;0.714;0;ICE;;Basel;Frankfurt
337073;82;95;EC;IC;DB Fernverkehr AG;42071;Rzepin;354957;Frankfurt(Oder);103740;104880;19;3;19.2;60.7;;2;45;0.667;0;IC;;Rzepin;Frankfurt(Oder)
337230;5;50;ICE;ICE;DB Fernverkehr AG;53188;Leipzig Hbf;224643;Dresden Hbf;31020;34980;66;3;102.5;93.2;0.98;31;0123456;1.0;1;ICE;;Leipzig;Dresden
337867;87;41;ICE;ICE;DB Fernverkehr AG;517455;Köln Hbf;9941;München Hbf;63300;83760;341;9;498.6;87.7;1.4;1;0;1.0;1;ICE;;Köln;München
337916;14;;EC;IC;ÖBB;135333;Wien Hbf;552402;Simbach(Inn);61980;72660;178;6;254.4;85.7;1.57;1;0;0.167;0;IC;;Wien;Simbach
33796;43;;EN;SONSTIGE;MAV;442631;Hegyeshalom;270995;Budapest-Keleti;26880;34140;121;6;157.9;78.3;2.53;30;0123456;0.0;0;SONSTIGE;;Hegyeshalom;Budapest
338079;87;41;ICE;ICE;DB Fernverkehr AG;9941;München Hbf;176697;Frankfurt(Main)Hbf;72660;86580;232;5;338.1;87.4;0.89;1;1;1.0;1;ICE;;München;Frankfurt
338680;18;;ICE;ICE;ÖBB;565099;Kufstein;447324;Schwarzach-St.Veit;60060;68520;141;13;118.7;50.5;9.27;6;45;0.0;0;ICE;;Kufstein;Schwarzach-St.Veit
339197;84;77;ICE;ICE;DB Fernverkehr AG;65847;Hengelo;93866;Hannover Hbf;71520;79260;129;7;204.9;95.3;2.44;26;0123456;0.857;0;ICE;;Hengelo;Hannover
339295;45;25;ICE;ICE;DB Fernverkehr AG;9941;München Hbf;428519;Hamburg Hbf;25620;46620;350;10;702.7;120.5;1.14;19;0123456;1.0;1;ICE;;München;Hamburg
339377;33;42;ICE;ICE;DB Fernverkehr AG;428519;Hamburg Hbf;9941;München Hbf;71100;108180;618;19;895.6;87.0;1.9;1;4;1.0;1;ICE;;Hamburg;München
339476;12;29;ICE;ICE;DB Fernverkehr AG;9941;München Hbf;127712;Berlin Gesundbrunnen;66060;81060;250;7;560.0;134.4;0.89;26;012346;1.0;1;ICE-SPRINTER;SPR-4;München;Berlin
340894;77;10;ICE;ICE;DB Fernverkehr AG;640892;Dortmund Hbf;391201;Berlin Südkreuz;42420;55080;211;8;440.7;125.3;1.36;1;4;1.0;1;ICE;;Dortmund;Berlin
341039;39;51;ICE;ICE;DB Fernverkehr AG;53188;Leipzig Hbf;640892;Dortmund Hbf;46380;62040;261;9;396.6;91.2;1.76;1;0;1.0;1;ICE;;Leipzig;Dortmund
341126;45;25;ICE;ICE;DB Fernverkehr AG;93866;Hannover Hbf;99055;Nürnberg Hbf;73620;84300;178;6;398.9;134.5;1.0;3;123;1.0;1;ICE;;Hannover;Nürnberg
3412;42;22;ICE;ICE;DB Fernverkehr AG;331094;Hamburg Dammtor;93866;Hannover Hbf;76860;83280;107;3;133.4;74.8;0.75;1;0;1.0;1;ICE;;Hamburg;Hannover
342639;87;41;ICE;ICE;DB Fernverkehr AG;176697;Frankfurt(Main)Hbf;9941;München Hbf;21240;33180;199;6;341.9;103.1;1.17;5;1236;1.0;1;ICE;;Frankfurt;München
342678;23;12;ICE;ICE;DB Fernverkehr AG;613345;Berlin Hbf;497089;Karlsruhe Hbf;67020;86160;319;12;655.8;123.3;1.52;1;0;1.0;1;ICE;;Berlin;Karlsruhe
342786;23;12;ICE;ICE;DB Fernverkehr AG;464157;Basel SBB;176697;Frankfurt(Main)Hbf;65760;76140;173;7;299.2;103.8;1.67;1;5;0.714;0;ICE;;Basel;Frankfurt
34317;79;4;ICE;ICE;DB Fernverkehr AG;428519;Hamburg Hbf;667068;Frankfurt(M) Flughafen Regionalbf;22980;37080;235;4;404.3;103.2;0.49;4;1234;1.0;1;ICE-SPRINTER;SPR-1;Hamburg;Frankfurt
343173;31;11;ICE;ICE;DB Fernverkehr AG;416646;Erfurt Hbf;9941;München Hbf;19620;40500;348;10;562.6;97.0;1.42;1;0;1.0;1;ICE;;Erfurt;München
343321;23;12;ICE;ICE;DB Fernverkehr AG;176697;Frankfurt(Main)Hbf;598255;Offenburg;24600;30540;99;4;191.9;116.3;1.04;2;56;1.0;1;ICE;;Frankfurt;Offenburg
343743;45;25;ICE;ICE;DB Fernverkehr AG;9941;München Hbf;428519;Hamburg Hbf;54720;75420;345;11;703.2;122.3;1.28;2;56;1.0;1;ICE;;München;Hamburg
343917;46;60;ICE;ICE;DB Fernverkehr AG;464157;Basel SBB;9941;München Hbf;21000;38940;299;15;450.7;90.4;2.88;2;5;0.867;0;ICE;;Basel;München
345102;82;95;EC;IC;DB Fernverkehr AG;42071;Rzepin;327376;Berlin-Lichtenberg;31800;36180;73;4;92.9;76.4;2.15;2;24;0.75;0;IC;;Rzepin;Berlin
345193;10;20;ICE;ICE;DB Fernverkehr AG;464157;Basel SBB;428519;Hamburg Hbf;60360;84540;403;12;739.7;110.1;1.35;4;56;0.833;0;ICE;;Basel;Hamburg
345959;21;95;EC;IC;PKP Intercity;42071;Rzepin;39653;Warszawa Wschodnia;32880;47700;247;9;430.8;104.7;1.62;3;356;0.0;0;IC;;Rzepin;Warszawa
346090;26;55;IC;IC;DB Fernverkehr AG;464794;Magdeburg Hbf;53188;Leipzig Hbf;64860;69420;76;5;110.8;87.5;2.71;1;5;1.0;1;IC;;Magdeburg;Leipzig
34751;42;22;ICE;ICE;DB Fernverkehr AG;659783;Kiel Hbf;668361;Stuttgart Hbf;29760;52680;382;10;669.7;105.2;1.19;2;56;1.0;1;ICE;;Kiel;Stuttgart
347823;17;;ICE;ICE;Nederlandse Spoorwegen;575362;Arnhem Centraal;79866;Amsterdam Centraal;44880;48540;61;3;90.6;89.1;1.1;14;0123;0.0;0;ICE;;Arnhem Centraal;Amsterdam
347902;84;77;ICE;ICE;DB Fernverkehr AG;93866;Hannover Hbf;65847;Hengelo;16680;29220;209;5;201.9;58.0;1.49;1;6;0.8;0;ICE;;Hannover;Hengelo
347974;33;42;ICE;ICE;DB Fernverkehr AG;9941;München Hbf;428519;Hamburg Hbf;60;35460;590;22;927.3;94.3;2.16;1;2;1.0;1;ICE;;München;Hamburg
348190;91;79;ICE;ICE;DB Fernverkehr AG;257676;Bruxelles Midi;176697;Frankfurt(Main)Hbf;22980;34020;184;8;356.7;116.3;1.68;8;01234;0.625;0;ICE;;Bruxelles;Frankfurt
348203;68;91;ICE;ICE;DB Fernverkehr AG;176697;Frankfurt(Main)Hbf;691821;Düsseldorf Hbf;42180;53760;193;5;194.4;60.4;1.54;3;056;1.0;1;ICE;;Frankfurt;Düsseldorf
348318;67;33;ICE;ICE;DB Fernverkehr AG;396514;Hamburg-Altona;552264;Ostseebad Binz;39300;52980;228;10;277.1;72.9;2.89;19;012356;1.0;1;ICE;;Hamburg;Ostseebad Binz
348724;54;82;ICE;ICE;SNCF;335130;Paris Est;180380;Saarbrücken Hbf;68820;75420;110;4;341.6;186.3;0.59;3;5;0.5;0;ICE-SPRINTER;SPR-6;Paris;Saarbrücken
349328;62;13;ICE;ICE;DB Fernverkehr AG;38672;Frankfurt(M) Flughafen Fernbf;337692;Berlin-Charlottenburg;36540;52080;259;10;532.1;123.3;1.5;4;0123;1.0;1;ICE-SPRINTER;SPR-5;Frankfurt;Berlin
350334;32;18;ICE;ICE;DB Fernverkehr AG;9941;München Hbf;127712;Berlin Gesundbrunnen;81000;110220;487;18;591.7;72.9;2.7;1;5;1.0;1;ICE;;München;Berlin
350568;77;10;ICE;ICE;DB Fernverkehr AG;391201;Berlin Südkreuz;517455;Köln Hbf;85320;108900;393;15;550.5;84.1;2.36;1;6;1.0;1;ICE;;Berlin;Köln
350701;48;;EC;IC;SBB;63619;St. Margrethen SG;96724;Zürich HB;25800;30480;78;5;91.3;70.2;3.29;26;012345;0.0;0;IC;;St. Margrethen SG;Zürich
350760;42;22;ICE;ICE;DB Fernverkehr AG;176697;Frankfurt(Main)Hbf;659783;Kiel Hbf;24360;44100;329;8;505.9;92.3;1.19;2;6;1.0;1;ICE;;Frankfurt;Kiel
350937;72;;ICE;ICE;SBB;464157;Basel SBB;480653;Interlaken Ost;28680;35940;121;8;138.9;68.9;4.32;24;012345;0.0;0;ICE;;Basel;Interlaken Ost
351195;20;49;ICE;ICE;DB Fernverkehr AG;517455;Köln Hbf;176697;Frankfurt(Main)Hbf;66540;71340;80;6;161.5;121.2;2.48;30;0123456;1.0;1;ICE;;Köln;Frankfurt
351481;22;;IC;IC;SBB;556408;Schaffhausen;96724;Zürich HB;53220;55380;36;2;36.3;60.4;0.0;6;01234;0.0;0;IC;;Schaffhausen;Zürich
351520;45;25;ICE;ICE;DB Fernverkehr AG;9066;Hamburg-Harburg;9941;München Hbf;36780;58560;363;9;679.1;112.3;1.03;4;1234;1.0;1;ICE;;Hamburg;München
351884;18;;ICE;ICE;ÖBB;695368;Salzburg Hbf;338037;Graz Hbf;58020;71760;229;14;305.4;80.0;3.93;4;56;0.0;0;ICE;;Salzburg;Graz
352326;91;79;ICE;ICE;DB Fernverkehr AG;257676;Bruxelles Midi;176697;Frankfurt(Main)Hbf;73500;85380;198;11;358.5;108.6;2.51;6;56;0.727;0;ICE;;Bruxelles;Frankfurt
353260;9;87;IC;IC;DB Fernverkehr AG;668361;Stuttgart Hbf;398625;Oberndorf(Neckar);84300;88860;76;9;72.6;57.3;9.64;5;1236;1.0;1;IC;;Stuttgart;Oberndorf
354305;57;19;ICE;ICE;DB Fernverkehr AG;93866;Hannover Hbf;517455;Köln Hbf;81600;95040;224;14;296.4;79.4;4.05;1;4;1.0;1;ICE;;Hannover;Köln
35442;45;25;ICE;ICE;DB Fernverkehr AG;428519;Hamburg Hbf;9941;München Hbf;80880;109020;469;8;660.6;84.5;0.91;1;5;1.0;1;ICE;;Hamburg;München
354649;33;42;ICE;ICE;DB Fernverkehr AG;668361;Stuttgart Hbf;396514;Hamburg-Altona;20940;45240;405;15;693.0;102.7;1.88;5;01234;1.0;1;ICE;;Stuttgart;Hamburg
355277;18;;ICE;ICE;ÖBB;135333;Wien Hbf;695368;Salzburg Hbf;40380;50400;167;5;262.0;94.1;1.15;31;0123456;0.0;0;ICE;;Wien;Salzburg
355582;87;41;ICE;ICE;DB Fernverkehr AG;517455;Köln Hbf;9941;München Hbf;12060;29580;292;13;504.0;103.6;2.18;1;2;1.0;1;ICE;;Köln;München
35586;84;77;ICE;ICE;DB Fernverkehr AG;391201;Berlin Südkreuz;65847;Hengelo;17520;36420;315;8;453.9;86.5;1.32;1;6;0.875;0;ICE;;Berlin;Hengelo
356088;48;;EC;IC;SBB;96724;Zürich HB;63619;St. Margrethen SG;34320;38940;77;5;91.3;71.2;3.29;10;0123456;0.0;0;IC;;Zürich;St. Margrethen SG
356347;22;;IC;IC;SBB;96724;Zürich HB;556408;Schaffhausen;63420;65580;36;2;36.3;60.4;0.0;8;56;0.0;0;IC;;Zürich;Schaffhausen
357136;32;18;ICE;ICE;DB Fernverkehr AG;127712;Berlin Gesundbrunnen;9941;München Hbf;84000;112380;473;16;585.2;74.2;2.39;3;123;1.0;1;ICE;;Berlin;München
35715;38;28;ICE;ICE;DB Fernverkehr AG;127712;Berlin Gesundbrunnen;9941;München Hbf;22560;40020;291;11;582.4;120.1;1.55;1;0;1.0;1;ICE;;Berlin;München
359331;33;42;ICE;ICE;DB Fernverkehr AG;428519;Hamburg Hbf;9941;München Hbf;56700;88140;524;17;883.4;101.2;1.7;2;15;1.0;1;ICE;;Hamburg;München
359741;42;22;ICE;ICE;DB Fernverkehr AG;176697;Frankfurt(Main)Hbf;668361;Stuttgart Hbf;26100;31080;83;3;164.2;118.7;0.61;21;01234;1.0;1;ICE;;Frankfurt;Stuttgart
360769;42;22;ICE;ICE;DB Fernverkehr AG;659783;Kiel Hbf;668361;Stuttgart Hbf;51360;74280;382;10;669.7;105.2;1.19;2;56;1.0;1;ICE;;Kiel;Stuttgart
360778;21;95;EC;IC;PKP Intercity;39653;Warszawa Wschodnia;42071;Rzepin;31740;46140;240;9;430.8;107.7;1.62;23;0123456;0.0;0;IC;;Warszawa;Rzepin
361497;77;10;ICE;ICE;DB Fernverkehr AG;691821;Düsseldorf Hbf;391201;Berlin Südkreuz;60480;76680;270;12;512.9;114.0;1.95;17;0123456;1.0;1;ICE;;Düsseldorf;Berlin
361717;84;77;ICE;ICE;DB Fernverkehr AG;93866;Hannover Hbf;65847;Hengelo;18600;29220;177;5;201.9;68.4;1.49;1;0;0.8;0;ICE;;Hannover;Hengelo
362473;46;60;ICE;ICE;DB Fernverkehr AG;9941;München Hbf;297876;Basel Bad Bf;61080;78420;289;14;450.2;93.5;2.67;1;0;0.929;0;ICE;;München;Basel
363069;31;11;ICE;ICE;DB Fernverkehr AG;127712;Berlin Gesundbrunnen;9941;München Hbf;54540;85020;508;15;817.7;96.6;1.59;1;4;1.0;1;ICE;;Berlin;München
363401;45;25;ICE;ICE;DB Fernverkehr AG;9941;München Hbf;428519;Hamburg Hbf;43560;64620;351;11;703.3;120.2;1.28;13;0123456;1.0;1;ICE;;München;Hamburg
363414;48;;EC;IC;SBB;63619;St. Margrethen SG;96724;Zürich HB;76200;80880;78;5;91.3;70.2;3.29;3;123;0.0;0;IC;;St. Margrethen SG;Zürich
363595;13;;RJ;SONSTIGE;Dänische Staatsbahnen;310614;Flensburg;274287;Koebenhavn H;7080;20820;229;8;284.6;74.6;2.11;2;23;0.25;0;SONSTIGE;;Flensburg;København
363627;2;56;IC;IC;DB Fernverkehr AG;53188;Leipzig Hbf;161450;Emden Hbf;62160;85080;382;16;469.6;73.8;2.98;5;01236;1.0;1;IC;;Leipzig;Emden
364117;36;43;ICE;ICE;DB Fernverkehr AG;396514;Hamburg-Altona;464157;Basel SBB;44760;74880;502;19;839.1;100.3;2.03;3;56;0.895;0;ICE;;Hamburg;Basel
364199;17;;ICE;ICE;Nederlandse Spoorwegen;396218;Amersfoort Centraal;65847;Hengelo;38160;42660;75;4;98.2;78.6;2.04;2;56;0.0;0;ICE;;Amersfoort Centraal;Hengelo
364449;87;41;ICE;ICE;DB Fernverkehr AG;9941;München Hbf;517455;Köln Hbf;20640;37320;278;9;498.6;107.6;1.4;3;056;1.0;1;ICE;;München;Köln
365307;13;;RJ;SONSTIGE;Dänische Staatsbahnen;310614;Flensburg;368193;Padborg st;7080;7740;11;3;7.6;41.5;;1;6;0.667;0;SONSTIGE;;Flensburg;Padborg st
365422;31;11;ICE;ICE;DB Fernverkehr AG;9941;München Hbf;613345;Berlin Hbf;60300;88200;465;14;800.1;103.2;1.5;1;5;1.0;1;ICE;;München;Berlin
365831;33;42;ICE;ICE;DB Fernverkehr AG;668361;Stuttgart Hbf;428519;Hamburg Hbf;20940;44100;386;13;687.8;106.9;1.6;6;012345;1.0;1;ICE;;Stuttgart;Hamburg
365860;22;;IC;IC;SBB;556408;Schaffhausen;96724;Zürich HB;82020;84180;36;2;36.3;60.4;0.0;11;0123456;0.0;0;IC;;Schaffhausen;Zürich
366485;1;;IC;IC;PKP Intercity;262513;Horka(Gr);380319;Wroclaw Glowny;47160;52080;82;6;142.7;104.4;2.8;2;01;0.0;0;IC;;Horka;Wroclaw Glowny
366593;45;25;ICE;ICE;DB Fernverkehr AG;93866;Hannover Hbf;9941;München Hbf;59220;75000;263;7;548.1;125.0;0.91;6;123456;1.0;1;ICE;;Hannover;München
366779;82;95;EC;IC;DB Fernverkehr AG;327376;Berlin-Lichtenberg;42071;Rzepin;64620;68820;70;4;92.9;79.7;2.15;1;2;0.75;0;IC;;Berlin;Rzepin
366823;33;42;ICE;ICE;DB Fernverkehr AG;396514;Hamburg-Altona;9941;München Hbf;55560;88140;543;18;888.2;98.1;1.8;1;0;1.0;1;ICE;;Hamburg;München
367022;31;11;ICE;ICE;DB Fernverkehr AG;127712;Berlin Gesundbrunnen;9941;München Hbf;54540;83580;484;14;817.3;101.3;1.47;1;3;1.0;1;ICE;;Berlin;München
367280;36;43;ICE;ICE;DB Fernverkehr AG;428519;Hamburg Hbf;497089;Karlsruhe Hbf;60300;82740;374;11;643.2;103.2;1.4;2;6;1.0;1;ICE;;Hamburg;Karlsruhe
367388;9;87;IC;IC;DB Fernverkehr AG;266187;Tuttlingen;556408;Schaffhausen;79380;81900;42;3;41.8;59.8;2.39;2;23;0.667;0;IC;;Tuttlingen;Schaffhausen
367698;67;33;ICE;ICE;DB Fernverkehr AG;468987;Westerland(Sylt);517455;Köln Hbf;33780;62220;474;15;585.4;74.1;2.22;1;0;1.0;1;ICE;;Westerland;Köln
368912;91;79;ICE;ICE;DB Fernverkehr AG;257676;Bruxelles Midi;176697;Frankfurt(Main)Hbf;73500;85380;198;11;358.5;108.6;2.51;2;6;0.727;0;ICE;;Bruxelles;Frankfurt
369010;17;;ICE;ICE;Nederlandse Spoorwegen;65847;Hengelo;396218;Amersfoort Centraal;50940;55440;75;4;98.2;78.6;2.04;2;56;0.0;0;ICE;;Hengelo;Amersfoort Centraal
369709;84;77;ICE;ICE;DB Fernverkehr AG;65847;Hengelo;613345;Berlin Hbf;28320;42300;233;9;451.4;116.2;1.55;7;0123456;0.889;0;ICE;;Hengelo;Berlin
370663;57;19;ICE;ICE;DB Fernverkehr AG;391201;Berlin Südkreuz;517455;Köln Hbf;67920;85080;286;7;506.8;106.3;0.99;2;06;1.0;1;ICE;;Berlin;Köln
371020;13;;RJ;SONSTIGE;Dänische Staatsbahnen;274287;Koebenhavn H;368193;Padborg st;37320;46620;155;5;276.4;107.0;1.09;6;56;0.0;0;SONSTIGE;;København;Padborg st
371109;33;42;ICE;ICE;DB Fernverkehr AG;325703;Münster(Westf)Hbf;9941;München Hbf;21780;44940;386;13;635.0;98.7;1.73;11;0123456;1.0;1;ICE;;Münster;München
371323;33;42;ICE;ICE;DB Fernverkehr AG;668361;Stuttgart Hbf;428519;Hamburg Hbf;20940;44100;386;13;687.8;106.9;1.6;1;6;1.0;1;ICE;;Stuttgart;Hamburg
37188;67;33;ICE;ICE;DB Fernverkehr AG;267257;Essen Hbf;468987;Westerland(Sylt);30900;54180;388;11;514.5;79.6;1.75;9;0123456;1.0;1;ICE;;Essen;Westerland
3719;45;25;ICE;ICE;DB Fernverkehr AG;331094;Hamburg Dammtor;9941;München Hbf;67980;91620;394;11;704.1;107.2;1.28;1;4;1.0;1;ICE;;Hamburg;München
372131;9;87;IC;IC;DB Fernverkehr AG;668361;Stuttgart Hbf;398625;Oberndorf(Neckar);69360;73560;70;7;71.9;61.6;6.95;5;23456;1.0;1;IC;;Stuttgart;Oberndorf
372338;47;62;ICE;ICE;DB Fernverkehr AG;668361;Stuttgart Hbf;176697;Frankfurt(Main)Hbf;21900;27840;99;5;156.5;94.8;1.92;20;01234;1.0;1;ICE;;Stuttgart;Frankfurt
372991;38;28;ICE;ICE;DB Fernverkehr AG;53188;Leipzig Hbf;396514;Hamburg-Altona;29520;42000;208;8;413.1;119.2;1.45;3;6;1.0;1;ICE;;Leipzig;Hamburg
374177;68;91;ICE;ICE;DB Fernverkehr AG;640892;Dortmund Hbf;99055;Nürnberg Hbf;28500;52200;395;12;456.0;69.3;2.19;4;0156;1.0;1;ICE;;Dortmund;Nürnberg
374348;12;29;ICE;ICE;DB Fernverkehr AG;127712;Berlin Gesundbrunnen;9941;München Hbf;69960;85380;257;7;560.0;130.7;0.89;1;6;1.0;1;ICE-SPRINTER;SPR-4;Berlin;München
374384;22;;IC;IC;SBB;556408;Schaffhausen;96724;Zürich HB;42420;44580;36;2;36.3;60.4;0.0;19;01234;0.0;0;IC;;Schaffhausen;Zürich
374881;61;1;ICE;ICE;DB Fernverkehr AG;396514;Hamburg-Altona;99055;Nürnberg Hbf;57240;90120;548;15;762.0;83.4;1.71;1;0;1.0;1;ICE;;Hamburg;Nürnberg
374950;89;35;IC;IC;DB Fernverkehr AG;195950;Norddeich Mole;691821;Düsseldorf Hbf;49860;63960;235;16;311.9;79.6;4.49;2;56;1.0;1;IC;;Norddeich Mole;Düsseldorf
374998;12;29;ICE;ICE;DB Fernverkehr AG;613345;Berlin Hbf;9941;München Hbf;74220;89160;249;7;557.6;134.4;0.9;12;012356;1.0;1;ICE-SPRINTER;SPR-4;Berlin;München
375693;45;25;ICE;ICE;DB Fernverkehr AG;9941;München Hbf;9066;Hamburg-Harburg;57960;78240;338;10;692.6;123.0;1.16;4;0356;1.0;1;ICE;;München;Hamburg
375719;57;19;ICE;ICE;DB Fernverkehr AG;517455;Köln Hbf;391201;Berlin Südkreuz;21240;39840;310;7;506.8;98.1;0.99;4;1234;1.0;1;ICE;;Köln;Berlin
375847;48;;EC;IC;SBB;96724;Zürich HB;63619;St. Margrethen SG;70320;74940;77;5;91.3;71.2;3.29;13;0123456;0.0;0;IC;;Zürich;St. Margrethen SG
376014;53;47;ICE;ICE;DB Fernverkehr AG;640892;Dortmund Hbf;9941;München Hbf;21240;42120;348;12;609.0;105.0;1.64;1;5;1.0;1;ICE;;Dortmund;München
376334;21;95;EC;IC;PKP Intercity;39653;Warszawa Wschodnia;42071;Rzepin;17340;31740;240;9;430.8;107.7;1.62;3;245;0.0;0;IC;;Warszawa;Rzepin
377079;42;22;ICE;ICE;DB Fernverkehr AG;668361;Stuttgart Hbf;659783;Kiel Hbf;48120;70800;378;12;691.8;109.8;1.45;1;6;1.0;1;ICE;;Stuttgart;Kiel
377263;12;29;ICE;ICE;DB Fernverkehr AG;9941;München Hbf;127712;Berlin Gesundbrunnen;58860;73860;250;7;560.0;134.4;0.89;21;01234;1.0;1;ICE-SPRINTER;SPR-4;München;Berlin
378025;47;62;ICE;ICE;DB Fernverkehr AG;176697;Frankfurt(Main)Hbf;668361;Stuttgart Hbf;65460;71580;102;6;156.8;92.3;2.55;2;5;1.0;1;ICE;;Frankfurt;Stuttgart
378254;91;79;ICE;ICE;DB Fernverkehr AG;176697;Frankfurt(Main)Hbf;257676;Bruxelles Midi;52440;63300;181;8;356.7;118.3;1.68;16;01234;0.625;0;ICE;;Frankfurt;Bruxelles
37831;47;62;ICE;ICE;DB Fernverkehr AG;668361;Stuttgart Hbf;176697;Frankfurt(Main)Hbf;21900;27840;99;5;156.5;94.8;1.92;2;56;1.0;1;ICE;;Stuttgart;Frankfurt
378334;32;18;ICE;ICE;DB Fernverkehr AG;99055;Nürnberg Hbf;9941;München Hbf;39540;45720;103;5;180.2;104.9;1.67;2;56;1.0;1;ICE;;Nürnberg;München
379473;26;55;IC;IC;DB Fernverkehr AG;224643;Dresden Hbf;517455;Köln Hbf;55320;81900;443;20;620.2;84.0;2.9;2;12;1.0;1;IC;;Dresden;Köln
37950;17;;ICE;ICE;Nederlandse Spoorwegen;79866;Amsterdam Centraal;575362;Arnhem Centraal;45480;48720;54;3;90.6;100.7;1.1;3;123;0.0;0;ICE;;Amsterdam;Arnhem Centraal
379601;48;;EC;IC;SBB;96724;Zürich HB;63619;St. Margrethen SG;20100;24540;74;4;89.2;72.3;2.24;9;012345;0.0;0;IC;;Zürich;St. Margrethen SG
380024;26;55;IC;IC;DB Fernverkehr AG;464794;Magdeburg Hbf;224643;Dresden Hbf;50460;59880;157;8;218.4;83.5;2.75;6;012356;1.0;1;IC;;Magdeburg;Dresden
380067;47;62;ICE;ICE;DB Fernverkehr AG;9941;München Hbf;176697;Frankfurt(Main)Hbf;20580;35040;241;11;354.6;88.3;2.54;6;01234;1.0;1;ICE;;München;Frankfurt
380247;12;29;ICE;ICE;DB Fernverkehr AG;613345;Berlin Hbf;9941;München Hbf;56220;70980;246;6;557.0;135.8;0.72;3;056;1.0;1;ICE-SPRINTER;SPR-4;Berlin;München
380303;21;95;EC;IC;PKP Intercity;42071;Rzepin;401361;Przemysl Glowny;84660;119700;584;33;781.7;80.3;3.97;7;23456;0.0;0;IC;;Rzepin;Przemysl Glowny
380602;22;;IC;IC;SBB;556408;Schaffhausen;96724;Zürich HB;82020;84180;36;2;36.3;60.4;0.0;16;0123456;0.0;0;IC;;Schaffhausen;Zürich
380793;77;10;ICE;ICE;DB Fernverkehr AG;691821;Düsseldorf Hbf;391201;Berlin Südkreuz;21000;37200;270;13;508.0;112.9;2.17;1;6;1.0;1;ICE;;Düsseldorf;Berlin
381159;54;82;ICE;ICE;SNCF;180380;Saarbrücken Hbf;335130;Paris Est;28800;35400;110;4;341.6;186.3;0.59;21;01234;0.5;0;ICE-SPRINTER;SPR-6;Saarbrücken;Paris
381867;50;61;IC;IC;DB Fernverkehr AG;53188;Leipzig Hbf;497089;Karlsruhe Hbf;57000;82440;424;22;515.5;72.9;3.88;3;123;1.0;1;IC;;Leipzig;Karlsruhe
382295;57;19;ICE;ICE;DB Fernverkehr AG;391201;Berlin Südkreuz;517455;Köln Hbf;60720;76440;262;8;509.5;116.7;1.18;21;0123456;1.0;1;ICE-SPRINTER;SPR-3;Berlin;Köln
383304;45;25;ICE;ICE;DB Fernverkehr AG;9941;München Hbf;428519;Hamburg Hbf;14580;35820;354;12;703.8;119.3;1.42;4;0134;1.0;1;ICE;;München;Hamburg
384244;42;22;ICE;ICE;DB Fernverkehr AG;659783;Kiel Hbf;668361;Stuttgart Hbf;51360;74280;382;10;670.1;105.2;1.19;12;01234;1.0;1;ICE;;Kiel;Stuttgart
38439;68;91;ICE;ICE;DB Fernverkehr AG;99055;Nürnberg Hbf;640892;Dortmund Hbf;63120;85800;378;14;471.4;74.8;2.55;1;2;1.0;1;ICE;;Nürnberg;Dortmund
384623;31;11;ICE;ICE;DB Fernverkehr AG;9941;München Hbf;127712;Berlin Gesundbrunnen;81960;116040;568;16;806.0;85.1;1.74;2;12;1.0;1;ICE;;München;Berlin
384849;72;;ICE;ICE;SBB;464157;Basel SBB;96724;Zürich HB;68820;72000;53;2;73.9;83.7;0.0;1;4;0.0;0;ICE;;Basel;Zürich
385258;72;;ICE;ICE;SBB;556408;Schaffhausen;96724;Zürich HB;52980;55740;46;2;36.3;47.3;0.0;2;56;0.0;0;ICE;;Schaffhausen;Zürich
385540;21;95;EC;IC;PKP Intercity;42071;Rzepin;401361;Przemysl Glowny;84660;119700;584;33;781.7;80.3;3.97;2;45;0.0;0;IC;;Rzepin;Przemysl Glowny
385813;57;19;ICE;ICE;DB Fernverkehr AG;517455;Köln Hbf;391201;Berlin Südkreuz;53040;68640;260;8;509.5;117.6;1.18;21;0123456;1.0;1;ICE-SPRINTER;SPR-3;Köln;Berlin
385906;21;95;EC;IC;PKP Intercity;39653;Warszawa Wschodnia;42071;Rzepin;60540;74820;238;9;430.8;108.6;1.62;6;012346;0.0;0;IC;;Warszawa;Rzepin
386242;3;26;ICE;ICE;DB Fernverkehr AG;477761;Bremen Hbf;176697;Frankfurt(Main)Hbf;62100;77520;257;11;398.2;93.0;2.26;4;1234;1.0;1;ICE;;Bremen;Frankfurt
386812;77;10;ICE;ICE;DB Fernverkehr AG;613345;Berlin Hbf;691821;Düsseldorf Hbf;60420;76140;262;12;506.9;116.1;1.97;13;0123456;1.0;1;ICE;;Berlin;Düsseldorf
386845;67;33;ICE;ICE;DB Fernverkehr AG;468987;Westerland(Sylt);691821;Düsseldorf Hbf;49980;75000;417;13;544.6;78.4;2.02;2;03;1.0;1;ICE;;Westerland;Düsseldorf
387185;72;;ICE;ICE;SBB;510671;Bern;464157;Basel SBB;54240;57600;56;4;89.7;96.1;2.23;1;6;0.0;0;ICE;;Bern;Basel
388764;72;;ICE;ICE;SBB;464157;Basel SBB;480653;Interlaken Ost;28680;35940;121;8;138.9;68.9;4.32;1;5;0.0;0;ICE;;Basel;Interlaken Ost
389187;42;22;ICE;ICE;DB Fernverkehr AG;331094;Hamburg Dammtor;668361;Stuttgart Hbf;19260;38280;317;10;606.5;114.8;1.32;10;01234;1.0;1;ICE;;Hamburg;Stuttgart
389832;33;42;ICE;ICE;DB Fernverkehr AG;396514;Hamburg-Altona;176697;Frankfurt(Main)Hbf;80700;111780;518;18;581.8;67.4;2.75;2;12;1.0;1;ICE-SPRINTER;SPR-1;Hamburg;Frankfurt
389991;17;;ICE;ICE;Nederlandse Spoorwegen;79866;Amsterdam Centraal;575362;Arnhem Centraal;59580;63120;59;3;90.6;92.2;1.1;1;4;0.0;0;ICE;;Amsterdam;Arnhem Centraal
390009;58;20;ECE;ICE;DB Fernverkehr AG;331094;Hamburg Dammtor;464157;Basel SBB;58860;83400;409;13;741.2;108.7;1.48;2;56;0.846;0;ICE;;Hamburg;Basel
390271;86;;EN;SONSTIGE;PKP Intercity;135333;Wien Hbf;401361;Przemysl Glowny;83940;123540;660;31;655.2;59.6;4.43;2;45;0.0;0;SONSTIGE;;Wien;Przemysl Glowny
390287;91;79;ICE;ICE;DB Fernverkehr AG;257676;Bruxelles Midi;176697;Frankfurt(Main)Hbf;22980;34020;184;8;356.7;116.3;1.68;13;01234;0.625;0;ICE;;Bruxelles;Frankfurt
390437;31;11;ICE;ICE;DB Fernverkehr AG;127712;Berlin Gesundbrunnen;9941;München Hbf;76680;113100;607;17;828.9;81.9;1.81;2;23;1.0;1;ICE;;Berlin;München
391003;47;62;ICE;ICE;DB Fernverkehr AG;695368;Salzburg Hbf;325703;Münster(Westf)Hbf;43200;74760;526;22;773.5;88.2;2.59;4;0123;0.955;0;ICE;;Salzburg;Münster
391332;45;25;ICE;ICE;DB Fernverkehr AG;9941;München Hbf;428519;Hamburg Hbf;65460;86220;346;11;703.3;122.0;1.28;5;56;1.0;1;ICE;;München;Hamburg
391460;89;35;IC;IC;DB Fernverkehr AG;691821;Düsseldorf Hbf;161450;Emden Hbf;65520;77580;201;12;281.2;83.9;3.56;1;6;1.0;1;IC;;Düsseldorf;Emden
391513;40;78;ICE;ICE;DB Fernverkehr AG;575362;Arnhem Centraal;176697;Frankfurt(Main)Hbf;70440;82740;205;9;309.8;90.7;2.26;1;1;0.778;0;ICE;;Arnhem Centraal;Frankfurt
391526;17;;ICE;ICE;Nederlandse Spoorwegen;65847;Hengelo;79866;Amsterdam Centraal;58140;65100;116;6;139.3;72.0;2.87;1;5;0.0;0;ICE;;Hengelo;Amsterdam
39163;94;88;ECE;ICE;DB Fernverkehr AG;167729;Lindau-Reutin;9941;München Hbf;61800;69360;126;4;163.5;77.9;1.22;5;156;1.0;1;ICE;;Lindau-Reutin;München
392366;36;43;ICE;ICE;DB Fernverkehr AG;640892;Dortmund Hbf;464157;Basel SBB;18900;38880;333;10;517.3;93.2;1.55;5;0156;0.8;0;ICE;;Dortmund;Basel
392393;40;78;ICE;ICE;DB Fernverkehr AG;575362;Arnhem Centraal;176697;Frankfurt(Main)Hbf;41640;52020;173;10;310.4;107.7;2.58;3;6;0.8;0;ICE;;Arnhem Centraal;Frankfurt
392652;78;15;ICE;ICE;DB Fernverkehr AG;552264;Ostseebad Binz;391201;Berlin Südkreuz;41040;54600;226;10;271.3;72.0;2.95;6;56;1.0;1;ICE;;Ostseebad Binz;Berlin
392932;45;25;ICE;ICE;DB Fernverkehr AG;9941;München Hbf;428519;Hamburg Hbf;65460;87480;367;11;703.3;115.0;1.28;1;3;1.0;1;ICE;;München;Hamburg
392997;14;;EC;IC;ÖBB;167729;Lindau-Reutin;63619;St. Margrethen SG;82320;83340;17;3;15.5;54.9;;2;16;0.333;0;IC;;Lindau-Reutin;St. Margrethen SG
393040;77;10;ICE;ICE;DB Fernverkehr AG;613345;Berlin Hbf;22625;Aachen Hbf;56820;80340;392;16;583.0;89.2;2.4;1;6;1.0;1;ICE;;Berlin;Aachen
39362;21;95;EC;IC;PKP Intercity;42071;Rzepin;401361;Przemysl Glowny;82380;119460;618;33;781.7;75.9;3.97;3;056;0.0;0;IC;;Rzepin;Przemysl Glowny
394325;45;25;ICE;ICE;DB Fernverkehr AG;9941;München Hbf;9066;Hamburg-Harburg;21000;42240;354;9;679.1;115.1;1.03;1;1;1.0;1;ICE;;München;Hamburg
39478;10;20;ICE;ICE;DB Fernverkehr AG;331094;Hamburg Dammtor;497089;Karlsruhe Hbf;66060;84360;305;8;567.5;111.6;1.06;1;1;1.0;1;ICE;;Hamburg;Karlsruhe
395288;31;11;ICE;ICE;DB Fernverkehr AG;9941;München Hbf;127712;Berlin Gesundbrunnen;81480;116460;583;15;799.5;82.3;1.63;1;1;1.0;1;ICE;;München;Berlin
3954;57;19;ICE;ICE;DB Fernverkehr AG;391201;Berlin Südkreuz;517455;Köln Hbf;39120;56280;286;7;506.8;106.3;0.99;5;01234;1.0;1;ICE;;Berlin;Köln
396016;46;60;ICE;ICE;DB Fernverkehr AG;9941;München Hbf;497089;Karlsruhe Hbf;39720;49920;170;7;273.1;96.4;1.83;8;0123456;1.0;1;ICE;;München;Karlsruhe
396450;82;95;EC;IC;DB Fernverkehr AG;42071;Rzepin;354957;Frankfurt(Oder);31800;32940;19;3;19.2;60.7;;2;05;0.667;0;IC;;Rzepin;Frankfurt(Oder)
397298;61;1;ICE;ICE;DB Fernverkehr AG;176697;Frankfurt(Main)Hbf;517455;Köln Hbf;27780;36360;143;4;161.3;67.7;1.24;3;056;1.0;1;ICE;;Frankfurt;Köln
398014;50;61;IC;IC;DB Fernverkehr AG;90261;Regensburg Hbf;497089;Karlsruhe Hbf;22920;39960;284;13;343.4;72.5;3.2;1;6;1.0;1;IC;;Regensburg;Karlsruhe
398238;32;18;ICE;ICE;DB Fernverkehr AG;9941;München Hbf;99055;Nürnberg Hbf;25920;32280;106;4;179.7;101.7;1.11;3;234;1.0;1;ICE;;München;Nürnberg
398346;38;28;ICE;ICE;DB Fernverkehr AG;391201;Berlin Südkreuz;428519;Hamburg Hbf;19200;26700;125;5;268.4;128.8;1.12;2;05;1.0;1;ICE;;Berlin;Hamburg
398521;14;;EC;IC;ÖBB;167729;Lindau-Reutin;63619;St. Margrethen SG;67920;68940;17;3;15.5;54.9;;7;013456;0.333;0;IC;;Lindau-Reutin;St. Margrethen SG
398831;31;11;ICE;ICE;DB Fernverkehr AG;9941;München Hbf;176697;Frankfurt(Main)Hbf;74700;87480;213;7;359.8;101.4;1.39;1;2;1.0;1;ICE;;München;Frankfurt
399117;45;25;ICE;ICE;DB Fernverkehr AG;9066;Hamburg-Harburg;9941;München Hbf;29580;49800;337;10;692.6;123.3;1.16;2;56;1.0;1;ICE;;Hamburg;München
399227;32;18;ICE;ICE;DB Fernverkehr AG;9941;München Hbf;53188;Leipzig Hbf;68940;84720;263;11;454.8;103.8;1.98;24;0123456;1.0;1;ICE;;München;Leipzig
399385;50;61;IC;IC;DB Fernverkehr AG;668361;Stuttgart Hbf;99055;Nürnberg Hbf;21900;29880;133;5;169.0;76.2;1.78;8;012345;1.0;1;IC;;Stuttgart;Nürnberg
399452;22;;IC;IC;SBB;556408;Schaffhausen;96724;Zürich HB;49620;51780;36;2;36.3;60.4;0.0;31;0123456;0.0;0;IC;;Schaffhausen;Zürich
399552;10;20;ICE;ICE;DB Fernverkehr AG;428519;Hamburg Hbf;87362;Wiesbaden Hbf;73020;92400;323;10;482.0;89.5;1.66;1;1;1.0;1;ICE;;Hamburg;Wiesbaden
400412;48;;EC;IC;SBB;63619;St. Margrethen SG;96724;Zürich HB;83400;88080;78;5;91.3;70.2;3.29;2;06;0.0;0;IC;;St. Margrethen SG;Zürich
400448;36;43;ICE;ICE;DB Fernverkehr AG;396514;Hamburg-Altona;517455;Köln Hbf;66360;83160;280;12;397.0;85.1;2.52;1;4;1.0;1;ICE-SPRINTER;SPR-2;Hamburg;Köln
400734;17;;ICE;ICE;Nederlandse Spoorwegen;575362;Arnhem Centraal;79866;Amsterdam Centraal;59280;62940;61;3;90.6;89.1;1.1;13;456;0.0;0;ICE;;Arnhem Centraal;Amsterdam
400942;31;11;ICE;ICE;DB Fernverkehr AG;9941;München Hbf;613345;Berlin Hbf;60300;88200;465;14;814.7;105.1;1.47;14;0123456;1.0;1;ICE;;München;Berlin
401103;58;20;ECE;ICE;DB Fernverkehr AG;428519;Hamburg Hbf;464157;Basel SBB;59340;83400;401;12;740.0;110.7;1.35;5;01236;0.833;0;ICE;;Hamburg;Basel
401162;46;60;ICE;ICE;DB Fernverkehr AG;9941;München Hbf;497089;Karlsruhe Hbf;68400;78720;172;8;275.2;96.0;2.18;10;0123456;1.0;1;ICE;;München;Karlsruhe
40140;26;55;IC;IC;DB Fernverkehr AG;668361;Stuttgart Hbf;93866;Hannover Hbf;63360;87600;404;19;569.7;84.6;2.98;8;0123456;1.0;1;IC;;Stuttgart;Hannover
401404;79;4;ICE;ICE;DB Fernverkehr AG;396514;Hamburg-Altona;176697;Frankfurt(Main)Hbf;36120;50160;234;5;400.5;102.7;0.75;1;6;1.0;1;ICE-SPRINTER;SPR-1;Hamburg;Frankfurt
401674;89;35;IC;IC;DB Fernverkehr AG;195950;Norddeich Mole;691821;Düsseldorf Hbf;41760;56760;250;16;311.9;74.9;4.49;12;0123456;1.0;1;IC;;Norddeich Mole;Düsseldorf
401743;44;17;IC;IC;DB Fernverkehr AG;224643;Dresden Hbf;157968;Rostock Hbf;63300;77820;242;9;368.9;91.5;1.9;28;0123456;1.0;1;IC;;Dresden;Rostock
402055;46;60;ICE;ICE;DB Fernverkehr AG;9941;München Hbf;497089;Karlsruhe Hbf;61080;71520;174;7;274.8;94.7;1.82;1;5;1.0;1;ICE;;München;Karlsruhe
402220;36;43;ICE;ICE;DB Fernverkehr AG;396514;Hamburg-Altona;464157;Basel SBB;59160;89280;502;19;839.1;100.3;2.03;2;5;0.895;0;ICE;;Hamburg;Basel
402344;45;25;ICE;ICE;DB Fernverkehr AG;157968;Rostock Hbf;9941;München Hbf;25440;53520;468;14;868.0;111.3;1.38;1;0;1.0;1;ICE;;Rostock;München
40237;33;42;ICE;ICE;DB Fernverkehr AG;9941;München Hbf;325703;Münster(Westf)Hbf;62880;86040;386;13;635.0;98.7;1.73;2;12;1.0;1;ICE;;München;Münster
402405;13;;RJ;SONSTIGE;Dänische Staatsbahnen;274287;Koebenhavn H;10831;Schleswig;37320;48540;187;7;314.3;100.8;1.59;4;56;0.286;0;SONSTIGE;;København;Schleswig
40242;68;91;ICE;ICE;DB Fernverkehr AG;176697;Frankfurt(Main)Hbf;640892;Dortmund Hbf;78120;92280;236;7;252.7;64.2;1.98;1;4;1.0;1;ICE;;Frankfurt;Dortmund
402600;68;91;ICE;ICE;DB Fernverkehr AG;640892;Dortmund Hbf;99055;Nürnberg Hbf;15720;37800;368;15;471.4;76.9;2.76;7;01234;1.0;1;ICE;;Dortmund;Nürnberg
402632;77;10;ICE;ICE;DB Fernverkehr AG;613345;Berlin Hbf;484741;Mönchengladbach Hbf;56820;74520;295;13;526.9;107.2;2.09;11;012345;1.0;1;ICE;;Berlin;Mönchengladbach
403268;72;;ICE;ICE;SBB;556408;Schaffhausen;96724;Zürich HB;31380;34140;46;2;36.3;47.3;0.0;2;56;0.0;0;ICE;;Schaffhausen;Zürich
403341;45;25;ICE;ICE;DB Fernverkehr AG;9066;Hamburg-Harburg;9941;München Hbf;65580;87420;364;9;679.1;111.9;1.03;2;56;1.0;1;ICE;;Hamburg;München
403888;26;55;IC;IC;DB Fernverkehr AG;464794;Magdeburg Hbf;224643;Dresden Hbf;28860;38280;157;8;218.4;83.5;2.75;1;5;1.0;1;IC;;Magdeburg;Dresden
404612;47;62;ICE;ICE;DB Fernverkehr AG;9941;München Hbf;180380;Saarbrücken Hbf;63960;80940;283;10;406.2;86.1;1.97;1;4;1.0;1;ICE;;München;Saarbrücken
405018;45;25;ICE;ICE;DB Fernverkehr AG;93866;Hannover Hbf;9941;München Hbf;66420;83400;283;7;537.0;113.8;0.93;1;5;1.0;1;ICE;;Hannover;München
405209;23;12;ICE;ICE;DB Fernverkehr AG;556408;Schaffhausen;613345;Berlin Hbf;60360;93240;548;15;842.9;92.3;1.54;1;6;0.933;0;ICE;;Schaffhausen;Berlin
405278;57;19;ICE;ICE;DB Fernverkehr AG;517455;Köln Hbf;391201;Berlin Südkreuz;37140;54240;285;7;506.8;106.7;0.99;5;01234;1.0;1;ICE;;Köln;Berlin
40556;36;43;ICE;ICE;DB Fernverkehr AG;464157;Basel SBB;428519;Hamburg Hbf;54960;83760;480;16;816.0;102.0;1.72;4;0123;0.875;0;ICE;;Basel;Hamburg
406075;45;25;ICE;ICE;DB Fernverkehr AG;9941;München Hbf;9066;Hamburg-Harburg;64320;85440;352;9;679.1;115.8;1.03;3;123;1.0;1;ICE;;München;Hamburg
406569;87;41;ICE;ICE;DB Fernverkehr AG;517455;Köln Hbf;9941;München Hbf;63300;83160;331;9;498.6;90.4;1.4;1;0;1.0;1;ICE;;Köln;München
406599;19;24;ICE;ICE;DB Fernverkehr AG;468987;Westerland(Sylt);176697;Frankfurt(Main)Hbf;39300;68880;493;16;647.3;78.8;2.16;9;0123456;1.0;1;ICE;;Westerland;Frankfurt
406923;21;95;EC;IC;PKP Intercity;39653;Warszawa Wschodnia;42071;Rzepin;53340;67740;240;9;430.8;107.7;1.62;23;0123456;0.0;0;IC;;Warszawa;Rzepin
407326;87;41;ICE;ICE;DB Fernverkehr AG;9941;München Hbf;640892;Dortmund Hbf;60240;83940;395;11;592.1;89.9;1.52;2;13;1.0;1;ICE;;München;Dortmund
407447;48;;EC;IC;SBB;63619;St. Margrethen SG;96724;Zürich HB;76200;80880;78;5;91.3;70.2;3.29;4;456;0.0;0;IC;;St. Margrethen SG;Zürich
407943;53;47;ICE;ICE;DB Fernverkehr AG;9941;München Hbf;640892;Dortmund Hbf;22800;42600;330;12;608.2;110.6;1.64;6;012345;1.0;1;ICE;;München;Dortmund
408740;91;79;ICE;ICE;DB Fernverkehr AG;176697;Frankfurt(Main)Hbf;257676;Bruxelles Midi;72840;84900;201;11;358.5;107.0;2.51;15;0123456;0.727;0;ICE;;Frankfurt;Bruxelles
408773;17;;ICE;ICE;Nederlandse Spoorwegen;65847;Hengelo;79866;Amsterdam Centraal;58140;64800;111;6;139.3;75.3;2.87;1;0;0.0;0;ICE;;Hengelo;Amsterdam
40924;31;11;ICE;ICE;DB Fernverkehr AG;127712;Berlin Gesundbrunnen;668361;Stuttgart Hbf;62220;83460;354;11;622.1;105.4;1.45;6;123456;1.0;1;ICE;;Berlin;Stuttgart
409344;14;;EC;IC;ÖBB;167729;Lindau-Reutin;63619;St. Margrethen SG;82320;83340;17;3;15.5;54.9;;3;046;0.333;0;IC;;Lindau-Reutin;St. Margrethen SG
409703;94;88;ECE;ICE;DB Fernverkehr AG;167729;Lindau-Reutin;9941;München Hbf;47400;56040;144;4;163.5;68.1;1.22;1;0;1.0;1;ICE;;Lindau-Reutin;München
40971;81;83;ICE;ICE;SNCF;335130;Paris Est;412384;Strasbourg;39180;45480;105;2;395.5;226.0;0.0;8;0123456;0.0;0;ICE;;Paris;Strasbourg
409833;42;22;ICE;ICE;DB Fernverkehr AG;668361;Stuttgart Hbf;428519;Hamburg Hbf;62520;80940;307;8;583.2;114.0;1.03;2;56;1.0;1;ICE;;Stuttgart;Hamburg
410282;62;13;ICE;ICE;DB Fernverkehr AG;337692;Berlin-Charlottenburg;38672;Frankfurt(M) Flughafen Fernbf;48480;64320;264;11;536.0;121.8;1.68;6;56;1.0;1;ICE-SPRINTER;SPR-5;Berlin;Frankfurt
410415;87;41;ICE;ICE;DB Fernverkehr AG;9941;München Hbf;640892;Dortmund Hbf;60240;81480;354;13;606.2;102.7;1.81;3;56;1.0;1;ICE;;München;Dortmund
410626;89;35;IC;IC;DB Fernverkehr AG;161450;Emden Hbf;517455;Köln Hbf;30840;44040;220;14;314.7;85.8;3.81;17;0123456;1.0;1;IC;;Emden;Köln
411063;48;;EC;IC;SBB;96724;Zürich HB;63619;St. Margrethen SG;20100;24540;74;4;89.2;72.3;2.24;4;0345;0.0;0;IC;;Zürich;St. Margrethen SG
411195;33;42;ICE;ICE;DB Fernverkehr AG;9941;München Hbf;396514;Hamburg-Altona;60;37980;632;24;932.5;88.5;2.36;2;04;1.0;1;ICE;;München;Hamburg
411241;78;15;ICE;ICE;DB Fernverkehr AG;446029;Stralsund Hbf;176697;Frankfurt(Main)Hbf;29220;53760;409;13;660.8;96.9;1.66;16;01234;1.0;1;ICE;;Stralsund;Frankfurt
411323;45;25;ICE;ICE;DB Fernverkehr AG;331094;Hamburg Dammtor;9941;München Hbf;64380;85800;357;12;704.8;118.4;1.42;3;13;1.0;1;ICE;;Hamburg;München
411655;55;;RJ;SONSTIGE;Ceske Drahy;26993;Decin hl.n.;653775;Praha hl.n.;71820;77100;88;4;87.0;59.3;2.3;1;0;0.0;0;SONSTIGE;;Decin hl.n.;Praha
412019;17;;ICE;ICE;Nederlandse Spoorwegen;575362;Arnhem Centraal;79866;Amsterdam Centraal;44880;48540;61;3;90.6;89.1;1.1;3;123;0.0;0;ICE;;Arnhem Centraal;Amsterdam
412190;12;29;ICE;ICE;DB Fernverkehr AG;613345;Berlin Hbf;9941;München Hbf;67020;84960;299;7;557.6;111.9;0.9;8;023456;1.0;1;ICE;;Berlin;München
413047;42;22;ICE;ICE;DB Fernverkehr AG;331094;Hamburg Dammtor;93866;Hannover Hbf;76860;82560;95;6;162.9;102.9;2.45;2;01;1.0;1;ICE;;Hamburg;Hannover
413514;78;15;ICE;ICE;DB Fernverkehr AG;552264;Ostseebad Binz;176697;Frankfurt(Main)Hbf;33300;60960;461;15;698.1;90.9;1.86;19;0123456;1.0;1;ICE;;Ostseebad Binz;Frankfurt
413685;40;78;ICE;ICE;DB Fernverkehr AG;468143;Emmerich;176697;Frankfurt(Main)Hbf;71580;82440;181;7;280.0;92.8;1.79;4;0123;1.0;1;ICE;;Emmerich;Frankfurt
413795;22;;IC;IC;SBB;96724;Zürich HB;556408;Schaffhausen;67020;69180;36;2;36.3;60.4;0.0;2;56;0.0;0;IC;;Zürich;Schaffhausen
413976;59;85;ECE;ICE;DB Fernverkehr AG;176697;Frankfurt(Main)Hbf;297876;Basel Bad Bf;28920;38700;163;6;299.5;110.2;1.34;2;34;0.833;0;ICE;;Frankfurt;Basel
414292;45;25;ICE;ICE;DB Fernverkehr AG;9066;Hamburg-Harburg;9941;München Hbf;51180;71400;337;10;692.6;123.3;1.16;1;0;1.0;1;ICE;;Hamburg;München
414718;75;;ECE;ICE;Dänische Staatsbahnen;368193;Padborg st;274287;Koebenhavn H;75780;85020;154;5;276.4;107.7;1.09;1;4;0.0;0;ICE;;Padborg st;København
414789;17;;ICE;ICE;Nederlandse Spoorwegen;575362;Arnhem Centraal;79866;Amsterdam Centraal;80880;84540;61;3;90.6;89.1;1.1;2;12;0.0;0;ICE;;Arnhem Centraal;Amsterdam
415201;47;62;ICE;ICE;DB Fernverkehr AG;176697;Frankfurt(Main)Hbf;695368;Salzburg Hbf;29400;50340;349;14;477.1;82.0;2.52;6;01234;0.929;0;ICE;;Frankfurt;Salzburg
415431;1;;IC;IC;PKP Intercity;380319;Wroclaw Glowny;262513;Horka(Gr);48600;54180;93;6;142.7;92.0;2.8;1;2;0.0;0;IC;;Wroclaw Glowny;Horka
41569;46;60;ICE;ICE;DB Fernverkehr AG;9941;München Hbf;668361;Stuttgart Hbf;78540;85320;113;4;195.2;103.6;1.02;2;56;1.0;1;ICE;;München;Stuttgart
415757;83;96;EC;IC;PKP Intercity;246292;Krakow Glowny;42071;Rzepin;15060;35160;335;12;476.6;85.4;2.1;4;016;0.0;0;IC;;Krakow Glowny;Rzepin
415776;72;;ICE;ICE;SBB;464157;Basel SBB;228347;Brig;61080;69180;135;8;179.2;79.6;3.35;1;6;0.0;0;ICE;;Basel;Brig
416110;32;18;ICE;ICE;DB Fernverkehr AG;9941;München Hbf;127712;Berlin Gesundbrunnen;83520;110220;445;15;613.4;82.7;2.12;3;346;1.0;1;ICE;;München;Berlin
416583;67;33;ICE;ICE;DB Fernverkehr AG;93866;Hannover Hbf;552264;Ostseebad Binz;27060;45720;311;13;429.7;82.9;2.56;9;0123456;1.0;1;ICE;;Hannover;Ostseebad Binz
416595;33;42;ICE;ICE;DB Fernverkehr AG;9941;München Hbf;517455;Köln Hbf;70080;87000;282;8;503.5;107.1;1.19;3;234;1.0;1;ICE;;München;Köln
416771;24;16;ICE;ICE;DB Fernverkehr AG;477761;Bremen Hbf;93866;Hannover Hbf;54900;58440;59;2;100.4;102.1;0.0;31;0123456;1.0;1;ICE;;Bremen;Hannover
417053;31;11;ICE;ICE;DB Fernverkehr AG;428519;Hamburg Hbf;668361;Stuttgart Hbf;54780;83640;481;13;880.6;109.9;1.25;1;5;1.0;1;ICE;;Hamburg;Stuttgart
417203;37;82;ICE;ICE;DB Fernverkehr AG;176697;Frankfurt(Main)Hbf;180380;Saarbrücken Hbf;31980;39540;126;4;182.3;86.8;1.1;24;012345;1.0;1;ICE;;Frankfurt;Saarbrücken
417274;23;12;ICE;ICE;DB Fernverkehr AG;613345;Berlin Hbf;464157;Basel SBB;30660;56880;437;16;827.4;113.6;1.69;6;56;0.875;0;ICE;;Berlin;Basel
417349;3;26;ICE;ICE;DB Fernverkehr AG;83956;Oldenburg(Oldb)Hbf;497089;Karlsruhe Hbf;17040;40740;395;18;568.1;86.3;2.82;5;01234;1.0;1;ICE;;Oldenburg;Karlsruhe
417897;36;43;ICE;ICE;DB Fernverkehr AG;464157;Basel SBB;396514;Hamburg-Altona;54960;85020;501;20;850.7;101.9;2.12;1;0;0.9;0;ICE;;Basel;Hamburg
41858;19;24;ICE;ICE;DB Fernverkehr AG;176697;Frankfurt(Main)Hbf;468987;Westerland(Sylt);31860;61380;492;16;645.9;78.8;2.17;11;01234;1.0;1;ICE;;Frankfurt;Westerland
418623;75;;ECE;ICE;Dänische Staatsbahnen;274287;Koebenhavn H;368193;Padborg st;18480;28620;169;5;276.4;98.1;1.09;9;0123456;0.0;0;ICE;;København;Padborg st
418654;72;;ICE;ICE;SBB;480653;Interlaken Ost;464157;Basel SBB;23340;30540;120;7;138.6;69.3;3.61;1;6;0.0;0;ICE;;Interlaken Ost;Basel
418683;32;18;ICE;ICE;DB Fernverkehr AG;613345;Berlin Hbf;396514;Hamburg-Altona;79740;87840;135;6;267.7;119.0;1.49;18;0123456;1.0;1;ICE;;Berlin;Hamburg
418782;23;12;ICE;ICE;DB Fernverkehr AG;391201;Berlin Südkreuz;464157;Basel SBB;83460;118080;577;16;862.0;89.6;1.62;1;0;0.875;0;ICE;;Berlin;Basel
419256;33;42;ICE;ICE;DB Fernverkehr AG;396514;Hamburg-Altona;9941;München Hbf;68040;108180;669;22;984.2;88.3;2.03;1;4;1.0;1;ICE;;Hamburg;München
419279;77;10;ICE;ICE;DB Fernverkehr AG;391201;Berlin Südkreuz;691821;Düsseldorf Hbf;19560;36480;282;14;509.9;108.5;2.35;8;0123456;1.0;1;ICE;;Berlin;Düsseldorf
419468;26;55;IC;IC;DB Fernverkehr AG;635340;Heidelberg Hbf;224643;Dresden Hbf;44640;81480;614;26;839.1;82.0;2.86;5;01234;1.0;1;IC;;Heidelberg;Dresden
419534;10;20;ICE;ICE;DB Fernverkehr AG;428519;Hamburg Hbf;464157;Basel SBB;44940;69660;412;12;739.7;107.7;1.35;2;56;0.833;0;ICE;;Hamburg;Basel
420372;5;50;ICE;ICE;DB Fernverkehr AG;224643;Dresden Hbf;87362;Wiesbaden Hbf;22260;41520;321;12;460.2;86.0;2.17;3;056;1.0;1;ICE;;Dresden;Wiesbaden
420425;18;;ICE;ICE;ÖBB;695368;Salzburg Hbf;135333;Wien Hbf;50400;60420;167;5;262.0;94.1;1.15;31;0123456;0.0;0;ICE;;Salzburg;Wien
420529;35;27;ECE;ICE;DB Fernverkehr AG;396514;Hamburg-Altona;310614;Flensburg;83940;91380;124;3;139.7;67.6;0.72;7;0123456;1.0;1;ICE;;Hamburg;Flensburg
420632;77;10;ICE;ICE;DB Fernverkehr AG;613345;Berlin Hbf;691821;Düsseldorf Hbf;28020;46440;307;11;501.6;98.0;1.79;2;06;1.0;1;ICE;;Berlin;Düsseldorf
421648;61;1;ICE;ICE;DB Fernverkehr AG;396514;Hamburg-Altona;99055;Nürnberg Hbf;57240;88920;528;15;761.3;86.5;1.71;1;1;1.0;1;ICE;;Hamburg;Nürnberg
422150;44;17;IC;IC;DB Fernverkehr AG;157968;Rostock Hbf;224643;Dresden Hbf;66000;80880;248;9;368.9;89.3;1.9;23;012346;1.0;1;IC;;Rostock;Dresden
422460;17;;ICE;ICE;Nederlandse Spoorwegen;79866;Amsterdam Centraal;65847;Hengelo;21600;28260;111;6;139.3;75.3;2.87;17;0123456;0.0;0;ICE;;Amsterdam;Hengelo
422473;93;96;EC;IC;DB Fernverkehr AG;42071;Rzepin;327376;Berlin-Lichtenberg;35340;40080;79;4;92.9;70.6;2.15;3;016;0.75;0;IC;;Rzepin;Berlin
422768;33;42;ICE;ICE;DB Fernverkehr AG;9941;München Hbf;396514;Hamburg-Altona;41280;74040;546;19;888.6;97.7;1.91;8;0123456;1.0;1;ICE;;München;Hamburg
422843;22;;IC;IC;SBB;96724;Zürich HB;556408;Schaffhausen;63420;65580;36;2;36.3;60.4;0.0;2;56;0.0;0;IC;;Zürich;Schaffhausen
423068;31;11;ICE;ICE;DB Fernverkehr AG;416646;Erfurt Hbf;9941;München Hbf;19740;40500;346;10;561.2;97.3;1.43;2;56;1.0;1;ICE;;Erfurt;München
423587;32;18;ICE;ICE;DB Fernverkehr AG;99055;Nürnberg Hbf;9941;München Hbf;68340;74400;101;4;179.7;106.8;1.11;5;23456;1.0;1;ICE;;Nürnberg;München
423835;23;12;ICE;ICE;DB Fernverkehr AG;464157;Basel SBB;391201;Berlin Südkreuz;58560;85620;451;17;832.9;110.8;1.8;2;56;0.882;0;ICE;;Basel;Berlin
423985;17;;ICE;ICE;Nederlandse Spoorwegen;24890;Utrecht Centraal;65847;Hengelo;37080;42660;93;5;117.6;75.9;2.55;2;56;0.0;0;ICE;;Utrecht Centraal;Hengelo
424322;17;;ICE;ICE;Nederlandse Spoorwegen;65847;Hengelo;79866;Amsterdam Centraal;58140;64800;111;6;139.3;75.3;2.87;21;012346;0.0;0;ICE;;Hengelo;Amsterdam
424944;57;19;ICE;ICE;DB Fernverkehr AG;517455;Köln Hbf;391201;Berlin Südkreuz;60240;75840;260;8;509.5;117.6;1.18;21;0123456;1.0;1;ICE-SPRINTER;SPR-3;Köln;Berlin
425038;45;25;ICE;ICE;DB Fernverkehr AG;331094;Hamburg Dammtor;9941;München Hbf;80400;109560;486;12;695.5;85.9;1.44;1;0;1.0;1;ICE;;Hamburg;München
42509;91;79;ICE;ICE;DB Fernverkehr AG;257676;Bruxelles Midi;176697;Frankfurt(Main)Hbf;59100;70020;182;8;356.7;117.6;1.68;6;56;0.625;0;ICE;;Bruxelles;Frankfurt
425396;17;;ICE;ICE;Nederlandse Spoorwegen;65847;Hengelo;79866;Amsterdam Centraal;29340;36120;113;6;139.3;74.0;2.87;20;01234;0.0;0;ICE;;Hengelo;Amsterdam
425592;84;77;ICE;ICE;DB Fernverkehr AG;391201;Berlin Südkreuz;325703;Münster(Westf)Hbf;65040;79140;235;6;404.3;103.2;0.99;1;6;1.0;1;ICE;;Berlin;Münster
425899;87;41;ICE;ICE;DB Fernverkehr AG;9941;München Hbf;640892;Dortmund Hbf;60240;81900;361;10;572.3;95.1;1.4;2;34;1.0;1;ICE;;München;Dortmund
425955;33;42;ICE;ICE;DB Fernverkehr AG;9941;München Hbf;428519;Hamburg Hbf;55680;87300;527;17;883.4;100.6;1.7;7;0123456;1.0;1;ICE;;München;Hamburg
426134;87;41;ICE;ICE;DB Fernverkehr AG;99055;Nürnberg Hbf;9941;München Hbf;21360;25980;77;3;149.8;116.8;0.67;2;0;1.0;1;ICE;;Nürnberg;München
426521;33;42;ICE;ICE;DB Fernverkehr AG;9941;München Hbf;517455;Köln Hbf;70080;87000;282;9;503.9;107.2;1.39;2;01;1.0;1;ICE;;München;Köln
427587;50;61;IC;IC;DB Fernverkehr AG;99055;Nürnberg Hbf;497089;Karlsruhe Hbf;63600;75240;194;11;252.2;78.0;3.57;3;123;1.0;1;IC;;Nürnberg;Karlsruhe
428783;62;13;ICE;ICE;DB Fernverkehr AG;38672;Frankfurt(M) Flughafen Fernbf;337692;Berlin-Charlottenburg;50940;66660;262;11;534.0;122.3;1.69;17;012345;1.0;1;ICE-SPRINTER;SPR-5;Frankfurt;Berlin
429229;9;87;IC;IC;DB Fernverkehr AG;668361;Stuttgart Hbf;556408;Schaffhausen;66480;74700;137;7;149.3;65.4;3.35;10;0123456;0.857;0;IC;;Stuttgart;Schaffhausen
430385;92;83;ICE;ICE;DB Fernverkehr AG;412384;Strasbourg;668361;Stuttgart Hbf;71040;77160;102;5;134.4;79.1;2.23;12;012346;0.6;0;ICE;;Strasbourg;Stuttgart
430902;9;87;IC;IC;DB Fernverkehr AG;391274;Konstanz;668361;Stuttgart Hbf;21840;31380;159;14;164.6;62.1;7.29;14;012345;0.929;0;IC;;Konstanz;Stuttgart
43125;52;;EN;SONSTIGE;ÖBB;96724;Zürich HB;464157;Basel SBB;71940;75120;53;2;73.9;83.7;0.0;18;012345;0.0;0;SONSTIGE;;Zürich;Basel
431445;82;95;EC;IC;DB Fernverkehr AG;42071;Rzepin;127712;Berlin Gesundbrunnen;31800;37500;95;5;101.3;64.0;2.96;5;12345;0.8;0;IC;;Rzepin;Berlin
431489;33;42;ICE;ICE;DB Fernverkehr AG;428519;Hamburg Hbf;9941;München Hbf;56700;90660;566;17;883.4;93.6;1.7;1;4;1.0;1;ICE;;Hamburg;München
43214;72;;ICE;ICE;SBB;96724;Zürich HB;556408;Schaffhausen;36000;38760;46;2;36.3;47.3;0.0;2;56;0.0;0;ICE;;Zürich;Schaffhausen
432280;32;18;ICE;ICE;DB Fernverkehr AG;9941;München Hbf;531677;Halle(Saale)Hbf;68940;85800;281;11;439.0;93.7;2.05;1;5;1.0;1;ICE-SPRINTER;SPR-4;München;Halle
432446;44;17;IC;IC;DB Fernverkehr AG;157968;Rostock Hbf;227595;Chemnitz Hbf;58800;77460;311;10;428.9;82.8;1.87;3;056;1.0;1;IC;;Rostock;Chemnitz
432571;42;22;ICE;ICE;DB Fernverkehr AG;659783;Kiel Hbf;176697;Frankfurt(Main)Hbf;65760;83640;298;8;505.9;101.9;1.19;2;56;1.0;1;ICE;;Kiel;Frankfurt
433491;33;42;ICE;ICE;DB Fernverkehr AG;396514;Hamburg-Altona;9941;München Hbf;69960;108060;635;20;902.8;85.3;1.99;2;12;1.0;1;ICE;;Hamburg;München
43366;1;;IC;IC;PKP Intercity;325087;Chelm;402680;Swinoujscie;65880;110340;741;40;866.6;70.2;4.39;16;0123456;0.0;0;IC;;Chelm;Swinoujscie
433810;84;77;ICE;ICE;DB Fernverkehr AG;391201;Berlin Südkreuz;65847;Hengelo;50760;65220;241;10;456.9;113.8;1.75;4;56;0.9;0;ICE;;Berlin;Hengelo
433886;53;47;ICE;ICE;DB Fernverkehr AG;456179;Augsburg Hbf;640892;Dortmund Hbf;60480;80100;327;11;552.1;101.3;1.63;8;123456;1.0;1;ICE;;Augsburg;Dortmund
433911;32;18;ICE;ICE;DB Fernverkehr AG;9941;München Hbf;127712;Berlin Gesundbrunnen;83280;110220;449;18;591.7;79.1;2.7;2;12;1.0;1;ICE;;München;Berlin
434088;47;62;ICE;ICE;DB Fernverkehr AG;226858;Darmstadt Hbf;695368;Salzburg Hbf;45000;64740;329;14;450.2;82.1;2.67;2;56;0.929;0;ICE;;Darmstadt;Salzburg
434387;42;22;ICE;ICE;DB Fernverkehr AG;668361;Stuttgart Hbf;659783;Kiel Hbf;33720;56400;378;11;670.6;106.4;1.34;5;01234;1.0;1;ICE;;Stuttgart;Kiel
434590;46;60;ICE;ICE;DB Fernverkehr AG;253250;Ulm Hbf;9941;München Hbf;23880;28140;71;4;124.5;105.2;1.61;2;23;1.0;1;ICE;;Ulm;München
434650;26;55;IC;IC;DB Fernverkehr AG;668361;Stuttgart Hbf;224643;Dresden Hbf;34560;74400;664;28;918.3;83.0;2.83;8;012346;1.0;1;IC;;Stuttgart;Dresden
434717;44;17;IC;IC;DB Fernverkehr AG;552264;Ostseebad Binz;224643;Dresden Hbf;50040;71640;360;15;435.5;72.6;2.98;8;56;1.0;1;IC;;Ostseebad Binz;Dresden
435094;7;85;EC;IC;DB Fernverkehr AG;464157;Basel SBB;297876;Basel Bad Bf;56760;57180;7;2;2.6;22.3;;2;56;0.0;0;IC;;Basel;Basel
435659;83;96;EC;IC;PKP Intercity;42071;Rzepin;401361;Przemysl Glowny;51120;82080;516;22;703.3;81.8;2.84;5;12345;0.0;0;IC;;Rzepin;Przemysl Glowny
4362;17;;ICE;ICE;Nederlandse Spoorwegen;65847;Hengelo;396218;Amersfoort Centraal;29340;33840;75;4;98.2;78.6;2.04;2;56;0.0;0;ICE;;Hengelo;Amersfoort Centraal
436302;45;25;ICE;ICE;DB Fernverkehr AG;331094;Hamburg Dammtor;9941;München Hbf;67980;91080;385;12;731.5;114.0;1.37;1;4;1.0;1;ICE;;Hamburg;München
436439;1;;IC;IC;PKP Intercity;402680;Swinoujscie;246292;Krakow Glowny;48180;80760;543;24;680.6;75.2;3.23;9;0123456;0.0;0;IC;;Swinoujscie;Krakow Glowny
436675;10;20;ICE;ICE;DB Fernverkehr AG;464157;Basel SBB;428519;Hamburg Hbf;45960;70140;403;12;740.0;110.2;1.35;2;56;0.833;0;ICE;;Basel;Hamburg
436699;57;19;ICE;ICE;DB Fernverkehr AG;391201;Berlin Südkreuz;517455;Köln Hbf;24720;41820;285;7;506.8;106.7;0.99;3;056;1.0;1;ICE;;Berlin;Köln
43723;9;87;IC;IC;DB Fernverkehr AG;266187;Tuttlingen;556408;Schaffhausen;28920;31500;43;3;41.8;58.4;2.39;3;234;0.667;0;IC;;Tuttlingen;Schaffhausen
437492;46;60;ICE;ICE;DB Fernverkehr AG;497089;Karlsruhe Hbf;9941;München Hbf;65100;75360;171;8;273.1;95.8;2.2;8;0123456;1.0;1;ICE;;Karlsruhe;München
437983;87;41;ICE;ICE;DB Fernverkehr AG;517455;Köln Hbf;9941;München Hbf;52500;69120;277;7;497.9;107.8;1.0;5;01234;1.0;1;ICE;;Köln;München
437993;31;11;ICE;ICE;DB Fernverkehr AG;428519;Hamburg Hbf;9941;München Hbf;18780;54840;601;17;1077.6;107.6;1.39;3;056;1.0;1;ICE;;Hamburg;München
438042;3;26;ICE;ICE;DB Fernverkehr AG;497089;Karlsruhe Hbf;477761;Bremen Hbf;31260;53100;364;15;526.1;86.7;2.47;5;01234;1.0;1;ICE;;Karlsruhe;Bremen
438797;33;42;ICE;ICE;DB Fernverkehr AG;9941;München Hbf;428519;Hamburg Hbf;48480;80100;527;17;883.4;100.6;1.7;5;01256;1.0;1;ICE;;München;Hamburg
439174;77;10;ICE;ICE;DB Fernverkehr AG;613345;Berlin Hbf;517455;Köln Hbf;56820;75900;318;8;504.3;95.1;1.19;1;6;1.0;1;ICE;;Berlin;Köln
439237;78;15;ICE;ICE;DB Fernverkehr AG;391201;Berlin Südkreuz;552264;Ostseebad Binz;31740;44940;220;10;271.3;74.0;2.95;1;6;1.0;1;ICE;;Berlin;Ostseebad Binz
439426;12;29;ICE;ICE;DB Fernverkehr AG;127712;Berlin Gesundbrunnen;9941;München Hbf;69960;88320;306;8;587.3;115.2;1.02;1;3;1.0;1;ICE;;Berlin;München
439537;84;77;ICE;ICE;DB Fernverkehr AG;391201;Berlin Südkreuz;65847;Hengelo;26400;43620;287;8;453.9;94.9;1.32;1;0;0.875;0;ICE;;Berlin;Hengelo
439790;33;42;ICE;ICE;DB Fernverkehr AG;9941;München Hbf;396514;Hamburg-Altona;34080;66840;546;19;888.6;97.7;1.91;2;01;1.0;1;ICE;;München;Hamburg
439929;27;57;IC;IC;DB Fernverkehr AG;53188;Leipzig Hbf;129801;Warnemünde;27720;44520;280;12;375.5;80.5;2.66;21;01234;1.0;1;IC;;Leipzig;Warnemünde
440087;17;;ICE;ICE;Nederlandse Spoorwegen;65847;Hengelo;79866;Amsterdam Centraal;43740;50460;112;6;139.3;74.6;2.87;2;56;0.0;0;ICE;;Hengelo;Amsterdam
440105;21;95;EC;IC;PKP Intercity;42071;Rzepin;39653;Warszawa Wschodnia;25920;40500;243;9;430.8;106.4;1.62;4;2345;0.0;0;IC;;Rzepin;Warszawa
440611;26;55;IC;IC;DB Fernverkehr AG;517455;Köln Hbf;635340;Heidelberg Hbf;67980;77640;161;6;218.9;81.6;1.83;2;56;1.0;1;IC;;Köln;Heidelberg
441126;42;22;ICE;ICE;DB Fernverkehr AG;668361;Stuttgart Hbf;428519;Hamburg Hbf;48120;66540;307;9;604.7;118.2;1.16;1;5;1.0;1;ICE;;Stuttgart;Hamburg
441295;54;82;ICE;ICE;SNCF;335130;Paris Est;412384;Strasbourg;40020;46980;116;2;395.5;204.6;0.0;6;56;0.0;0;ICE;;Paris;Strasbourg
442319;37;82;ICE;ICE;DB Fernverkehr AG;412384;Strasbourg;176697;Frankfurt(Main)Hbf;47340;53760;107;5;194.4;109.0;1.54;2;56;0.6;0;ICE;;Strasbourg;Frankfurt
442434;1;;IC;IC;PKP Intercity;401361;Przemysl Glowny;380319;Wroclaw Glowny;25920;46200;338;17;474.6;84.3;3.16;11;0123456;0.0;0;IC;;Przemysl Glowny;Wroclaw Glowny
443852;54;82;ICE;ICE;SNCF;335130;Paris Est;180380;Saarbrücken Hbf;47400;53880;108;3;340.8;189.3;0.29;27;0123456;0.667;0;ICE-SPRINTER;SPR-6;Paris;Saarbrücken
443882;14;;EC;IC;ÖBB;63619;St. Margrethen SG;167729;Lindau-Reutin;24660;25680;17;3;15.5;54.9;;9;012345;0.333;0;IC;;St. Margrethen SG;Lindau-Reutin
444031;42;22;ICE;ICE;DB Fernverkehr AG;668361;Stuttgart Hbf;428519;Hamburg Hbf;55320;73740;307;8;583.5;114.0;1.03;17;0123456;1.0;1;ICE;;Stuttgart;Hamburg
444515;72;;ICE;ICE;SBB;228347;Brig;464157;Basel SBB;27900;36000;135;8;179.2;79.6;3.35;2;26;0.0;0;ICE;;Brig;Basel
444709;37;82;ICE;ICE;DB Fernverkehr AG;176697;Frankfurt(Main)Hbf;412384;Strasbourg;66360;74460;135;5;194.4;86.4;1.54;1;6;0.6;0;ICE;;Frankfurt;Strasbourg
445712;82;95;EC;IC;DB Fernverkehr AG;354957;Frankfurt(Oder);42071;Rzepin;39000;40020;17;3;19.2;67.8;;2;56;0.667;0;IC;;Frankfurt(Oder);Rzepin
445740;14;;EC;IC;ÖBB;135333;Wien Hbf;552402;Simbach(Inn);25980;36660;178;6;254.4;85.7;1.57;1;0;0.167;0;IC;;Wien;Simbach
445800;83;96;EC;IC;PKP Intercity;401361;Przemysl Glowny;42071;Rzepin;18960;49560;510;22;703.3;82.7;2.84;3;256;0.0;0;IC;;Przemysl Glowny;Rzepin
446241;77;10;ICE;ICE;DB Fernverkehr AG;517455;Köln Hbf;391201;Berlin Südkreuz;70560;88140;293;9;510.5;104.5;1.37;1;3;1.0;1;ICE;;Köln;Berlin
446913;23;12;ICE;ICE;DB Fernverkehr AG;598255;Offenburg;613345;Berlin Hbf;55620;77580;366;13;722.1;118.4;1.52;2;56;1.0;1;ICE;;Offenburg;Berlin
446979;87;41;ICE;ICE;DB Fernverkehr AG;176697;Frankfurt(Main)Hbf;691821;Düsseldorf Hbf;25680;31200;92;5;192.4;125.5;1.56;17;0123456;1.0;1;ICE;;Frankfurt;Düsseldorf
447891;68;91;ICE;ICE;DB Fernverkehr AG;640892;Dortmund Hbf;99055;Nürnberg Hbf;35640;59400;396;12;456.0;69.1;2.19;2;01;1.0;1;ICE;;Dortmund;Nürnberg
448005;26;55;IC;IC;DB Fernverkehr AG;635340;Heidelberg Hbf;640892;Dortmund Hbf;73440;88020;243;11;302.1;74.6;2.98;1;2;1.0;1;IC;;Heidelberg;Dortmund
448122;67;33;ICE;ICE;DB Fernverkehr AG;267257;Essen Hbf;468987;Westerland(Sylt);30900;54180;388;11;514.5;79.6;1.75;5;01234;1.0;1;ICE;;Essen;Westerland
448250;72;;ICE;ICE;SBB;464157;Basel SBB;583614;Chur;36420;44520;135;5;176.5;78.4;1.7;20;01235;0.0;0;ICE;;Basel;Chur
448413;54;82;ICE;ICE;SNCF;335130;Paris Est;180380;Saarbrücken Hbf;61800;68280;108;3;340.8;189.3;0.29;23;012346;0.667;0;ICE-SPRINTER;SPR-6;Paris;Saarbrücken
448492;50;61;IC;IC;DB Fernverkehr AG;99055;Nürnberg Hbf;668361;Stuttgart Hbf;63600;71580;133;7;182.6;82.4;2.74;8;0123456;1.0;1;IC;;Nürnberg;Stuttgart
448498;24;16;ICE;ICE;DB Fernverkehr AG;477761;Bremen Hbf;93866;Hannover Hbf;26100;29640;59;2;100.4;102.1;0.0;15;0123456;1.0;1;ICE;;Bremen;Hannover
44871;62;13;ICE;ICE;DB Fernverkehr AG;497089;Karlsruhe Hbf;337616;Braunschweig Hbf;67200;83820;277;11;479.8;103.9;1.88;1;3;1.0;1;ICE;;Karlsruhe;Braunschweig
448823;14;;EC;IC;ÖBB;63619;St. Margrethen SG;167729;Lindau-Reutin;31860;32880;17;3;15.5;54.9;;10;0123456;0.333;0;IC;;St. Margrethen SG;Lindau-Reutin
449132;79;4;ICE;ICE;DB Fernverkehr AG;428519;Hamburg Hbf;176697;Frankfurt(Main)Hbf;37260;50160;215;3;395.3;110.3;0.25;7;012345;1.0;1;ICE-SPRINTER;SPR-1;Hamburg;Frankfurt
449282;10;20;ICE;ICE;DB Fernverkehr AG;331094;Hamburg Dammtor;87362;Wiesbaden Hbf;73260;93120;331;11;484.5;87.8;1.86;1;5;1.0;1;ICE;;Hamburg;Wiesbaden
44944;48;;EC;IC;SBB;96724;Zürich HB;63619;St. Margrethen SG;34320;38940;77;5;91.3;71.2;3.29;3;036;0.0;0;IC;;Zürich;St. Margrethen SG
449790;21;95;EC;IC;PKP Intercity;42071;Rzepin;39653;Warszawa Wschodnia;68880;83700;247;9;430.8;104.7;1.62;18;012346;0.0;0;IC;;Rzepin;Warszawa
450452;68;91;ICE;ICE;DB Fernverkehr AG;99055;Nürnberg Hbf;640892;Dortmund Hbf;63120;84840;362;11;452.1;74.9;1.99;1;5;1.0;1;ICE;;Nürnberg;Dortmund
45138;77;10;ICE;ICE;DB Fernverkehr AG;691821;Düsseldorf Hbf;391201;Berlin Südkreuz;71400;87900;275;13;508.0;110.8;2.17;2;12;1.0;1;ICE;;Düsseldorf;Berlin
451437;9;87;IC;IC;DB Fernverkehr AG;556408;Schaffhausen;668361;Stuttgart Hbf;36960;45780;147;14;153.9;62.8;7.8;10;0123456;0.929;0;IC;;Schaffhausen;Stuttgart
451514;84;77;ICE;ICE;DB Fernverkehr AG;391201;Berlin Südkreuz;325703;Münster(Westf)Hbf;65040;77700;211;8;416.5;118.4;1.44;25;0123456;1.0;1;ICE;;Berlin;Münster
451690;14;;EC;IC;ÖBB;167729;Lindau-Reutin;63619;St. Margrethen SG;24720;25740;17;3;15.5;54.9;;26;012345;0.333;0;IC;;Lindau-Reutin;St. Margrethen SG
451873;31;11;ICE;ICE;DB Fernverkehr AG;9941;München Hbf;127712;Berlin Gesundbrunnen;80760;116040;588;17;808.2;82.5;1.86;1;3;1.0;1;ICE;;München;Berlin
452641;46;60;ICE;ICE;DB Fernverkehr AG;497089;Karlsruhe Hbf;9941;München Hbf;57900;67740;164;8;273.1;99.9;2.2;3;056;1.0;1;ICE;;Karlsruhe;München
452657;44;17;IC;IC;DB Fernverkehr AG;224643;Dresden Hbf;157968;Rostock Hbf;41700;56100;240;9;368.9;92.2;1.9;31;0123456;1.0;1;IC;;Dresden;Rostock
453288;55;;RJ;SONSTIGE;Ceske Drahy;653775;Praha hl.n.;26993;Decin hl.n.;59460;64680;87;4;87.0;60.0;2.3;14;123456;0.0;0;SONSTIGE;;Praha;Decin hl.n.
453423;60;;IC;IC;DB Fernverkehr (Codesharing);96724;Zürich HB;464157;Basel SBB;75540;78720;53;2;73.9;83.7;0.0;10;01235;0.0;0;IC;;Zürich;Basel
454263;44;17;IC;IC;DB Fernverkehr AG;157968;Rostock Hbf;224643;Dresden Hbf;37260;52080;247;9;369.0;89.6;1.9;3;056;1.0;1;IC;;Rostock;Dresden
454493;82;95;EC;IC;DB Fernverkehr AG;354957;Frankfurt(Oder);42071;Rzepin;83400;84480;18;3;19.2;64.1;;2;56;0.667;0;IC;;Frankfurt(Oder);Rzepin
454596;9;87;IC;IC;DB Fernverkehr AG;556408;Schaffhausen;668361;Stuttgart Hbf;62160;70320;136;6;149.2;65.8;2.68;16;0123456;0.833;0;IC;;Schaffhausen;Stuttgart
454648;33;42;ICE;ICE;DB Fernverkehr AG;9941;München Hbf;325703;Münster(Westf)Hbf;62880;86460;393;13;635.0;97.0;1.73;2;01;1.0;1;ICE;;München;Münster
455273;60;;IC;IC;DB Fernverkehr (Codesharing);96724;Zürich HB;464157;Basel SBB;75540;78720;53;2;73.9;83.7;0.0;2;4;0.0;0;IC;;Zürich;Basel
455404;46;60;ICE;ICE;DB Fernverkehr AG;9941;München Hbf;497089;Karlsruhe Hbf;17940;28320;173;8;273.1;94.7;2.2;1;0;1.0;1;ICE;;München;Karlsruhe
455541;74;90;EC;IC;ÖBB;552402;Simbach(Inn);135333;Wien Hbf;57000;67620;177;6;254.4;86.2;1.57;30;0123456;0.167;0;IC;;Simbach;Wien
45642;17;;ICE;ICE;Nederlandse Spoorwegen;65847;Hengelo;24890;Utrecht Centraal;43740;49440;95;5;117.6;74.3;2.55;2;56;0.0;0;ICE;;Hengelo;Utrecht Centraal
456567;45;25;ICE;ICE;DB Fernverkehr AG;9941;München Hbf;9066;Hamburg-Harburg;36720;56640;332;10;692.6;125.2;1.16;2;56;1.0;1;ICE;;München;Hamburg
456721;47;62;ICE;ICE;DB Fernverkehr AG;668361;Stuttgart Hbf;176697;Frankfurt(Main)Hbf;75240;82200;116;7;159.1;82.3;3.14;1;0;1.0;1;ICE;;Stuttgart;Frankfurt
456789;26;55;IC;IC;DB Fernverkehr AG;517455;Köln Hbf;635340;Heidelberg Hbf;46380;56040;161;6;218.9;81.6;1.83;4;1234;1.0;1;IC;;Köln;Heidelberg
456946;42;22;ICE;ICE;DB Fernverkehr AG;659783;Kiel Hbf;668361;Stuttgart Hbf;58560;82500;399;11;672.2;101.1;1.34;4;0123;1.0;1;ICE;;Kiel;Stuttgart
456964;46;60;ICE;ICE;DB Fernverkehr AG;497089;Karlsruhe Hbf;9941;München Hbf;43500;53220;162;6;272.6;101.0;1.47;2;56;1.0;1;ICE;;Karlsruhe;München
45701;2;56;IC;IC;DB Fernverkehr AG;83956;Oldenburg(Oldb)Hbf;337692;Berlin-Charlottenburg;27300;46080;313;12;409.3;78.5;2.44;1;6;1.0;1;IC;;Oldenburg;Berlin
457730;82;95;EC;IC;DB Fernverkehr AG;354957;Frankfurt(Oder);42071;Rzepin;67800;68820;17;3;19.2;67.8;;1;6;0.667;0;IC;;Frankfurt(Oder);Rzepin
457919;31;11;ICE;ICE;DB Fernverkehr AG;9941;München Hbf;53188;Leipzig Hbf;67500;90540;384;11;663.8;103.7;1.36;1;4;1.0;1;ICE;;München;Leipzig
457952;87;41;ICE;ICE;DB Fernverkehr AG;691821;Düsseldorf Hbf;9941;München Hbf;66060;84840;313;9;531.0;101.8;1.32;2;34;1.0;1;ICE;;Düsseldorf;München
457971;2;56;IC;IC;DB Fernverkehr AG;337692;Berlin-Charlottenburg;315947;Norddeich;51900;80040;469;21;543.4;69.5;3.5;3;056;1.0;1;IC;;Berlin;Norddeich
458245;33;42;ICE;ICE;DB Fernverkehr AG;176697;Frankfurt(Main)Hbf;428519;Hamburg Hbf;85140;111000;431;8;466.3;64.9;1.29;1;5;1.0;1;ICE-SPRINTER;SPR-1;Frankfurt;Hamburg
459593;77;10;ICE;ICE;DB Fernverkehr AG;691821;Düsseldorf Hbf;391201;Berlin Südkreuz;18540;37200;311;12;507.1;97.8;1.97;1;0;1.0;1;ICE;;Düsseldorf;Berlin
460127;5;50;ICE;ICE;DB Fernverkehr AG;224643;Dresden Hbf;176697;Frankfurt(Main)Hbf;65460;81360;265;9;422.9;95.8;1.66;2;13;1.0;1;ICE;;Dresden;Frankfurt
460269;3;26;ICE;ICE;DB Fernverkehr AG;635340;Heidelberg Hbf;477761;Bremen Hbf;62280;81900;327;13;474.5;87.1;2.32;2;34;1.0;1;ICE;;Heidelberg;Bremen
460462;12;29;ICE;ICE;DB Fernverkehr AG;127712;Berlin Gesundbrunnen;9941;München Hbf;33960;49380;257;7;560.0;130.7;0.89;31;0123456;1.0;1;ICE-SPRINTER;SPR-4;Berlin;München
460794;27;57;IC;IC;DB Fernverkehr AG;53188;Leipzig Hbf;157968;Rostock Hbf;56520;73260;279;7;430.2;92.5;1.16;1;5;1.0;1;IC;;Leipzig;Rostock
46112;77;10;ICE;ICE;DB Fernverkehr AG;517455;Köln Hbf;391201;Berlin Südkreuz;34500;51600;285;10;510.6;107.5;1.57;7;0123456;1.0;1;ICE;;Köln;Berlin
461266;45;25;ICE;ICE;DB Fernverkehr AG;9941;München Hbf;428519;Hamburg Hbf;80340;110520;503;11;720.8;86.0;1.25;1;3;1.0;1;ICE;;München;Hamburg
461655;11;27;ICE;ICE;DB Fernverkehr AG;224643;Dresden Hbf;127712;Berlin Gesundbrunnen;75180;81240;101;5;170.2;101.1;1.76;22;0123456;1.0;1;ICE;;Dresden;Berlin
461773;12;29;ICE;ICE;DB Fernverkehr AG;9941;München Hbf;127712;Berlin Gesundbrunnen;62340;77460;252;8;560.6;133.5;1.07;31;0123456;1.0;1;ICE-SPRINTER;SPR-4;München;Berlin
462147;58;20;ECE;ICE;DB Fernverkehr AG;428519;Hamburg Hbf;464157;Basel SBB;52140;76860;412;12;739.7;107.7;1.35;2;56;0.833;0;ICE;;Hamburg;Basel
462500;17;;ICE;ICE;Nederlandse Spoorwegen;79866;Amsterdam Centraal;65847;Hengelo;28800;35460;111;6;139.3;75.3;2.87;20;01234;0.0;0;ICE;;Amsterdam;Hengelo
462802;32;18;ICE;ICE;DB Fernverkehr AG;9941;München Hbf;99055;Nürnberg Hbf;25920;32280;106;4;179.7;101.7;1.11;2;56;1.0;1;ICE;;München;Nürnberg
463385;45;25;ICE;ICE;DB Fernverkehr AG;331094;Hamburg Dammtor;99055;Nürnberg Hbf;67980;85260;288;10;554.9;115.6;1.44;2;03;1.0;1;ICE;;Hamburg;Nürnberg
46342;53;47;ICE;ICE;DB Fernverkehr AG;9941;München Hbf;517455;Köln Hbf;65940;84360;307;8;503.5;98.4;1.19;1;5;1.0;1;ICE;;München;Köln
463816;53;47;ICE;ICE;DB Fernverkehr AG;640892;Dortmund Hbf;9941;München Hbf;28380;49260;348;13;609.1;105.0;1.81;3;234;1.0;1;ICE;;Dortmund;München
46391;33;42;ICE;ICE;DB Fernverkehr AG;9941;München Hbf;396514;Hamburg-Altona;34080;66840;546;19;888.6;97.7;1.91;8;0123456;1.0;1;ICE;;München;Hamburg
464037;28;75;ECE;ICE;DB Fernverkehr AG;368193;Padborg st;428519;Hamburg Hbf;75720;82560;114;4;147.5;77.7;1.36;6;56;0.75;0;ICE;;Padborg st;Hamburg
464139;31;11;ICE;ICE;DB Fernverkehr AG;9941;München Hbf;127712;Berlin Gesundbrunnen;38700;67620;482;14;817.3;101.7;1.47;3;234;1.0;1;ICE;;München;Berlin
46489;9;87;IC;IC;DB Fernverkehr AG;679686;Singen(Hohentwiel);556408;Schaffhausen;37920;38700;13;2;17.0;78.4;;2;56;0.5;0;IC;;Singen;Schaffhausen
465419;17;;ICE;ICE;Nederlandse Spoorwegen;79866;Amsterdam Centraal;575362;Arnhem Centraal;37860;41520;61;3;90.6;89.1;1.1;1;4;0.0;0;ICE;;Amsterdam;Arnhem Centraal
465429;44;17;IC;IC;DB Fernverkehr AG;157968;Rostock Hbf;224643;Dresden Hbf;58800;73800;250;9;368.9;88.5;1.9;4;0123;1.0;1;IC;;Rostock;Dresden
465693;2;56;IC;IC;DB Fernverkehr AG;53188;Leipzig Hbf;161450;Emden Hbf;48120;70680;376;16;469.6;74.9;2.98;1;5;1.0;1;IC;;Leipzig;Emden
465726;68;91;ICE;ICE;DB Fernverkehr AG;99055;Nürnberg Hbf;640892;Dortmund Hbf;55920;78300;373;9;432.6;69.6;1.62;2;23;1.0;1;ICE;;Nürnberg;Dortmund
466107;87;41;ICE;ICE;DB Fernverkehr AG;517455;Köln Hbf;9941;München Hbf;34440;51120;278;8;497.9;107.5;1.2;12;0123456;1.0;1;ICE;;Köln;München
466444;23;12;ICE;ICE;DB Fernverkehr AG;176697;Frankfurt(Main)Hbf;127712;Berlin Gesundbrunnen;84900;111480;443;11;562.9;76.2;1.6;15;01236;1.0;1;ICE-SPRINTER;SPR-5;Frankfurt;Berlin
466797;44;17;IC;IC;DB Fernverkehr AG;464794;Magdeburg Hbf;552264;Ostseebad Binz;23580;43920;339;14;462.3;81.8;2.6;3;5;1.0;1;IC;;Magdeburg;Ostseebad Binz
466909;45;25;ICE;ICE;DB Fernverkehr AG;9941;München Hbf;428519;Hamburg Hbf;79260;111480;537;11;694.0;77.5;1.3;9;0123456;1.0;1;ICE;;München;Hamburg
468645;50;61;IC;IC;DB Fernverkehr AG;497089;Karlsruhe Hbf;53188;Leipzig Hbf;54360;79680;422;20;502.0;71.4;3.59;9;012456;1.0;1;IC;;Karlsruhe;Leipzig
469640;42;22;ICE;ICE;DB Fernverkehr AG;668361;Stuttgart Hbf;428519;Hamburg Hbf;33720;52140;307;8;583.5;114.0;1.03;2;56;1.0;1;ICE;;Stuttgart;Hamburg
470232;42;22;ICE;ICE;DB Fernverkehr AG;668361;Stuttgart Hbf;428519;Hamburg Hbf;62520;80940;307;8;583.5;114.0;1.03;15;0123456;1.0;1;ICE;;Stuttgart;Hamburg
470912;9;87;IC;IC;DB Fernverkehr AG;556408;Schaffhausen;679686;Singen(Hohentwiel);76560;77400;14;2;17.0;72.8;;31;0123456;0.5;0;IC;;Schaffhausen;Singen
471438;47;62;ICE;ICE;DB Fernverkehr AG;668361;Stuttgart Hbf;226858;Darmstadt Hbf;57840;62700;81;5;130.7;96.8;2.3;2;56;1.0;1;ICE;;Stuttgart;Darmstadt
471589;26;55;IC;IC;DB Fernverkehr AG;93866;Hannover Hbf;224643;Dresden Hbf;38220;52680;241;10;349.7;87.1;2.29;2;56;1.0;1;IC;;Hannover;Dresden
471999;10;20;ICE;ICE;DB Fernverkehr AG;428519;Hamburg Hbf;19112;Kassel-Wilhelmshöhe;73740;82020;138;6;297.3;129.3;1.35;3;456;1.0;1;ICE;;Hamburg;Kassel-Wilhelmshöhe
472010;38;28;ICE;ICE;DB Fernverkehr AG;396514;Hamburg-Altona;9941;München Hbf;58680;84000;422;13;836.7;119.0;1.31;1;2;1.0;1;ICE;;Hamburg;München
472066;6;;RJ;SONSTIGE;ÖBB;135333;Wien Hbf;695368;Salzburg Hbf;48240;71580;389;20;474.4;73.2;3.79;2;45;0.0;0;SONSTIGE;;Wien;Salzburg
472161;87;41;ICE;ICE;DB Fernverkehr AG;691821;Düsseldorf Hbf;9941;München Hbf;44340;61980;294;8;532.9;108.8;1.13;2;56;1.0;1;ICE;;Düsseldorf;München
472242;91;79;ICE;ICE;DB Fernverkehr AG;257676;Bruxelles Midi;176697;Frankfurt(Main)Hbf;51900;62820;182;8;356.7;117.6;1.68;1;5;0.625;0;ICE;;Bruxelles;Frankfurt
472418;53;47;ICE;ICE;DB Fernverkehr AG;267257;Essen Hbf;9941;München Hbf;42060;63600;359;11;576.1;96.3;1.56;2;5;1.0;1;ICE;;Essen;München
472685;33;42;ICE;ICE;DB Fernverkehr AG;325703;Münster(Westf)Hbf;9941;München Hbf;21780;44940;386;13;635.0;98.7;1.73;7;0123456;1.0;1;ICE;;Münster;München
473167;17;;ICE;ICE;Nederlandse Spoorwegen;65847;Hengelo;79866;Amsterdam Centraal;58140;65040;115;6;139.3;72.7;2.87;1;6;0.0;0;ICE;;Hengelo;Amsterdam
473221;3;26;ICE;ICE;DB Fernverkehr AG;497089;Karlsruhe Hbf;477761;Bremen Hbf;31260;53100;364;16;528.0;87.0;2.65;3;56;1.0;1;ICE;;Karlsruhe;Bremen
4735;18;;ICE;ICE;ÖBB;695368;Salzburg Hbf;135333;Wien Hbf;36000;46020;167;5;262.0;94.1;1.15;31;0123456;0.0;0;ICE;;Salzburg;Wien
473669;36;43;ICE;ICE;DB Fernverkehr AG;428519;Hamburg Hbf;517455;Köln Hbf;74700;89100;240;9;373.9;93.5;1.87;1;3;1.0;1;ICE-SPRINTER;SPR-2;Hamburg;Köln
473686;84;77;ICE;ICE;DB Fernverkehr AG;391201;Berlin Südkreuz;325703;Münster(Westf)Hbf;65040;79020;233;5;403.0;103.8;0.74;1;0;1.0;1;ICE;;Berlin;Münster
473759;12;29;ICE;ICE;DB Fernverkehr AG;127712;Berlin Gesundbrunnen;9941;München Hbf;69960;85380;257;7;560.0;130.7;0.89;4;0456;1.0;1;ICE-SPRINTER;SPR-4;Berlin;München
474650;10;20;ICE;ICE;DB Fernverkehr AG;464157;Basel SBB;176697;Frankfurt(Main)Hbf;67560;78180;177;7;299.2;101.4;1.67;21;01234;0.714;0;ICE;;Basel;Frankfurt
474809;14;;EC;IC;ÖBB;63619;St. Margrethen SG;167729;Lindau-Reutin;46260;47280;17;3;15.5;54.9;;1;0;0.333;0;IC;;St. Margrethen SG;Lindau-Reutin
474827;31;11;ICE;ICE;DB Fernverkehr AG;613345;Berlin Hbf;9941;München Hbf;34020;62160;469;14;814.7;104.2;1.47;2;56;1.0;1;ICE;;Berlin;München
475636;77;10;ICE;ICE;DB Fernverkehr AG;517455;Köln Hbf;391201;Berlin Südkreuz;15360;33480;302;13;545.5;108.4;2.02;3;123;1.0;1;ICE;;Köln;Berlin
475788;38;28;ICE;ICE;DB Fernverkehr AG;428519;Hamburg Hbf;9941;München Hbf;38040;61740;395;11;831.5;126.3;1.08;9;0123456;1.0;1;ICE;;Hamburg;München
4760;87;41;ICE;ICE;DB Fernverkehr AG;517455;Köln Hbf;9941;München Hbf;34440;51120;278;9;501.1;108.1;1.4;2;56;1.0;1;ICE;;Köln;München
47607;82;95;EC;IC;DB Fernverkehr AG;354957;Frankfurt(Oder);42071;Rzepin;31800;32820;17;3;19.2;67.8;;3;056;0.667;0;IC;;Frankfurt(Oder);Rzepin
476228;23;12;ICE;ICE;DB Fernverkehr AG;391201;Berlin Südkreuz;464157;Basel SBB;83460;117960;575;14;836.8;87.3;1.43;2;12;0.857;0;ICE;;Berlin;Basel
47641;22;;IC;IC;SBB;96724;Zürich HB;556408;Schaffhausen;34620;36780;36;2;36.3;60.4;0.0;2;56;0.0;0;IC;;Zürich;Schaffhausen
476651;65;97;EC;IC;DB Fernverkehr AG;53188;Leipzig Hbf;262513;Horka(Gr);52380;61620;154;4;187.0;72.9;1.07;8;0123456;0.75;0;IC;;Leipzig;Horka
477087;45;25;ICE;ICE;DB Fernverkehr AG;9941;München Hbf;93866;Hannover Hbf;40320;55920;260;7;548.1;126.5;0.91;4;1234;1.0;1;ICE;;München;Hannover
477283;78;15;ICE;ICE;DB Fernverkehr AG;180380;Saarbrücken Hbf;552264;Ostseebad Binz;23280;60060;613;22;887.1;86.8;2.25;14;012346;1.0;1;ICE;;Saarbrücken;Ostseebad Binz
477347;46;60;ICE;ICE;DB Fernverkehr AG;9941;München Hbf;497089;Karlsruhe Hbf;61080;71520;174;9;275.2;94.9;2.54;1;5;1.0;1;ICE;;München;Karlsruhe
477888;36;43;ICE;ICE;DB Fernverkehr AG;428519;Hamburg Hbf;464157;Basel SBB;60300;89280;483;15;816.0;101.4;1.59;1;5;0.867;0;ICE;;Hamburg;Basel
477985;23;12;ICE;ICE;DB Fernverkehr AG;613345;Berlin Hbf;598255;Offenburg;59400;81120;362;14;722.2;119.7;1.66;2;56;1.0;1;ICE;;Berlin;Offenburg
47813;10;20;ICE;ICE;DB Fernverkehr AG;428519;Hamburg Hbf;497089;Karlsruhe Hbf;66540;84180;294;8;565.9;115.5;1.06;1;6;1.0;1;ICE;;Hamburg;Karlsruhe
47819;87;41;ICE;ICE;DB Fernverkehr AG;9941;München Hbf;517455;Köln Hbf;24240;40800;276;7;500.5;108.8;1.0;2;56;1.0;1;ICE;;München;Köln
478412;17;;ICE;ICE;Nederlandse Spoorwegen;575362;Arnhem Centraal;79866;Amsterdam Centraal;66480;70140;61;3;90.6;89.1;1.1;2;56;0.0;0;ICE;;Arnhem Centraal;Amsterdam
478466;47;62;ICE;ICE;DB Fernverkehr AG;180380;Saarbrücken Hbf;9941;München Hbf;20160;36600;274;12;408.0;89.3;2.45;5;01234;1.0;1;ICE;;Saarbrücken;München
478625;46;60;ICE;ICE;DB Fernverkehr AG;497089;Karlsruhe Hbf;9941;München Hbf;43500;53340;164;7;273.1;99.9;1.83;8;0123456;1.0;1;ICE;;Karlsruhe;München
479296;91;79;ICE;ICE;DB Fernverkehr AG;257676;Bruxelles Midi;517455;Köln Hbf;73500;80100;110;6;196.9;107.4;2.03;1;5;0.5;0;ICE;;Bruxelles;Köln
479323;88;;IC;IC;Dänische Staatsbahnen;368193;Padborg st;310614;Flensburg;20520;21180;11;3;7.6;41.5;;5;01245;0.667;0;IC;;Padborg st;Flensburg
479604;23;12;ICE;ICE;DB Fernverkehr AG;176697;Frankfurt(Main)Hbf;127712;Berlin Gesundbrunnen;84900;111480;443;11;562.9;76.2;1.6;5;45;1.0;1;ICE;;Frankfurt;Berlin
479652;33;42;ICE;ICE;DB Fernverkehr AG;9941;München Hbf;428519;Hamburg Hbf;41280;72900;527;17;883.4;100.6;1.7;7;0123456;1.0;1;ICE;;München;Hamburg
479779;2;56;IC;IC;DB Fernverkehr AG;83956;Oldenburg(Oldb)Hbf;337692;Berlin-Charlottenburg;27300;46860;326;13;436.8;80.4;2.52;2;6;1.0;1;IC;;Oldenburg;Berlin
480226;77;10;ICE;ICE;DB Fernverkehr AG;613345;Berlin Hbf;517455;Köln Hbf;60420;77700;288;13;539.8;112.5;2.04;1;4;1.0;1;ICE;;Berlin;Köln
480455;42;22;ICE;ICE;DB Fernverkehr AG;668361;Stuttgart Hbf;428519;Hamburg Hbf;55320;73740;307;8;583.2;114.0;1.03;2;56;1.0;1;ICE;;Stuttgart;Hamburg
480826;53;47;ICE;ICE;DB Fernverkehr AG;575362;Arnhem Centraal;9941;München Hbf;34440;56400;366;15;654.1;107.2;1.99;2;56;0.867;0;ICE;;Arnhem Centraal;München
480832;26;55;IC;IC;DB Fernverkehr AG;93866;Hannover Hbf;224643;Dresden Hbf;31020;45480;241;10;349.7;87.1;2.29;2;56;1.0;1;IC;;Hannover;Dresden
481186;13;;RJ;SONSTIGE;Dänische Staatsbahnen;274287;Koebenhavn H;10831;Schleswig;37320;48540;187;7;314.3;100.8;1.59;5;01234;0.286;0;SONSTIGE;;København;Schleswig
481283;45;25;ICE;ICE;DB Fernverkehr AG;331094;Hamburg Dammtor;9941;München Hbf;80400;110100;495;12;695.5;84.3;1.44;1;6;1.0;1;ICE;;Hamburg;München
481462;47;62;ICE;ICE;DB Fernverkehr AG;668361;Stuttgart Hbf;176697;Frankfurt(Main)Hbf;57720;63840;102;6;156.8;92.3;2.55;8;0123456;1.0;1;ICE;;Stuttgart;Frankfurt
481471;77;10;ICE;ICE;DB Fernverkehr AG;517455;Köln Hbf;391201;Berlin Südkreuz;20280;37200;282;11;512.4;109.0;1.76;7;012345;1.0;1;ICE;;Köln;Berlin
481745;45;25;ICE;ICE;DB Fernverkehr AG;9941;München Hbf;9066;Hamburg-Harburg;49620;71040;357;9;679.1;114.1;1.03;4;1234;1.0;1;ICE;;München;Hamburg
48265;19;24;ICE;ICE;DB Fernverkehr AG;9066;Hamburg-Harburg;565099;Kufstein;34320;59940;427;9;725.1;101.9;0.97;3;45;0.889;0;ICE;;Hamburg;Kufstein
482940;23;12;ICE;ICE;DB Fernverkehr AG;464157;Basel SBB;613345;Berlin Hbf;22560;48840;438;16;829.5;113.6;1.69;15;01234;0.875;0;ICE;;Basel;Berlin
483437;62;13;ICE;ICE;DB Fernverkehr AG;497089;Karlsruhe Hbf;337692;Berlin-Charlottenburg;52800;72900;335;13;648.3;116.1;1.7;3;123;1.0;1;ICE;;Karlsruhe;Berlin
483667;23;12;ICE;ICE;DB Fernverkehr AG;464157;Basel SBB;613345;Berlin Hbf;65760;93240;458;16;827.4;108.4;1.69;1;6;0.875;0;ICE;;Basel;Berlin
483673;79;4;ICE;ICE;DB Fernverkehr AG;667068;Frankfurt(M) Flughafen Regionalbf;428519;Hamburg Hbf;34680;48960;238;4;404.3;101.9;0.49;3;056;1.0;1;ICE-SPRINTER;SPR-1;Frankfurt;Hamburg
483802;22;;IC;IC;SBB;556408;Schaffhausen;96724;Zürich HB;74820;76980;36;2;36.3;60.4;0.0;4;4;0.0;0;IC;;Schaffhausen;Zürich
484948;57;19;ICE;ICE;DB Fernverkehr AG;391201;Berlin Südkreuz;517455;Köln Hbf;53520;69300;263;8;509.5;116.2;1.18;21;0123456;1.0;1;ICE;;Berlin;Köln
484995;72;;ICE;ICE;SBB;96724;Zürich HB;464157;Basel SBB;28740;31920;53;2;73.9;83.7;0.0;5;01234;0.0;0;ICE;;Zürich;Basel
485512;33;42;ICE;ICE;DB Fernverkehr AG;396514;Hamburg-Altona;9941;München Hbf;69960;109740;663;21;916.9;83.0;2.07;1;2;1.0;1;ICE;;Hamburg;München
485687;18;;ICE;ICE;ÖBB;695368;Salzburg Hbf;338037;Graz Hbf;50820;64860;234;14;299.4;76.8;4.01;3;234;0.0;0;ICE;;Salzburg;Graz
485782;62;13;ICE;ICE;DB Fernverkehr AG;337692;Berlin-Charlottenburg;497089;Karlsruhe Hbf;41280;62340;351;17;654.2;111.8;2.29;12;0123456;1.0;1;ICE;;Berlin;Karlsruhe
485851;72;;ICE;ICE;SBB;583614;Chur;464157;Basel SBB;63480;71520;134;5;176.5;79.0;1.7;4;1456;0.0;0;ICE;;Chur;Basel
486288;54;82;ICE;ICE;SNCF;412384;Strasbourg;335130;Paris Est;74880;82320;124;2;395.5;191.4;0.0;1;6;0.0;0;ICE;;Strasbourg;Paris
487148;89;35;IC;IC;DB Fernverkehr AG;517455;Köln Hbf;195950;Norddeich Mole;42360;58560;270;17;344.8;76.6;4.35;17;0123456;1.0;1;IC;;Köln;Norddeich Mole
487155;84;77;ICE;ICE;DB Fernverkehr AG;65847;Hengelo;613345;Berlin Hbf;35520;49500;233;9;451.4;116.2;1.55;7;0123456;0.889;0;ICE;;Hengelo;Berlin
487568;40;78;ICE;ICE;DB Fernverkehr AG;575362;Arnhem Centraal;176697;Frankfurt(Main)Hbf;70440;80640;170;10;310.4;109.6;2.58;1;1;0.8;0;ICE;;Arnhem Centraal;Frankfurt
488426;87;41;ICE;ICE;DB Fernverkehr AG;517455;Köln Hbf;9941;München Hbf;66900;86460;326;8;527.9;97.2;1.14;1;6;1.0;1;ICE;;Köln;München
488611;36;43;ICE;ICE;DB Fernverkehr AG;428519;Hamburg Hbf;464157;Basel SBB;38700;67680;483;15;816.0;101.4;1.59;8;0123456;0.867;0;ICE;;Hamburg;Basel
488943;65;97;EC;IC;DB Fernverkehr AG;262513;Horka(Gr);53188;Leipzig Hbf;53520;62100;143;4;187.0;78.5;1.07;8;0123456;0.75;0;IC;;Horka;Leipzig
489845;77;10;ICE;ICE;DB Fernverkehr AG;613345;Berlin Hbf;517455;Köln Hbf;71220;87780;276;9;505.1;109.8;1.39;6;3456;1.0;1;ICE;;Berlin;Köln
490132;68;91;ICE;ICE;DB Fernverkehr AG;99055;Nürnberg Hbf;640892;Dortmund Hbf;70320;92220;365;10;443.7;72.9;1.8;1;3;1.0;1;ICE;;Nürnberg;Dortmund
490394;54;82;ICE;ICE;SNCF;180380;Saarbrücken Hbf;335130;Paris Est;32400;39120;112;4;341.6;183.0;0.59;3;5;0.5;0;ICE;;Saarbrücken;Paris
491185;46;60;ICE;ICE;DB Fernverkehr AG;297876;Basel Bad Bf;668361;Stuttgart Hbf;32940;44340;190;6;236.5;74.7;1.69;5;0456;0.833;0;ICE;;Basel;Stuttgart
491847;23;12;ICE;ICE;DB Fernverkehr AG;391201;Berlin Südkreuz;464157;Basel SBB;83460;118080;577;16;862.0;89.6;1.62;1;3;0.875;0;ICE;;Berlin;Basel
492001;87;41;ICE;ICE;DB Fernverkehr AG;9941;München Hbf;176697;Frankfurt(Main)Hbf;72000;86580;243;6;338.7;83.6;1.18;2;0;1.0;1;ICE;;München;Frankfurt
492750;37;82;ICE;ICE;DB Fernverkehr AG;180380;Saarbrücken Hbf;176697;Frankfurt(Main)Hbf;54000;61380;123;4;182.3;88.9;1.1;12;0123456;1.0;1;ICE;;Saarbrücken;Frankfurt
493083;50;61;IC;IC;DB Fernverkehr AG;53188;Leipzig Hbf;497089;Karlsruhe Hbf;57000;82440;424;17;497.6;70.4;3.01;1;0;1.0;1;IC;;Leipzig;Karlsruhe
49323;48;;EC;IC;SBB;96724;Zürich HB;63619;St. Margrethen SG;55920;60540;77;5;91.3;71.2;3.29;10;0123456;0.0;0;IC;;Zürich;St. Margrethen SG
493300;12;29;ICE;ICE;DB Fernverkehr AG;9941;München Hbf;127712;Berlin Gesundbrunnen;37320;52260;249;7;560.0;134.9;0.89;31;0123456;1.0;1;ICE-SPRINTER;SPR-4;München;Berlin
493409;38;28;ICE;ICE;DB Fernverkehr AG;428519;Hamburg Hbf;9941;München Hbf;52440;76200;396;11;831.5;126.0;1.08;9;0123456;1.0;1;ICE;;Hamburg;München
493802;31;11;ICE;ICE;DB Fernverkehr AG;9941;München Hbf;127712;Berlin Gesundbrunnen;81960;116040;568;17;808.2;85.4;1.86;1;6;1.0;1;ICE;;München;Berlin
494066;68;91;ICE;ICE;DB Fernverkehr AG;691821;Düsseldorf Hbf;176697;Frankfurt(Main)Hbf;61140;72780;194;7;206.7;63.9;2.42;1;4;1.0;1;ICE;;Düsseldorf;Frankfurt
494316;3;26;ICE;ICE;DB Fernverkehr AG;497089;Karlsruhe Hbf;83956;Oldenburg(Oldb)Hbf;60060;83820;396;18;569.8;86.3;2.81;2;56;1.0;1;ICE;;Karlsruhe;Oldenburg
494726;62;13;ICE;ICE;DB Fernverkehr AG;497089;Karlsruhe Hbf;337616;Braunschweig Hbf;67200;82980;263;11;452.0;103.1;1.99;4;0124;1.0;1;ICE;;Karlsruhe;Braunschweig
494898;38;28;ICE;ICE;DB Fernverkehr AG;396514;Hamburg-Altona;9941;München Hbf;44280;68880;410;13;836.7;122.5;1.31;4;56;1.0;1;ICE;;Hamburg;München
494908;78;15;ICE;ICE;DB Fernverkehr AG;176697;Frankfurt(Main)Hbf;613345;Berlin Hbf;68520;82440;232;5;431.4;111.6;0.7;1;4;1.0;1;ICE-SPRINTER;SPR-5;Frankfurt;Berlin
495349;2;56;IC;IC;DB Fernverkehr AG;161450;Emden Hbf;477761;Bremen Hbf;72960;79500;109;9;117.3;64.5;5.97;3;056;1.0;1;IC;;Emden;Bremen
495660;17;;ICE;ICE;Nederlandse Spoorwegen;65847;Hengelo;24890;Utrecht Centraal;72540;78240;95;5;117.6;74.3;2.55;2;56;0.0;0;ICE;;Hengelo;Utrecht Centraal
495676;77;10;ICE;ICE;DB Fernverkehr AG;613345;Berlin Hbf;517455;Köln Hbf;67620;87300;328;9;528.8;96.7;1.32;1;0;1.0;1;ICE;;Berlin;Köln
496618;37;82;ICE;ICE;DB Fernverkehr AG;180380;Saarbrücken Hbf;176697;Frankfurt(Main)Hbf;68460;77580;152;5;182.3;72.0;1.65;1;6;1.0;1;ICE;;Saarbrücken;Frankfurt
497618;47;62;ICE;ICE;DB Fernverkehr AG;695368;Salzburg Hbf;226858;Darmstadt Hbf;50400;69900;325;14;450.2;83.1;2.67;2;56;0.929;0;ICE;;Salzburg;Darmstadt
497711;40;78;ICE;ICE;DB Fernverkehr AG;575362;Arnhem Centraal;176697;Frankfurt(Main)Hbf;70440;88080;294;7;302.1;61.6;1.66;1;5;0.714;0;ICE;;Arnhem Centraal;Frankfurt
497902;87;41;ICE;ICE;DB Fernverkehr AG;9941;München Hbf;517455;Köln Hbf;38700;55320;277;8;500.5;108.4;1.2;2;56;1.0;1;ICE;;München;Köln
498094;94;88;ECE;ICE;DB Fernverkehr AG;167729;Lindau-Reutin;9941;München Hbf;40200;48840;144;4;163.5;68.1;1.22;3;036;1.0;1;ICE;;Lindau-Reutin;München
49846;9;87;IC;IC;DB Fernverkehr AG;556408;Schaffhausen;679686;Singen(Hohentwiel);26160;27000;14;2;17.0;72.8;;2;56;0.5;0;IC;;Schaffhausen;Singen
50068;53;47;ICE;ICE;DB Fernverkehr AG;640892;Dortmund Hbf;9941;München Hbf;21240;42120;348;13;609.1;105.0;1.81;3;234;1.0;1;ICE;;Dortmund;München
500697;48;;EC;IC;SBB;96724;Zürich HB;63619;St. Margrethen SG;41520;46140;77;5;91.3;71.2;3.29;8;01256;0.0;0;IC;;Zürich;St. Margrethen SG
501343;82;95;EC;IC;DB Fernverkehr AG;42071;Rzepin;127712;Berlin Gesundbrunnen;39000;44700;95;5;101.3;64.0;2.96;5;12345;0.8;0;IC;;Rzepin;Berlin
502863;46;60;ICE;ICE;DB Fernverkehr AG;180380;Saarbrücken Hbf;9941;München Hbf;30420;46140;262;10;405.4;92.8;1.97;8;0123456;1.0;1;ICE;;Saarbrücken;München
502985;26;55;IC;IC;DB Fernverkehr AG;497089;Karlsruhe Hbf;517455;Köln Hbf;57120;68760;194;7;268.6;83.1;1.86;8;0123456;1.0;1;IC;;Karlsruhe;Köln
503121;68;91;ICE;ICE;DB Fernverkehr AG;565099;Kufstein;613345;Berlin Hbf;32880;57900;417;13;685.2;98.6;1.61;2;01;0.923;0;ICE;;Kufstein;Berlin
503499;79;4;ICE;ICE;DB Fernverkehr AG;667068;Frankfurt(M) Flughafen Regionalbf;428519;Hamburg Hbf;63480;77820;239;4;404.3;101.5;0.49;6;01256;1.0;1;ICE-SPRINTER;SPR-1;Frankfurt;Hamburg
503919;82;95;EC;IC;DB Fernverkehr AG;127712;Berlin Gesundbrunnen;42071;Rzepin;78660;84480;97;5;101.3;62.7;2.96;6;23456;0.8;0;IC;;Berlin;Rzepin
50394;32;18;ICE;ICE;DB Fernverkehr AG;99055;Nürnberg Hbf;9941;München Hbf;22560;29400;114;6;180.3;94.9;2.22;17;01234;1.0;1;ICE;;Nürnberg;München
503958;83;96;EC;IC;PKP Intercity;42071;Rzepin;401361;Przemysl Glowny;51060;82140;518;22;703.3;81.5;2.84;1;2;0.0;0;IC;;Rzepin;Przemysl Glowny
503969;53;47;ICE;ICE;DB Fernverkehr AG;640892;Dortmund Hbf;9941;München Hbf;24420;49200;413;11;607.0;88.2;1.48;9;012346;1.0;1;ICE;;Dortmund;München
50405;17;;ICE;ICE;Nederlandse Spoorwegen;575362;Arnhem Centraal;79866;Amsterdam Centraal;30480;34140;61;3;90.6;89.1;1.1;2;4;0.0;0;ICE;;Arnhem Centraal;Amsterdam
504068;31;11;ICE;ICE;DB Fernverkehr AG;9941;München Hbf;127712;Berlin Gesundbrunnen;38700;67620;482;15;817.7;101.8;1.59;8;0123456;1.0;1;ICE;;München;Berlin
504404;2;56;IC;IC;DB Fernverkehr AG;315947;Norddeich;337692;Berlin-Charlottenburg;20340;46080;429;20;515.8;72.1;3.49;1;5;1.0;1;IC;;Norddeich;Berlin
504658;9;87;IC;IC;DB Fernverkehr AG;556408;Schaffhausen;266187;Tuttlingen;33360;35880;42;3;41.8;59.8;2.39;3;234;0.667;0;IC;;Schaffhausen;Tuttlingen
504862;87;41;ICE;ICE;DB Fernverkehr AG;9941;München Hbf;691821;Düsseldorf Hbf;31500;49020;292;8;532.9;109.5;1.13;4;56;1.0;1;ICE;;München;Düsseldorf
505181;46;60;ICE;ICE;DB Fernverkehr AG;497089;Karlsruhe Hbf;9941;München Hbf;29100;38940;164;7;273.1;99.9;1.83;2;05;1.0;1;ICE;;Karlsruhe;München
505393;50;61;IC;IC;DB Fernverkehr AG;90261;Regensburg Hbf;497089;Karlsruhe Hbf;22920;39780;281;12;340.4;72.7;2.94;1;4;1.0;1;IC;;Regensburg;Karlsruhe
505445;31;11;ICE;ICE;DB Fernverkehr AG;428519;Hamburg Hbf;9941;München Hbf;25980;62160;603;17;1077.6;107.2;1.39;6;123456;1.0;1;ICE;;Hamburg;München
506182;67;33;ICE;ICE;DB Fernverkehr AG;691821;Düsseldorf Hbf;436196;Greifswald;47280;73080;430;14;610.8;85.2;1.96;2;56;1.0;1;ICE;;Düsseldorf;Greifswald
506518;89;35;IC;IC;DB Fernverkehr AG;517455;Köln Hbf;195950;Norddeich Mole;49560;64920;256;17;344.8;80.8;4.35;17;0123456;1.0;1;IC;;Köln;Norddeich Mole
506610;68;91;ICE;ICE;DB Fernverkehr AG;99055;Nürnberg Hbf;640892;Dortmund Hbf;70320;92100;363;12;457.1;75.5;2.19;1;4;1.0;1;ICE;;Nürnberg;Dortmund
507024;40;78;ICE;ICE;DB Fernverkehr AG;176697;Frankfurt(Main)Hbf;575362;Arnhem Centraal;27240;37560;172;9;310.4;108.3;2.26;17;0123456;0.778;0;ICE;;Frankfurt;Arnhem Centraal
507160;13;;RJ;SONSTIGE;Dänische Staatsbahnen;10831;Schleswig;274287;Koebenhavn H;52020;63480;191;7;314.3;98.7;1.59;9;0123456;0.286;0;SONSTIGE;;Schleswig;København
507372;47;62;ICE;ICE;DB Fernverkehr AG;176697;Frankfurt(Main)Hbf;9941;München Hbf;58200;72600;240;10;352.9;88.2;2.27;2;56;1.0;1;ICE;;Frankfurt;München
507658;12;29;ICE;ICE;DB Fernverkehr AG;613345;Berlin Hbf;9941;München Hbf;52620;67380;246;7;557.6;136.0;0.9;3;056;1.0;1;ICE-SPRINTER;SPR-4;Berlin;München
508002;45;25;ICE;ICE;DB Fernverkehr AG;331094;Hamburg Dammtor;99055;Nürnberg Hbf;67980;84300;272;10;554.9;122.4;1.44;7;0123;1.0;1;ICE;;Hamburg;Nürnberg
508264;26;55;IC;IC;DB Fernverkehr AG;93866;Hannover Hbf;224643;Dresden Hbf;67020;81240;237;10;349.7;88.5;2.29;4;0456;1.0;1;IC;;Hannover;Dresden
509288;68;91;ICE;ICE;DB Fernverkehr AG;99055;Nürnberg Hbf;640892;Dortmund Hbf;48720;70680;366;15;471.4;77.3;2.76;10;01234;1.0;1;ICE;;Nürnberg;Dortmund
5094;22;;IC;IC;SBB;556408;Schaffhausen;96724;Zürich HB;53220;55380;36;2;36.3;60.4;0.0;2;01;0.0;0;IC;;Schaffhausen;Zürich
509558;22;;IC;IC;SBB;556408;Schaffhausen;96724;Zürich HB;64020;66180;36;2;36.3;60.4;0.0;2;6;0.0;0;IC;;Schaffhausen;Zürich
510095;54;82;ICE;ICE;SNCF;335130;Paris Est;412384;Strasbourg;61800;68640;114;2;395.5;208.1;0.0;1;6;0.0;0;ICE;;Paris;Strasbourg
510142;53;47;ICE;ICE;DB Fernverkehr AG;640892;Dortmund Hbf;9941;München Hbf;49980;70860;348;13;609.1;105.0;1.81;2;01;1.0;1;ICE;;Dortmund;München
510339;23;12;ICE;ICE;DB Fernverkehr AG;613345;Berlin Hbf;526634;Freiburg(Breisgau) Hbf;59400;82860;391;15;774.2;118.8;1.68;3;6;1.0;1;ICE;;Berlin;Freiburg
51061;72;;ICE;ICE;SBB;464157;Basel SBB;96724;Zürich HB;119220;122400;53;2;73.9;83.7;0.0;13;0123456;0.0;0;ICE;;Basel;Zürich
510633;45;25;ICE;ICE;DB Fernverkehr AG;93866;Hannover Hbf;9941;München Hbf;73620;91800;303;8;575.5;114.0;1.04;1;5;1.0;1;ICE;;Hannover;München
511154;53;47;ICE;ICE;DB Fernverkehr AG;640892;Dortmund Hbf;9941;München Hbf;57180;78000;347;12;609.0;105.3;1.64;2;56;1.0;1;ICE;;Dortmund;München
511167;78;15;ICE;ICE;DB Fernverkehr AG;176697;Frankfurt(Main)Hbf;127712;Berlin Gesundbrunnen;68520;82980;241;6;434.4;108.2;0.92;24;0123456;1.0;1;ICE-SPRINTER;SPR-5;Frankfurt;Berlin
511996;68;91;ICE;ICE;DB Fernverkehr AG;99055;Nürnberg Hbf;640892;Dortmund Hbf;41520;65100;393;10;443.7;67.7;1.8;3;234;1.0;1;ICE;;Nürnberg;Dortmund
512032;77;10;ICE;ICE;DB Fernverkehr AG;517455;Köln Hbf;391201;Berlin Südkreuz;15360;33480;302;14;546.1;108.5;2.2;1;5;1.0;1;ICE;;Köln;Berlin
512741;75;;ECE;ICE;Dänische Staatsbahnen;274287;Koebenhavn H;368193;Padborg st;66120;75420;155;5;276.4;107.0;1.09;1;5;0.0;0;ICE;;København;Padborg st
512915;2;56;IC;IC;DB Fernverkehr AG;53188;Leipzig Hbf;83956;Oldenburg(Oldb)Hbf;62160;80580;307;11;394.4;77.1;2.28;1;5;1.0;1;IC;;Leipzig;Oldenburg
512942;21;95;EC;IC;PKP Intercity;42071;Rzepin;401361;Przemysl Glowny;84660;119700;584;33;781.7;80.3;3.97;5;0123;0.0;0;IC;;Rzepin;Przemysl Glowny
513103;8;90;EC;IC;DB Fernverkehr AG;552402;Simbach(Inn);9941;München Hbf;44400;50040;94;4;110.3;70.4;1.81;5;5;1.0;1;IC;;Simbach;München
513125;57;19;ICE;ICE;DB Fernverkehr AG;391201;Berlin Südkreuz;517455;Köln Hbf;46320;63480;286;7;506.8;106.3;0.99;3;056;1.0;1;ICE;;Berlin;Köln
513175;10;20;ICE;ICE;DB Fernverkehr AG;428519;Hamburg Hbf;464157;Basel SBB;44940;69660;412;12;740.0;107.8;1.35;7;0123456;0.833;0;ICE;;Hamburg;Basel
513427;21;95;EC;IC;PKP Intercity;42071;Rzepin;39653;Warszawa Wschodnia;33120;47700;243;9;430.8;106.4;1.62;4;0156;0.0;0;IC;;Rzepin;Warszawa
513746;87;41;ICE;ICE;DB Fernverkehr AG;640892;Dortmund Hbf;9941;München Hbf;14280;36720;374;15;606.9;97.4;2.14;1;5;1.0;1;ICE;;Dortmund;München
514257;10;20;ICE;ICE;DB Fernverkehr AG;428519;Hamburg Hbf;87362;Wiesbaden Hbf;71520;93720;370;10;482.0;78.2;1.66;1;6;1.0;1;ICE;;Hamburg;Wiesbaden
514412;42;22;ICE;ICE;DB Fernverkehr AG;428519;Hamburg Hbf;176697;Frankfurt(Main)Hbf;70140;85680;259;6;419.3;97.1;0.95;1;0;1.0;1;ICE-SPRINTER;SPR-1;Hamburg;Frankfurt
514612;28;75;ECE;ICE;DB Fernverkehr AG;368193;Padborg st;396514;Hamburg-Altona;54120;61020;115;4;146.4;76.4;1.37;9;0123456;0.75;0;ICE;;Padborg st;Hamburg
514691;32;18;ICE;ICE;DB Fernverkehr AG;9941;München Hbf;127712;Berlin Gesundbrunnen;83520;110220;445;17;579.9;78.2;2.59;1;5;1.0;1;ICE;;München;Berlin
514784;21;95;EC;IC;PKP Intercity;42071;Rzepin;39653;Warszawa Wschodnia;47280;62100;247;9;430.8;104.7;1.62;1;3;0.0;0;IC;;Rzepin;Warszawa
515348;72;;ICE;ICE;SBB;96724;Zürich HB;464157;Basel SBB;68340;71520;53;2;73.9;83.7;0.0;10;012345;0.0;0;ICE;;Zürich;Basel
516022;33;42;ICE;ICE;DB Fernverkehr AG;396514;Hamburg-Altona;9941;München Hbf;41160;73920;546;19;888.6;97.7;1.91;19;0123456;1.0;1;ICE;;Hamburg;München
516774;67;33;ICE;ICE;DB Fernverkehr AG;552264;Ostseebad Binz;428519;Hamburg Hbf;32040;46140;235;9;272.3;69.5;2.57;22;0123456;1.0;1;ICE;;Ostseebad Binz;Hamburg
517097;26;55;IC;IC;DB Fernverkehr AG;635340;Heidelberg Hbf;640892;Dortmund Hbf;73440;87840;240;11;302.1;75.5;2.98;3;014;1.0;1;IC;;Heidelberg;Dortmund
517257;47;62;ICE;ICE;DB Fernverkehr AG;180380;Saarbrücken Hbf;355878;Garmisch-Partenkirchen;20160;45300;419;15;493.0;70.6;2.64;1;6;1.0;1;ICE;;Saarbrücken;Garmisch-Partenkirchen
517384;3;26;ICE;ICE;DB Fernverkehr AG;93866;Hannover Hbf;83956;Oldenburg(Oldb)Hbf;78300;83820;92;4;142.1;92.7;1.41;4;0456;1.0;1;ICE;;Hannover;Oldenburg
517825;42;22;ICE;ICE;DB Fernverkehr AG;659783;Kiel Hbf;668361;Stuttgart Hbf;35760;59880;402;10;669.7;100.0;1.19;2;56;1.0;1;ICE;;Kiel;Stuttgart
51793;23;12;ICE;ICE;DB Fernverkehr AG;613345;Berlin Hbf;464157;Basel SBB;38220;64080;431;16;829.5;115.5;1.69;23;0123456;0.875;0;ICE;;Berlin;Basel
518901;77;10;ICE;ICE;DB Fernverkehr AG;691821;Düsseldorf Hbf;391201;Berlin Südkreuz;71400;88140;279;13;510.3;109.7;2.16;7;012;1.0;1;ICE;;Düsseldorf;Berlin
519381;33;42;ICE;ICE;DB Fernverkehr AG;428519;Hamburg Hbf;9941;München Hbf;71100;108180;618;19;896.3;87.0;1.9;1;3;1.0;1;ICE;;Hamburg;München
519436;26;55;IC;IC;DB Fernverkehr AG;517455;Köln Hbf;497089;Karlsruhe Hbf;46380;58560;203;9;270.7;80.0;2.59;8;0123456;1.0;1;IC;;Köln;Karlsruhe
519586;3;26;ICE;ICE;DB Fernverkehr AG;176697;Frankfurt(Main)Hbf;477761;Bremen Hbf;23160;38700;259;11;398.2;92.2;2.26;2;56;1.0;1;ICE;;Frankfurt;Bremen
520283;31;11;ICE;ICE;DB Fernverkehr AG;9941;München Hbf;127712;Berlin Gesundbrunnen;81480;117600;602;17;808.2;80.5;1.86;1;2;1.0;1;ICE;;München;Berlin
520439;77;10;ICE;ICE;DB Fernverkehr AG;517455;Köln Hbf;391201;Berlin Südkreuz;25200;44340;319;9;509.8;95.9;1.37;1;6;1.0;1;ICE;;Köln;Berlin
521030;47;62;ICE;ICE;DB Fernverkehr AG;9941;München Hbf;176697;Frankfurt(Main)Hbf;20580;35040;241;11;353.3;88.0;2.55;1;5;1.0;1;ICE;;München;Frankfurt
521237;33;42;ICE;ICE;DB Fernverkehr AG;176697;Frankfurt(Main)Hbf;428519;Hamburg Hbf;84120;111000;448;18;574.1;76.9;2.79;2;06;1.0;1;ICE-SPRINTER;SPR-1;Frankfurt;Hamburg
522203;31;11;ICE;ICE;DB Fernverkehr AG;9941;München Hbf;127712;Berlin Gesundbrunnen;81960;116040;568;17;808.2;85.4;1.86;4;2456;1.0;1;ICE;;München;Berlin
52236;60;;IC;IC;DB Fernverkehr (Codesharing);575362;Arnhem Centraal;79866;Amsterdam Centraal;120480;124140;61;3;90.6;89.1;1.1;1;4;0.0;0;IC;;Arnhem Centraal;Amsterdam
522431;46;60;ICE;ICE;DB Fernverkehr AG;9941;München Hbf;540195;Esslingen(Neckar);54120;61080;116;5;185.6;96.0;1.62;2;56;1.0;1;ICE;;München;Esslingen
522552;40;78;ICE;ICE;DB Fernverkehr AG;575362;Arnhem Centraal;176697;Frankfurt(Main)Hbf;63240;73620;173;10;310.4;107.7;2.58;5;45;0.8;0;ICE;;Arnhem Centraal;Frankfurt
523547;45;25;ICE;ICE;DB Fernverkehr AG;331094;Hamburg Dammtor;9941;München Hbf;64380;85800;357;12;704.8;118.4;1.42;7;01256;1.0;1;ICE;;Hamburg;München
523641;77;10;ICE;ICE;DB Fernverkehr AG;613345;Berlin Hbf;691821;Düsseldorf Hbf;64020;82080;301;11;501.6;100.0;1.79;1;6;1.0;1;ICE;;Berlin;Düsseldorf
52393;31;11;ICE;ICE;DB Fernverkehr AG;127712;Berlin Gesundbrunnen;9941;München Hbf;18960;47640;478;14;817.3;102.6;1.47;2;56;1.0;1;ICE;;Berlin;München
524668;2;56;IC;IC;DB Fernverkehr AG;53188;Leipzig Hbf;161450;Emden Hbf;34920;56280;356;18;469.8;79.2;3.41;8;56;1.0;1;IC;;Leipzig;Emden
525706;47;62;ICE;ICE;DB Fernverkehr AG;695368;Salzburg Hbf;325703;Münster(Westf)Hbf;43200;77100;565;21;772.6;82.0;2.46;12;0123456;0.952;0;ICE;;Salzburg;Münster
526075;14;;EC;IC;ÖBB;63619;St. Margrethen SG;167729;Lindau-Reutin;31860;32880;17;3;15.5;54.9;;13;0123456;0.333;0;IC;;St. Margrethen SG;Lindau-Reutin
527599;38;28;ICE;ICE;DB Fernverkehr AG;396514;Hamburg-Altona;9941;München Hbf;22620;47280;411;13;836.7;122.2;1.31;22;0123456;1.0;1;ICE;;Hamburg;München
527904;38;28;ICE;ICE;DB Fernverkehr AG;9941;München Hbf;396514;Hamburg-Altona;24540;49200;411;13;836.7;122.2;1.31;22;0123456;1.0;1;ICE;;München;Hamburg
528094;9;87;IC;IC;DB Fernverkehr AG;556408;Schaffhausen;266187;Tuttlingen;40560;43080;42;3;41.8;59.8;2.39;3;234;0.667;0;IC;;Schaffhausen;Tuttlingen
52852;36;43;ICE;ICE;DB Fernverkehr AG;598255;Offenburg;396514;Hamburg-Altona;30240;56040;430;16;732.2;102.2;1.91;2;56;1.0;1;ICE;;Offenburg;Hamburg
529242;77;10;ICE;ICE;DB Fernverkehr AG;613345;Berlin Hbf;517455;Köln Hbf;64020;83100;318;8;504.3;95.1;1.19;1;6;1.0;1;ICE;;Berlin;Köln
530050;89;35;IC;IC;DB Fernverkehr AG;549058;Duisburg Hbf;601951;Emden Außenhafen;37560;49920;206;13;261.2;76.1;4.21;12;0123456;1.0;1;IC;;Duisburg;Emden Außenhafen
530463;75;;ECE;ICE;Dänische Staatsbahnen;368193;Padborg st;274287;Koebenhavn H;75780;85620;164;5;276.4;101.1;1.09;1;6;0.0;0;ICE;;Padborg st;København
530519;31;11;ICE;ICE;DB Fernverkehr AG;127712;Berlin Gesundbrunnen;9941;München Hbf;54540;83700;486;15;817.7;101.0;1.59;4;034;1.0;1;ICE;;Berlin;München
531063;13;;RJ;SONSTIGE;Dänische Staatsbahnen;368193;Padborg st;274287;Koebenhavn H;68580;77880;155;5;276.4;107.0;1.09;18;123456;0.0;0;SONSTIGE;;Padborg st;København
53109;50;61;IC;IC;DB Fernverkehr AG;90261;Regensburg Hbf;497089;Karlsruhe Hbf;22920;39780;281;12;340.4;72.7;2.94;5;01256;1.0;1;IC;;Regensburg;Karlsruhe
531468;84;77;ICE;ICE;DB Fernverkehr AG;391201;Berlin Südkreuz;65847;Hengelo;43560;58020;241;10;456.9;113.8;1.75;1;5;0.9;0;ICE;;Berlin;Hengelo
531753;9;87;IC;IC;DB Fernverkehr AG;668361;Stuttgart Hbf;679686;Singen(Hohentwiel);54960;62760;130;12;136.9;63.2;7.31;16;0123456;1.0;1;IC;;Stuttgart;Singen
532701;60;;IC;IC;DB Fernverkehr (Codesharing);464157;Basel SBB;96724;Zürich HB;110280;115500;87;2;73.9;51.0;0.0;2;12;0.0;0;IC;;Basel;Zürich
532736;75;;ECE;ICE;Dänische Staatsbahnen;368193;Padborg st;274287;Koebenhavn H;39780;49080;155;5;276.4;107.0;1.09;15;0123456;0.0;0;ICE;;Padborg st;København
532897;87;41;ICE;ICE;DB Fernverkehr AG;517455;Köln Hbf;9941;München Hbf;70500;89460;316;9;525.3;99.7;1.33;1;4;1.0;1;ICE;;Köln;München
533371;84;77;ICE;ICE;DB Fernverkehr AG;325703;Münster(Westf)Hbf;613345;Berlin Hbf;23040;35100;201;6;409.6;122.3;0.98;29;0123456;1.0;1;ICE;;Münster;Berlin
533470;8;90;EC;IC;DB Fernverkehr AG;9941;München Hbf;552402;Simbach(Inn);37260;42480;87;4;110.3;76.1;1.81;16;0123;1.0;1;IC;;München;Simbach
534019;50;61;IC;IC;DB Fernverkehr AG;53188;Leipzig Hbf;497089;Karlsruhe Hbf;57000;82620;427;22;515.5;72.4;3.88;2;56;1.0;1;IC;;Leipzig;Karlsruhe
534512;26;55;IC;IC;DB Fernverkehr AG;61534;Koblenz Hbf;224643;Dresden Hbf;22140;52680;509;23;700.5;82.6;3.0;10;01234;1.0;1;IC;;Koblenz;Dresden
534846;32;18;ICE;ICE;DB Fernverkehr AG;53188;Leipzig Hbf;127712;Berlin Gesundbrunnen;26160;31440;88;5;152.6;104.0;1.97;6;56;1.0;1;ICE;;Leipzig;Berlin
534952;21;95;EC;IC;PKP Intercity;42071;Rzepin;401361;Przemysl Glowny;84660;119700;584;33;781.7;80.3;3.97;1;5;0.0;0;IC;;Rzepin;Przemysl Glowny
535127;45;25;ICE;ICE;DB Fernverkehr AG;331094;Hamburg Dammtor;9941;München Hbf;64380;85800;357;13;705.3;118.5;1.56;6;012456;1.0;1;ICE;;Hamburg;München
535787;77;10;ICE;ICE;DB Fernverkehr AG;613345;Berlin Hbf;691821;Düsseldorf Hbf;67620;85080;291;10;501.5;103.4;1.6;1;6;1.0;1;ICE;;Berlin;Düsseldorf
535791;91;79;ICE;ICE;DB Fernverkehr AG;176697;Frankfurt(Main)Hbf;257676;Bruxelles Midi;52440;63300;181;8;356.7;118.3;1.68;1;0;0.625;0;ICE;;Frankfurt;Bruxelles
536079;31;11;ICE;ICE;DB Fernverkehr AG;9941;München Hbf;428519;Hamburg Hbf;24120;60240;602;17;1077.6;107.4;1.39;3;134;1.0;1;ICE;;München;Hamburg
536782;12;29;ICE;ICE;DB Fernverkehr AG;127712;Berlin Gesundbrunnen;9941;München Hbf;62760;79560;280;8;587.3;125.9;1.02;6;023456;1.0;1;ICE-SPRINTER;SPR-4;Berlin;München
536905;44;17;IC;IC;DB Fernverkehr AG;157968;Rostock Hbf;227595;Chemnitz Hbf;58800;77460;311;10;428.8;82.7;1.87;23;0123456;1.0;1;IC;;Rostock;Chemnitz
537090;53;47;ICE;ICE;DB Fernverkehr AG;267257;Essen Hbf;9941;München Hbf;63660;87180;392;11;576.1;88.2;1.56;1;5;1.0;1;ICE;;Essen;München
537545;9;87;IC;IC;DB Fernverkehr AG;668361;Stuttgart Hbf;556408;Schaffhausen;30480;38700;137;7;149.3;65.4;3.35;10;0123456;0.857;0;IC;;Stuttgart;Schaffhausen
537766;84;77;ICE;ICE;DB Fernverkehr AG;391201;Berlin Südkreuz;325703;Münster(Westf)Hbf;65040;77580;209;7;415.1;119.2;1.2;4;1234;1.0;1;ICE;;Berlin;Münster
538519;17;;ICE;ICE;Nederlandse Spoorwegen;79866;Amsterdam Centraal;575362;Arnhem Centraal;30660;34320;61;3;90.6;89.1;1.1;5;0123;0.0;0;ICE;;Amsterdam;Arnhem Centraal
538617;61;1;ICE;ICE;DB Fernverkehr AG;99055;Nürnberg Hbf;396514;Hamburg-Altona;26880;57660;513;14;750.4;87.8;1.6;11;01234;1.0;1;ICE;;Nürnberg;Hamburg
538989;46;60;ICE;ICE;DB Fernverkehr AG;9941;München Hbf;497089;Karlsruhe Hbf;32580;42720;169;6;272.6;96.8;1.47;2;56;1.0;1;ICE;;München;Karlsruhe
539276;33;42;ICE;ICE;DB Fernverkehr AG;9941;München Hbf;325703;Münster(Westf)Hbf;62880;86040;386;13;635.0;98.7;1.73;2;34;1.0;1;ICE;;München;Münster
539288;30;;IC;IC;Ceske Drahy;174196;Bohumin(Gr);57233;Breclav;86340;98400;201;4;169.3;50.5;1.18;21;0123456;0.0;0;IC;;Bohumin;Breclav
53960;23;12;ICE;ICE;DB Fernverkehr AG;497089;Karlsruhe Hbf;556408;Schaffhausen;21360;31380;167;5;187.4;67.3;1.6;2;56;0.8;0;ICE;;Karlsruhe;Schaffhausen
539806;2;56;IC;IC;DB Fernverkehr AG;161450;Emden Hbf;53188;Leipzig Hbf;51360;74340;383;16;469.6;73.6;2.98;2;56;1.0;1;IC;;Emden;Leipzig
540332;33;42;ICE;ICE;DB Fernverkehr AG;176697;Frankfurt(Main)Hbf;396514;Hamburg-Altona;84180;111840;461;18;589.6;76.7;2.71;2;45;1.0;1;ICE-SPRINTER;SPR-1;Frankfurt;Hamburg
540416;36;43;ICE;ICE;DB Fernverkehr AG;464157;Basel SBB;428519;Hamburg Hbf;18960;47760;480;15;816.0;102.0;1.59;2;56;0.867;0;ICE;;Basel;Hamburg
542859;32;18;ICE;ICE;DB Fernverkehr AG;396514;Hamburg-Altona;391201;Berlin Südkreuz;77760;88200;174;5;276.0;95.2;1.09;1;5;1.0;1;ICE;;Hamburg;Berlin
542969;82;95;EC;IC;DB Fernverkehr AG;127712;Berlin Gesundbrunnen;42071;Rzepin;49440;54420;83;5;101.3;73.2;2.96;17;0123456;0.8;0;IC;;Berlin;Rzepin
543933;42;22;ICE;ICE;DB Fernverkehr AG;659783;Kiel Hbf;668361;Stuttgart Hbf;44160;67080;382;10;670.1;105.2;1.19;5;01234;1.0;1;ICE;;Kiel;Stuttgart
544676;68;91;ICE;ICE;DB Fernverkehr AG;99055;Nürnberg Hbf;640892;Dortmund Hbf;55920;77580;361;15;471.4;78.4;2.76;12;0123456;1.0;1;ICE;;Nürnberg;Dortmund
544943;65;97;EC;IC;DB Fernverkehr AG;262513;Horka(Gr);53188;Leipzig Hbf;53520;61500;133;6;193.7;87.4;2.07;22;0123456;0.833;0;IC;;Horka;Leipzig
545099;54;82;ICE;ICE;SNCF;412384;Strasbourg;335130;Paris Est;39780;46260;108;2;395.5;219.7;0.0;2;56;0.0;0;ICE;;Strasbourg;Paris
545396;45;25;ICE;ICE;DB Fernverkehr AG;9941;München Hbf;428519;Hamburg Hbf;13740;35820;368;11;703.3;114.7;1.28;1;3;1.0;1;ICE;;München;Hamburg
546584;77;10;ICE;ICE;DB Fernverkehr AG;613345;Berlin Hbf;517455;Köln Hbf;71220;87780;276;9;505.1;109.8;1.39;1;5;1.0;1;ICE;;Berlin;Köln
54679;78;15;ICE;ICE;DB Fernverkehr AG;176697;Frankfurt(Main)Hbf;552264;Ostseebad Binz;39720;67200;458;15;698.1;91.5;1.86;16;0123456;1.0;1;ICE;;Frankfurt;Ostseebad Binz
547045;68;91;ICE;ICE;DB Fernverkehr AG;691821;Düsseldorf Hbf;176697;Frankfurt(Main)Hbf;61140;72780;194;5;194.4;60.1;1.54;2;56;1.0;1;ICE;;Düsseldorf;Frankfurt
547196;9;87;IC;IC;DB Fernverkehr AG;556408;Schaffhausen;679686;Singen(Hohentwiel);65760;66540;13;2;17.0;78.4;;21;01234;0.5;0;IC;;Schaffhausen;Singen
547328;87;41;ICE;ICE;DB Fernverkehr AG;9941;München Hbf;640892;Dortmund Hbf;63960;84420;341;10;574.8;101.1;1.39;3;456;1.0;1;ICE;;München;Dortmund
547859;32;18;ICE;ICE;DB Fernverkehr AG;127712;Berlin Gesundbrunnen;9941;München Hbf;84000;112500;475;17;585.6;74.0;2.56;1;2;1.0;1;ICE;;Berlin;München
548594;14;;EC;IC;ÖBB;167729;Lindau-Reutin;63619;St. Margrethen SG;39120;40140;17;3;15.5;54.9;;23;012346;0.333;0;IC;;Lindau-Reutin;St. Margrethen SG
548658;81;83;ICE;ICE;SNCF;412384;Strasbourg;335130;Paris Est;59460;65760;105;2;395.5;226.0;0.0;8;0123456;0.0;0;ICE;;Strasbourg;Paris
549525;22;;IC;IC;SBB;556408;Schaffhausen;96724;Zürich HB;46020;48180;36;2;36.3;60.4;0.0;3;234;0.0;0;IC;;Schaffhausen;Zürich
54963;17;;ICE;ICE;Nederlandse Spoorwegen;65847;Hengelo;24890;Utrecht Centraal;29340;35040;95;5;117.6;74.3;2.55;2;56;0.0;0;ICE;;Hengelo;Utrecht Centraal
549677;68;91;ICE;ICE;DB Fernverkehr AG;640892;Dortmund Hbf;99055;Nürnberg Hbf;22860;45000;369;13;459.1;74.6;2.4;6;0156;1.0;1;ICE;;Dortmund;Nürnberg
549727;10;20;ICE;ICE;DB Fernverkehr AG;331094;Hamburg Dammtor;464157;Basel SBB;66060;90600;409;13;741.2;108.7;1.48;3;012;0.846;0;ICE;;Hamburg;Basel
549787;72;;ICE;ICE;SBB;583614;Chur;464157;Basel SBB;63480;71520;134;5;176.5;79.0;1.7;9;01234;0.0;0;ICE;;Chur;Basel
549916;77;10;ICE;ICE;DB Fernverkehr AG;613345;Berlin Hbf;93866;Hannover Hbf;78420;89820;190;3;257.5;81.3;0.39;1;3;1.0;1;ICE;;Berlin;Hannover
550107;36;43;ICE;ICE;DB Fernverkehr AG;464157;Basel SBB;517455;Köln Hbf;69360;89400;334;8;442.1;79.4;1.36;2;01;0.75;0;ICE;;Basel;Köln
55044;52;;EN;SONSTIGE;ÖBB;464157;Basel SBB;96724;Zürich HB;113880;119100;87;2;73.9;51.0;0.0;16;01256;0.0;0;SONSTIGE;;Basel;Zürich
55084;21;95;EC;IC;PKP Intercity;42071;Rzepin;39653;Warszawa Wschodnia;40080;54900;247;9;430.8;104.7;1.62;2;34;0.0;0;IC;;Rzepin;Warszawa
550853;77;10;ICE;ICE;DB Fernverkehr AG;517455;Köln Hbf;391201;Berlin Südkreuz;15360;33480;302;10;544.6;108.2;1.47;2;45;1.0;1;ICE;;Köln;Berlin
551364;23;12;ICE;ICE;DB Fernverkehr AG;464157;Basel SBB;613345;Berlin Hbf;36960;63240;438;16;829.5;113.6;1.69;23;0123456;0.875;0;ICE;;Basel;Berlin
55137;5;50;ICE;ICE;DB Fernverkehr AG;38672;Frankfurt(M) Flughafen Fernbf;224643;Dresden Hbf;23820;42180;306;10;431.8;84.7;1.85;2;56;1.0;1;ICE;;Frankfurt;Dresden
552135;26;55;IC;IC;DB Fernverkehr AG;224643;Dresden Hbf;464794;Magdeburg Hbf;40920;50220;155;8;218.4;84.5;2.75;6;012356;1.0;1;IC;;Dresden;Magdeburg
552221;84;77;ICE;ICE;DB Fernverkehr AG;391201;Berlin Südkreuz;65847;Hengelo;29160;43620;241;10;456.9;113.8;1.75;2;04;0.9;0;ICE;;Berlin;Hengelo
552263;26;55;IC;IC;DB Fernverkehr AG;464794;Magdeburg Hbf;224643;Dresden Hbf;36060;45480;157;8;218.4;83.5;2.75;2;56;1.0;1;IC;;Magdeburg;Dresden
552646;77;10;ICE;ICE;DB Fernverkehr AG;691821;Düsseldorf Hbf;613345;Berlin Hbf;57000;72780;263;12;502.5;114.6;1.99;12;0123456;1.0;1;ICE;;Düsseldorf;Berlin
553404;38;28;ICE;ICE;DB Fernverkehr AG;9941;München Hbf;416646;Erfurt Hbf;67560;76980;157;5;321.1;122.7;0.93;2;5;1.0;1;ICE-SPRINTER;SPR-4;München;Erfurt
553848;33;42;ICE;ICE;DB Fernverkehr AG;9941;München Hbf;396514;Hamburg-Altona;48480;81180;545;19;888.6;97.8;1.91;5;12345;1.0;1;ICE;;München;Hamburg
554049;28;75;ECE;ICE;DB Fernverkehr AG;368193;Padborg st;428519;Hamburg Hbf;61320;68460;119;4;147.5;74.4;1.36;22;0123456;0.75;0;ICE;;Padborg st;Hamburg
554159;93;96;EC;IC;DB Fernverkehr AG;42071;Rzepin;354957;Frankfurt(Oder);35340;36540;20;3;19.2;57.6;;3;056;0.667;0;IC;;Rzepin;Frankfurt(Oder)
554190;94;88;ECE;ICE;DB Fernverkehr AG;9941;München Hbf;167729;Lindau-Reutin;37860;46200;139;4;163.5;70.6;1.22;17;0123456;1.0;1;ICE;;München;Lindau-Reutin
554312;1;;IC;IC;PKP Intercity;380319;Wroclaw Glowny;402680;Swinoujscie;47520;67920;340;18;432.7;76.4;3.7;4;0126;0.0;0;IC;;Wroclaw Glowny;Swinoujscie
554403;57;19;ICE;ICE;DB Fernverkehr AG;517455;Köln Hbf;391201;Berlin Südkreuz;38640;54240;260;8;509.5;117.6;1.18;21;0123456;1.0;1;ICE-SPRINTER;SPR-3;Köln;Berlin
554684;11;27;ICE;ICE;DB Fernverkehr AG;127712;Berlin Gesundbrunnen;428519;Hamburg Hbf;23520;30240;112;2;252.2;135.1;0.0;9;0123456;1.0;1;ICE;;Berlin;Hamburg
554752;10;20;ICE;ICE;DB Fernverkehr AG;464157;Basel SBB;428519;Hamburg Hbf;17160;41340;403;13;739.8;110.1;1.49;6;56;0.846;0;ICE;;Basel;Hamburg
555154;53;47;ICE;ICE;DB Fernverkehr AG;640892;Dortmund Hbf;9941;München Hbf;28380;49200;347;13;609.1;105.3;1.81;2;56;1.0;1;ICE;;Dortmund;München
555253;23;12;ICE;ICE;DB Fernverkehr AG;613345;Berlin Hbf;497089;Karlsruhe Hbf;59400;79140;329;12;655.6;119.6;1.53;2;23;1.0;1;ICE;;Berlin;Karlsruhe
555358;17;;ICE;ICE;Nederlandse Spoorwegen;65847;Hengelo;396218;Amersfoort Centraal;43740;48240;75;4;98.2;78.6;2.04;2;56;0.0;0;ICE;;Hengelo;Amersfoort Centraal
55614;10;20;ICE;ICE;DB Fernverkehr AG;428519;Hamburg Hbf;497089;Karlsruhe Hbf;59340;76980;294;8;565.9;115.5;1.06;1;6;1.0;1;ICE;;Hamburg;Karlsruhe
556301;61;1;ICE;ICE;DB Fernverkehr AG;396514;Hamburg-Altona;99055;Nürnberg Hbf;57240;90060;547;12;782.4;85.8;1.28;1;6;1.0;1;ICE;;Hamburg;Nürnberg
556571;77;10;ICE;ICE;DB Fernverkehr AG;517455;Köln Hbf;391201;Berlin Südkreuz;82860;107220;406;16;553.7;81.8;2.53;2;35;1.0;1;ICE;;Köln;Berlin
556604;82;95;EC;IC;DB Fernverkehr AG;42071;Rzepin;127712;Berlin Gesundbrunnen;75000;80700;95;5;101.3;64.0;2.96;15;012346;0.8;0;IC;;Rzepin;Berlin
556633;1;;IC;IC;PKP Intercity;380319;Wroclaw Glowny;402680;Swinoujscie;33000;52680;328;18;432.7;79.2;3.7;4;0126;0.0;0;IC;;Wroclaw Glowny;Swinoujscie
556698;36;43;ICE;ICE;DB Fernverkehr AG;464157;Basel SBB;428519;Hamburg Hbf;33360;62160;480;15;816.0;102.0;1.59;8;0123456;0.867;0;ICE;;Basel;Hamburg
557279;32;18;ICE;ICE;DB Fernverkehr AG;9941;München Hbf;53188;Leipzig Hbf;68940;84720;263;11;454.8;103.8;1.98;1;0;1.0;1;ICE;;München;Leipzig
558111;23;12;ICE;ICE;DB Fernverkehr AG;391201;Berlin Südkreuz;598255;Offenburg;83460;113340;498;13;741.7;89.4;1.48;2;45;1.0;1;ICE;;Berlin;Offenburg
559305;3;26;ICE;ICE;DB Fernverkehr AG;83956;Oldenburg(Oldb)Hbf;497089;Karlsruhe Hbf;17040;40740;395;19;570.0;86.6;2.98;3;56;1.0;1;ICE;;Oldenburg;Karlsruhe
559722;17;;ICE;ICE;Nederlandse Spoorwegen;575362;Arnhem Centraal;79866;Amsterdam Centraal;52080;55740;61;3;90.6;89.1;1.1;1;4;0.0;0;ICE;;Arnhem Centraal;Amsterdam
560081;33;42;ICE;ICE;DB Fernverkehr AG;176697;Frankfurt(Main)Hbf;396514;Hamburg-Altona;84120;112080;466;23;609.6;78.5;3.44;1;3;1.0;1;ICE-SPRINTER;SPR-1;Frankfurt;Hamburg
560276;84;77;ICE;ICE;DB Fernverkehr AG;65847;Hengelo;613345;Berlin Hbf;35520;49500;233;9;451.4;116.2;1.55;17;0123456;0.889;0;ICE;;Hengelo;Berlin
560452;77;10;ICE;ICE;DB Fernverkehr AG;613345;Berlin Hbf;93866;Hannover Hbf;74040;84600;176;4;295.5;100.7;0.68;1;0;1.0;1;ICE;;Berlin;Hannover
560748;2;56;IC;IC;DB Fernverkehr AG;337692;Berlin-Charlottenburg;315947;Norddeich;52020;80040;467;20;515.8;66.3;3.49;2;56;1.0;1;IC;;Berlin;Norddeich
560830;62;13;ICE;ICE;DB Fernverkehr AG;337692;Berlin-Charlottenburg;497089;Karlsruhe Hbf;26760;47820;351;16;647.5;110.7;2.16;1;5;1.0;1;ICE;;Berlin;Karlsruhe
561160;33;42;ICE;ICE;DB Fernverkehr AG;9941;München Hbf;396514;Hamburg-Altona;19980;52440;541;19;888.6;98.6;1.91;2;01;1.0;1;ICE;;München;Hamburg
561326;77;10;ICE;ICE;DB Fernverkehr AG;517455;Köln Hbf;391201;Berlin Südkreuz;34500;51600;285;10;510.6;107.5;1.57;14;0123456;1.0;1;ICE;;Köln;Berlin
561977;88;;IC;IC;Dänische Staatsbahnen;328829;Fredericia st;310614;Flensburg;45000;49980;83;10;112.7;81.4;7.1;5;5;0.2;0;IC;;Fredericia st;Flensburg
561984;47;62;ICE;ICE;DB Fernverkehr AG;180380;Saarbrücken Hbf;9941;München Hbf;20160;36660;275;12;407.1;88.8;2.46;3;234;1.0;1;ICE;;Saarbrücken;München
56252;40;78;ICE;ICE;DB Fernverkehr AG;176697;Frankfurt(Main)Hbf;575362;Arnhem Centraal;34440;44760;172;9;310.4;108.3;2.26;11;01234;0.778;0;ICE;;Frankfurt;Arnhem Centraal
563112;68;91;ICE;ICE;DB Fernverkehr AG;622042;Oberhausen Hbf;99055;Nürnberg Hbf;61380;81000;327;13;429.8;78.9;2.56;8;0123456;1.0;1;ICE;;Oberhausen;Nürnberg
563371;45;25;ICE;ICE;DB Fernverkehr AG;331094;Hamburg Dammtor;9941;München Hbf;35580;57000;357;12;704.8;118.4;1.42;3;056;1.0;1;ICE;;Hamburg;München
56338;68;91;ICE;ICE;DB Fernverkehr AG;640892;Dortmund Hbf;176697;Frankfurt(Main)Hbf;42660;58380;262;9;265.0;60.7;2.64;1;4;1.0;1;ICE;;Dortmund;Frankfurt
563704;87;41;ICE;ICE;DB Fernverkehr AG;691821;Düsseldorf Hbf;9941;München Hbf;37140;54720;293;8;530.4;108.6;1.13;13;0123456;1.0;1;ICE;;Düsseldorf;München
563728;63;14;ICE;ICE;DB Fernverkehr AG;640892;Dortmund Hbf;337692;Berlin-Charlottenburg;25740;38820;218;8;428.9;118.0;1.4;4;1234;1.0;1;ICE;;Dortmund;Berlin
56451;31;11;ICE;ICE;DB Fernverkehr AG;9941;München Hbf;127712;Berlin Gesundbrunnen;31500;60180;478;15;817.7;102.6;1.59;19;0123456;1.0;1;ICE;;München;Berlin
564553;77;10;ICE;ICE;DB Fernverkehr AG;613345;Berlin Hbf;517455;Köln Hbf;42420;61440;317;8;504.3;95.4;1.19;2;06;1.0;1;ICE;;Berlin;Köln
564832;77;10;ICE;ICE;DB Fernverkehr AG;391201;Berlin Südkreuz;691821;Düsseldorf Hbf;19560;39180;327;13;509.0;93.4;2.16;2;06;1.0;1;ICE;;Berlin;Düsseldorf
565573;60;;IC;IC;DB Fernverkehr (Codesharing);464157;Basel SBB;96724;Zürich HB;110280;115500;87;2;73.9;51.0;0.0;3;026;0.0;0;IC;;Basel;Zürich
566366;6;;RJ;SONSTIGE;ÖBB;438277;Innsbruck Hbf;565099;Kufstein;38520;41040;42;4;68.7;98.1;2.91;31;0123456;0.0;0;SONSTIGE;;Innsbruck;Kufstein
566609;38;28;ICE;ICE;DB Fernverkehr AG;428519;Hamburg Hbf;9941;München Hbf;45240;68880;394;11;831.5;126.6;1.08;6;123456;1.0;1;ICE;;Hamburg;München
566652;47;62;ICE;ICE;DB Fernverkehr AG;180380;Saarbrücken Hbf;355878;Garmisch-Partenkirchen;20160;43500;389;16;494.2;76.2;2.83;1;5;1.0;1;ICE;;Saarbrücken;Garmisch-Partenkirchen
567498;82;95;EC;IC;DB Fernverkehr AG;354957;Frankfurt(Oder);42071;Rzepin;46200;47220;17;3;19.2;67.8;;3;056;0.667;0;IC;;Frankfurt(Oder);Rzepin
567755;95;17;ICE;ICE;DB Fernverkehr AG;127712;Berlin Gesundbrunnen;129801;Warnemünde;45780;54120;139;5;207.2;89.5;1.45;5;5;1.0;1;ICE;;Berlin;Warnemünde
568030;54;82;ICE;ICE;SNCF;180380;Saarbrücken Hbf;335130;Paris Est;28800;35400;110;4;341.6;186.3;0.59;1;5;0.5;0;ICE;;Saarbrücken;Paris
568112;87;41;ICE;ICE;DB Fernverkehr AG;517455;Köln Hbf;9941;München Hbf;66900;86760;331;8;498.5;90.4;1.2;1;0;1.0;1;ICE;;Köln;München
568161;62;13;ICE;ICE;DB Fernverkehr AG;38672;Frankfurt(M) Flughafen Fernbf;337692;Berlin-Charlottenburg;36540;52260;262;11;534.0;122.3;1.69;18;0123456;1.0;1;ICE-SPRINTER;SPR-5;Frankfurt;Berlin
568417;68;91;ICE;ICE;DB Fernverkehr AG;640892;Dortmund Hbf;99055;Nürnberg Hbf;37440;59400;366;11;458.1;75.1;1.96;1;6;1.0;1;ICE;;Dortmund;Nürnberg
568448;94;88;ECE;ICE;DB Fernverkehr AG;167729;Lindau-Reutin;9941;München Hbf;33000;40800;130;4;163.5;75.5;1.22;1;0;1.0;1;ICE;;Lindau-Reutin;München
56856;47;62;ICE;ICE;DB Fernverkehr AG;180380;Saarbrücken Hbf;9941;München Hbf;20160;36600;274;12;407.1;89.2;2.46;2;56;1.0;1;ICE;;Saarbrücken;München
56909;10;20;ICE;ICE;DB Fernverkehr AG;87362;Wiesbaden Hbf;428519;Hamburg Hbf;17100;34140;284;9;480.5;101.5;1.46;6;0136;1.0;1;ICE;;Wiesbaden;Hamburg
569240;77;10;ICE;ICE;DB Fernverkehr AG;691821;Düsseldorf Hbf;391201;Berlin Südkreuz;21000;37200;270;13;508.0;112.9;2.17;9;12345;1.0;1;ICE;;Düsseldorf;Berlin
569338;31;11;ICE;ICE;DB Fernverkehr AG;127712;Berlin Gesundbrunnen;9941;München Hbf;54540;85200;511;15;817.7;96.0;1.59;1;2;1.0;1;ICE;;Berlin;München
569633;45;25;ICE;ICE;DB Fernverkehr AG;331094;Hamburg Dammtor;9941;München Hbf;60780;82200;357;12;704.6;118.4;1.42;6;123456;1.0;1;ICE;;Hamburg;München
569893;88;;IC;IC;Dänische Staatsbahnen;328829;Fredericia st;310614;Flensburg;16200;21180;83;10;112.7;81.4;7.1;21;012345;0.2;0;IC;;Fredericia st;Flensburg
570309;17;;ICE;ICE;Nederlandse Spoorwegen;65847;Hengelo;24890;Utrecht Centraal;43740;49260;92;5;117.6;76.7;2.55;1;6;0.0;0;ICE;;Hengelo;Utrecht Centraal
570504;33;42;ICE;ICE;DB Fernverkehr AG;396514;Hamburg-Altona;9941;München Hbf;48360;80940;543;19;888.6;98.2;1.91;2;01;1.0;1;ICE;;Hamburg;München
570602;14;;EC;IC;ÖBB;63619;St. Margrethen SG;167729;Lindau-Reutin;53460;54480;17;3;15.5;54.9;;2;56;0.333;0;IC;;St. Margrethen SG;Lindau-Reutin
570618;21;95;EC;IC;PKP Intercity;42071;Rzepin;39653;Warszawa Wschodnia;69120;83700;243;9;430.8;106.4;1.62;2;06;0.0;0;IC;;Rzepin;Warszawa
570842;72;;ICE;ICE;SBB;480653;Interlaken Ost;464157;Basel SBB;61140;68400;121;8;138.9;68.9;4.32;4;12;0.0;0;ICE;;Interlaken Ost;Basel
571469;73;6;ICE;ICE;DB Fernverkehr AG;127712;Berlin Gesundbrunnen;668361;Stuttgart Hbf;57660;75660;300;5;538.0;107.6;0.56;21;0123456;1.0;1;ICE-SPRINTER;SPR-7;Berlin;Stuttgart
572185;16;60;IC;IC;DB Fernverkehr AG;497089;Karlsruhe Hbf;668361;Stuttgart Hbf;24540;27960;57;4;78.4;82.6;2.55;5;01234;1.0;1;IC;;Karlsruhe;Stuttgart
572544;33;42;ICE;ICE;DB Fernverkehr AG;9941;München Hbf;428519;Hamburg Hbf;84300;123300;650;22;927.3;85.6;2.16;1;5;1.0;1;ICE;;München;Hamburg
572726;33;42;ICE;ICE;DB Fernverkehr AG;9941;München Hbf;396514;Hamburg-Altona;60;37980;632;23;932.1;88.5;2.25;1;1;1.0;1;ICE;;München;Hamburg
572842;33;42;ICE;ICE;DB Fernverkehr AG;9941;München Hbf;325703;Münster(Westf)Hbf;62880;86040;386;13;635.0;98.7;1.73;2;6;1.0;1;ICE;;München;Münster
572950;72;;ICE;ICE;SBB;464157;Basel SBB;583614;Chur;65220;73320;135;5;176.5;78.4;1.7;4;123;0.0;0;ICE;;Basel;Chur
573282;38;28;ICE;ICE;DB Fernverkehr AG;416646;Erfurt Hbf;428519;Hamburg Hbf;19500;33840;239;7;510.4;128.1;0.98;4;1234;1.0;1;ICE;;Erfurt;Hamburg
573481;1;;IC;IC;PKP Intercity;380319;Wroclaw Glowny;402680;Swinoujscie;47520;67920;340;18;432.7;76.4;3.7;3;345;0.0;0;IC;;Wroclaw Glowny;Swinoujscie
573486;10;20;ICE;ICE;DB Fernverkehr AG;428519;Hamburg Hbf;176697;Frankfurt(Main)Hbf;73740;90240;275;7;442.3;96.5;1.13;1;3;1.0;1;ICE-SPRINTER;SPR-1;Hamburg;Frankfurt
573852;21;95;EC;IC;PKP Intercity;39653;Warszawa Wschodnia;42071;Rzepin;60540;74940;240;9;430.8;107.7;1.62;15;012346;0.0;0;IC;;Warszawa;Rzepin
574015;91;79;ICE;ICE;DB Fernverkehr AG;176697;Frankfurt(Main)Hbf;257676;Bruxelles Midi;45240;56100;181;8;356.7;118.3;1.68;10;56;0.625;0;ICE;;Frankfurt;Bruxelles
57483;31;11;ICE;ICE;DB Fernverkehr AG;9941;München Hbf;428519;Hamburg Hbf;38700;74640;599;17;1077.6;107.9;1.39;3;056;1.0;1;ICE;;München;Hamburg
575361;1;;IC;IC;PKP Intercity;174196;Bohumin(Gr);39653;Warszawa Wschodnia;100440;116100;261;12;333.5;76.7;3.0;7;0123456;0.0;0;IC;;Bohumin;Warszawa
575396;15;;EN;SONSTIGE;Ceske Drahy;57233;Breclav;269485;Sturovo;17580;26640;151;6;196.6;78.1;2.03;28;0123456;0.0;0;SONSTIGE;;Breclav;Sturovo
575443;92;83;ICE;ICE;DB Fernverkehr AG;668361;Stuttgart Hbf;412384;Strasbourg;24720;29760;84;4;130.7;93.3;1.53;7;012345;0.5;0;ICE;;Stuttgart;Strasbourg
57572;22;;IC;IC;SBB;556408;Schaffhausen;96724;Zürich HB;78420;80580;36;2;36.3;60.4;0.0;3;456;0.0;0;IC;;Schaffhausen;Zürich
575831;26;55;IC;IC;DB Fernverkehr AG;224643;Dresden Hbf;464794;Magdeburg Hbf;62520;71820;155;8;218.4;84.5;2.75;6;012356;1.0;1;IC;;Dresden;Magdeburg
576020;77;10;ICE;ICE;DB Fernverkehr AG;691821;Düsseldorf Hbf;391201;Berlin Südkreuz;67680;83880;270;13;513.0;114.0;2.14;17;0123456;1.0;1;ICE;;Düsseldorf;Berlin
576410;75;;ECE;ICE;Dänische Staatsbahnen;368193;Padborg st;274287;Koebenhavn H;75780;87300;192;5;276.4;86.4;1.09;2;13;0.0;0;ICE;;Padborg st;København
576551;45;25;ICE;ICE;DB Fernverkehr AG;9941;München Hbf;157968;Rostock Hbf;47400;75120;462;13;857.5;111.4;1.28;6;123456;1.0;1;ICE;;München;Rostock
576717;91;79;ICE;ICE;DB Fernverkehr AG;176697;Frankfurt(Main)Hbf;257676;Bruxelles Midi;72840;84900;201;11;358.5;107.0;2.51;6;3456;0.727;0;ICE;;Frankfurt;Bruxelles
577076;68;91;ICE;ICE;DB Fernverkehr AG;99055;Nürnberg Hbf;640892;Dortmund Hbf;70320;92640;372;14;470.8;75.9;2.55;2;45;1.0;1;ICE;;Nürnberg;Dortmund
5771;90;45;ICE;ICE;DB Fernverkehr AG;517455;Köln Hbf;668361;Stuttgart Hbf;21660;32880;187;8;299.9;96.2;2.0;15;01234;1.0;1;ICE;;Köln;Stuttgart
577362;9;87;IC;IC;DB Fernverkehr AG;556408;Schaffhausen;266187;Tuttlingen;54960;57480;42;3;41.8;59.8;2.39;3;234;0.667;0;IC;;Schaffhausen;Tuttlingen
577499;5;50;ICE;ICE;DB Fernverkehr AG;53188;Leipzig Hbf;38672;Frankfurt(M) Flughafen Fernbf;19680;34140;241;8;329.3;82.0;1.82;2;56;1.0;1;ICE;;Leipzig;Frankfurt
577502;53;47;ICE;ICE;DB Fernverkehr AG;640892;Dortmund Hbf;9941;München Hbf;21240;42000;346;12;608.2;105.5;1.64;1;5;1.0;1;ICE;;Dortmund;München
578595;87;41;ICE;ICE;DB Fernverkehr AG;9941;München Hbf;640892;Dortmund Hbf;63960;92640;478;13;604.7;75.9;1.82;3;012;1.0;1;ICE;;München;Dortmund
578780;22;;IC;IC;SBB;556408;Schaffhausen;96724;Zürich HB;42420;44580;36;2;36.3;60.4;0.0;1;0;0.0;0;IC;;Schaffhausen;Zürich
578883;91;79;ICE;ICE;DB Fernverkehr AG;164260;Antwerpen Centraal;517455;Köln Hbf;39660;48240;143;6;213.7;89.7;1.87;2;56;0.5;0;ICE;;Antwerpen Centraal;Köln
578980;5;50;ICE;ICE;DB Fernverkehr AG;87362;Wiesbaden Hbf;224643;Dresden Hbf;66360;85500;319;12;460.2;86.6;2.17;2;06;1.0;1;ICE;;Wiesbaden;Dresden
579203;33;42;ICE;ICE;DB Fernverkehr AG;9941;München Hbf;428519;Hamburg Hbf;85800;123660;631;22;927.3;88.2;2.16;1;5;1.0;1;ICE;;München;Hamburg
579764;44;17;IC;IC;DB Fernverkehr AG;157968;Rostock Hbf;224643;Dresden Hbf;30000;44880;248;9;369.0;89.3;1.9;3;056;1.0;1;IC;;Rostock;Dresden
579985;83;96;EC;IC;PKP Intercity;401361;Przemysl Glowny;42071;Rzepin;33000;63960;516;22;703.3;81.8;2.84;14;0123456;0.0;0;IC;;Przemysl Glowny;Rzepin
580224;62;13;ICE;ICE;DB Fernverkehr AG;337692;Berlin-Charlottenburg;668361;Stuttgart Hbf;55620;77220;360;15;680.8;113.5;1.91;4;0123;1.0;1;ICE;;Berlin;Stuttgart
580229;14;;EC;IC;ÖBB;63619;St. Margrethen SG;167729;Lindau-Reutin;75060;76080;17;3;15.5;54.9;;1;2;0.333;0;IC;;St. Margrethen SG;Lindau-Reutin
580308;44;17;IC;IC;DB Fernverkehr AG;552264;Ostseebad Binz;224643;Dresden Hbf;50040;71640;360;9;407.6;67.9;1.72;2;56;1.0;1;IC;;Ostseebad Binz;Dresden
580657;47;62;ICE;ICE;DB Fernverkehr AG;668361;Stuttgart Hbf;176697;Frankfurt(Main)Hbf;57840;63840;100;6;156.8;94.1;2.55;18;0123456;1.0;1;ICE;;Stuttgart;Frankfurt
580851;42;22;ICE;ICE;DB Fernverkehr AG;668361;Stuttgart Hbf;428519;Hamburg Hbf;26520;44940;307;8;583.2;114.0;1.03;3;56;1.0;1;ICE;;Stuttgart;Hamburg
580879;57;19;ICE;ICE;DB Fernverkehr AG;517455;Köln Hbf;391201;Berlin Südkreuz;29940;47040;285;7;506.8;106.7;0.99;2;24;1.0;1;ICE;;Köln;Berlin
580916;57;19;ICE;ICE;DB Fernverkehr AG;391201;Berlin Südkreuz;517455;Köln Hbf;31920;47700;263;8;509.5;116.2;1.18;21;0123456;1.0;1;ICE;;Berlin;Köln
581054;84;77;ICE;ICE;DB Fernverkehr AG;391201;Berlin Südkreuz;65847;Hengelo;50760;65220;241;10;456.9;113.8;1.75;2;56;0.9;0;ICE;;Berlin;Hengelo
581062;9;87;IC;IC;DB Fernverkehr AG;679686;Singen(Hohentwiel);556408;Schaffhausen;77520;78300;13;2;17.0;78.4;;3;456;0.5;0;IC;;Singen;Schaffhausen
581399;63;14;ICE;ICE;DB Fernverkehr AG;337692;Berlin-Charlottenburg;517455;Köln Hbf;62160;80640;308;11;517.2;100.8;1.74;2;12;1.0;1;ICE;;Berlin;Köln
581552;72;;ICE;ICE;SBB;96724;Zürich HB;464157;Basel SBB;57540;60720;53;2;73.9;83.7;0.0;2;23;0.0;0;ICE;;Zürich;Basel
582123;42;22;ICE;ICE;DB Fernverkehr AG;668361;Stuttgart Hbf;428519;Hamburg Hbf;62580;80940;306;8;583.5;114.4;1.03;8;0123456;1.0;1;ICE;;Stuttgart;Hamburg
582720;77;10;ICE;ICE;DB Fernverkehr AG;613345;Berlin Hbf;93866;Hannover Hbf;74400;84480;168;2;246.4;88.0;0.0;7;012346;1.0;1;ICE;;Berlin;Hannover
5828;80;55;ICE;ICE;DB Fernverkehr AG;64889;Oberstdorf;640892;Dortmund Hbf;35400;68940;559;18;589.3;63.2;2.72;11;0123456;1.0;1;ICE;;Oberstdorf;Dortmund
582819;88;;IC;IC;Dänische Staatsbahnen;328829;Fredericia st;310614;Flensburg;30600;35580;83;10;112.7;81.4;7.1;10;56;0.2;0;IC;;Fredericia st;Flensburg
583248;37;82;ICE;ICE;DB Fernverkehr AG;176697;Frankfurt(Main)Hbf;412384;Strasbourg;31980;39480;125;6;194.5;93.4;2.06;2;56;0.667;0;ICE;;Frankfurt;Strasbourg
583630;73;6;ICE;ICE;DB Fernverkehr AG;127712;Berlin Gesundbrunnen;668361;Stuttgart Hbf;57660;75420;296;5;538.0;109.0;0.56;10;0123456;1.0;1;ICE-SPRINTER;SPR-7;Berlin;Stuttgart
584159;87;41;ICE;ICE;DB Fernverkehr AG;9941;München Hbf;640892;Dortmund Hbf;60240;81480;354;13;603.6;102.3;1.82;12;0123456;1.0;1;ICE;;München;Dortmund
584257;63;14;ICE;ICE;DB Fernverkehr AG;267257;Essen Hbf;127712;Berlin Gesundbrunnen;59520;74820;255;7;479.0;112.7;1.04;4;1234;1.0;1;ICE;;Essen;Berlin
584317;10;20;ICE;ICE;DB Fernverkehr AG;176337;Mainz Hbf;428519;Hamburg Hbf;17820;34140;272;7;472.0;104.1;1.06;7;0123456;1.0;1;ICE;;Mainz;Hamburg
584486;94;88;ECE;ICE;DB Fernverkehr AG;167729;Lindau-Reutin;9941;München Hbf;76200;83760;126;4;163.5;77.9;1.22;5;03456;1.0;1;ICE;;Lindau-Reutin;München
584539;50;61;IC;IC;DB Fernverkehr AG;497089;Karlsruhe Hbf;99055;Nürnberg Hbf;61560;73080;192;11;252.2;78.8;3.57;10;0123456;1.0;1;IC;;Karlsruhe;Nürnberg
584643;82;95;EC;IC;DB Fernverkehr AG;42071;Rzepin;127712;Berlin Gesundbrunnen;103740;110220;108;5;101.3;56.3;2.96;1;5;0.8;0;IC;;Rzepin;Berlin
584657;62;13;ICE;ICE;DB Fernverkehr AG;497089;Karlsruhe Hbf;337692;Berlin-Charlottenburg;38400;59460;351;16;654.0;111.8;2.14;12;0123456;1.0;1;ICE;;Karlsruhe;Berlin
584834;87;41;ICE;ICE;DB Fernverkehr AG;9941;München Hbf;640892;Dortmund Hbf;63960;86160;370;12;594.3;96.4;1.68;3;012;1.0;1;ICE;;München;Dortmund
584886;91;79;ICE;ICE;DB Fernverkehr AG;257676;Bruxelles Midi;176697;Frankfurt(Main)Hbf;66300;77220;182;8;356.7;117.6;1.68;1;6;0.625;0;ICE;;Bruxelles;Frankfurt
585058;87;41;ICE;ICE;DB Fernverkehr AG;691821;Düsseldorf Hbf;9941;München Hbf;44340;61980;294;8;530.4;108.2;1.13;13;0123456;1.0;1;ICE;;Düsseldorf;München
585388;3;26;ICE;ICE;DB Fernverkehr AG;477761;Bremen Hbf;497089;Karlsruhe Hbf;33300;55140;364;16;526.3;86.8;2.66;5;01234;1.0;1;ICE;;Bremen;Karlsruhe
585535;93;96;EC;IC;DB Fernverkehr AG;42071;Rzepin;354957;Frankfurt(Oder);64140;65340;20;3;19.2;57.6;;3;056;0.667;0;IC;;Rzepin;Frankfurt(Oder)
58608;40;78;ICE;ICE;DB Fernverkehr AG;176697;Frankfurt(Main)Hbf;575362;Arnhem Centraal;41640;51960;172;9;310.4;108.3;2.26;6;56;0.778;0;ICE;;Frankfurt;Arnhem Centraal
586157;50;61;IC;IC;DB Fernverkehr AG;99055;Nürnberg Hbf;497089;Karlsruhe Hbf;20100;31980;198;8;238.6;72.3;2.51;6;01234;1.0;1;IC;;Nürnberg;Karlsruhe
586407;3;26;ICE;ICE;DB Fernverkehr AG;477761;Bremen Hbf;497089;Karlsruhe Hbf;33300;55140;364;17;528.2;87.1;2.84;3;56;1.0;1;ICE;;Bremen;Karlsruhe
586629;79;4;ICE;ICE;DB Fernverkehr AG;176697;Frankfurt(Main)Hbf;428519;Hamburg Hbf;50520;63420;215;3;395.3;110.3;0.25;2;56;1.0;1;ICE-SPRINTER;SPR-1;Frankfurt;Hamburg
58666;23;12;ICE;ICE;DB Fernverkehr AG;464157;Basel SBB;391201;Berlin Südkreuz;58560;85620;451;15;854.3;113.7;1.52;1;3;0.867;0;ICE;;Basel;Berlin
586974;31;11;ICE;ICE;DB Fernverkehr AG;9941;München Hbf;416646;Erfurt Hbf;67500;88020;342;10;561.2;98.5;1.43;1;5;1.0;1;ICE;;München;Erfurt
587055;46;60;ICE;ICE;DB Fernverkehr AG;9941;München Hbf;497089;Karlsruhe Hbf;32520;42720;170;7;273.1;96.4;1.83;3;056;1.0;1;ICE;;München;Karlsruhe
588116;87;41;ICE;ICE;DB Fernverkehr AG;9941;München Hbf;517455;Köln Hbf;71100;88260;286;11;502.8;105.5;1.79;1;4;1.0;1;ICE;;München;Köln
588141;2;56;IC;IC;DB Fernverkehr AG;93866;Hannover Hbf;161450;Emden Hbf;24300;34680;173;12;227.9;79.0;4.39;31;0123456;1.0;1;IC;;Hannover;Emden
588352;40;78;ICE;ICE;DB Fernverkehr AG;176697;Frankfurt(Main)Hbf;575362;Arnhem Centraal;34440;44760;172;9;310.4;108.3;2.26;5;56;0.778;0;ICE;;Frankfurt;Arnhem Centraal
588718;62;13;ICE;ICE;DB Fernverkehr AG;337692;Berlin-Charlottenburg;497089;Karlsruhe Hbf;41280;62340;351;17;648.6;110.9;2.31;1;5;1.0;1;ICE;;Berlin;Karlsruhe
588786;78;15;ICE;ICE;DB Fernverkehr AG;552264;Ostseebad Binz;391201;Berlin Südkreuz;48240;61800;226;11;267.2;70.9;3.37;8;456;1.0;1;ICE;;Ostseebad Binz;Berlin
589077;87;41;ICE;ICE;DB Fernverkehr AG;176697;Frankfurt(Main)Hbf;691821;Düsseldorf Hbf;20460;27420;116;8;194.6;100.6;3.08;6;56;1.0;1;ICE;;Frankfurt;Düsseldorf
589216;36;43;ICE;ICE;DB Fernverkehr AG;428519;Hamburg Hbf;517455;Köln Hbf;74700;91140;274;11;398.6;87.3;2.26;1;4;1.0;1;ICE-SPRINTER;SPR-2;Hamburg;Köln
589295;26;55;IC;IC;DB Fernverkehr AG;224643;Dresden Hbf;517455;Köln Hbf;55320;85080;496;18;629.0;76.1;2.54;1;3;1.0;1;IC;;Dresden;Köln
589448;22;;IC;IC;SBB;556408;Schaffhausen;96724;Zürich HB;82020;84180;36;2;36.3;60.4;0.0;2;23;0.0;0;IC;;Schaffhausen;Zürich
58967;57;19;ICE;ICE;DB Fernverkehr AG;391201;Berlin Südkreuz;517455;Köln Hbf;31920;49080;286;7;506.8;106.3;0.99;5;01234;1.0;1;ICE;;Berlin;Köln
589925;33;42;ICE;ICE;DB Fernverkehr AG;9941;München Hbf;428519;Hamburg Hbf;19980;51300;522;17;883.4;101.5;1.7;1;0;1.0;1;ICE;;München;Hamburg
5900;2;56;IC;IC;DB Fernverkehr AG;195950;Norddeich Mole;53188;Leipzig Hbf;34560;58500;399;22;501.5;75.4;3.99;25;0123456;1.0;1;IC;;Norddeich Mole;Leipzig
590063;1;;IC;IC;PKP Intercity;401361;Przemysl Glowny;380319;Wroclaw Glowny;25680;46200;342;17;474.6;83.3;3.16;2;56;0.0;0;IC;;Przemysl Glowny;Wroclaw Glowny
590312;60;;IC;IC;DB Fernverkehr (Codesharing);575362;Arnhem Centraal;79866;Amsterdam Centraal;115020;118740;62;3;90.6;87.7;1.1;2;6;0.0;0;IC;;Arnhem Centraal;Amsterdam
590484;77;10;ICE;ICE;DB Fernverkehr AG;517455;Köln Hbf;391201;Berlin Südkreuz;41700;58800;285;10;510.6;107.5;1.57;7;0123456;1.0;1;ICE;;Köln;Berlin
590676;50;61;IC;IC;DB Fernverkehr AG;497089;Karlsruhe Hbf;99055;Nürnberg Hbf;61560;73800;204;8;238.6;70.2;2.51;5;03456;1.0;1;IC;;Karlsruhe;Nürnberg
590982;53;47;ICE;ICE;DB Fernverkehr AG;9941;München Hbf;640892;Dortmund Hbf;44400;64200;330;11;608.1;110.6;1.48;8;0123456;1.0;1;ICE;;München;Dortmund
591921;77;10;ICE;ICE;DB Fernverkehr AG;391201;Berlin Südkreuz;691821;Düsseldorf Hbf;15480;32580;285;15;512.6;107.9;2.54;2;23;1.0;1;ICE;;Berlin;Düsseldorf
592084;14;;EC;IC;ÖBB;63619;St. Margrethen SG;167729;Lindau-Reutin;39060;40080;17;3;15.5;54.9;;3;036;0.333;0;IC;;St. Margrethen SG;Lindau-Reutin
593158;37;82;ICE;ICE;DB Fernverkehr AG;176697;Frankfurt(Main)Hbf;412384;Strasbourg;24780;31620;114;5;194.4;102.3;1.54;21;01234;0.6;0;ICE;;Frankfurt;Strasbourg
593685;42;22;ICE;ICE;DB Fernverkehr AG;659783;Kiel Hbf;668361;Stuttgart Hbf;58560;82260;395;11;672.2;102.1;1.34;7;013456;1.0;1;ICE;;Kiel;Stuttgart
594012;50;61;IC;IC;DB Fernverkehr AG;497089;Karlsruhe Hbf;99055;Nürnberg Hbf;47160;58560;190;10;250.5;79.1;3.19;10;0123456;1.0;1;IC;;Karlsruhe;Nürnberg
594299;12;29;ICE;ICE;DB Fernverkehr AG;613345;Berlin Hbf;9941;München Hbf;74220;89460;254;6;555.1;131.1;0.72;1;1;1.0;1;ICE-SPRINTER;SPR-4;Berlin;München
594886;53;47;ICE;ICE;DB Fernverkehr AG;575362;Arnhem Centraal;456179;Augsburg Hbf;32640;56820;403;13;597.8;89.0;1.84;5;0234;0.846;0;ICE;;Arnhem Centraal;Augsburg
595359;20;49;ICE;ICE;DB Fernverkehr AG;517455;Köln Hbf;176697;Frankfurt(Main)Hbf;59340;64140;80;6;161.5;121.2;2.48;21;01234;1.0;1;ICE;;Köln;Frankfurt
59543;72;;ICE;ICE;SBB;96724;Zürich HB;464157;Basel SBB;57540;60720;53;2;73.9;83.7;0.0;3;56;0.0;0;ICE;;Zürich;Basel
595447;10;20;ICE;ICE;DB Fernverkehr AG;428519;Hamburg Hbf;667068;Frankfurt(M) Flughafen Regionalbf;16020;30780;246;9;456.1;111.2;1.53;2;56;1.0;1;ICE-SPRINTER;SPR-1;Hamburg;Frankfurt
595905;58;20;ECE;ICE;DB Fernverkehr AG;428519;Hamburg Hbf;464157;Basel SBB;59340;83400;401;12;740.0;110.7;1.35;2;45;0.833;0;ICE;;Hamburg;Basel
596465;10;20;ICE;ICE;DB Fernverkehr AG;428519;Hamburg Hbf;464157;Basel SBB;52140;76860;412;12;740.0;107.8;1.35;7;0123456;0.833;0;ICE;;Hamburg;Basel
597479;91;79;ICE;ICE;DB Fernverkehr AG;257676;Bruxelles Midi;176697;Frankfurt(Main)Hbf;51900;62820;182;8;356.7;117.6;1.68;2;56;0.625;0;ICE;;Bruxelles;Frankfurt
597994;50;61;IC;IC;DB Fernverkehr AG;99055;Nürnberg Hbf;497089;Karlsruhe Hbf;34860;46380;192;11;252.2;78.8;3.57;4;1234;1.0;1;IC;;Nürnberg;Karlsruhe
598777;12;29;ICE;ICE;DB Fernverkehr AG;127712;Berlin Gesundbrunnen;9941;München Hbf;69960;87120;286;8;587.3;123.2;1.02;4;1256;1.0;1;ICE;;Berlin;München
599261;39;51;ICE;ICE;DB Fernverkehr AG;640892;Dortmund Hbf;53188;Leipzig Hbf;38520;54060;259;9;396.6;91.9;1.76;1;0;1.0;1;ICE;;Dortmund;Leipzig
599322;91;79;ICE;ICE;DB Fernverkehr AG;176697;Frankfurt(Main)Hbf;257676;Bruxelles Midi;30780;41700;182;8;356.7;117.6;1.68;18;01234;0.625;0;ICE;;Frankfurt;Bruxelles
600079;57;19;ICE;ICE;DB Fernverkehr AG;517455;Köln Hbf;391201;Berlin Südkreuz;27360;47040;328;7;506.8;92.7;0.99;5;01356;1.0;1;ICE;;Köln;Berlin
60013;82;95;EC;IC;DB Fernverkehr AG;354957;Frankfurt(Oder);42071;Rzepin;57000;58020;17;3;19.2;67.8;;2;56;0.667;0;IC;;Frankfurt(Oder);Rzepin
600566;68;91;ICE;ICE;DB Fernverkehr AG;90261;Regensburg Hbf;622042;Oberhausen Hbf;30420;52500;368;11;503.9;82.2;1.79;4;056;1.0;1;ICE;;Regensburg;Oberhausen
600692;91;79;ICE;ICE;DB Fernverkehr AG;517455;Köln Hbf;164260;Antwerpen Centraal;22260;32220;166;6;213.7;77.2;1.87;1;5;0.5;0;ICE;;Köln;Antwerpen Centraal
600706;27;57;IC;IC;DB Fernverkehr AG;464794;Magdeburg Hbf;53188;Leipzig Hbf;39840;44100;71;4;110.5;93.4;1.81;1;5;1.0;1;IC;;Magdeburg;Leipzig
60081;61;1;ICE;ICE;DB Fernverkehr AG;396514;Hamburg-Altona;99055;Nürnberg Hbf;57240;88920;528;15;761.3;86.5;1.71;1;3;1.0;1;ICE;;Hamburg;Nürnberg
600855;53;47;ICE;ICE;DB Fernverkehr AG;9941;München Hbf;575362;Arnhem Centraal;51600;73560;366;13;653.1;107.1;1.68;2;56;0.846;0;ICE;;München;Arnhem Centraal
601618;95;17;ICE;ICE;DB Fernverkehr AG;127712;Berlin Gesundbrunnen;157968;Rostock Hbf;37080;44460;123;5;196.4;95.8;1.53;4;4;1.0;1;ICE;;Berlin;Rostock
601629;47;62;ICE;ICE;DB Fernverkehr AG;540195;Esslingen(Neckar);355878;Garmisch-Partenkirchen;28800;45300;275;8;273.2;59.6;2.2;1;6;1.0;1;ICE;;Esslingen;Garmisch-Partenkirchen
602093;1;;IC;IC;PKP Intercity;401361;Przemysl Glowny;380319;Wroclaw Glowny;25920;46200;338;17;474.6;84.3;3.16;8;0123456;0.0;0;IC;;Przemysl Glowny;Wroclaw Glowny
602493;26;55;IC;IC;DB Fernverkehr AG;224643;Dresden Hbf;93866;Hannover Hbf;69720;84300;243;10;349.7;86.4;2.29;20;012346;1.0;1;IC;;Dresden;Hannover
602735;87;41;ICE;ICE;DB Fernverkehr AG;640892;Dortmund Hbf;9941;München Hbf;12180;36720;409;15;596.5;87.5;2.18;3;123;1.0;1;ICE;;Dortmund;München
602991;86;;EN;SONSTIGE;PKP Intercity;135333;Wien Hbf;401361;Przemysl Glowny;83940;123120;653;31;655.2;60.2;4.43;9;0123456;0.0;0;SONSTIGE;;Wien;Przemysl Glowny
603299;36;43;ICE;ICE;DB Fernverkehr AG;464157;Basel SBB;640892;Dortmund Hbf;69360;88980;327;15;549.0;100.7;2.37;2;34;0.867;0;ICE;;Basel;Dortmund
603327;43;;EN;SONSTIGE;MAV;695368;Salzburg Hbf;270995;Budapest-Keleti;100200;120540;339;12;484.5;85.7;2.06;21;0123456;0.0;0;SONSTIGE;;Salzburg;Budapest
603372;28;75;ECE;ICE;DB Fernverkehr AG;368193;Padborg st;396514;Hamburg-Altona;75720;81780;101;4;146.4;87.0;1.37;8;0123456;0.75;0;ICE;;Padborg st;Hamburg
60365;17;;ICE;ICE;Nederlandse Spoorwegen;79866;Amsterdam Centraal;575362;Arnhem Centraal;59580;63120;59;3;90.6;92.2;1.1;3;456;0.0;0;ICE;;Amsterdam;Arnhem Centraal
60373;82;95;EC;IC;DB Fernverkehr AG;127712;Berlin Gesundbrunnen;42071;Rzepin;63840;68820;83;5;101.3;73.2;2.96;18;012346;0.8;0;IC;;Berlin;Rzepin
603846;31;11;ICE;ICE;DB Fernverkehr AG;127712;Berlin Gesundbrunnen;9941;München Hbf;76680;113220;609;18;829.3;81.7;1.93;6;01346;1.0;1;ICE;;Berlin;München
603997;87;41;ICE;ICE;DB Fernverkehr AG;517455;Köln Hbf;9941;München Hbf;42300;58380;268;8;500.5;112.1;1.2;1;5;1.0;1;ICE;;Köln;München
604519;18;;ICE;ICE;ÖBB;695368;Salzburg Hbf;338037;Graz Hbf;65220;78960;229;14;305.4;80.0;3.93;2;56;0.0;0;ICE;;Salzburg;Graz
604548;46;60;ICE;ICE;DB Fernverkehr AG;9941;München Hbf;497089;Karlsruhe Hbf;17940;28320;173;8;273.1;94.7;2.2;4;1234;1.0;1;ICE;;München;Karlsruhe
604965;61;1;ICE;ICE;DB Fernverkehr AG;517455;Köln Hbf;99055;Nürnberg Hbf;71580;88440;281;9;378.0;80.7;1.85;1;2;1.0;1;ICE;;Köln;Nürnberg
60506;31;11;ICE;ICE;DB Fernverkehr AG;176697;Frankfurt(Main)Hbf;428519;Hamburg Hbf;22500;45840;389;11;717.8;110.7;1.25;3;123;1.0;1;ICE-SPRINTER;SPR-1;Frankfurt;Hamburg
605202;22;;IC;IC;SBB;556408;Schaffhausen;96724;Zürich HB;31620;33780;36;2;36.3;60.4;0.0;6;56;0.0;0;IC;;Schaffhausen;Zürich
60564;84;77;ICE;ICE;DB Fernverkehr AG;65847;Hengelo;613345;Berlin Hbf;64320;78180;231;9;451.4;117.3;1.55;26;0123456;0.889;0;ICE;;Hengelo;Berlin
605983;78;15;ICE;ICE;DB Fernverkehr AG;552264;Ostseebad Binz;180380;Saarbrücken Hbf;48240;84540;605;17;858.8;85.2;1.75;8;0123456;1.0;1;ICE;;Ostseebad Binz;Saarbrücken
606355;33;42;ICE;ICE;DB Fernverkehr AG;396514;Hamburg-Altona;9941;München Hbf;26760;59220;541;18;888.2;98.5;1.8;3;234;1.0;1;ICE;;Hamburg;München
606400;17;;ICE;ICE;Nederlandse Spoorwegen;65847;Hengelo;79866;Amsterdam Centraal;58140;65040;115;6;139.3;72.7;2.87;1;5;0.0;0;ICE;;Hengelo;Amsterdam
60648;91;79;ICE;ICE;DB Fernverkehr AG;176697;Frankfurt(Main)Hbf;257676;Bruxelles Midi;30780;41700;182;8;356.7;117.6;1.68;2;01;0.625;0;ICE;;Frankfurt;Bruxelles
606487;20;49;ICE;ICE;DB Fernverkehr AG;176697;Frankfurt(Main)Hbf;517455;Köln Hbf;43860;48780;82;6;161.5;118.2;2.48;31;0123456;1.0;1;ICE;;Frankfurt;Köln
6065;33;42;ICE;ICE;DB Fernverkehr AG;396514;Hamburg-Altona;9941;München Hbf;19560;52140;543;19;888.6;98.2;1.91;12;0123456;1.0;1;ICE;;Hamburg;München
606589;17;;ICE;ICE;Nederlandse Spoorwegen;65847;Hengelo;79866;Amsterdam Centraal;65340;71880;109;6;139.3;76.7;2.87;1;4;0.0;0;ICE;;Hengelo;Amsterdam
608252;45;25;ICE;ICE;DB Fernverkehr AG;9941;München Hbf;428519;Hamburg Hbf;78720;111420;545;11;656.2;72.2;1.37;1;5;1.0;1;ICE;;München;Hamburg
608345;33;42;ICE;ICE;DB Fernverkehr AG;325703;Münster(Westf)Hbf;9941;München Hbf;21780;44940;386;13;635.0;98.7;1.73;2;56;1.0;1;ICE;;Münster;München
608534;87;41;ICE;ICE;DB Fernverkehr AG;691821;Düsseldorf Hbf;9941;München Hbf;40620;58380;296;9;530.5;107.5;1.32;12;012345;1.0;1;ICE;;Düsseldorf;München
609185;18;;ICE;ICE;ÖBB;565099;Kufstein;447324;Schwarzach-St.Veit;60060;69420;156;13;118.7;45.6;9.27;3;45;0.0;0;ICE;;Kufstein;Schwarzach-St.Veit
609450;31;11;ICE;ICE;DB Fernverkehr AG;127712;Berlin Gesundbrunnen;668361;Stuttgart Hbf;62220;84360;369;11;622.1;101.2;1.45;1;0;1.0;1;ICE;;Berlin;Stuttgart
61009;36;43;ICE;ICE;DB Fernverkehr AG;428519;Hamburg Hbf;464157;Basel SBB;31320;60480;486;15;816.0;100.7;1.59;1;5;0.867;0;ICE;;Hamburg;Basel
610591;47;62;ICE;ICE;DB Fernverkehr AG;309229;Friedrichshafen Stadt;640892;Dortmund Hbf;45300;71700;440;11;546.0;74.5;1.65;3;015;1.0;1;ICE;;Friedrichshafen Stadt;Dortmund
610798;47;62;ICE;ICE;DB Fernverkehr AG;9941;München Hbf;176697;Frankfurt(Main)Hbf;35220;49440;237;10;354.1;89.7;2.26;1;0;1.0;1;ICE;;München;Frankfurt
611146;87;41;ICE;ICE;DB Fernverkehr AG;517455;Köln Hbf;9941;München Hbf;63300;83400;335;9;498.6;89.3;1.4;7;23456;1.0;1;ICE;;Köln;München
611460;10;20;ICE;ICE;DB Fernverkehr AG;331094;Hamburg Dammtor;297876;Basel Bad Bf;66060;90060;400;12;738.9;110.8;1.35;1;0;0.917;0;ICE;;Hamburg;Basel
611721;45;25;ICE;ICE;DB Fernverkehr AG;9941;München Hbf;157968;Rostock Hbf;47400;75120;462;14;868.0;112.7;1.38;7;0123456;1.0;1;ICE;;München;Rostock
612254;45;25;ICE;ICE;DB Fernverkehr AG;157968;Rostock Hbf;9941;München Hbf;25440;53520;468;13;867.5;111.2;1.27;15;0123456;1.0;1;ICE;;Rostock;München
612286;33;42;ICE;ICE;DB Fernverkehr AG;517455;Köln Hbf;396514;Hamburg-Altona;15000;30840;264;12;392.5;89.2;2.55;1;4;1.0;1;ICE-SPRINTER;SPR-2;Köln;Hamburg
612664;77;10;ICE;ICE;DB Fernverkehr AG;613345;Berlin Hbf;517455;Köln Hbf;35220;51720;275;9;505.1;110.2;1.39;14;0123456;1.0;1;ICE;;Berlin;Köln
612710;10;20;ICE;ICE;DB Fernverkehr AG;396514;Hamburg-Altona;667068;Frankfurt(M) Flughafen Regionalbf;15120;30780;261;11;461.3;106.1;1.95;4;56;1.0;1;ICE-SPRINTER;SPR-1;Hamburg;Frankfurt
612880;45;25;ICE;ICE;DB Fernverkehr AG;9066;Hamburg-Harburg;9941;München Hbf;18780;38940;336;9;692.0;123.6;1.01;5;01234;1.0;1;ICE;;Hamburg;München
613030;9;87;IC;IC;DB Fernverkehr AG;556408;Schaffhausen;668361;Stuttgart Hbf;33360;41520;136;7;149.3;65.9;3.35;10;0123456;0.857;0;IC;;Schaffhausen;Stuttgart
613263;26;55;IC;IC;DB Fernverkehr AG;61534;Koblenz Hbf;224643;Dresden Hbf;29580;59880;505;23;700.5;83.2;3.0;2;05;1.0;1;IC;;Koblenz;Dresden
613503;77;10;ICE;ICE;DB Fernverkehr AG;613345;Berlin Hbf;691821;Düsseldorf Hbf;35220;50880;261;12;502.5;115.5;1.99;12;0123456;1.0;1;ICE;;Berlin;Düsseldorf
613812;47;62;ICE;ICE;DB Fernverkehr AG;695368;Salzburg Hbf;325703;Münster(Westf)Hbf;43200;74760;526;21;772.7;88.1;2.46;2;56;0.952;0;ICE;;Salzburg;Münster
614092;89;35;IC;IC;DB Fernverkehr AG;517455;Köln Hbf;195950;Norddeich Mole;20460;37140;278;18;344.8;74.4;4.64;3;5;1.0;1;IC;;Köln;Norddeich Mole
614127;63;14;ICE;ICE;DB Fernverkehr AG;337692;Berlin-Charlottenburg;267257;Essen Hbf;40440;54780;239;10;460.6;115.6;1.74;14;0123456;1.0;1;ICE;;Berlin;Essen
61458;33;42;ICE;ICE;DB Fernverkehr AG;9941;München Hbf;396514;Hamburg-Altona;55680;92700;617;19;888.6;86.4;1.91;1;2;1.0;1;ICE;;München;Hamburg
614588;50;61;IC;IC;DB Fernverkehr AG;99055;Nürnberg Hbf;668361;Stuttgart Hbf;78060;86040;133;7;182.6;82.4;2.74;1;4;1.0;1;IC;;Nürnberg;Stuttgart
614898;87;41;ICE;ICE;DB Fernverkehr AG;9941;München Hbf;95437;Köln Messe/Deutz;56700;72840;269;8;497.0;110.9;1.21;12;0123456;1.0;1;ICE;;München;Köln
614968;41;62;EC;IC;ÖBB;485693;Klagenfurt Hbf;695368;Salzburg Hbf;17580;28380;180;14;198.6;66.2;6.04;31;0123456;0.0;0;IC;;Klagenfurt;Salzburg
615260;68;91;ICE;ICE;DB Fernverkehr AG;396514;Hamburg-Altona;99055;Nürnberg Hbf;27240;48600;356;11;690.2;116.3;1.3;22;0123456;1.0;1;ICE;;Hamburg;Nürnberg
615612;68;91;ICE;ICE;DB Fernverkehr AG;640892;Dortmund Hbf;99055;Nürnberg Hbf;16500;39180;378;12;456.0;72.4;2.19;2;12;1.0;1;ICE;;Dortmund;Nürnberg
61621;62;13;ICE;ICE;DB Fernverkehr AG;337692;Berlin-Charlottenburg;668361;Stuttgart Hbf;55620;77340;362;16;682.7;113.2;2.05;18;0123456;1.0;1;ICE;;Berlin;Stuttgart
617201;50;61;IC;IC;DB Fernverkehr AG;497089;Karlsruhe Hbf;99055;Nürnberg Hbf;39960;51480;192;11;252.2;78.8;3.57;4;1234;1.0;1;IC;;Karlsruhe;Nürnberg
617448;31;11;ICE;ICE;DB Fernverkehr AG;416646;Erfurt Hbf;9941;München Hbf;19740;40500;346;10;562.6;97.6;1.42;7;0123456;1.0;1;ICE;;Erfurt;München
617473;77;10;ICE;ICE;DB Fernverkehr AG;613345;Berlin Hbf;517455;Köln Hbf;28020;47160;319;8;504.3;94.8;1.19;2;06;1.0;1;ICE;;Berlin;Köln
618022;87;41;ICE;ICE;DB Fernverkehr AG;640892;Dortmund Hbf;9941;München Hbf;37200;58380;353;12;602.7;102.4;1.66;1;6;1.0;1;ICE;;Dortmund;München
618651;27;57;IC;IC;DB Fernverkehr AG;464794;Magdeburg Hbf;396514;Hamburg-Altona;25140;34620;158;8;236.1;89.7;2.54;16;01234;1.0;1;IC;;Magdeburg;Hamburg
619104;47;62;ICE;ICE;DB Fernverkehr AG;640892;Dortmund Hbf;309229;Friedrichshafen Stadt;30600;55860;421;11;547.7;78.1;1.64;1;5;1.0;1;ICE;;Dortmund;Friedrichshafen Stadt
619405;47;62;ICE;ICE;DB Fernverkehr AG;695368;Salzburg Hbf;176697;Frankfurt(Main)Hbf;50400;71040;344;14;475.9;83.0;2.52;2;56;0.929;0;ICE;;Salzburg;Frankfurt
619480;26;55;IC;IC;DB Fernverkehr AG;224643;Dresden Hbf;93866;Hannover Hbf;48120;62580;241;10;349.7;87.1;2.29;4;0456;1.0;1;IC;;Dresden;Hannover
619560;17;;ICE;ICE;Nederlandse Spoorwegen;79866;Amsterdam Centraal;65847;Hengelo;43200;49860;111;6;139.3;75.3;2.87;1;0;0.0;0;ICE;;Amsterdam;Hengelo
619999;46;60;ICE;ICE;DB Fernverkehr AG;9941;München Hbf;668361;Stuttgart Hbf;78060;85320;121;5;195.6;97.0;1.53;2;12;1.0;1;ICE;;München;Stuttgart
620505;87;41;ICE;ICE;DB Fernverkehr AG;9941;München Hbf;691821;Düsseldorf Hbf;42300;60000;295;9;530.5;107.9;1.32;13;0123456;1.0;1;ICE;;München;Düsseldorf
620572;23;12;ICE;ICE;DB Fernverkehr AG;613345;Berlin Hbf;464157;Basel SBB;59400;85740;439;17;829.6;113.4;1.81;14;0123456;0.882;0;ICE;;Berlin;Basel
620611;77;10;ICE;ICE;DB Fernverkehr AG;517455;Köln Hbf;391201;Berlin Südkreuz;33300;51600;305;9;509.8;100.3;1.37;2;06;1.0;1;ICE;;Köln;Berlin
621001;77;10;ICE;ICE;DB Fernverkehr AG;640892;Dortmund Hbf;391201;Berlin Südkreuz;56820;69600;213;8;440.7;124.1;1.36;12;0123456;1.0;1;ICE;;Dortmund;Berlin
621268;21;95;EC;IC;PKP Intercity;39653;Warszawa Wschodnia;42071;Rzepin;38940;53220;238;9;430.8;108.6;1.62;8;0123456;0.0;0;IC;;Warszawa;Rzepin
621405;14;;EC;IC;ÖBB;63619;St. Margrethen SG;167729;Lindau-Reutin;39060;40080;17;3;15.5;54.9;;10;0123456;0.333;0;IC;;St. Margrethen SG;Lindau-Reutin
621671;31;11;ICE;ICE;DB Fernverkehr AG;127712;Berlin Gesundbrunnen;9941;München Hbf;54540;83880;489;14;817.3;100.3;1.47;1;2;1.0;1;ICE;;Berlin;München
622187;54;82;ICE;ICE;SNCF;412384;Strasbourg;335130;Paris Est;46860;53520;111;2;395.5;213.8;0.0;1;1;0.0;0;ICE;;Strasbourg;Paris
6222;12;29;ICE;ICE;DB Fernverkehr AG;613345;Berlin Hbf;9941;München Hbf;74220;90720;275;7;584.4;127.5;0.86;1;1;1.0;1;ICE-SPRINTER;SPR-4;Berlin;München
622412;22;;IC;IC;SBB;96724;Zürich HB;556408;Schaffhausen;49020;51180;36;2;36.3;60.4;0.0;17;01234;0.0;0;IC;;Zürich;Schaffhausen
623140;23;12;ICE;ICE;DB Fernverkehr AG;613345;Berlin Hbf;464157;Basel SBB;52620;78480;431;16;829.5;115.5;1.69;16;0123;0.875;0;ICE;;Berlin;Basel
623239;62;13;ICE;ICE;DB Fernverkehr AG;668361;Stuttgart Hbf;337692;Berlin-Charlottenburg;23280;45060;363;16;681.5;112.7;2.05;13;0123456;1.0;1;ICE;;Stuttgart;Berlin
623321;72;;ICE;ICE;SBB;464157;Basel SBB;583614;Chur;43620;51720;135;5;176.5;78.4;1.7;10;01234;0.0;0;ICE;;Basel;Chur
623410;83;96;EC;IC;PKP Intercity;401361;Przemysl Glowny;42071;Rzepin;32940;63960;517;22;703.3;81.6;2.84;8;0123456;0.0;0;IC;;Przemysl Glowny;Rzepin
623633;47;62;ICE;ICE;DB Fernverkehr AG;695368;Salzburg Hbf;176697;Frankfurt(Main)Hbf;36000;56640;344;15;477.6;83.3;2.72;4;0123;0.933;0;ICE;;Salzburg;Frankfurt
624522;31;11;ICE;ICE;DB Fernverkehr AG;127712;Berlin Gesundbrunnen;9941;München Hbf;76680;113220;609;18;829.3;81.7;1.93;4;0356;1.0;1;ICE;;Berlin;München
624618;46;60;ICE;ICE;DB Fernverkehr AG;497089;Karlsruhe Hbf;9941;München Hbf;65100;75360;171;7;273.1;95.8;1.83;10;0123456;1.0;1;ICE;;Karlsruhe;München
626167;61;1;ICE;ICE;DB Fernverkehr AG;517455;Köln Hbf;99055;Nürnberg Hbf;71580;88920;289;11;379.2;78.7;2.37;3;056;1.0;1;ICE;;Köln;Nürnberg
626413;9;87;IC;IC;DB Fernverkehr AG;266187;Tuttlingen;391274;Konstanz;82800;85620;47;5;53.6;68.4;5.6;2;23;0.8;0;IC;;Tuttlingen;Konstanz
626814;33;42;ICE;ICE;DB Fernverkehr AG;668361;Stuttgart Hbf;428519;Hamburg Hbf;20940;44100;386;13;687.8;106.9;1.6;2;56;1.0;1;ICE;;Stuttgart;Hamburg
626884;5;50;ICE;ICE;DB Fernverkehr AG;38672;Frankfurt(M) Flughafen Fernbf;224643;Dresden Hbf;25320;42180;281;10;431.8;92.2;1.85;26;0123456;1.0;1;ICE;;Frankfurt;Dresden
627380;33;42;ICE;ICE;DB Fernverkehr AG;396514;Hamburg-Altona;9941;München Hbf;69960;108180;637;23;919.1;86.6;2.28;1;6;1.0;1;ICE;;Hamburg;München
627436;22;;IC;IC;SBB;556408;Schaffhausen;96724;Zürich HB;60420;62580;36;2;36.3;60.4;0.0;2;56;0.0;0;IC;;Schaffhausen;Zürich
627629;17;;ICE;ICE;Nederlandse Spoorwegen;65847;Hengelo;79866;Amsterdam Centraal;65340;71940;110;6;139.3;76.0;2.87;3;4;0.0;0;ICE;;Hengelo;Amsterdam
627811;77;10;ICE;ICE;DB Fernverkehr AG;691821;Düsseldorf Hbf;391201;Berlin Südkreuz;17340;33480;269;14;513.3;114.5;2.34;2;01;1.0;1;ICE;;Düsseldorf;Berlin
628307;84;77;ICE;ICE;DB Fernverkehr AG;65847;Hengelo;613345;Berlin Hbf;42720;56700;233;9;451.4;116.2;1.55;2;56;0.889;0;ICE;;Hengelo;Berlin
628494;48;;EC;IC;SBB;96724;Zürich HB;63619;St. Margrethen SG;55920;60540;77;5;91.3;71.2;3.29;3;034;0.0;0;IC;;Zürich;St. Margrethen SG
628555;77;10;ICE;ICE;DB Fernverkehr AG;613345;Berlin Hbf;484741;Mönchengladbach Hbf;56820;77100;338;12;526.1;93.4;1.9;1;0;1.0;1;ICE;;Berlin;Mönchengladbach
62884;26;55;IC;IC;DB Fernverkehr AG;224643;Dresden Hbf;640892;Dortmund Hbf;26520;48720;370;16;539.3;87.5;2.6;4;1234;1.0;1;IC;;Dresden;Dortmund
629019;77;10;ICE;ICE;DB Fernverkehr AG;391201;Berlin Südkreuz;691821;Düsseldorf Hbf;15480;33060;293;15;512.6;105.0;2.54;1;1;1.0;1;ICE;;Berlin;Düsseldorf
629326;23;12;ICE;ICE;DB Fernverkehr AG;464157;Basel SBB;613345;Berlin Hbf;65760;93540;463;14;848.8;110.0;1.41;1;3;0.857;0;ICE;;Basel;Berlin
629468;21;95;EC;IC;PKP Intercity;39653;Warszawa Wschodnia;42071;Rzepin;46140;61080;249;9;430.8;103.8;1.62;23;0123456;0.0;0;IC;;Warszawa;Rzepin
630371;88;;IC;IC;Dänische Staatsbahnen;310614;Flensburg;328829;Fredericia st;50700;55800;85;10;112.7;79.5;7.1;31;0123456;0.2;0;IC;;Flensburg;Fredericia st
63063;14;;EC;IC;ÖBB;167729;Lindau-Reutin;63619;St. Margrethen SG;82320;83340;17;3;15.5;54.9;;2;46;0.333;0;IC;;Lindau-Reutin;St. Margrethen SG
63075;53;47;ICE;ICE;DB Fernverkehr AG;640892;Dortmund Hbf;9941;München Hbf;24420;49200;413;11;607.0;88.2;1.48;5;0156;1.0;1;ICE;;Dortmund;München
63093;72;;ICE;ICE;SBB;464157;Basel SBB;583614;Chur;43620;51720;135;5;176.5;78.4;1.7;1;1;0.0;0;ICE;;Basel;Chur
631281;42;22;ICE;ICE;DB Fernverkehr AG;668361;Stuttgart Hbf;659783;Kiel Hbf;33780;56400;377;11;670.6;106.7;1.34;2;56;1.0;1;ICE;;Stuttgart;Kiel
631293;45;25;ICE;ICE;DB Fernverkehr AG;9941;München Hbf;9066;Hamburg-Harburg;61800;81840;334;9;692.0;124.3;1.01;6;123456;1.0;1;ICE;;München;Hamburg
631449;45;25;ICE;ICE;DB Fernverkehr AG;9941;München Hbf;157968;Rostock Hbf;47340;75120;463;13;857.5;111.1;1.28;1;0;1.0;1;ICE;;München;Rostock
63151;22;;IC;IC;SBB;556408;Schaffhausen;96724;Zürich HB;82020;84180;36;2;36.3;60.4;0.0;2;06;0.0;0;IC;;Schaffhausen;Zürich
631566;26;55;IC;IC;DB Fernverkehr AG;464794;Magdeburg Hbf;224643;Dresden Hbf;64860;74400;159;8;218.4;82.4;2.75;5;01236;1.0;1;IC;;Magdeburg;Dresden
631782;1;;IC;IC;PKP Intercity;380319;Wroclaw Glowny;262513;Horka(Gr);48600;53520;82;6;142.7;104.4;2.8;30;0123456;0.0;0;IC;;Wroclaw Glowny;Horka
632087;50;61;IC;IC;DB Fernverkehr AG;668361;Stuttgart Hbf;99055;Nürnberg Hbf;43680;51480;130;7;182.6;84.3;2.74;7;0123456;1.0;1;IC;;Stuttgart;Nürnberg
632223;42;22;ICE;ICE;DB Fernverkehr AG;428519;Hamburg Hbf;176697;Frankfurt(Main)Hbf;70140;83640;225;6;419.3;111.8;0.95;3;56;1.0;1;ICE-SPRINTER;SPR-1;Hamburg;Frankfurt
632306;77;10;ICE;ICE;DB Fernverkehr AG;391201;Berlin Südkreuz;640892;Dortmund Hbf;15480;29040;226;10;440.8;117.0;1.81;1;4;1.0;1;ICE;;Berlin;Dortmund
632667;54;82;ICE;ICE;SNCF;335130;Paris Est;180380;Saarbrücken Hbf;68760;75420;111;4;341.6;184.6;0.59;19;012346;0.5;0;ICE;;Paris;Saarbrücken
632776;22;;IC;IC;SBB;556408;Schaffhausen;96724;Zürich HB;46020;48180;36;2;36.3;60.4;0.0;3;56;0.0;0;IC;;Schaffhausen;Zürich
632810;91;79;ICE;ICE;DB Fernverkehr AG;257676;Bruxelles Midi;176697;Frankfurt(Main)Hbf;22980;34020;184;8;356.7;116.3;1.68;3;56;0.625;0;ICE;;Bruxelles;Frankfurt
632881;47;62;ICE;ICE;DB Fernverkehr AG;325703;Münster(Westf)Hbf;695368;Salzburg Hbf;25560;57540;533;20;772.5;87.0;2.33;4;0123;0.95;0;ICE;;Münster;Salzburg
632932;76;51;IC;IC;DB Fernverkehr AG;640892;Dortmund Hbf;416646;Erfurt Hbf;60120;74340;237;11;299.8;75.9;3.0;3;5;1.0;1;IC;;Dortmund;Erfurt
633545;33;42;ICE;ICE;DB Fernverkehr AG;9941;München Hbf;325703;Münster(Westf)Hbf;62880;86460;393;9;625.9;95.6;1.12;2;01;1.0;1;ICE;;München;Münster
633666;50;61;IC;IC;DB Fernverkehr AG;497089;Karlsruhe Hbf;99055;Nürnberg Hbf;39960;51480;192;8;238.6;74.6;2.51;10;0123456;1.0;1;IC;;Karlsruhe;Nürnberg
633805;47;62;ICE;ICE;DB Fernverkehr AG;9941;München Hbf;226858;Darmstadt Hbf;20580;33900;222;9;328.0;88.6;2.13;1;5;1.0;1;ICE;;München;Darmstadt
633888;67;33;ICE;ICE;DB Fernverkehr AG;552264;Ostseebad Binz;691821;Düsseldorf Hbf;40500;67800;455;15;617.5;81.4;2.11;2;56;1.0;1;ICE;;Ostseebad Binz;Düsseldorf
633919;31;11;ICE;ICE;DB Fernverkehr AG;9941;München Hbf;127712;Berlin Gesundbrunnen;81960;116040;568;17;808.2;85.4;1.86;1;1;1.0;1;ICE;;München;Berlin
633995;83;96;EC;IC;PKP Intercity;42071;Rzepin;401361;Przemysl Glowny;36660;67620;516;22;703.3;81.8;2.84;20;0123456;0.0;0;IC;;Rzepin;Przemysl Glowny
634172;26;55;IC;IC;DB Fernverkehr AG;517455;Köln Hbf;224643;Dresden Hbf;25860;52680;447;21;620.3;83.3;3.06;3;6;1.0;1;IC;;Köln;Dresden
634390;78;15;ICE;ICE;DB Fernverkehr AG;391201;Berlin Südkreuz;552264;Ostseebad Binz;38880;52140;221;7;243.9;66.2;2.05;3;056;1.0;1;ICE;;Berlin;Ostseebad Binz
634915;54;82;ICE;ICE;SNCF;180380;Saarbrücken Hbf;335130;Paris Est;75660;82320;111;4;341.6;184.6;0.59;1;6;0.5;0;ICE;;Saarbrücken;Paris
634968;48;;EC;IC;SBB;96724;Zürich HB;63619;St. Margrethen SG;63120;67800;78;5;91.3;70.2;3.29;1;0;0.0;0;IC;;Zürich;St. Margrethen SG
635006;87;41;ICE;ICE;DB Fernverkehr AG;9941;München Hbf;517455;Köln Hbf;71100;89160;301;11;502.3;100.1;1.79;1;4;1.0;1;ICE;;München;Köln
63542;53;47;ICE;ICE;DB Fernverkehr AG;267257;Essen Hbf;9941;München Hbf;63660;85800;369;11;576.1;93.7;1.56;1;3;1.0;1;ICE;;Essen;München
635764;36;43;ICE;ICE;DB Fernverkehr AG;396514;Hamburg-Altona;517455;Köln Hbf;73560;89100;259;11;379.1;87.8;2.37;2;12;1.0;1;ICE-SPRINTER;SPR-2;Hamburg;Köln
63585;5;50;ICE;ICE;DB Fernverkehr AG;38672;Frankfurt(M) Flughafen Fernbf;224643;Dresden Hbf;46920;64560;294;10;431.8;88.1;1.85;2;56;1.0;1;ICE;;Frankfurt;Dresden
635968;42;22;ICE;ICE;DB Fernverkehr AG;428519;Hamburg Hbf;93866;Hannover Hbf;77280;84060;113;2;132.0;70.1;0.0;1;5;1.0;1;ICE;;Hamburg;Hannover
636142;3;26;ICE;ICE;DB Fernverkehr AG;635340;Heidelberg Hbf;83956;Oldenburg(Oldb)Hbf;62280;83820;359;15;516.3;86.3;2.52;3;012;1.0;1;ICE;;Heidelberg;Oldenburg
636499;38;28;ICE;ICE;DB Fernverkehr AG;428519;Hamburg Hbf;9941;München Hbf;30720;54360;394;11;831.5;126.6;1.08;9;0123456;1.0;1;ICE;;Hamburg;München
636651;33;42;ICE;ICE;DB Fernverkehr AG;9941;München Hbf;396514;Hamburg-Altona;60;37620;626;24;932.5;89.4;2.36;1;3;1.0;1;ICE;;München;Hamburg
637200;3;26;ICE;ICE;DB Fernverkehr AG;635340;Heidelberg Hbf;477761;Bremen Hbf;47880;67500;327;13;474.5;87.1;2.32;5;01234;1.0;1;ICE;;Heidelberg;Bremen
637447;14;;EC;IC;ÖBB;63619;St. Margrethen SG;167729;Lindau-Reutin;24660;25680;17;3;15.5;54.9;;2;05;0.333;0;IC;;St. Margrethen SG;Lindau-Reutin
637628;68;91;ICE;ICE;DB Fernverkehr AG;99055;Nürnberg Hbf;640892;Dortmund Hbf;70320;92220;365;12;456.0;75.0;2.19;1;1;1.0;1;ICE;;Nürnberg;Dortmund
637823;87;41;ICE;ICE;DB Fernverkehr AG;95437;Köln Messe/Deutz;9941;München Hbf;42300;58380;268;8;497.0;111.3;1.21;1;6;1.0;1;ICE;;Köln;München
637946;42;22;ICE;ICE;DB Fernverkehr AG;668361;Stuttgart Hbf;428519;Hamburg Hbf;48120;66540;307;9;605.0;118.2;1.16;2;56;1.0;1;ICE;;Stuttgart;Hamburg
638080;68;91;ICE;ICE;DB Fernverkehr AG;640892;Dortmund Hbf;99055;Nürnberg Hbf;21720;45000;388;12;456.0;70.5;2.19;3;234;1.0;1;ICE;;Dortmund;Nürnberg
638596;1;;IC;IC;PKP Intercity;246292;Krakow Glowny;380319;Wroclaw Glowny;21420;31800;173;7;247.9;86.0;2.02;5;03456;0.0;0;IC;;Krakow Glowny;Wroclaw Glowny
638679;1;;IC;IC;PKP Intercity;380319;Wroclaw Glowny;262513;Horka(Gr);34200;39180;83;6;142.7;103.1;2.8;8;0123456;0.0;0;IC;;Wroclaw Glowny;Horka
638886;66;90;ICE;ICE;DB Fernverkehr AG;695368;Salzburg Hbf;9941;München Hbf;65040;71760;112;5;122.7;65.8;2.44;31;0123456;0.8;0;ICE;;Salzburg;München
638977;17;;ICE;ICE;Nederlandse Spoorwegen;79866;Amsterdam Centraal;65847;Hengelo;36000;42660;111;6;139.3;75.3;2.87;16;0123;0.0;0;ICE;;Amsterdam;Hengelo
640319;8;90;EC;IC;DB Fernverkehr AG;9941;München Hbf;552402;Simbach(Inn);66060;71280;87;3;110.0;75.9;0.91;10;56;1.0;1;IC;;München;Simbach
641302;42;22;ICE;ICE;DB Fernverkehr AG;428519;Hamburg Hbf;668361;Stuttgart Hbf;70140;89640;325;9;585.3;108.1;1.2;1;4;1.0;1;ICE;;Hamburg;Stuttgart
641493;44;17;IC;IC;DB Fernverkehr AG;157968;Rostock Hbf;227595;Chemnitz Hbf;51600;70260;311;10;428.9;82.8;1.87;3;056;1.0;1;IC;;Rostock;Chemnitz
641664;37;82;ICE;ICE;DB Fernverkehr AG;176697;Frankfurt(Main)Hbf;180380;Saarbrücken Hbf;67980;75540;126;4;182.3;86.8;1.1;21;01234;1.0;1;ICE;;Frankfurt;Saarbrücken
641731;40;78;ICE;ICE;DB Fernverkehr AG;176697;Frankfurt(Main)Hbf;575362;Arnhem Centraal;34440;44760;172;9;310.4;108.3;2.26;1;6;0.778;0;ICE;;Frankfurt;Arnhem Centraal
642031;45;25;ICE;ICE;DB Fernverkehr AG;157968;Rostock Hbf;9941;München Hbf;25440;53520;468;13;857.5;109.9;1.28;9;0123456;1.0;1;ICE;;Rostock;München
642070;62;13;ICE;ICE;DB Fernverkehr AG;38672;Frankfurt(M) Flughafen Fernbf;337692;Berlin-Charlottenburg;50940;66660;262;11;534.0;122.3;1.69;2;05;1.0;1;ICE-SPRINTER;SPR-5;Frankfurt;Berlin
642459;36;43;ICE;ICE;DB Fernverkehr AG;428519;Hamburg Hbf;464157;Basel SBB;16860;46080;487;16;816.0;100.5;1.72;9;0123456;0.875;0;ICE;;Hamburg;Basel
643187;22;;IC;IC;SBB;96724;Zürich HB;556408;Schaffhausen;63420;65580;36;2;36.3;60.4;0.0;21;01234;0.0;0;IC;;Zürich;Schaffhausen
64329;82;95;EC;IC;DB Fernverkehr AG;42071;Rzepin;327376;Berlin-Lichtenberg;31800;36900;85;4;92.9;65.6;2.15;1;3;0.75;0;IC;;Rzepin;Berlin
643799;2;56;IC;IC;DB Fernverkehr AG;161450;Emden Hbf;53188;Leipzig Hbf;15360;38160;380;16;469.6;74.1;2.98;1;5;1.0;1;IC;;Emden;Leipzig
643885;42;22;ICE;ICE;DB Fernverkehr AG;428519;Hamburg Hbf;176697;Frankfurt(Main)Hbf;70140;83640;225;6;419.3;111.8;0.95;6;0123;1.0;1;ICE-SPRINTER;SPR-1;Hamburg;Frankfurt
644321;82;95;EC;IC;DB Fernverkehr AG;127712;Berlin Gesundbrunnen;42071;Rzepin;35040;40020;83;5;101.3;73.2;2.96;4;2345;0.8;0;IC;;Berlin;Rzepin
644700;2;56;IC;IC;DB Fernverkehr AG;195950;Norddeich Mole;53188;Leipzig Hbf;56160;80100;399;22;501.5;75.4;3.99;22;0123456;1.0;1;IC;;Norddeich Mole;Leipzig
644989;42;22;ICE;ICE;DB Fernverkehr AG;668361;Stuttgart Hbf;428519;Hamburg Hbf;69720;91200;358;7;577.0;96.7;0.87;1;3;1.0;1;ICE;;Stuttgart;Hamburg
64504;22;;IC;IC;SBB;556408;Schaffhausen;96724;Zürich HB;35220;37380;36;2;36.3;60.4;0.0;31;0123456;0.0;0;IC;;Schaffhausen;Zürich
645094;10;20;ICE;ICE;DB Fernverkehr AG;331094;Hamburg Dammtor;497089;Karlsruhe Hbf;66060;84180;302;9;567.3;112.7;1.23;1;6;1.0;1;ICE;;Hamburg;Karlsruhe
645463;72;;ICE;ICE;SBB;464157;Basel SBB;228347;Brig;80880;90000;152;8;179.2;70.7;3.35;1;0;0.0;0;ICE;;Basel;Brig
645670;78;15;ICE;ICE;DB Fernverkehr AG;127712;Berlin Gesundbrunnen;176697;Frankfurt(Main)Hbf;39360;53760;240;6;434.4;108.6;0.92;2;6;1.0;1;ICE-SPRINTER;SPR-5;Berlin;Frankfurt
646211;26;55;IC;IC;DB Fernverkehr AG;176697;Frankfurt(Main)Hbf;517455;Köln Hbf;24180;32760;143;5;185.3;77.8;1.62;4;1234;1.0;1;IC;;Frankfurt;Köln
64624;1;;IC;IC;PKP Intercity;174196;Bohumin(Gr);39653;Warszawa Wschodnia;100440;116100;261;12;333.5;76.7;3.0;12;0123456;0.0;0;IC;;Bohumin;Warszawa
646351;57;19;ICE;ICE;DB Fernverkehr AG;517455;Köln Hbf;391201;Berlin Südkreuz;17100;32640;259;8;509.5;118.0;1.18;3;0;1.0;1;ICE-SPRINTER;SPR-3;Köln;Berlin
646509;5;50;ICE;ICE;DB Fernverkehr AG;87362;Wiesbaden Hbf;224643;Dresden Hbf;59160;78300;319;12;460.2;86.6;2.17;3;056;1.0;1;ICE;;Wiesbaden;Dresden
646732;57;19;ICE;ICE;DB Fernverkehr AG;517455;Köln Hbf;391201;Berlin Südkreuz;70020;90420;340;7;506.8;89.4;0.99;1;6;1.0;1;ICE;;Köln;Berlin
647126;91;79;ICE;ICE;DB Fernverkehr AG;176697;Frankfurt(Main)Hbf;257676;Bruxelles Midi;30780;41700;182;8;356.7;117.6;1.68;1;3;0.625;0;ICE;;Frankfurt;Bruxelles
647611;17;;ICE;ICE;Nederlandse Spoorwegen;575362;Arnhem Centraal;79866;Amsterdam Centraal;66480;70140;61;3;90.6;89.1;1.1;11;456;0.0;0;ICE;;Arnhem Centraal;Amsterdam
647661;72;;ICE;ICE;SBB;464157;Basel SBB;228347;Brig;39480;47580;135;8;179.2;79.6;3.35;1;2;0.0;0;ICE;;Basel;Brig
648317;63;14;ICE;ICE;DB Fernverkehr AG;22625;Aachen Hbf;337692;Berlin-Charlottenburg;25620;46020;340;19;573.8;101.3;2.96;4;1234;1.0;1;ICE;;Aachen;Berlin
649528;53;47;ICE;ICE;DB Fernverkehr AG;640892;Dortmund Hbf;9941;München Hbf;28380;49200;347;13;609.1;105.3;1.81;2;01;1.0;1;ICE;;Dortmund;München
650128;82;95;EC;IC;DB Fernverkehr AG;354957;Frankfurt(Oder);42071;Rzepin;80040;81540;25;3;19.2;46.1;;3;056;0.667;0;IC;;Frankfurt(Oder);Rzepin
650139;26;55;IC;IC;DB Fernverkehr AG;464794;Magdeburg Hbf;224643;Dresden Hbf;72060;81240;153;8;218.4;85.6;2.75;6;012356;1.0;1;IC;;Magdeburg;Dresden
650248;90;45;ICE;ICE;DB Fernverkehr AG;391274;Konstanz;517455;Köln Hbf;58680;78900;337;14;470.6;83.8;2.55;5;6;0.929;0;ICE;;Konstanz;Köln
65026;58;20;ECE;ICE;DB Fernverkehr AG;331094;Hamburg Dammtor;464157;Basel SBB;30060;55260;420;13;741.2;105.9;1.48;4;56;0.846;0;ICE;;Hamburg;Basel
650529;53;47;ICE;ICE;DB Fernverkehr AG;9941;München Hbf;517455;Köln Hbf;65940;81000;251;8;503.5;120.4;1.19;4;56;1.0;1;ICE;;München;Köln
650829;87;41;ICE;ICE;DB Fernverkehr AG;517455;Köln Hbf;9941;München Hbf;42300;58380;268;8;497.9;111.5;1.2;11;012345;1.0;1;ICE;;Köln;München
65108;77;10;ICE;ICE;DB Fernverkehr AG;391201;Berlin Südkreuz;517455;Köln Hbf;85320;109560;404;17;554.2;82.3;2.71;1;4;1.0;1;ICE;;Berlin;Köln
651280;72;;ICE;ICE;SBB;480653;Interlaken Ost;464157;Basel SBB;39540;46800;121;8;138.9;68.9;4.32;3;123;0.0;0;ICE;;Interlaken Ost;Basel
651407;33;42;ICE;ICE;DB Fernverkehr AG;428519;Hamburg Hbf;9941;München Hbf;42300;73920;527;17;883.4;100.6;1.7;4;0156;1.0;1;ICE;;Hamburg;München
651524;17;;ICE;ICE;Nederlandse Spoorwegen;65847;Hengelo;24890;Utrecht Centraal;50940;56640;95;5;117.6;74.3;2.55;2;56;0.0;0;ICE;;Hengelo;Utrecht Centraal
652108;90;45;ICE;ICE;DB Fernverkehr AG;517455;Köln Hbf;176697;Frankfurt(Main)Hbf;63060;70920;131;7;178.8;81.9;2.8;15;01234;1.0;1;ICE;;Köln;Frankfurt
653293;38;28;ICE;ICE;DB Fernverkehr AG;9941;München Hbf;53188;Leipzig Hbf;74940;86640;195;6;423.7;130.4;0.94;1;4;1.0;1;ICE;;München;Leipzig
653751;48;;EC;IC;SBB;96724;Zürich HB;63619;St. Margrethen SG;63120;67800;78;5;91.3;70.2;3.29;23;0123456;0.0;0;IC;;Zürich;St. Margrethen SG
653863;40;78;ICE;ICE;DB Fernverkehr AG;176697;Frankfurt(Main)Hbf;575362;Arnhem Centraal;56040;66360;172;9;310.4;108.3;2.26;3;6;0.778;0;ICE;;Frankfurt;Arnhem Centraal
654619;87;41;ICE;ICE;DB Fernverkehr AG;691821;Düsseldorf Hbf;9941;München Hbf;55200;72780;293;9;530.5;108.6;1.32;13;0123456;1.0;1;ICE;;Düsseldorf;München
654663;61;1;ICE;ICE;DB Fernverkehr AG;99055;Nürnberg Hbf;396514;Hamburg-Altona;19680;50580;515;14;749.1;87.3;1.6;11;0123456;1.0;1;ICE;;Nürnberg;Hamburg
655593;53;47;ICE;ICE;DB Fernverkehr AG;9941;München Hbf;273099;Siegburg/Bonn;65940;80280;239;8;479.7;120.4;1.25;1;4;1.0;1;ICE;;München;Siegburg/Bonn
655967;45;25;ICE;ICE;DB Fernverkehr AG;331094;Hamburg Dammtor;9941;München Hbf;60780;82200;357;12;704.6;118.4;1.42;1;0;1.0;1;ICE;;Hamburg;München
656813;68;91;ICE;ICE;DB Fernverkehr AG;99055;Nürnberg Hbf;640892;Dortmund Hbf;63120;84600;358;11;443.9;74.4;2.03;1;5;1.0;1;ICE;;Nürnberg;Dortmund
657189;93;96;EC;IC;DB Fernverkehr AG;354957;Frankfurt(Oder);42071;Rzepin;49800;50940;19;3;19.2;60.7;;3;056;0.667;0;IC;;Frankfurt(Oder);Rzepin
65805;58;20;ECE;ICE;DB Fernverkehr AG;428519;Hamburg Hbf;464157;Basel SBB;30540;55260;412;12;739.7;107.7;1.35;2;56;0.833;0;ICE;;Hamburg;Basel
658224;47;62;ICE;ICE;DB Fernverkehr AG;9941;München Hbf;180380;Saarbrücken Hbf;63960;80160;270;10;407.1;90.5;1.97;2;56;1.0;1;ICE;;München;Saarbrücken
65852;42;22;ICE;ICE;DB Fernverkehr AG;668361;Stuttgart Hbf;428519;Hamburg Hbf;55320;73740;307;8;583.2;114.0;1.03;2;56;1.0;1;ICE;;Stuttgart;Hamburg
659401;9;87;IC;IC;DB Fernverkehr AG;679686;Singen(Hohentwiel);556408;Schaffhausen;59520;60300;13;2;17.0;78.4;;2;56;0.5;0;IC;;Singen;Schaffhausen
659506;33;42;ICE;ICE;DB Fernverkehr AG;9941;München Hbf;273099;Siegburg/Bonn;70080;86040;266;8;480.0;108.3;1.25;1;4;1.0;1;ICE;;München;Siegburg/Bonn
659531;87;41;ICE;ICE;DB Fernverkehr AG;9941;München Hbf;541903;Köln/Bonn Flughafen;67440;84300;281;10;486.9;104.0;1.64;2;34;1.0;1;ICE;;München;Köln
659740;3;26;ICE;ICE;DB Fernverkehr AG;477761;Bremen Hbf;93866;Hannover Hbf;33300;36840;59;2;100.4;102.1;0.0;17;0123456;1.0;1;ICE;;Bremen;Hannover
660970;26;55;IC;IC;DB Fernverkehr AG;517455;Köln Hbf;497089;Karlsruhe Hbf;46380;58500;202;9;270.7;80.4;2.59;1;5;1.0;1;IC;;Köln;Karlsruhe
661095;10;20;ICE;ICE;DB Fernverkehr AG;331094;Hamburg Dammtor;464157;Basel SBB;51660;76860;420;13;741.5;105.9;1.48;6;012;0.846;0;ICE;;Hamburg;Basel
661166;94;88;ECE;ICE;DB Fernverkehr AG;9941;München Hbf;167729;Lindau-Reutin;23760;31800;134;4;163.5;73.2;1.22;11;01234;1.0;1;ICE;;München;Lindau-Reutin
661218;45;25;ICE;ICE;DB Fernverkehr AG;331094;Hamburg Dammtor;9941;München Hbf;17580;38940;356;11;704.1;118.7;1.28;16;01234;1.0;1;ICE;;Hamburg;München
661468;78;15;ICE;ICE;DB Fernverkehr AG;176697;Frankfurt(Main)Hbf;552264;Ostseebad Binz;32520;60060;459;15;698.1;91.3;1.86;3;036;1.0;1;ICE;;Frankfurt;Ostseebad Binz
66162;45;25;ICE;ICE;DB Fernverkehr AG;9941;München Hbf;428519;Hamburg Hbf;80340;111420;518;11;720.8;83.5;1.25;1;4;1.0;1;ICE;;München;Hamburg
661727;46;60;ICE;ICE;DB Fernverkehr AG;180380;Saarbrücken Hbf;9941;München Hbf;30420;46140;262;11;405.5;92.9;2.22;2;56;1.0;1;ICE;;Saarbrücken;München
661740;40;78;ICE;ICE;DB Fernverkehr AG;176697;Frankfurt(Main)Hbf;575362;Arnhem Centraal;67140;80760;227;9;310.7;82.1;2.25;2;06;0.778;0;ICE;;Frankfurt;Arnhem Centraal
663004;44;17;IC;IC;DB Fernverkehr AG;157968;Rostock Hbf;224643;Dresden Hbf;22800;37680;248;9;368.9;89.3;1.9;28;0123456;1.0;1;IC;;Rostock;Dresden
663026;18;;ICE;ICE;ÖBB;338037;Graz Hbf;695368;Salzburg Hbf;28980;42780;230;14;305.4;79.7;3.93;4;0123;0.0;0;ICE;;Graz;Salzburg
663430;47;62;ICE;ICE;DB Fernverkehr AG;695368;Salzburg Hbf;325703;Münster(Westf)Hbf;43200;74760;526;21;773.0;88.2;2.46;2;04;0.952;0;ICE;;Salzburg;Münster
663524;91;79;ICE;ICE;DB Fernverkehr AG;257676;Bruxelles Midi;176697;Frankfurt(Main)Hbf;73500;88560;251;8;357.0;85.3;1.68;1;5;0.625;0;ICE;;Bruxelles;Frankfurt
663637;17;;ICE;ICE;Nederlandse Spoorwegen;65847;Hengelo;79866;Amsterdam Centraal;29340;35940;110;6;139.3;76.0;2.87;2;56;0.0;0;ICE;;Hengelo;Amsterdam
663789;36;43;ICE;ICE;DB Fernverkehr AG;396514;Hamburg-Altona;464157;Basel SBB;23160;53280;502;17;821.2;98.2;1.83;5;01234;0.882;0;ICE;;Hamburg;Basel
66403;26;55;IC;IC;DB Fernverkehr AG;497089;Karlsruhe Hbf;517455;Köln Hbf;28380;39960;193;7;268.6;83.5;1.86;8;0123456;1.0;1;IC;;Karlsruhe;Köln
664387;45;25;ICE;ICE;DB Fernverkehr AG;93866;Hannover Hbf;9941;München Hbf;66420;83400;283;7;537.0;113.8;0.93;1;4;1.0;1;ICE;;Hannover;München
664614;68;91;ICE;ICE;DB Fernverkehr AG;640892;Dortmund Hbf;99055;Nürnberg Hbf;15720;37800;368;15;471.4;76.9;2.76;2;56;1.0;1;ICE;;Dortmund;Nürnberg
664796;47;62;ICE;ICE;DB Fernverkehr AG;180380;Saarbrücken Hbf;355878;Garmisch-Partenkirchen;20160;43500;389;16;493.4;76.1;2.84;1;5;1.0;1;ICE;;Saarbrücken;Garmisch-Partenkirchen
664807;52;;EN;SONSTIGE;ÖBB;653775;Praha hl.n.;26993;Decin hl.n.;66660;71880;87;4;87.0;60.0;2.3;19;0123456;0.0;0;SONSTIGE;;Praha;Decin hl.n.
665003;5;50;ICE;ICE;DB Fernverkehr AG;38672;Frankfurt(M) Flughafen Fernbf;224643;Dresden Hbf;61320;79680;306;11;436.8;85.7;2.06;2;56;1.0;1;ICE;;Frankfurt;Dresden
665030;33;42;ICE;ICE;DB Fernverkehr AG;396514;Hamburg-Altona;9941;München Hbf;69960;108180;637;24;932.5;87.8;2.36;1;3;1.0;1;ICE;;Hamburg;München
665309;31;11;ICE;ICE;DB Fernverkehr AG;613345;Berlin Hbf;9941;München Hbf;26820;54840;467;14;814.7;104.7;1.47;17;0123456;1.0;1;ICE;;Berlin;München
665576;94;88;ECE;ICE;DB Fernverkehr AG;167729;Lindau-Reutin;9941;München Hbf;69000;77280;138;4;163.5;71.1;1.22;2;56;1.0;1;ICE;;Lindau-Reutin;München
665817;23;12;ICE;ICE;DB Fernverkehr AG;464157;Basel SBB;391201;Berlin Südkreuz;51360;78420;451;17;835.0;111.1;1.8;1;0;0.882;0;ICE;;Basel;Berlin
66640;9;87;IC;IC;DB Fernverkehr AG;668361;Stuttgart Hbf;348071;Horb;76560;79560;50;5;53.6;64.4;5.59;1;0;1.0;1;IC;;Stuttgart;Horb
66657;85;;RJ;SONSTIGE;ZSSK;269485;Sturovo;26993;Decin hl.n.;30960;57480;442;12;540.2;73.3;1.85;26;123456;0.0;0;SONSTIGE;;Sturovo;Decin hl.n.
667499;6;;RJ;SONSTIGE;ÖBB;135333;Wien Hbf;57233;Breclav;47400;50640;54;3;73.9;82.1;1.35;13;136;0.0;0;SONSTIGE;;Wien;Breclav
667900;14;;EC;IC;ÖBB;63619;St. Margrethen SG;167729;Lindau-Reutin;75060;76080;17;3;15.5;54.9;;5;03456;0.333;0;IC;;St. Margrethen SG;Lindau-Reutin
667961;2;56;IC;IC;DB Fernverkehr AG;464794;Magdeburg Hbf;195950;Norddeich Mole;32520;51600;318;19;391.0;73.8;4.35;2;06;1.0;1;IC;;Magdeburg;Norddeich Mole
668026;87;41;ICE;ICE;DB Fernverkehr AG;9941;München Hbf;691821;Düsseldorf Hbf;35160;52560;290;9;533.0;110.3;1.31;4;56;1.0;1;ICE;;München;Düsseldorf
668034;31;11;ICE;ICE;DB Fernverkehr AG;9941;München Hbf;613345;Berlin Hbf;60300;88860;476;14;801.4;101.0;1.5;1;5;1.0;1;ICE;;München;Berlin
66825;45;25;ICE;ICE;DB Fernverkehr AG;9066;Hamburg-Harburg;9941;München Hbf;51180;71400;337;10;692.6;123.3;1.16;4;56;1.0;1;ICE;;Hamburg;München
668738;48;;EC;IC;SBB;63619;St. Margrethen SG;96724;Zürich HB;76200;80880;78;5;91.3;70.2;3.29;4;0156;0.0;0;IC;;St. Margrethen SG;Zürich
668829;87;41;ICE;ICE;DB Fernverkehr AG;9941;München Hbf;640892;Dortmund Hbf;63960;91320;456;8;564.5;74.3;1.06;1;5;1.0;1;ICE;;München;Dortmund
669143;31;11;ICE;ICE;DB Fernverkehr AG;9941;München Hbf;428519;Hamburg Hbf;24120;60240;602;17;1077.6;107.4;1.39;3;056;1.0;1;ICE;;München;Hamburg
669376;36;43;ICE;ICE;DB Fernverkehr AG;598255;Offenburg;640892;Dortmund Hbf;73440;88800;256;14;442.9;103.8;2.71;1;6;1.0;1;ICE;;Offenburg;Dortmund
669603;68;91;ICE;ICE;DB Fernverkehr AG;640892;Dortmund Hbf;99055;Nürnberg Hbf;21720;45000;388;10;443.7;68.6;1.8;4;0123;1.0;1;ICE;;Dortmund;Nürnberg
669914;53;47;ICE;ICE;DB Fernverkehr AG;267257;Essen Hbf;9941;München Hbf;53460;78000;409;11;576.1;84.5;1.56;14;0123456;1.0;1;ICE;;Essen;München
670958;23;12;ICE;ICE;DB Fernverkehr AG;613345;Berlin Hbf;464157;Basel SBB;59400;85740;439;17;829.6;113.4;1.81;4;0123;0.882;0;ICE;;Berlin;Basel
671019;50;61;IC;IC;DB Fernverkehr AG;99055;Nürnberg Hbf;497089;Karlsruhe Hbf;56460;67980;192;11;252.2;78.8;3.57;8;0123456;1.0;1;IC;;Nürnberg;Karlsruhe
671234;68;91;ICE;ICE;DB Fernverkehr AG;622042;Oberhausen Hbf;99055;Nürnberg Hbf;61380;80040;311;11;417.5;80.5;2.16;1;6;1.0;1;ICE;;Oberhausen;Nürnberg
67129;4;3;ICE;ICE;DB Fernverkehr AG;176697;Frankfurt(Main)Hbf;391201;Berlin Südkreuz;57720;72540;247;4;432.0;104.9;0.46;1;0;1.0;1;ICE-SPRINTER;SPR-5;Frankfurt;Berlin
671391;4;3;ICE;ICE;DB Fernverkehr AG;391201;Berlin Südkreuz;667068;Frankfurt(M) Flughafen Regionalbf;57000;73080;268;5;441.0;98.7;0.68;3;056;1.0;1;ICE-SPRINTER;SPR-5;Berlin;Frankfurt
671511;11;27;ICE;ICE;DB Fernverkehr AG;224643;Dresden Hbf;127712;Berlin Gesundbrunnen;75180;82140;116;5;170.2;88.1;1.76;2;02;1.0;1;ICE;;Dresden;Berlin
671667;50;61;IC;IC;DB Fernverkehr AG;497089;Karlsruhe Hbf;90261;Regensburg Hbf;68760;86520;296;12;340.4;69.0;2.94;1;0;1.0;1;IC;;Karlsruhe;Regensburg
672263;61;1;ICE;ICE;DB Fernverkehr AG;691821;Düsseldorf Hbf;157968;Rostock Hbf;59280;79080;330;9;515.5;93.7;1.36;7;012346;1.0;1;ICE;;Düsseldorf;Rostock
67233;72;;ICE;ICE;SBB;480653;Interlaken Ost;464157;Basel SBB;21540;28800;121;8;138.9;68.9;4.32;23;0123456;0.0;0;ICE;;Interlaken Ost;Basel
672569;36;43;ICE;ICE;DB Fernverkehr AG;428519;Hamburg Hbf;517455;Köln Hbf;67500;82080;243;8;373.8;92.3;1.6;2;46;1.0;1;ICE-SPRINTER;SPR-2;Hamburg;Köln
672623;31;11;ICE;ICE;DB Fernverkehr AG;9941;München Hbf;428519;Hamburg Hbf;24120;60240;602;17;1076.3;107.3;1.39;2;56;1.0;1;ICE;;München;Hamburg
672882;17;;ICE;ICE;Nederlandse Spoorwegen;79866;Amsterdam Centraal;575362;Arnhem Centraal;45180;48720;59;3;90.6;92.2;1.1;2;56;0.0;0;ICE;;Amsterdam;Arnhem Centraal
673564;14;;EC;IC;ÖBB;167729;Lindau-Reutin;63619;St. Margrethen SG;60720;61740;17;3;15.5;54.9;;4;0156;0.333;0;IC;;Lindau-Reutin;St. Margrethen SG
673576;68;91;ICE;ICE;DB Fernverkehr AG;176697;Frankfurt(Main)Hbf;640892;Dortmund Hbf;78120;92580;241;6;259.8;64.7;1.54;1;5;1.0;1;ICE;;Frankfurt;Dortmund
674158;5;50;ICE;ICE;DB Fernverkehr AG;53188;Leipzig Hbf;87362;Wiesbaden Hbf;19680;34320;244;9;352.7;86.7;1.98;1;0;1.0;1;ICE;;Leipzig;Wiesbaden
676221;45;25;ICE;ICE;DB Fernverkehr AG;9941;München Hbf;9066;Hamburg-Harburg;50760;71040;338;10;692.6;123.0;1.16;3;056;1.0;1;ICE;;München;Hamburg
676947;33;42;ICE;ICE;DB Fernverkehr AG;9941;München Hbf;517455;Köln Hbf;70080;87000;282;9;503.9;107.2;1.39;12;012346;1.0;1;ICE;;München;Köln
677446;78;15;ICE;ICE;DB Fernverkehr AG;552264;Ostseebad Binz;176697;Frankfurt(Main)Hbf;33300;60960;461;10;669.8;87.2;1.19;6;012345;1.0;1;ICE;;Ostseebad Binz;Frankfurt
678430;4;3;ICE;ICE;DB Fernverkehr AG;667068;Frankfurt(M) Flughafen Regionalbf;391201;Berlin Südkreuz;27660;43740;268;5;441.0;98.7;0.68;9;01234;1.0;1;ICE-SPRINTER;SPR-5;Frankfurt;Berlin
678491;63;14;ICE;ICE;DB Fernverkehr AG;337692;Berlin-Charlottenburg;517455;Köln Hbf;54960;76740;363;14;562.3;92.9;2.13;14;0123456;1.0;1;ICE;;Berlin;Köln
678503;37;82;ICE;ICE;DB Fernverkehr AG;176697;Frankfurt(Main)Hbf;127712;Berlin Gesundbrunnen;54120;68580;241;6;434.4;108.2;0.92;3;056;1.0;1;ICE-SPRINTER;SPR-5;Frankfurt;Berlin
678541;26;55;IC;IC;DB Fernverkehr AG;224643;Dresden Hbf;437604;Solingen Hbf;55320;81600;438;19;595.8;81.6;2.85;1;4;1.0;1;IC;;Dresden;Solingen
679015;78;15;ICE;ICE;DB Fernverkehr AG;552264;Ostseebad Binz;226858;Darmstadt Hbf;55440;84000;476;11;695.9;87.7;1.29;6;012345;1.0;1;ICE;;Ostseebad Binz;Darmstadt
679046;36;43;ICE;ICE;DB Fernverkehr AG;464157;Basel SBB;640892;Dortmund Hbf;69360;90000;344;16;549.0;95.8;2.55;1;6;0.875;0;ICE;;Basel;Dortmund
679758;45;25;ICE;ICE;DB Fernverkehr AG;331094;Hamburg Dammtor;99055;Nürnberg Hbf;67980;85380;290;10;554.9;114.8;1.44;1;0;1.0;1;ICE;;Hamburg;Nürnberg
679872;18;;ICE;ICE;ÖBB;695368;Salzburg Hbf;338037;Graz Hbf;50820;64860;234;14;299.4;76.8;4.01;2;56;0.0;0;ICE;;Salzburg;Graz
68038;75;;ECE;ICE;Dänische Staatsbahnen;368193;Padborg st;274287;Koebenhavn H;75780;87060;188;5;276.4;88.2;1.09;1;3;0.0;0;ICE;;Padborg st;København
680446;32;18;ICE;ICE;DB Fernverkehr AG;613345;Berlin Hbf;396514;Hamburg-Altona;43680;51840;136;6;267.7;118.1;1.49;22;0123456;1.0;1;ICE;;Berlin;Hamburg
680480;14;;EC;IC;ÖBB;167729;Lindau-Reutin;63619;St. Margrethen SG;75120;76140;17;3;15.5;54.9;;4;0456;0.333;0;IC;;Lindau-Reutin;St. Margrethen SG
680716;26;55;IC;IC;DB Fernverkehr AG;224643;Dresden Hbf;464794;Magdeburg Hbf;69720;79020;155;8;218.4;84.5;2.75;5;01236;1.0;1;IC;;Dresden;Magdeburg
680888;2;56;IC;IC;DB Fernverkehr AG;477761;Bremen Hbf;53188;Leipzig Hbf;22140;36900;246;10;352.6;86.0;2.27;4;6;1.0;1;IC;;Bremen;Leipzig
681198;46;60;ICE;ICE;DB Fernverkehr AG;497089;Karlsruhe Hbf;9941;München Hbf;50700;60540;164;8;273.1;99.9;2.2;8;0123456;1.0;1;ICE;;Karlsruhe;München
682151;36;43;ICE;ICE;DB Fernverkehr AG;428519;Hamburg Hbf;691821;Düsseldorf Hbf;74700;87840;219;9;359.1;98.4;1.95;1;5;1.0;1;ICE-SPRINTER;SPR-2;Hamburg;Düsseldorf
68228;77;10;ICE;ICE;DB Fernverkehr AG;517455;Köln Hbf;391201;Berlin Südkreuz;33960;51600;294;13;541.3;110.5;2.03;17;0123456;1.0;1;ICE;;Köln;Berlin
682424;77;10;ICE;ICE;DB Fernverkehr AG;93866;Hannover Hbf;391201;Berlin Südkreuz;21000;27900;115;5;252.0;131.5;1.19;4;1234;1.0;1;ICE;;Hannover;Berlin
682983;48;;EC;IC;SBB;63619;St. Margrethen SG;96724;Zürich HB;76200;80880;78;5;91.3;70.2;3.29;4;0456;0.0;0;IC;;St. Margrethen SG;Zürich
683971;9;87;IC;IC;DB Fernverkehr AG;556408;Schaffhausen;266187;Tuttlingen;47760;50280;42;3;41.8;59.8;2.39;3;234;0.667;0;IC;;Schaffhausen;Tuttlingen
684813;47;62;ICE;ICE;DB Fernverkehr AG;668361;Stuttgart Hbf;176697;Frankfurt(Main)Hbf;60840;68160;122;7;159.1;78.2;3.14;6;01234;1.0;1;ICE;;Stuttgart;Frankfurt
684861;60;;IC;IC;DB Fernverkehr (Codesharing);464157;Basel SBB;96724;Zürich HB;117480;122040;76;2;73.9;58.3;0.0;2;5;0.0;0;IC;;Basel;Zürich
685418;58;20;ECE;ICE;DB Fernverkehr AG;331094;Hamburg Dammtor;464157;Basel SBB;58860;83400;409;13;741.5;108.8;1.48;5;0123;0.846;0;ICE;;Hamburg;Basel
685451;62;13;ICE;ICE;DB Fernverkehr AG;337692;Berlin-Charlottenburg;497089;Karlsruhe Hbf;26760;47820;351;16;653.1;111.6;2.14;12;0123456;1.0;1;ICE;;Berlin;Karlsruhe
685863;82;95;EC;IC;DB Fernverkehr AG;327376;Berlin-Lichtenberg;42071;Rzepin;50220;54420;70;4;92.9;79.7;2.15;1;2;0.75;0;IC;;Berlin;Rzepin
686182;22;;IC;IC;SBB;96724;Zürich HB;556408;Schaffhausen;67020;69180;36;2;36.3;60.4;0.0;3;234;0.0;0;IC;;Zürich;Schaffhausen
686278;1;;IC;IC;PKP Intercity;174196;Bohumin(Gr);401361;Przemysl Glowny;100920;123120;370;26;412.0;66.8;5.83;9;0123456;0.0;0;IC;;Bohumin;Przemysl Glowny
686307;45;25;ICE;ICE;DB Fernverkehr AG;9066;Hamburg-Harburg;99055;Nürnberg Hbf;58380;73500;252;8;542.8;129.2;1.11;2;56;1.0;1;ICE;;Hamburg;Nürnberg
686632;36;43;ICE;ICE;DB Fernverkehr AG;428519;Hamburg Hbf;517455;Köln Hbf;67500;82080;243;8;373.8;92.3;1.6;3;56;1.0;1;ICE-SPRINTER;SPR-2;Hamburg;Köln
686686;47;62;ICE;ICE;DB Fernverkehr AG;309229;Friedrichshafen Stadt;640892;Dortmund Hbf;45300;70440;419;15;579.0;82.9;2.25;8;0123456;1.0;1;ICE;;Friedrichshafen Stadt;Dortmund
686992;68;91;ICE;ICE;DB Fernverkehr AG;565099;Kufstein;396514;Hamburg-Altona;32880;66240;556;18;952.8;102.8;1.68;17;0123456;0.944;0;ICE;;Kufstein;Hamburg
6876;22;;IC;IC;SBB;556408;Schaffhausen;96724;Zürich HB;46020;48180;36;2;36.3;60.4;0.0;18;01234;0.0;0;IC;;Schaffhausen;Zürich
687843;77;10;ICE;ICE;DB Fernverkehr AG;517455;Köln Hbf;391201;Berlin Südkreuz;23100;40680;293;13;545.8;111.8;2.02;11;01234;1.0;1;ICE;;Köln;Berlin
688222;79;4;ICE;ICE;DB Fernverkehr AG;428519;Hamburg Hbf;667068;Frankfurt(M) Flughafen Regionalbf;51780;65940;236;4;404.3;102.8;0.49;1;0;1.0;1;ICE-SPRINTER;SPR-1;Hamburg;Frankfurt
688242;5;50;ICE;ICE;DB Fernverkehr AG;87362;Wiesbaden Hbf;224643;Dresden Hbf;51960;71100;319;12;460.2;86.6;2.17;3;056;1.0;1;ICE;;Wiesbaden;Dresden
688289;79;4;ICE;ICE;DB Fernverkehr AG;396514;Hamburg-Altona;667068;Frankfurt(M) Flughafen Regionalbf;64920;80280;256;6;409.5;96.0;0.98;5;01234;1.0;1;ICE-SPRINTER;SPR-1;Hamburg;Frankfurt
688487;94;88;ECE;ICE;DB Fernverkehr AG;167729;Lindau-Reutin;9941;München Hbf;47400;54960;126;4;163.5;77.9;1.22;8;01256;1.0;1;ICE;;Lindau-Reutin;München
688950;50;61;IC;IC;DB Fernverkehr AG;99055;Nürnberg Hbf;668361;Stuttgart Hbf;78060;86040;133;4;169.0;76.2;1.18;1;4;1.0;1;IC;;Nürnberg;Stuttgart
689166;32;18;ICE;ICE;DB Fernverkehr AG;396514;Hamburg-Altona;613345;Berlin Hbf;48960;57060;135;6;267.7;119.0;1.49;22;0123456;1.0;1;ICE;;Hamburg;Berlin
68934;36;43;ICE;ICE;DB Fernverkehr AG;464157;Basel SBB;640892;Dortmund Hbf;69360;93960;410;9;514.9;75.4;1.36;1;2;0.778;0;ICE;;Basel;Dortmund
689736;68;91;ICE;ICE;DB Fernverkehr AG;640892;Dortmund Hbf;99055;Nürnberg Hbf;16500;39180;378;12;456.0;72.4;2.19;2;56;1.0;1;ICE;;Dortmund;Nürnberg
690125;94;88;ECE;ICE;DB Fernverkehr AG;167729;Lindau-Reutin;9941;München Hbf;47400;54960;126;4;163.5;77.9;1.22;5;01234;1.0;1;ICE;;Lindau-Reutin;München
690683;46;60;ICE;ICE;DB Fernverkehr AG;497089;Karlsruhe Hbf;9941;München Hbf;29100;38940;164;6;272.6;99.7;1.47;1;6;1.0;1;ICE;;Karlsruhe;München
690960;36;43;ICE;ICE;DB Fernverkehr AG;396514;Hamburg-Altona;517455;Köln Hbf;73560;90120;276;13;397.0;86.3;2.77;3;012;1.0;1;ICE-SPRINTER;SPR-2;Hamburg;Köln
691005;72;;ICE;ICE;SBB;96724;Zürich HB;464157;Basel SBB;68340;71520;53;2;73.9;83.7;0.0;3;6;0.0;0;ICE;;Zürich;Basel
691315;92;83;ICE;ICE;DB Fernverkehr AG;412384;Strasbourg;668361;Stuttgart Hbf;45840;51240;90;4;130.7;87.1;1.53;6;01234;0.5;0;ICE;;Strasbourg;Stuttgart
69137;9;87;IC;IC;DB Fernverkehr AG;668361;Stuttgart Hbf;391274;Konstanz;52020;60420;140;8;160.0;68.6;3.75;6;01234;0.875;0;IC;;Stuttgart;Konstanz
691405;17;;ICE;ICE;Nederlandse Spoorwegen;65847;Hengelo;79866;Amsterdam Centraal;50940;57540;110;6;139.3;76.0;2.87;16;0123;0.0;0;ICE;;Hengelo;Amsterdam
691428;87;41;ICE;ICE;DB Fernverkehr AG;9941;München Hbf;176697;Frankfurt(Main)Hbf;74700;87180;208;6;338.7;97.7;1.18;1;0;1.0;1;ICE;;München;Frankfurt
691517;42;22;ICE;ICE;DB Fernverkehr AG;668361;Stuttgart Hbf;659783;Kiel Hbf;33780;56400;377;11;670.6;106.7;1.34;6;01234;1.0;1;ICE;;Stuttgart;Kiel
691766;87;41;ICE;ICE;DB Fernverkehr AG;517455;Köln Hbf;9941;München Hbf;16080;33180;285;10;502.2;105.7;1.59;6;56;1.0;1;ICE;;Köln;München
691830;79;4;ICE;ICE;DB Fernverkehr AG;176697;Frankfurt(Main)Hbf;396514;Hamburg-Altona;50520;64500;233;5;400.5;103.1;0.75;5;01234;1.0;1;ICE-SPRINTER;SPR-1;Frankfurt;Hamburg
691921;68;91;ICE;ICE;DB Fernverkehr AG;99055;Nürnberg Hbf;622042;Oberhausen Hbf;34260;52500;304;10;415.8;82.1;1.92;1;5;1.0;1;ICE;;Nürnberg;Oberhausen
692301;53;47;ICE;ICE;DB Fernverkehr AG;9941;München Hbf;640892;Dortmund Hbf;37140;57000;331;12;608.2;110.2;1.64;5;01234;1.0;1;ICE;;München;Dortmund
692825;82;95;EC;IC;DB Fernverkehr AG;42071;Rzepin;127712;Berlin Gesundbrunnen;67800;73500;95;5;101.3;64.0;2.96;21;0123456;0.8;0;IC;;Rzepin;Berlin
692839;76;51;IC;IC;DB Fernverkehr AG;197934;Gera Hbf;691821;Düsseldorf Hbf;43440;65520;368;22;450.6;73.5;4.44;14;0123456;1.0;1;IC;;Gera;Düsseldorf
692865;31;11;ICE;ICE;DB Fernverkehr AG;127712;Berlin Gesundbrunnen;9941;München Hbf;40140;69120;483;15;816.4;101.4;1.59;2;56;1.0;1;ICE;;Berlin;München
692951;38;28;ICE;ICE;DB Fernverkehr AG;99055;Nürnberg Hbf;396514;Hamburg-Altona;20220;42000;363;13;687.6;113.6;1.6;19;012345;1.0;1;ICE;;Nürnberg;Hamburg
693396;40;78;ICE;ICE;DB Fernverkehr AG;575362;Arnhem Centraal;176697;Frankfurt(Main)Hbf;63240;76140;215;9;309.8;86.4;2.26;2;45;0.778;0;ICE;;Arnhem Centraal;Frankfurt
694399;84;77;ICE;ICE;DB Fernverkehr AG;391201;Berlin Südkreuz;65847;Hengelo;39900;58020;302;8;453.9;90.2;1.32;1;0;0.875;0;ICE;;Berlin;Hengelo
694747;9;87;IC;IC;DB Fernverkehr AG;556408;Schaffhausen;668361;Stuttgart Hbf;65760;74580;147;13;153.9;62.8;7.15;4;56;0.923;0;IC;;Schaffhausen;Stuttgart
695060;88;;IC;IC;Dänische Staatsbahnen;328829;Fredericia st;310614;Flensburg;37800;42780;83;10;112.7;81.4;7.1;3;5;0.2;0;IC;;Fredericia st;Flensburg
695081;87;41;ICE;ICE;DB Fernverkehr AG;517455;Köln Hbf;9941;München Hbf;70500;90900;340;9;501.2;88.4;1.4;1;0;1.0;1;ICE;;Köln;München
695193;33;42;ICE;ICE;DB Fernverkehr AG;428519;Hamburg Hbf;9941;München Hbf;20700;52140;524;17;883.4;101.2;1.7;4;0156;1.0;1;ICE;;Hamburg;München
695462;53;47;ICE;ICE;DB Fernverkehr AG;9941;München Hbf;517455;Köln Hbf;65940;88620;378;7;483.4;76.7;1.03;1;5;1.0;1;ICE;;München;Köln
695488;72;;ICE;ICE;SBB;464157;Basel SBB;96724;Zürich HB;68820;72000;53;2;73.9;83.7;0.0;2;36;0.0;0;ICE;;Basel;Zürich
695531;48;;EC;IC;SBB;63619;St. Margrethen SG;96724;Zürich HB;61800;66480;78;5;91.3;70.2;3.29;2;45;0.0;0;IC;;St. Margrethen SG;Zürich
695685;31;11;ICE;ICE;DB Fernverkehr AG;428519;Hamburg Hbf;9941;München Hbf;25980;62160;603;17;1077.6;107.2;1.39;3;056;1.0;1;ICE;;Hamburg;München
695815;77;10;ICE;ICE;DB Fernverkehr AG;517455;Köln Hbf;391201;Berlin Südkreuz;20040;37200;286;11;512.4;107.5;1.76;6;012345;1.0;1;ICE;;Köln;Berlin
696223;91;79;ICE;ICE;DB Fernverkehr AG;257676;Bruxelles Midi;176697;Frankfurt(Main)Hbf;58920;70020;185;8;356.7;115.7;1.68;20;01234;0.625;0;ICE;;Bruxelles;Frankfurt
69647;2;56;IC;IC;DB Fernverkehr AG;315947;Norddeich;337692;Berlin-Charlottenburg;20340;44400;401;22;516.0;77.2;3.88;1;5;1.0;1;IC;;Norddeich;Berlin
696479;77;10;ICE;ICE;DB Fernverkehr AG;691821;Düsseldorf Hbf;391201;Berlin Südkreuz;21000;39840;314;12;507.1;96.9;1.97;1;6;1.0;1;ICE;;Düsseldorf;Berlin
696785;53;47;ICE;ICE;DB Fernverkehr AG;9941;München Hbf;267257;Essen Hbf;37140;58440;355;11;576.1;97.4;1.56;10;01234;1.0;1;ICE;;München;Essen
696801;33;42;ICE;ICE;DB Fernverkehr AG;176697;Frankfurt(Main)Hbf;396514;Hamburg-Altona;84180;111840;461;21;608.4;79.2;3.12;1;6;1.0;1;ICE-SPRINTER;SPR-1;Frankfurt;Hamburg
697029;33;42;ICE;ICE;DB Fernverkehr AG;9941;München Hbf;396514;Hamburg-Altona;85860;124380;642;23;921.0;86.1;2.28;1;3;1.0;1;ICE;;München;Hamburg
697345;26;55;IC;IC;DB Fernverkehr AG;640892;Dortmund Hbf;224643;Dresden Hbf;23280;45480;370;17;539.3;87.5;2.78;3;6;1.0;1;IC;;Dortmund;Dresden
697479;5;50;ICE;ICE;DB Fernverkehr AG;38672;Frankfurt(M) Flughafen Fernbf;224643;Dresden Hbf;46920;63780;281;10;431.8;92.2;1.85;26;0123456;1.0;1;ICE;;Frankfurt;Dresden
697685;72;;ICE;ICE;SBB;464157;Basel SBB;583614;Chur;54420;62520;135;5;176.5;78.4;1.7;11;01234;0.0;0;ICE;;Basel;Chur
698023;5;50;ICE;ICE;DB Fernverkehr AG;224643;Dresden Hbf;38672;Frankfurt(M) Flughafen Fernbf;58260;77280;317;10;431.8;81.7;1.85;2;56;1.0;1;ICE;;Dresden;Frankfurt
698132;91;79;ICE;ICE;DB Fernverkehr AG;257676;Bruxelles Midi;176697;Frankfurt(Main)Hbf;66300;77220;182;8;356.7;117.6;1.68;2;06;0.625;0;ICE;;Bruxelles;Frankfurt
698336;5;50;ICE;ICE;DB Fernverkehr AG;38672;Frankfurt(M) Flughafen Fernbf;224643;Dresden Hbf;39720;56580;281;10;431.8;92.2;1.85;26;0123456;1.0;1;ICE;;Frankfurt;Dresden
699125;45;25;ICE;ICE;DB Fernverkehr AG;9941;München Hbf;428519;Hamburg Hbf;12780;35820;384;11;703.3;109.9;1.28;2;01;1.0;1;ICE;;München;Hamburg
699312;40;78;ICE;ICE;DB Fernverkehr AG;176697;Frankfurt(Main)Hbf;575362;Arnhem Centraal;38220;51960;229;8;309.8;81.2;1.94;4;1234;0.75;0;ICE;;Frankfurt;Arnhem Centraal
699354;10;20;ICE;ICE;DB Fernverkehr AG;428519;Hamburg Hbf;464157;Basel SBB;23340;48060;412;13;740.0;107.8;1.49;7;0123456;0.846;0;ICE;;Hamburg;Basel
699545;89;35;IC;IC;DB Fernverkehr AG;549058;Duisburg Hbf;601951;Emden Außenhafen;31380;44160;213;9;258.3;72.8;2.71;2;56;1.0;1;IC;;Duisburg;Emden Außenhafen
699607;82;95;EC;IC;DB Fernverkehr AG;127712;Berlin Gesundbrunnen;42071;Rzepin;42240;47220;83;5;101.3;73.2;2.96;19;0123456;0.8;0;IC;;Berlin;Rzepin
699734;68;91;ICE;ICE;DB Fernverkehr AG;640892;Dortmund Hbf;99055;Nürnberg Hbf;21720;45000;388;10;443.7;68.6;1.8;1;4;1.0;1;ICE;;Dortmund;Nürnberg
700991;42;22;ICE;ICE;DB Fernverkehr AG;428519;Hamburg Hbf;668361;Stuttgart Hbf;34140;52680;309;8;583.5;113.3;1.03;12;0123456;1.0;1;ICE;;Hamburg;Stuttgart
701265;32;18;ICE;ICE;DB Fernverkehr AG;416646;Erfurt Hbf;428519;Hamburg Hbf;23400;38640;254;9;515.0;121.7;1.36;1;0;1.0;1;ICE;;Erfurt;Hamburg
701416;47;62;ICE;ICE;DB Fernverkehr AG;640892;Dortmund Hbf;309229;Friedrichshafen Stadt;30600;54960;406;11;547.7;80.9;1.64;13;0123456;1.0;1;ICE;;Dortmund;Friedrichshafen Stadt
701754;91;79;ICE;ICE;DB Fernverkehr AG;517455;Köln Hbf;257676;Bruxelles Midi;38580;46320;129;6;192.2;89.4;2.08;3;04;0.5;0;ICE;;Köln;Bruxelles
702323;26;55;IC;IC;DB Fernverkehr AG;464794;Magdeburg Hbf;224643;Dresden Hbf;43260;52680;157;8;218.4;83.5;2.75;2;56;1.0;1;IC;;Magdeburg;Dresden
702443;46;60;ICE;ICE;DB Fernverkehr AG;497089;Karlsruhe Hbf;668361;Stuttgart Hbf;40920;43740;47;2;61.6;78.6;0.0;7;0123456;1.0;1;ICE;;Karlsruhe;Stuttgart
702554;36;43;ICE;ICE;DB Fernverkehr AG;396514;Hamburg-Altona;598255;Offenburg;59160;84780;427;17;733.0;103.0;2.05;1;5;1.0;1;ICE;;Hamburg;Offenburg
702573;44;17;IC;IC;DB Fernverkehr AG;157968;Rostock Hbf;224643;Dresden Hbf;22800;37680;248;9;369.0;89.3;1.9;3;056;1.0;1;IC;;Rostock;Dresden
702592;22;;IC;IC;SBB;556408;Schaffhausen;96724;Zürich HB;64020;66180;36;2;36.3;60.4;0.0;6;56;0.0;0;IC;;Schaffhausen;Zürich
702701;9;87;IC;IC;DB Fernverkehr AG;266187;Tuttlingen;556408;Schaffhausen;61200;63900;45;3;41.8;55.8;2.39;3;234;0.667;0;IC;;Tuttlingen;Schaffhausen
702719;68;91;ICE;ICE;DB Fernverkehr AG;99055;Nürnberg Hbf;640892;Dortmund Hbf;70320;92640;372;12;453.5;73.1;2.2;2;12;1.0;1;ICE;;Nürnberg;Dortmund
703369;33;42;ICE;ICE;DB Fernverkehr AG;9941;München Hbf;396514;Hamburg-Altona;85920;124380;641;23;921.0;86.2;2.28;1;1;1.0;1;ICE;;München;Hamburg
703832;21;95;EC;IC;PKP Intercity;42071;Rzepin;506051;Gdynia Glowna;58080;74820;279;13;458.1;98.5;2.4;4;056;0.0;0;IC;;Rzepin;Gdynia Glowna
704050;83;96;EC;IC;PKP Intercity;42071;Rzepin;401361;Przemysl Glowny;51060;82140;518;22;703.3;81.5;2.84;18;0123456;0.0;0;IC;;Rzepin;Przemysl Glowny
704946;31;11;ICE;ICE;DB Fernverkehr AG;9941;München Hbf;428519;Hamburg Hbf;38700;74640;599;17;1076.3;107.8;1.39;2;56;1.0;1;ICE;;München;Hamburg
705377;87;41;ICE;ICE;DB Fernverkehr AG;9941;München Hbf;691821;Düsseldorf Hbf;38700;56160;291;9;530.5;109.4;1.32;13;0123456;1.0;1;ICE;;München;Düsseldorf
70541;95;17;ICE;ICE;DB Fernverkehr AG;157968;Rostock Hbf;127712;Berlin Gesundbrunnen;48120;55140;117;5;196.4;100.7;1.53;4;4;1.0;1;ICE;;Rostock;Berlin
705426;17;;ICE;ICE;Nederlandse Spoorwegen;65847;Hengelo;79866;Amsterdam Centraal;29340;36120;113;6;139.3;74.0;2.87;2;56;0.0;0;ICE;;Hengelo;Amsterdam
705447;28;75;ECE;ICE;DB Fernverkehr AG;368193;Padborg st;428519;Hamburg Hbf;54120;61980;131;4;147.5;67.6;1.36;22;0123456;0.75;0;ICE;;Padborg st;Hamburg
707027;33;42;ICE;ICE;DB Fernverkehr AG;396514;Hamburg-Altona;176697;Frankfurt(Main)Hbf;80700;111780;518;23;610.3;70.7;3.44;1;1;1.0;1;ICE-SPRINTER;SPR-1;Hamburg;Frankfurt
707539;87;41;ICE;ICE;DB Fernverkehr AG;9941;München Hbf;517455;Köln Hbf;31500;48000;275;7;497.9;108.6;1.0;10;01234;1.0;1;ICE;;München;Köln
708220;37;82;ICE;ICE;DB Fernverkehr AG;176697;Frankfurt(Main)Hbf;412384;Strasbourg;39660;46260;110;5;194.4;106.1;1.54;1;1;0.6;0;ICE;;Frankfurt;Strasbourg
708341;36;43;ICE;ICE;DB Fernverkehr AG;464157;Basel SBB;396514;Hamburg-Altona;47760;77640;498;18;838.3;101.0;1.91;1;6;0.889;0;ICE;;Basel;Hamburg
708561;32;18;ICE;ICE;DB Fernverkehr AG;9941;München Hbf;53188;Leipzig Hbf;69000;84720;262;10;454.3;104.0;1.76;4;2346;1.0;1;ICE;;München;Leipzig
709414;50;61;IC;IC;DB Fernverkehr AG;53188;Leipzig Hbf;497089;Karlsruhe Hbf;57000;80880;398;19;489.7;73.8;3.47;5;01256;1.0;1;IC;;Leipzig;Karlsruhe
709475;63;14;ICE;ICE;DB Fernverkehr AG;337692;Berlin-Charlottenburg;22625;Aachen Hbf;54960;75120;336;19;572.5;102.2;2.97;14;0123456;1.0;1;ICE;;Berlin;Aachen
709862;14;;EC;IC;ÖBB;63619;St. Margrethen SG;167729;Lindau-Reutin;75060;76080;17;3;15.5;54.9;;13;0123456;0.333;0;IC;;St. Margrethen SG;Lindau-Reutin
71048;26;55;IC;IC;DB Fernverkehr AG;224643;Dresden Hbf;640892;Dortmund Hbf;48120;70320;370;16;539.3;87.5;2.6;4;1234;1.0;1;IC;;Dresden;Dortmund
710628;50;61;IC;IC;DB Fernverkehr AG;497089;Karlsruhe Hbf;99055;Nürnberg Hbf;39960;51480;192;11;252.2;78.8;3.57;10;0123456;1.0;1;IC;;Karlsruhe;Nürnberg
711087;21;95;EC;IC;PKP Intercity;506051;Gdynia Glowna;42071;Rzepin;26040;42420;273;13;458.1;100.7;2.4;8;0123456;0.0;0;IC;;Gdynia Glowna;Rzepin
7123;38;28;ICE;ICE;DB Fernverkehr AG;9941;München Hbf;127712;Berlin Gesundbrunnen;60420;78300;298;11;582.4;117.3;1.55;31;0123456;1.0;1;ICE;;München;Berlin
712518;68;91;ICE;ICE;DB Fernverkehr AG;99055;Nürnberg Hbf;640892;Dortmund Hbf;63120;85080;366;12;456.0;74.8;2.19;2;24;1.0;1;ICE;;Nürnberg;Dortmund
713068;26;55;IC;IC;DB Fernverkehr AG;224643;Dresden Hbf;635340;Heidelberg Hbf;40920;77640;612;26;839.1;82.3;2.86;7;0123456;1.0;1;IC;;Dresden;Heidelberg
713266;21;95;EC;IC;PKP Intercity;42071;Rzepin;39653;Warszawa Wschodnia;68880;83700;247;9;430.8;104.7;1.62;2;26;0.0;0;IC;;Rzepin;Warszawa
714007;55;;RJ;SONSTIGE;Ceske Drahy;26993;Decin hl.n.;653775;Praha hl.n.;35820;41100;88;4;87.0;59.3;2.3;25;123456;0.0;0;SONSTIGE;;Decin hl.n.;Praha
714202;77;10;ICE;ICE;DB Fernverkehr AG;613345;Berlin Hbf;517455;Köln Hbf;67620;86340;312;10;531.0;102.1;1.51;3;012;1.0;1;ICE;;Berlin;Köln
715483;87;41;ICE;ICE;DB Fernverkehr AG;517455;Köln Hbf;9941;München Hbf;48900;65520;277;8;497.9;107.9;1.2;12;0123456;1.0;1;ICE;;Köln;München
715637;31;11;ICE;ICE;DB Fernverkehr AG;9941;München Hbf;176697;Frankfurt(Main)Hbf;74700;86940;204;7;359.8;105.8;1.39;1;5;1.0;1;ICE;;München;Frankfurt
716123;78;15;ICE;ICE;DB Fernverkehr AG;391201;Berlin Südkreuz;552264;Ostseebad Binz;53280;67200;232;12;272.1;70.4;3.67;6;56;1.0;1;ICE;;Berlin;Ostseebad Binz
716691;14;;EC;IC;ÖBB;63619;St. Margrethen SG;167729;Lindau-Reutin;46260;47280;17;3;15.5;54.9;;2;56;0.333;0;IC;;St. Margrethen SG;Lindau-Reutin
716782;67;33;ICE;ICE;DB Fernverkehr AG;93866;Hannover Hbf;552264;Ostseebad Binz;27060;45720;311;13;437.7;84.4;2.51;22;0123456;1.0;1;ICE;;Hannover;Ostseebad Binz
716936;26;55;IC;IC;DB Fernverkehr AG;176697;Frankfurt(Main)Hbf;517455;Köln Hbf;24180;32760;143;7;186.5;78.3;2.68;7;0123456;1.0;1;IC;;Frankfurt;Köln
717187;23;12;ICE;ICE;DB Fernverkehr AG;613345;Berlin Hbf;464157;Basel SBB;52620;78480;431;16;829.5;115.5;1.69;2;46;0.875;0;ICE;;Berlin;Basel
717481;82;95;EC;IC;DB Fernverkehr AG;42071;Rzepin;327376;Berlin-Lichtenberg;43140;49980;114;4;92.9;48.9;2.15;1;2;0.75;0;IC;;Rzepin;Berlin
717990;93;96;EC;IC;DB Fernverkehr AG;354957;Frankfurt(Oder);42071;Rzepin;49800;50940;19;3;19.2;60.7;;2;56;0.667;0;IC;;Frankfurt(Oder);Rzepin
718012;77;10;ICE;ICE;DB Fernverkehr AG;613345;Berlin Hbf;517455;Köln Hbf;86340;108900;376;15;549.6;87.7;2.37;1;1;1.0;1;ICE;;Berlin;Köln
718853;77;10;ICE;ICE;DB Fernverkehr AG;613345;Berlin Hbf;691821;Düsseldorf Hbf;67620;83400;263;13;507.1;115.7;2.17;1;3;1.0;1;ICE;;Berlin;Düsseldorf
718869;77;10;ICE;ICE;DB Fernverkehr AG;691821;Düsseldorf Hbf;391201;Berlin Südkreuz;24480;40680;270;13;512.4;113.9;2.15;2;15;1.0;1;ICE;;Düsseldorf;Berlin
719136;68;91;ICE;ICE;DB Fernverkehr AG;640892;Dortmund Hbf;99055;Nürnberg Hbf;15660;37800;369;13;459.1;74.6;2.4;4;0156;1.0;1;ICE;;Dortmund;Nürnberg
719497;45;25;ICE;ICE;DB Fernverkehr AG;331094;Hamburg Dammtor;9941;München Hbf;80400;108540;469;12;695.5;89.0;1.44;4;45;1.0;1;ICE;;Hamburg;München
719560;14;;EC;IC;ÖBB;63619;St. Margrethen SG;167729;Lindau-Reutin;60660;61680;17;3;15.5;54.9;;10;0123456;0.333;0;IC;;St. Margrethen SG;Lindau-Reutin
719573;87;41;ICE;ICE;DB Fernverkehr AG;517455;Köln Hbf;9941;München Hbf;59700;76560;281;7;497.9;106.3;1.0;9;01234;1.0;1;ICE;;Köln;München
720181;57;19;ICE;ICE;DB Fernverkehr AG;517455;Köln Hbf;391201;Berlin Südkreuz;24300;39840;259;8;509.5;118.0;1.18;3;5;1.0;1;ICE-SPRINTER;SPR-3;Köln;Berlin
720341;47;62;ICE;ICE;DB Fernverkehr AG;176697;Frankfurt(Main)Hbf;668361;Stuttgart Hbf;36660;42780;102;6;156.8;92.3;2.55;27;0123456;1.0;1;ICE;;Frankfurt;Stuttgart
720511;17;;ICE;ICE;Nederlandse Spoorwegen;79866;Amsterdam Centraal;575362;Arnhem Centraal;30660;34320;61;3;90.6;89.1;1.1;2;23;0.0;0;ICE;;Amsterdam;Arnhem Centraal
721142;92;83;ICE;ICE;DB Fernverkehr AG;497089;Karlsruhe Hbf;412384;Strasbourg;27000;29760;46;3;69.1;90.1;1.45;5;01234;0.333;0;ICE;;Karlsruhe;Strasbourg
721276;82;95;EC;IC;DB Fernverkehr AG;354957;Frankfurt(Oder);42071;Rzepin;46200;47220;17;3;19.2;67.8;;2;56;0.667;0;IC;;Frankfurt(Oder);Rzepin
72131;76;51;IC;IC;DB Fernverkehr AG;640892;Dortmund Hbf;197934;Gera Hbf;38520;57300;313;17;378.9;72.6;3.96;30;0123456;1.0;1;IC;;Dortmund;Gera
722083;47;62;ICE;ICE;DB Fernverkehr AG;695368;Salzburg Hbf;325703;Münster(Westf)Hbf;43200;74760;526;21;772.8;88.2;2.46;3;234;0.952;0;ICE;;Salzburg;Münster
722911;55;;RJ;SONSTIGE;Ceske Drahy;653775;Praha hl.n.;26993;Decin hl.n.;74820;81120;105;10;104.0;59.4;7.69;31;0123456;0.0;0;SONSTIGE;;Praha;Decin hl.n.
723156;19;24;ICE;ICE;DB Fernverkehr AG;9066;Hamburg-Harburg;9941;München Hbf;34320;54300;333;7;642.4;115.7;0.78;6;01236;1.0;1;ICE;;Hamburg;München
72401;22;;IC;IC;SBB;556408;Schaffhausen;96724;Zürich HB;64020;66180;36;2;36.3;60.4;0.0;21;01234;0.0;0;IC;;Schaffhausen;Zürich
724219;94;88;ECE;ICE;DB Fernverkehr AG;9941;München Hbf;167729;Lindau-Reutin;67680;75000;122;4;163.5;80.4;1.22;4;0156;1.0;1;ICE;;München;Lindau-Reutin
724659;21;95;EC;IC;PKP Intercity;39653;Warszawa Wschodnia;42071;Rzepin;45660;60420;246;9;430.8;105.1;1.62;8;0123456;0.0;0;IC;;Warszawa;Rzepin
726298;14;;EC;IC;ÖBB;167729;Lindau-Reutin;63619;St. Margrethen SG;82320;83340;17;3;15.5;54.9;;5;0126;0.333;0;IC;;Lindau-Reutin;St. Margrethen SG
72723;22;;IC;IC;SBB;96724;Zürich HB;556408;Schaffhausen;49020;51180;36;2;36.3;60.4;0.0;3;234;0.0;0;IC;;Zürich;Schaffhausen
727280;68;91;ICE;ICE;DB Fernverkehr AG;640892;Dortmund Hbf;176697;Frankfurt(Main)Hbf;35640;51180;259;7;252.7;58.5;1.98;2;56;1.0;1;ICE;;Dortmund;Frankfurt
727439;76;51;IC;IC;DB Fernverkehr AG;197934;Gera Hbf;640892;Dortmund Hbf;21840;40560;312;17;378.9;72.9;3.96;13;012345;1.0;1;IC;;Gera;Dortmund
727679;14;;EC;IC;ÖBB;552402;Simbach(Inn);135333;Wien Hbf;71400;82020;177;6;254.4;86.2;1.57;1;0;0.167;0;IC;;Simbach;Wien
727980;5;50;ICE;ICE;DB Fernverkehr AG;224643;Dresden Hbf;38672;Frankfurt(M) Flughafen Fernbf;22200;41220;317;11;436.8;82.7;2.06;2;56;1.0;1;ICE;;Dresden;Frankfurt
728262;82;95;EC;IC;DB Fernverkehr AG;42071;Rzepin;354957;Frankfurt(Oder);67800;68940;19;3;19.2;60.7;;3;056;0.667;0;IC;;Rzepin;Frankfurt(Oder)
728408;45;25;ICE;ICE;DB Fernverkehr AG;9941;München Hbf;93866;Hannover Hbf;40320;55920;260;7;548.1;126.5;0.91;1;0;1.0;1;ICE;;München;Hannover
728439;50;61;IC;IC;DB Fernverkehr AG;497089;Karlsruhe Hbf;90261;Regensburg Hbf;68760;89580;347;12;340.4;58.9;2.94;1;1;1.0;1;IC;;Karlsruhe;Regensburg
728490;57;19;ICE;ICE;DB Fernverkehr AG;517455;Köln Hbf;391201;Berlin Südkreuz;44340;61440;285;7;506.8;106.7;0.99;3;056;1.0;1;ICE;;Köln;Berlin
728562;45;25;ICE;ICE;DB Fernverkehr AG;93866;Hannover Hbf;9941;München Hbf;19620;35400;263;8;548.8;125.2;1.09;26;012345;1.0;1;ICE;;Hannover;München
728759;77;10;ICE;ICE;DB Fernverkehr AG;613345;Berlin Hbf;517455;Köln Hbf;64020;82140;302;9;520.4;103.4;1.35;3;012;1.0;1;ICE;;Berlin;Köln
72877;45;25;ICE;ICE;DB Fernverkehr AG;9066;Hamburg-Harburg;9941;München Hbf;25980;46320;339;9;692.0;122.5;1.01;6;123456;1.0;1;ICE;;Hamburg;München
728920;89;35;IC;IC;DB Fernverkehr AG;161450;Emden Hbf;691821;Düsseldorf Hbf;23640;35160;192;13;281.8;88.1;3.9;11;012345;1.0;1;IC;;Emden;Düsseldorf
729168;21;95;EC;IC;PKP Intercity;42071;Rzepin;506051;Gdynia Glowna;58080;75120;284;13;458.1;96.8;2.4;2;34;0.0;0;IC;;Rzepin;Gdynia Glowna
729934;42;22;ICE;ICE;DB Fernverkehr AG;659783;Kiel Hbf;176697;Frankfurt(Main)Hbf;65760;83700;299;8;505.9;101.5;1.19;3;56;1.0;1;ICE;;Kiel;Frankfurt
729969;42;22;ICE;ICE;DB Fernverkehr AG;428519;Hamburg Hbf;668361;Stuttgart Hbf;48540;67080;309;8;583.5;113.3;1.03;5;01234;1.0;1;ICE;;Hamburg;Stuttgart
730561;62;13;ICE;ICE;DB Fernverkehr AG;337692;Berlin-Charlottenburg;38672;Frankfurt(M) Flughafen Fernbf;48480;64320;264;11;534.0;121.4;1.69;18;0123456;1.0;1;ICE-SPRINTER;SPR-5;Berlin;Frankfurt
730779;89;35;IC;IC;DB Fernverkehr AG;161450;Emden Hbf;517455;Köln Hbf;23640;36840;220;14;314.7;85.8;3.81;14;012345;1.0;1;IC;;Emden;Köln
730791;82;95;EC;IC;DB Fernverkehr AG;42071;Rzepin;327376;Berlin-Lichtenberg;39000;43380;73;4;92.9;76.4;2.15;3;234;0.75;0;IC;;Rzepin;Berlin
730877;50;61;IC;IC;DB Fernverkehr AG;53188;Leipzig Hbf;497089;Karlsruhe Hbf;57000;82440;424;22;515.5;72.9;3.88;2;34;1.0;1;IC;;Leipzig;Karlsruhe
731081;77;10;ICE;ICE;DB Fernverkehr AG;93866;Hannover Hbf;391201;Berlin Südkreuz;24600;31800;120;5;252.0;126.0;1.19;4;1234;1.0;1;ICE;;Hannover;Berlin
731545;82;95;EC;IC;DB Fernverkehr AG;354957;Frankfurt(Oder);42071;Rzepin;24600;25620;17;3;19.2;67.8;;2;05;0.667;0;IC;;Frankfurt(Oder);Rzepin
732030;53;47;ICE;ICE;DB Fernverkehr AG;9941;München Hbf;640892;Dortmund Hbf;15060;35400;339;12;608.2;107.6;1.64;1;2;1.0;1;ICE;;München;Dortmund
73210;17;;ICE;ICE;Nederlandse Spoorwegen;575362;Arnhem Centraal;79866;Amsterdam Centraal;59280;62940;61;3;90.6;89.1;1.1;3;123;0.0;0;ICE;;Arnhem Centraal;Amsterdam
732592;48;;EC;IC;SBB;96724;Zürich HB;63619;St. Margrethen SG;34320;38940;77;5;91.3;71.2;3.29;5;156;0.0;0;IC;;Zürich;St. Margrethen SG
732799;91;79;ICE;ICE;DB Fernverkehr AG;257676;Bruxelles Midi;176697;Frankfurt(Main)Hbf;59100;70020;182;8;356.7;117.6;1.68;1;5;0.625;0;ICE;;Bruxelles;Frankfurt
732870;53;47;ICE;ICE;DB Fernverkehr AG;640892;Dortmund Hbf;9941;München Hbf;42900;63840;349;12;609.0;104.7;1.64;2;56;1.0;1;ICE;;Dortmund;München
733502;87;41;ICE;ICE;DB Fernverkehr AG;640892;Dortmund Hbf;9941;München Hbf;14280;36720;374;15;604.2;96.9;2.15;3;123;1.0;1;ICE;;Dortmund;München
733667;46;60;ICE;ICE;DB Fernverkehr AG;9941;München Hbf;497089;Karlsruhe Hbf;32520;42720;170;8;273.1;96.4;2.2;7;0123456;1.0;1;ICE;;München;Karlsruhe
734350;77;10;ICE;ICE;DB Fernverkehr AG;613345;Berlin Hbf;691821;Düsseldorf Hbf;31620;47460;264;11;507.4;115.3;1.77;17;0123456;1.0;1;ICE;;Berlin;Düsseldorf
734804;20;49;ICE;ICE;DB Fernverkehr AG;176697;Frankfurt(Main)Hbf;517455;Köln Hbf;65460;70380;82;6;161.5;118.2;2.48;21;01234;1.0;1;ICE;;Frankfurt;Köln
734805;46;60;ICE;ICE;DB Fernverkehr AG;180380;Saarbrücken Hbf;9941;München Hbf;30420;46320;265;9;405.0;91.7;1.73;2;56;1.0;1;ICE;;Saarbrücken;München
735014;89;35;IC;IC;DB Fernverkehr AG;195950;Norddeich Mole;517455;Köln Hbf;64620;80040;257;17;344.8;80.5;4.35;2;4;1.0;1;IC;;Norddeich Mole;Köln
735860;87;41;ICE;ICE;DB Fernverkehr AG;9941;München Hbf;691821;Düsseldorf Hbf;35160;52560;290;9;530.5;109.8;1.32;13;0123456;1.0;1;ICE;;München;Düsseldorf
735947;91;79;ICE;ICE;DB Fernverkehr AG;257676;Bruxelles Midi;176697;Frankfurt(Main)Hbf;37500;48420;182;8;356.7;117.6;1.68;2;56;0.625;0;ICE;;Bruxelles;Frankfurt
736859;68;91;ICE;ICE;DB Fernverkehr AG;99055;Nürnberg Hbf;640892;Dortmund Hbf;63120;84780;361;12;457.1;76.0;2.19;1;4;1.0;1;ICE;;Nürnberg;Dortmund
736894;14;;EC;IC;ÖBB;167729;Lindau-Reutin;63619;St. Margrethen SG;60720;61740;17;3;15.5;54.9;;2;45;0.333;0;IC;;Lindau-Reutin;St. Margrethen SG
736966;77;10;ICE;ICE;DB Fernverkehr AG;613345;Berlin Hbf;517455;Köln Hbf;42420;58860;274;9;505.1;110.6;1.39;21;0123456;1.0;1;ICE;;Berlin;Köln
736986;1;;IC;IC;PKP Intercity;401361;Przemysl Glowny;174196;Bohumin(Gr);64260;86820;376;25;389.5;62.2;5.9;1;5;0.0;0;IC;;Przemysl Glowny;Bohumin
737459;94;88;ECE;ICE;DB Fernverkehr AG;9941;München Hbf;167729;Lindau-Reutin;74040;82140;135;4;163.5;72.7;1.22;2;46;1.0;1;ICE;;München;Lindau-Reutin
737625;67;33;ICE;ICE;DB Fernverkehr AG;412729;Hamburg-Bergedorf;552264;Ostseebad Binz;40740;52980;204;9;260.4;76.6;2.69;8;012356;1.0;1;ICE;;Hamburg;Ostseebad Binz
738173;77;10;ICE;ICE;DB Fernverkehr AG;93866;Hannover Hbf;391201;Berlin Südkreuz;24600;32040;124;6;253.9;122.9;1.58;21;0123456;1.0;1;ICE;;Hannover;Berlin
738266;87;41;ICE;ICE;DB Fernverkehr AG;9941;München Hbf;517455;Köln Hbf;71100;88260;286;11;502.8;105.5;1.79;2;56;1.0;1;ICE;;München;Köln
738480;82;95;EC;IC;DB Fernverkehr AG;42071;Rzepin;354957;Frankfurt(Oder);43140;44220;18;3;19.2;64.1;;2;56;0.667;0;IC;;Rzepin;Frankfurt(Oder)
73854;68;91;ICE;ICE;DB Fernverkehr AG;99055;Nürnberg Hbf;640892;Dortmund Hbf;70320;91500;353;13;469.0;79.7;2.35;1;0;1.0;1;ICE;;Nürnberg;Dortmund
739241;22;;IC;IC;SBB;96724;Zürich HB;556408;Schaffhausen;70620;72780;36;2;36.3;60.4;0.0;1;6;0.0;0;IC;;Zürich;Schaffhausen
739420;17;;ICE;ICE;Nederlandse Spoorwegen;79866;Amsterdam Centraal;575362;Arnhem Centraal;23880;27120;54;3;90.6;100.7;1.1;5;01234;0.0;0;ICE;;Amsterdam;Arnhem Centraal
73954;26;55;IC;IC;DB Fernverkehr AG;224643;Dresden Hbf;635340;Heidelberg Hbf;33720;70440;612;26;839.1;82.3;2.86;6;012346;1.0;1;IC;;Dresden;Heidelberg
739554;82;95;EC;IC;DB Fernverkehr AG;354957;Frankfurt(Oder);42071;Rzepin;39000;40020;17;3;19.2;67.8;;3;056;0.667;0;IC;;Frankfurt(Oder);Rzepin
739559;31;11;ICE;ICE;DB Fernverkehr AG;9941;München Hbf;127712;Berlin Gesundbrunnen;81300;116040;579;17;808.2;83.7;1.86;1;5;1.0;1;ICE;;München;Berlin
739859;32;18;ICE;ICE;DB Fernverkehr AG;613345;Berlin Hbf;396514;Hamburg-Altona;79740;89580;164;6;267.7;97.9;1.49;1;2;1.0;1;ICE;;Berlin;Hamburg
740614;63;14;ICE;ICE;DB Fernverkehr AG;267257;Essen Hbf;337692;Berlin-Charlottenburg;24240;38820;243;10;460.6;113.7;1.74;14;0123456;1.0;1;ICE;;Essen;Berlin
74064;68;91;ICE;ICE;DB Fernverkehr AG;640892;Dortmund Hbf;99055;Nürnberg Hbf;37440;59400;366;13;470.5;77.1;2.34;11;012345;1.0;1;ICE;;Dortmund;Nürnberg
741388;31;11;ICE;ICE;DB Fernverkehr AG;668361;Stuttgart Hbf;428519;Hamburg Hbf;24540;53040;475;13;882.0;111.4;1.25;1;4;1.0;1;ICE;;Stuttgart;Hamburg
74161;87;41;ICE;ICE;DB Fernverkehr AG;9941;München Hbf;691821;Düsseldorf Hbf;49500;66960;291;9;530.5;109.4;1.32;13;0123456;1.0;1;ICE;;München;Düsseldorf
741740;36;43;ICE;ICE;DB Fernverkehr AG;464157;Basel SBB;428519;Hamburg Hbf;47760;76560;480;15;816.0;102.0;1.59;6;02346;0.867;0;ICE;;Basel;Hamburg
74248;4;3;ICE;ICE;DB Fernverkehr AG;667068;Frankfurt(M) Flughafen Regionalbf;613345;Berlin Hbf;41940;57660;262;4;435.5;99.7;0.46;3;056;1.0;1;ICE-SPRINTER;SPR-5;Frankfurt;Berlin
74255;17;;ICE;ICE;Nederlandse Spoorwegen;79866;Amsterdam Centraal;575362;Arnhem Centraal;38220;41520;55;3;90.6;98.9;1.1;2;56;0.0;0;ICE;;Amsterdam;Arnhem Centraal
742764;53;47;ICE;ICE;DB Fernverkehr AG;9941;München Hbf;267257;Essen Hbf;14460;36840;373;11;576.1;92.7;1.56;1;5;1.0;1;ICE;;München;Essen
743065;42;22;ICE;ICE;DB Fernverkehr AG;428519;Hamburg Hbf;668361;Stuttgart Hbf;62940;82500;326;9;585.3;107.7;1.2;3;456;1.0;1;ICE;;Hamburg;Stuttgart
743085;72;;ICE;ICE;SBB;583614;Chur;464157;Basel SBB;31080;39120;134;5;176.5;79.0;1.7;11;01234;0.0;0;ICE;;Chur;Basel
743393;45;25;ICE;ICE;DB Fernverkehr AG;331094;Hamburg Dammtor;9941;München Hbf;64380;86760;373;12;704.8;113.4;1.42;1;4;1.0;1;ICE;;Hamburg;München
743651;33;42;ICE;ICE;DB Fernverkehr AG;9941;München Hbf;428519;Hamburg Hbf;48480;80100;527;17;883.4;100.6;1.7;3;06;1.0;1;ICE;;München;Hamburg
743742;45;25;ICE;ICE;DB Fernverkehr AG;9941;München Hbf;428519;Hamburg Hbf;22140;43020;348;12;703.8;121.3;1.42;7;0123456;1.0;1;ICE;;München;Hamburg
745447;9;87;IC;IC;DB Fernverkehr AG;556408;Schaffhausen;679686;Singen(Hohentwiel);36960;37740;13;2;17.0;78.4;;2;56;0.5;0;IC;;Schaffhausen;Singen
74547;91;79;ICE;ICE;DB Fernverkehr AG;257676;Bruxelles Midi;176697;Frankfurt(Main)Hbf;73320;85380;201;10;356.1;106.3;2.25;8;34;0.8;0;ICE;;Bruxelles;Frankfurt
745485;31;11;ICE;ICE;DB Fernverkehr AG;9941;München Hbf;127712;Berlin Gesundbrunnen;81960;116040;568;15;800.1;84.5;1.62;1;0;1.0;1;ICE;;München;Berlin
745586;88;;IC;IC;Dänische Staatsbahnen;310614;Flensburg;368193;Padborg st;79500;80100;10;3;7.6;45.7;;15;012346;0.667;0;IC;;Flensburg;Padborg st
746112;42;22;ICE;ICE;DB Fernverkehr AG;668361;Stuttgart Hbf;659783;Kiel Hbf;18120;42000;398;13;673.8;101.6;1.63;1;5;1.0;1;ICE;;Stuttgart;Kiel
746480;33;42;ICE;ICE;DB Fernverkehr AG;176697;Frankfurt(Main)Hbf;396514;Hamburg-Altona;84120;111840;462;19;591.7;76.8;2.87;1;2;1.0;1;ICE-SPRINTER;SPR-1;Frankfurt;Hamburg
746557;45;25;ICE;ICE;DB Fernverkehr AG;331094;Hamburg Dammtor;99055;Nürnberg Hbf;67980;86580;310;10;542.9;105.1;1.47;1;0;1.0;1;ICE;;Hamburg;Nürnberg
746611;37;82;ICE;ICE;DB Fernverkehr AG;180380;Saarbrücken Hbf;176697;Frankfurt(Main)Hbf;75540;82680;119;4;182.3;91.9;1.1;2;12;1.0;1;ICE;;Saarbrücken;Frankfurt
747051;77;10;ICE;ICE;DB Fernverkehr AG;613345;Berlin Hbf;640892;Dortmund Hbf;38820;52980;236;5;429.7;109.3;0.7;2;06;1.0;1;ICE;;Berlin;Dortmund
747119;33;42;ICE;ICE;DB Fernverkehr AG;396514;Hamburg-Altona;9941;München Hbf;33960;66420;541;18;888.2;98.5;1.8;3;234;1.0;1;ICE;;Hamburg;München
747249;77;10;ICE;ICE;DB Fernverkehr AG;391201;Berlin Südkreuz;517455;Köln Hbf;85320;111540;437;15;554.9;76.2;2.34;1;0;1.0;1;ICE;;Berlin;Köln
747592;33;42;ICE;ICE;DB Fernverkehr AG;396514;Hamburg-Altona;9941;München Hbf;19560;52140;543;18;888.2;98.1;1.8;1;6;1.0;1;ICE;;Hamburg;München
747661;40;78;ICE;ICE;DB Fernverkehr AG;575362;Arnhem Centraal;176697;Frankfurt(Main)Hbf;56040;66420;173;10;310.4;107.7;2.58;2;4;0.8;0;ICE;;Arnhem Centraal;Frankfurt
747673;91;79;ICE;ICE;DB Fernverkehr AG;176697;Frankfurt(Main)Hbf;257676;Bruxelles Midi;23640;34500;181;8;356.7;118.3;1.68;1;6;0.625;0;ICE;;Frankfurt;Bruxelles
747724;47;62;ICE;ICE;DB Fernverkehr AG;668361;Stuttgart Hbf;176697;Frankfurt(Main)Hbf;28920;35040;102;6;156.8;92.3;2.55;2;6;1.0;1;ICE;;Stuttgart;Frankfurt
747984;72;;ICE;ICE;SBB;464157;Basel SBB;228347;Brig;39480;47580;135;8;179.2;79.6;3.35;13;0123456;0.0;0;ICE;;Basel;Brig
748069;13;;RJ;SONSTIGE;Dänische Staatsbahnen;274287;Koebenhavn H;10831;Schleswig;22920;34140;187;7;314.3;100.8;1.59;8;123456;0.286;0;SONSTIGE;;København;Schleswig
748143;10;20;ICE;ICE;DB Fernverkehr AG;331094;Hamburg Dammtor;497089;Karlsruhe Hbf;66060;84180;302;9;567.6;112.8;1.23;2;56;1.0;1;ICE;;Hamburg;Karlsruhe
748336;1;;IC;IC;PKP Intercity;401361;Przemysl Glowny;380319;Wroclaw Glowny;25920;46200;338;17;474.6;84.3;3.16;4;0126;0.0;0;IC;;Przemysl Glowny;Wroclaw Glowny
748905;77;10;ICE;ICE;DB Fernverkehr AG;613345;Berlin Hbf;517455;Köln Hbf;67620;88020;340;9;533.7;94.2;1.31;1;0;1.0;1;ICE;;Berlin;Köln
749097;45;25;ICE;ICE;DB Fernverkehr AG;331094;Hamburg Dammtor;9941;München Hbf;80400;108540;469;12;695.5;89.0;1.44;6;01236;1.0;1;ICE;;Hamburg;München
749439;87;41;ICE;ICE;DB Fernverkehr AG;691821;Düsseldorf Hbf;9941;München Hbf;62400;80160;296;10;531.1;107.7;1.51;13;0123456;1.0;1;ICE;;Düsseldorf;München
749776;9;87;IC;IC;DB Fernverkehr AG;391274;Konstanz;266187;Tuttlingen;65220;68280;51;5;53.6;63.1;5.6;3;234;0.8;0;IC;;Konstanz;Tuttlingen
74979;45;25;ICE;ICE;DB Fernverkehr AG;331094;Hamburg Dammtor;9941;München Hbf;57180;78600;357;13;705.3;118.5;1.56;1;0;1.0;1;ICE;;Hamburg;München
75011;38;28;ICE;ICE;DB Fernverkehr AG;416646;Erfurt Hbf;396514;Hamburg-Altona;19500;34800;255;9;515.6;121.3;1.36;16;01234;1.0;1;ICE;;Erfurt;Hamburg
7502;42;22;ICE;ICE;DB Fernverkehr AG;668361;Stuttgart Hbf;428519;Hamburg Hbf;55380;73740;306;8;583.2;114.3;1.03;2;56;1.0;1;ICE;;Stuttgart;Hamburg
75128;38;28;ICE;ICE;DB Fernverkehr AG;396514;Hamburg-Altona;416646;Erfurt Hbf;73080;90180;285;9;515.6;108.6;1.36;1;4;1.0;1;ICE;;Hamburg;Erfurt
751585;47;62;ICE;ICE;DB Fernverkehr AG;9941;München Hbf;176697;Frankfurt(Main)Hbf;35220;49440;237;10;352.9;89.3;2.27;2;56;1.0;1;ICE;;München;Frankfurt
751858;10;20;ICE;ICE;DB Fernverkehr AG;464157;Basel SBB;428519;Hamburg Hbf;17160;41340;403;13;740.1;110.2;1.49;3;123;0.846;0;ICE;;Basel;Hamburg
751960;36;43;ICE;ICE;DB Fernverkehr AG;396514;Hamburg-Altona;464157;Basel SBB;30300;60480;503;19;839.1;100.1;2.03;14;0123456;0.895;0;ICE;;Hamburg;Basel
752222;3;26;ICE;ICE;DB Fernverkehr AG;497089;Karlsruhe Hbf;83956;Oldenburg(Oldb)Hbf;60060;83820;396;17;567.9;86.1;2.64;5;01234;1.0;1;ICE;;Karlsruhe;Oldenburg
752451;89;35;IC;IC;DB Fernverkehr AG;161450;Emden Hbf;691821;Düsseldorf Hbf;23640;36180;209;12;281.2;80.7;3.56;1;5;1.0;1;IC;;Emden;Düsseldorf
752686;94;88;ECE;ICE;DB Fernverkehr AG;167729;Lindau-Reutin;9941;München Hbf;25800;33360;126;4;163.5;77.9;1.22;3;15;1.0;1;ICE;;Lindau-Reutin;München
752734;89;35;IC;IC;DB Fernverkehr AG;691821;Düsseldorf Hbf;195950;Norddeich Mole;51120;64920;230;17;311.9;81.4;4.81;12;0123456;1.0;1;IC;;Düsseldorf;Norddeich Mole
753149;38;28;ICE;ICE;DB Fernverkehr AG;396514;Hamburg-Altona;9941;München Hbf;58680;83400;412;13;836.7;121.9;1.31;19;0123456;1.0;1;ICE;;Hamburg;München
753292;82;95;EC;IC;DB Fernverkehr AG;42071;Rzepin;127712;Berlin Gesundbrunnen;75000;79740;79;4;101.0;76.7;1.98;1;2;0.75;0;IC;;Rzepin;Berlin
753977;72;;ICE;ICE;SBB;464157;Basel SBB;228347;Brig;80880;89040;136;9;181.6;80.1;3.85;1;4;0.0;0;ICE;;Basel;Brig
754067;68;91;ICE;ICE;DB Fernverkehr AG;622042;Oberhausen Hbf;99055;Nürnberg Hbf;61380;81000;327;11;417.5;76.6;2.16;3;056;1.0;1;ICE;;Oberhausen;Nürnberg
754222;9;87;IC;IC;DB Fernverkehr AG;556408;Schaffhausen;266187;Tuttlingen;26160;28680;42;3;41.8;59.8;2.39;3;234;0.667;0;IC;;Schaffhausen;Tuttlingen
754476;36;43;ICE;ICE;DB Fernverkehr AG;464157;Basel SBB;396514;Hamburg-Altona;40560;70440;498;18;838.3;101.0;1.91;11;01234;0.889;0;ICE;;Basel;Hamburg
754540;4;3;ICE;ICE;DB Fernverkehr AG;667068;Frankfurt(M) Flughafen Regionalbf;391201;Berlin Südkreuz;27660;43740;268;5;441.0;98.7;0.68;3;056;1.0;1;ICE-SPRINTER;SPR-5;Frankfurt;Berlin
755107;28;75;ECE;ICE;DB Fernverkehr AG;368193;Padborg st;428519;Hamburg Hbf;39720;47280;126;4;147.5;70.3;1.36;22;0123456;0.75;0;ICE;;Padborg st;Hamburg
755719;53;47;ICE;ICE;DB Fernverkehr AG;640892;Dortmund Hbf;9941;München Hbf;64440;85800;356;13;609.1;102.7;1.81;1;0;1.0;1;ICE;;Dortmund;München
756056;68;91;ICE;ICE;DB Fernverkehr AG;99055;Nürnberg Hbf;640892;Dortmund Hbf;41520;63480;366;13;469.7;77.0;2.34;11;012345;1.0;1;ICE;;Nürnberg;Dortmund
756101;89;35;IC;IC;DB Fernverkehr AG;195950;Norddeich Mole;517455;Köln Hbf;49860;65640;263;17;344.8;78.7;4.35;6;56;1.0;1;IC;;Norddeich Mole;Köln
75649;9;87;IC;IC;DB Fernverkehr AG;556408;Schaffhausen;668361;Stuttgart Hbf;44160;52980;147;13;153.9;62.8;7.15;16;0123456;0.923;0;IC;;Schaffhausen;Stuttgart
756518;17;;ICE;ICE;Nederlandse Spoorwegen;575362;Arnhem Centraal;79866;Amsterdam Centraal;52080;55740;61;3;90.6;89.1;1.1;3;123;0.0;0;ICE;;Arnhem Centraal;Amsterdam
756637;47;62;ICE;ICE;DB Fernverkehr AG;668361;Stuttgart Hbf;176697;Frankfurt(Main)Hbf;29100;35040;99;6;156.8;95.1;2.55;1;6;1.0;1;ICE;;Stuttgart;Frankfurt
756752;46;60;ICE;ICE;DB Fernverkehr AG;9941;München Hbf;668361;Stuttgart Hbf;78540;85320;113;5;195.6;103.9;1.53;11;01256;1.0;1;ICE;;München;Stuttgart
75744;36;43;ICE;ICE;DB Fernverkehr AG;497089;Karlsruhe Hbf;428519;Hamburg Hbf;25140;47760;377;11;643.2;102.4;1.4;2;35;1.0;1;ICE;;Karlsruhe;Hamburg
757601;33;42;ICE;ICE;DB Fernverkehr AG;396514;Hamburg-Altona;9941;München Hbf;69960;112140;703;23;931.9;79.5;2.25;1;0;1.0;1;ICE;;Hamburg;München
757630;50;61;IC;IC;DB Fernverkehr AG;99055;Nürnberg Hbf;668361;Stuttgart Hbf;34860;42780;132;7;182.6;83.0;2.74;7;0123456;1.0;1;IC;;Nürnberg;Stuttgart
757660;92;83;ICE;ICE;DB Fernverkehr AG;412384;Strasbourg;668361;Stuttgart Hbf;30960;36240;88;4;130.7;89.1;1.53;1;5;0.5;0;ICE;;Strasbourg;Stuttgart
757762;57;19;ICE;ICE;DB Fernverkehr AG;391201;Berlin Südkreuz;517455;Köln Hbf;75240;95940;345;15;541.5;94.2;2.4;1;4;1.0;1;ICE;;Berlin;Köln
757886;87;41;ICE;ICE;DB Fernverkehr AG;95437;Köln Messe/Deutz;9941;München Hbf;27900;43920;267;8;497.0;111.7;1.21;12;0123456;1.0;1;ICE;;Köln;München
758564;80;55;ICE;ICE;DB Fernverkehr AG;517455;Köln Hbf;668361;Stuttgart Hbf;39180;53460;238;8;298.0;75.1;2.01;4;56;1.0;1;ICE;;Köln;Stuttgart
75869;1;;IC;IC;PKP Intercity;380319;Wroclaw Glowny;402680;Swinoujscie;33120;53580;341;18;432.7;76.1;3.7;8;0123456;0.0;0;IC;;Wroclaw Glowny;Swinoujscie
758968;72;;ICE;ICE;SBB;583614;Chur;464157;Basel SBB;29280;39120;164;5;176.5;64.6;1.7;2;34;0.0;0;ICE;;Chur;Basel
759020;38;28;ICE;ICE;DB Fernverkehr AG;53188;Leipzig Hbf;428519;Hamburg Hbf;29520;41040;192;6;407.9;127.5;0.98;2;6;1.0;1;ICE;;Leipzig;Hamburg
759074;42;22;ICE;ICE;DB Fernverkehr AG;659783;Kiel Hbf;668361;Stuttgart Hbf;36960;59880;382;10;670.1;105.2;1.19;10;01234;1.0;1;ICE;;Kiel;Stuttgart
759517;7;85;EC;IC;DB Fernverkehr AG;297876;Basel Bad Bf;464157;Basel SBB;38820;39240;7;2;2.6;22.3;;8;0123456;0.0;0;IC;;Basel;Basel
759821;10;20;ICE;ICE;DB Fernverkehr AG;497089;Karlsruhe Hbf;428519;Hamburg Hbf;23820;41340;292;8;566.2;116.3;1.06;4;0345;1.0;1;ICE;;Karlsruhe;Hamburg
759922;68;91;ICE;ICE;DB Fernverkehr AG;640892;Dortmund Hbf;99055;Nürnberg Hbf;28500;52200;395;10;443.7;67.4;1.8;3;234;1.0;1;ICE;;Dortmund;Nürnberg
760502;58;20;ECE;ICE;DB Fernverkehr AG;464157;Basel SBB;428519;Hamburg Hbf;53160;77340;403;12;740.0;110.2;1.35;1;0;0.833;0;ICE;;Basel;Hamburg
760550;33;42;ICE;ICE;DB Fernverkehr AG;428519;Hamburg Hbf;668361;Stuttgart Hbf;63900;92400;475;15;717.1;90.6;1.81;1;0;1.0;1;ICE;;Hamburg;Stuttgart
760709;88;;IC;IC;Dänische Staatsbahnen;310614;Flensburg;328829;Fredericia st;79500;84600;85;10;112.7;79.5;7.1;13;012456;0.2;0;IC;;Flensburg;Fredericia st
760774;94;88;ECE;ICE;DB Fernverkehr AG;9941;München Hbf;167729;Lindau-Reutin;66720;75000;138;4;163.5;71.1;1.22;6;01236;1.0;1;ICE;;München;Lindau-Reutin
761134;36;43;ICE;ICE;DB Fernverkehr AG;428519;Hamburg Hbf;497089;Karlsruhe Hbf;53100;75540;374;11;643.2;103.2;1.4;1;2;1.0;1;ICE;;Hamburg;Karlsruhe
761304;42;22;ICE;ICE;DB Fernverkehr AG;668361;Stuttgart Hbf;428519;Hamburg Hbf;33720;52140;307;8;583.2;114.0;1.03;1;6;1.0;1;ICE;;Stuttgart;Hamburg
761428;10;20;ICE;ICE;DB Fernverkehr AG;497089;Karlsruhe Hbf;428519;Hamburg Hbf;23820;41340;292;8;566.2;116.3;1.06;2;56;1.0;1;ICE;;Karlsruhe;Hamburg
761509;53;47;ICE;ICE;DB Fernverkehr AG;575362;Arnhem Centraal;9941;München Hbf;34440;56760;372;15;654.1;105.5;1.99;3;234;0.867;0;ICE;;Arnhem Centraal;München
762123;2;56;IC;IC;DB Fernverkehr AG;601951;Emden Außenhafen;464794;Magdeburg Hbf;43260;61020;296;16;362.2;73.4;3.87;3;056;1.0;1;IC;;Emden Außenhafen;Magdeburg
762829;23;12;ICE;ICE;DB Fernverkehr AG;464157;Basel SBB;391201;Berlin Südkreuz;58560;85620;451;16;854.4;113.7;1.64;1;1;0.875;0;ICE;;Basel;Berlin
762959;17;;ICE;ICE;Nederlandse Spoorwegen;79866;Amsterdam Centraal;575362;Arnhem Centraal;45420;48720;55;3;90.6;98.9;1.1;2;56;0.0;0;ICE;;Amsterdam;Arnhem Centraal
762982;40;78;ICE;ICE;DB Fernverkehr AG;575362;Arnhem Centraal;176697;Frankfurt(Main)Hbf;48840;59220;173;10;310.4;107.7;2.58;8;456;0.8;0;ICE;;Arnhem Centraal;Frankfurt
76303;68;91;ICE;ICE;DB Fernverkehr AG;640892;Dortmund Hbf;99055;Nürnberg Hbf;44460;66600;369;14;460.8;74.9;2.6;5;056;1.0;1;ICE;;Dortmund;Nürnberg
763061;33;42;ICE;ICE;DB Fernverkehr AG;396514;Hamburg-Altona;668361;Stuttgart Hbf;62760;88320;426;16;710.2;100.0;1.97;1;1;1.0;1;ICE;;Hamburg;Stuttgart
763129;33;42;ICE;ICE;DB Fernverkehr AG;176697;Frankfurt(Main)Hbf;396514;Hamburg-Altona;85260;111840;443;17;590.5;80.0;2.54;1;0;1.0;1;ICE-SPRINTER;SPR-1;Frankfurt;Hamburg
763317;82;95;EC;IC;DB Fernverkehr AG;42071;Rzepin;127712;Berlin Gesundbrunnen;75000;80100;85;4;101.0;71.3;1.98;1;1;0.75;0;IC;;Rzepin;Berlin
763423;93;96;EC;IC;DB Fernverkehr AG;42071;Rzepin;327376;Berlin-Lichtenberg;35340;39780;74;4;92.9;75.4;2.15;1;2;0.75;0;IC;;Rzepin;Berlin
764004;26;55;IC;IC;DB Fernverkehr AG;176697;Frankfurt(Main)Hbf;517455;Köln Hbf;24180;32760;143;5;185.3;77.8;1.62;3;056;1.0;1;IC;;Frankfurt;Köln
764218;17;;ICE;ICE;Nederlandse Spoorwegen;575362;Arnhem Centraal;79866;Amsterdam Centraal;37680;41340;61;3;90.6;89.1;1.1;3;123;0.0;0;ICE;;Arnhem Centraal;Amsterdam
764386;26;55;IC;IC;DB Fernverkehr AG;497089;Karlsruhe Hbf;93866;Hannover Hbf;57120;80400;388;19;541.0;83.7;3.14;1;5;1.0;1;IC;;Karlsruhe;Hannover
764539;91;79;ICE;ICE;DB Fernverkehr AG;176697;Frankfurt(Main)Hbf;257676;Bruxelles Midi;23640;34500;181;8;356.7;118.3;1.68;2;6;0.625;0;ICE;;Frankfurt;Bruxelles
764789;14;;EC;IC;ÖBB;167729;Lindau-Reutin;63619;St. Margrethen SG;75120;76140;17;3;15.5;54.9;;4;0156;0.333;0;IC;;Lindau-Reutin;St. Margrethen SG
764811;77;10;ICE;ICE;DB Fernverkehr AG;691821;Düsseldorf Hbf;391201;Berlin Südkreuz;25320;44340;317;12;507.1;96.0;1.97;1;6;1.0;1;ICE;;Düsseldorf;Berlin
765056;14;;EC;IC;ÖBB;63619;St. Margrethen SG;167729;Lindau-Reutin;75060;76080;17;3;15.5;54.9;;10;012456;0.333;0;IC;;St. Margrethen SG;Lindau-Reutin
766791;46;60;ICE;ICE;DB Fernverkehr AG;9941;München Hbf;497089;Karlsruhe Hbf;46920;57120;170;8;273.1;96.4;2.2;7;0123456;1.0;1;ICE;;München;Karlsruhe
767402;9;87;IC;IC;DB Fernverkehr AG;679686;Singen(Hohentwiel);556408;Schaffhausen;34200;35100;15;2;17.0;68.0;;28;0123456;0.5;0;IC;;Singen;Schaffhausen
767577;77;10;ICE;ICE;DB Fernverkehr AG;517455;Köln Hbf;391201;Berlin Südkreuz;84420;107220;380;14;550.0;86.8;2.18;1;6;1.0;1;ICE;;Köln;Berlin
76763;30;;IC;IC;Ceske Drahy;57233;Breclav;174196;Bohumin(Gr);90240;100440;170;4;169.3;59.8;1.18;26;0123456;0.0;0;IC;;Breclav;Bohumin
767943;45;25;ICE;ICE;DB Fernverkehr AG;331094;Hamburg Dammtor;9941;München Hbf;21180;42600;357;12;704.8;118.4;1.42;19;0123456;1.0;1;ICE;;Hamburg;München
768719;91;79;ICE;ICE;DB Fernverkehr AG;517455;Köln Hbf;164260;Antwerpen Centraal;22260;32460;170;7;223.2;78.8;2.24;1;6;0.429;0;ICE;;Köln;Antwerpen Centraal
768726;77;10;ICE;ICE;DB Fernverkehr AG;613345;Berlin Hbf;517455;Köln Hbf;67620;85920;305;11;537.0;105.6;1.68;1;3;1.0;1;ICE;;Berlin;Köln
768860;41;62;EC;IC;ÖBB;695368;Salzburg Hbf;597555;Jesenice(Gr);43620;55200;193;10;181.7;56.5;4.4;31;0123456;0.0;0;IC;;Salzburg;Jesenice
769188;18;;ICE;ICE;ÖBB;695368;Salzburg Hbf;338037;Graz Hbf;65220;78960;229;14;305.4;80.0;3.93;6;012356;0.0;0;ICE;;Salzburg;Graz
769238;31;11;ICE;ICE;DB Fernverkehr AG;127712;Berlin Gesundbrunnen;9941;München Hbf;76680;113220;609;18;829.3;81.7;1.93;1;1;1.0;1;ICE;;Berlin;München
769242;88;;IC;IC;Dänische Staatsbahnen;328829;Fredericia st;310614;Flensburg;73800;78780;83;10;112.7;81.4;7.1;30;0123456;0.2;0;IC;;Fredericia st;Flensburg
769309;82;95;EC;IC;DB Fernverkehr AG;327376;Berlin-Lichtenberg;42071;Rzepin;53820;58020;70;4;92.9;79.7;2.15;2;34;0.75;0;IC;;Berlin;Rzepin
76958;45;25;ICE;ICE;DB Fernverkehr AG;9066;Hamburg-Harburg;9941;München Hbf;29580;49800;337;10;692.6;123.3;1.16;3;056;1.0;1;ICE;;Hamburg;München
76980;57;19;ICE;ICE;DB Fernverkehr AG;517455;Köln Hbf;391201;Berlin Südkreuz;51540;68640;285;7;506.8;106.7;0.99;5;01234;1.0;1;ICE;;Köln;Berlin
77006;45;25;ICE;ICE;DB Fernverkehr AG;9066;Hamburg-Harburg;99055;Nürnberg Hbf;58380;74700;272;8;542.8;119.7;1.11;4;1234;1.0;1;ICE;;Hamburg;Nürnberg
770162;26;55;IC;IC;DB Fernverkehr AG;635340;Heidelberg Hbf;93866;Hannover Hbf;66240;89100;381;17;489.4;77.1;3.07;1;4;1.0;1;IC;;Heidelberg;Hannover
770198;50;61;IC;IC;DB Fernverkehr AG;99055;Nürnberg Hbf;497089;Karlsruhe Hbf;49200;60780;193;11;252.2;78.4;3.57;10;0123456;1.0;1;IC;;Nürnberg;Karlsruhe
770461;8;90;EC;IC;DB Fernverkehr AG;552402;Simbach(Inn);9941;München Hbf;44400;50040;94;4;110.3;70.4;1.81;20;01234;1.0;1;IC;;Simbach;München
770595;57;19;ICE;ICE;DB Fernverkehr AG;391201;Berlin Südkreuz;517455;Köln Hbf;32280;50940;311;7;506.8;97.8;0.99;2;56;1.0;1;ICE;;Berlin;Köln
770704;75;;ECE;ICE;Dänische Staatsbahnen;274287;Koebenhavn H;368193;Padborg st;66120;75420;155;5;276.4;107.0;1.09;1;0;0.0;0;ICE;;København;Padborg st
770785;87;41;ICE;ICE;DB Fernverkehr AG;517455;Köln Hbf;9941;München Hbf;66900;84840;299;8;498.5;100.0;1.2;1;2;1.0;1;ICE;;Köln;München
771757;77;10;ICE;ICE;DB Fernverkehr AG;691821;Düsseldorf Hbf;391201;Berlin Südkreuz;17280;33480;270;14;513.3;114.1;2.34;5;2345;1.0;1;ICE;;Düsseldorf;Berlin
771931;42;22;ICE;ICE;DB Fernverkehr AG;659783;Kiel Hbf;668361;Stuttgart Hbf;44160;67080;382;10;669.7;105.2;1.19;1;6;1.0;1;ICE;;Kiel;Stuttgart
772003;46;60;ICE;ICE;DB Fernverkehr AG;9941;München Hbf;668361;Stuttgart Hbf;78540;85860;122;5;195.6;96.2;1.53;2;03;1.0;1;ICE;;München;Stuttgart
772276;23;12;ICE;ICE;DB Fernverkehr AG;613345;Berlin Hbf;297876;Basel Bad Bf;59400;84960;426;16;827.0;116.5;1.69;1;0;0.938;0;ICE;;Berlin;Basel
772408;36;43;ICE;ICE;DB Fernverkehr AG;396514;Hamburg-Altona;517455;Köln Hbf;73560;93780;337;9;375.7;66.9;1.86;1;0;1.0;1;ICE-SPRINTER;SPR-2;Hamburg;Köln
772800;45;25;ICE;ICE;DB Fernverkehr AG;9941;München Hbf;428519;Hamburg Hbf;22140;43020;348;11;703.3;121.3;1.28;13;0123456;1.0;1;ICE;;München;Hamburg
772806;60;;IC;IC;DB Fernverkehr (Codesharing);464157;Basel SBB;96724;Zürich HB;110280;115500;87;2;73.9;51.0;0.0;2;5;0.0;0;IC;;Basel;Zürich
773157;84;77;ICE;ICE;DB Fernverkehr AG;65847;Hengelo;93866;Hannover Hbf;71520;79260;129;7;204.9;95.3;2.44;1;5;0.857;0;ICE;;Hengelo;Hannover
774443;22;;IC;IC;SBB;556408;Schaffhausen;96724;Zürich HB;46020;48180;36;2;36.3;60.4;0.0;1;5;0.0;0;IC;;Schaffhausen;Zürich
774791;47;62;ICE;ICE;DB Fernverkehr AG;226858;Darmstadt Hbf;9941;München Hbf;52200;65400;220;9;326.7;89.1;2.14;2;56;1.0;1;ICE;;Darmstadt;München
775051;37;82;ICE;ICE;DB Fernverkehr AG;180380;Saarbrücken Hbf;176697;Frankfurt(Main)Hbf;75540;83520;133;4;182.3;82.3;1.1;1;4;1.0;1;ICE;;Saarbrücken;Frankfurt
775712;19;24;ICE;ICE;DB Fernverkehr AG;176697;Frankfurt(Main)Hbf;468987;Westerland(Sylt);31860;61500;494;16;647.3;78.6;2.16;5;01234;1.0;1;ICE;;Frankfurt;Westerland
775716;40;78;ICE;ICE;DB Fernverkehr AG;575362;Arnhem Centraal;176697;Frankfurt(Main)Hbf;27240;37620;173;10;310.4;107.7;2.58;3;6;0.8;0;ICE;;Arnhem Centraal;Frankfurt
77579;13;;RJ;SONSTIGE;Dänische Staatsbahnen;10831;Schleswig;274287;Koebenhavn H;66420;77880;191;7;314.3;98.7;1.59;1;6;0.286;0;SONSTIGE;;Schleswig;København
775870;38;28;ICE;ICE;DB Fernverkehr AG;416646;Erfurt Hbf;9941;München Hbf;23040;34260;187;6;321.1;103.0;1.25;2;6;1.0;1;ICE-SPRINTER;SPR-4;Erfurt;München
775975;42;22;ICE;ICE;DB Fernverkehr AG;668361;Stuttgart Hbf;659783;Kiel Hbf;18120;44100;433;12;673.3;93.3;1.49;5;01234;1.0;1;ICE;;Stuttgart;Kiel
775997;47;62;ICE;ICE;DB Fernverkehr AG;668361;Stuttgart Hbf;226858;Darmstadt Hbf;29100;33900;80;5;130.7;98.0;2.3;1;6;1.0;1;ICE;;Stuttgart;Darmstadt
776210;10;20;ICE;ICE;DB Fernverkehr AG;428519;Hamburg Hbf;464157;Basel SBB;66540;90600;401;12;739.7;110.7;1.35;1;4;0.833;0;ICE;;Hamburg;Basel
776314;72;;ICE;ICE;SBB;583614;Chur;464157;Basel SBB;29280;39120;164;5;176.5;64.6;1.7;3;012;0.0;0;ICE;;Chur;Basel
776414;79;4;ICE;ICE;DB Fernverkehr AG;428519;Hamburg Hbf;667068;Frankfurt(M) Flughafen Regionalbf;22980;37080;235;4;404.3;103.2;0.49;2;56;1.0;1;ICE-SPRINTER;SPR-1;Hamburg;Frankfurt
777352;17;;ICE;ICE;Nederlandse Spoorwegen;79866;Amsterdam Centraal;575362;Arnhem Centraal;28020;32520;75;3;90.6;72.5;1.1;3;04;0.0;0;ICE;;Amsterdam;Arnhem Centraal
777473;93;96;EC;IC;DB Fernverkehr AG;42071;Rzepin;327376;Berlin-Lichtenberg;49740;54480;79;4;92.9;70.6;2.15;1;0;0.75;0;IC;;Rzepin;Berlin
778044;54;82;ICE;ICE;SNCF;412384;Strasbourg;335130;Paris Est;31920;38160;104;2;395.5;228.2;0.0;26;012346;0.0;0;ICE;;Strasbourg;Paris
778079;17;;ICE;ICE;Nederlandse Spoorwegen;79866;Amsterdam Centraal;575362;Arnhem Centraal;59580;63120;59;3;90.6;92.2;1.1;6;456;0.0;0;ICE;;Amsterdam;Arnhem Centraal
778420;5;50;ICE;ICE;DB Fernverkehr AG;87362;Wiesbaden Hbf;224643;Dresden Hbf;30360;49440;318;11;455.2;85.9;1.98;3;056;1.0;1;ICE;;Wiesbaden;Dresden
778593;53;47;ICE;ICE;DB Fernverkehr AG;517455;Köln Hbf;9941;München Hbf;19500;34920;257;7;503.4;117.5;0.99;1;5;1.0;1;ICE;;Köln;München
778816;33;42;ICE;ICE;DB Fernverkehr AG;517455;Köln Hbf;428519;Hamburg Hbf;15000;29940;249;10;387.3;93.3;2.07;1;0;1.0;1;ICE-SPRINTER;SPR-2;Köln;Hamburg
778879;77;10;ICE;ICE;DB Fernverkehr AG;640892;Dortmund Hbf;391201;Berlin Südkreuz;54840;69600;246;6;435.2;106.2;0.92;2;06;1.0;1;ICE;;Dortmund;Berlin
779564;53;47;ICE;ICE;DB Fernverkehr AG;9941;München Hbf;640892;Dortmund Hbf;37140;57000;331;12;608.2;110.2;1.64;2;56;1.0;1;ICE;;München;Dortmund
779634;38;28;ICE;ICE;DB Fernverkehr AG;659783;Kiel Hbf;9941;München Hbf;26160;54480;472;14;918.6;116.8;1.31;15;0123456;1.0;1;ICE;;Kiel;München
779828;23;12;ICE;ICE;DB Fernverkehr AG;464157;Basel SBB;127712;Berlin Gesundbrunnen;65760;93360;460;16;830.9;108.4;1.68;1;2;0.875;0;ICE;;Basel;Berlin
780480;51;;EN;SONSTIGE;ZSSK;269485;Sturovo;57233;Breclav;74160;83160;150;6;196.6;78.7;2.03;31;0123456;0.0;0;SONSTIGE;;Sturovo;Breclav
781009;17;;ICE;ICE;Nederlandse Spoorwegen;79866;Amsterdam Centraal;65847;Hengelo;50400;57060;111;6;139.3;75.3;2.87;1;0;0.0;0;ICE;;Amsterdam;Hengelo
781394;26;55;IC;IC;DB Fernverkehr AG;640892;Dortmund Hbf;464794;Magdeburg Hbf;66420;78840;207;9;320.9;93.0;2.18;4;1234;1.0;1;IC;;Dortmund;Magdeburg
781906;9;87;IC;IC;DB Fernverkehr AG;391274;Konstanz;668361;Stuttgart Hbf;65220;74580;156;15;164.6;63.3;7.9;6;01234;0.933;0;IC;;Konstanz;Stuttgart
782018;36;43;ICE;ICE;DB Fernverkehr AG;517455;Köln Hbf;396514;Hamburg-Altona;25860;41640;263;11;396.2;90.4;2.27;17;0123456;1.0;1;ICE-SPRINTER;SPR-2;Köln;Hamburg
782343;91;79;ICE;ICE;DB Fernverkehr AG;176697;Frankfurt(Main)Hbf;257676;Bruxelles Midi;45240;56100;181;8;356.7;118.3;1.68;19;01234;0.625;0;ICE;;Frankfurt;Bruxelles
782625;37;82;ICE;ICE;DB Fernverkehr AG;180380;Saarbrücken Hbf;176697;Frankfurt(Main)Hbf;75540;82980;124;4;182.3;88.2;1.1;1;5;1.0;1;ICE;;Saarbrücken;Frankfurt
783068;72;;ICE;ICE;SBB;464157;Basel SBB;96724;Zürich HB;43620;46800;53;2;73.9;83.7;0.0;10;01234;0.0;0;ICE;;Basel;Zürich
783158;14;;EC;IC;ÖBB;63619;St. Margrethen SG;167729;Lindau-Reutin;39060;40080;17;3;15.5;54.9;;3;056;0.333;0;IC;;St. Margrethen SG;Lindau-Reutin
783664;47;62;ICE;ICE;DB Fernverkehr AG;226858;Darmstadt Hbf;695368;Salzburg Hbf;45000;64740;329;14;451.5;82.3;2.66;2;56;0.929;0;ICE;;Darmstadt;Salzburg
784554;22;;IC;IC;SBB;556408;Schaffhausen;96724;Zürich HB;46020;48180;36;2;36.3;60.4;0.0;2;56;0.0;0;IC;;Schaffhausen;Zürich
784711;91;79;ICE;ICE;DB Fernverkehr AG;257676;Bruxelles Midi;176697;Frankfurt(Main)Hbf;44700;55620;182;8;356.7;117.6;1.68;4;0156;0.625;0;ICE;;Bruxelles;Frankfurt
784830;87;41;ICE;ICE;DB Fernverkehr AG;691821;Düsseldorf Hbf;176697;Frankfurt(Main)Hbf;72540;78720;103;7;194.1;113.0;2.58;17;0123456;1.0;1;ICE;;Düsseldorf;Frankfurt
784851;22;;IC;IC;SBB;556408;Schaffhausen;96724;Zürich HB;53220;55380;36;2;36.3;60.4;0.0;9;01234;0.0;0;IC;;Schaffhausen;Zürich
785806;2;56;IC;IC;DB Fernverkehr AG;195950;Norddeich Mole;531677;Halle(Saale)Hbf;56160;78780;377;21;470.5;74.9;4.04;2;5;1.0;1;IC;;Norddeich Mole;Halle
786512;68;91;ICE;ICE;DB Fernverkehr AG;99055;Nürnberg Hbf;640892;Dortmund Hbf;63120;85320;370;13;461.3;74.8;2.38;2;12;1.0;1;ICE;;Nürnberg;Dortmund
786631;47;62;ICE;ICE;DB Fernverkehr AG;9941;München Hbf;176697;Frankfurt(Main)Hbf;28020;42240;237;10;352.9;89.3;2.27;15;01234;1.0;1;ICE;;München;Frankfurt
787142;36;43;ICE;ICE;DB Fernverkehr AG;396514;Hamburg-Altona;464157;Basel SBB;37560;67680;502;19;839.1;100.3;2.03;15;0123456;0.895;0;ICE;;Hamburg;Basel
789042;77;10;ICE;ICE;DB Fernverkehr AG;613345;Berlin Hbf;691821;Düsseldorf Hbf;42420;60720;305;11;501.6;98.7;1.79;2;06;1.0;1;ICE;;Berlin;Düsseldorf
789144;91;79;ICE;ICE;DB Fernverkehr AG;517455;Köln Hbf;164260;Antwerpen Centraal;22260;32580;172;6;213.7;74.5;1.87;1;6;0.5;0;ICE;;Köln;Antwerpen Centraal
789273;47;62;ICE;ICE;DB Fernverkehr AG;325703;Münster(Westf)Hbf;695368;Salzburg Hbf;23400;57540;569;20;772.5;81.5;2.33;1;2;0.95;0;ICE;;Münster;Salzburg
789563;69;;EC;IC;Ceske Drahy;653775;Praha hl.n.;26993;Decin hl.n.;66660;71880;87;4;87.0;60.0;2.3;1;4;0.0;0;IC;;Praha;Decin hl.n.
790136;94;88;ECE;ICE;DB Fernverkehr AG;9941;München Hbf;167729;Lindau-Reutin;23760;31800;134;4;163.5;73.2;1.22;5;56;1.0;1;ICE;;München;Lindau-Reutin
790524;36;43;ICE;ICE;DB Fernverkehr AG;428519;Hamburg Hbf;464157;Basel SBB;60300;89520;487;15;816.0;100.5;1.59;1;5;0.867;0;ICE;;Hamburg;Basel
791087;12;29;ICE;ICE;DB Fernverkehr AG;9941;München Hbf;127712;Berlin Gesundbrunnen;30060;45060;250;7;560.0;134.4;0.89;23;0123456;1.0;1;ICE-SPRINTER;SPR-4;München;Berlin
791282;31;11;ICE;ICE;DB Fernverkehr AG;668361;Stuttgart Hbf;428519;Hamburg Hbf;24540;53040;475;13;882.0;111.4;1.25;3;123;1.0;1;ICE;;Stuttgart;Hamburg
791302;36;43;ICE;ICE;DB Fernverkehr AG;428519;Hamburg Hbf;517455;Köln Hbf;67500;84720;287;6;370.5;77.5;1.08;3;012;1.0;1;ICE-SPRINTER;SPR-2;Hamburg;Köln
791960;62;13;ICE;ICE;DB Fernverkehr AG;497089;Karlsruhe Hbf;337692;Berlin-Charlottenburg;38400;58500;335;14;649.2;116.3;1.85;1;2;1.0;1;ICE;;Karlsruhe;Berlin
791974;62;13;ICE;ICE;DB Fernverkehr AG;19112;Kassel-Wilhelmshöhe;337692;Berlin-Charlottenburg;28140;37920;163;8;351.3;129.3;1.71;24;0123456;1.0;1;ICE;;Kassel-Wilhelmshöhe;Berlin
792702;17;;ICE;ICE;Nederlandse Spoorwegen;65847;Hengelo;24890;Utrecht Centraal;36540;42240;95;5;117.6;74.3;2.55;2;56;0.0;0;ICE;;Hengelo;Utrecht Centraal
792758;45;25;ICE;ICE;DB Fernverkehr AG;331094;Hamburg Dammtor;9941;München Hbf;60780;82200;357;11;704.1;118.3;1.28;10;0123456;1.0;1;ICE;;Hamburg;München
792965;26;55;IC;IC;DB Fernverkehr AG;93866;Hannover Hbf;224643;Dresden Hbf;52560;67080;242;10;349.7;86.7;2.29;4;1234;1.0;1;IC;;Hannover;Dresden
793528;72;;ICE;ICE;SBB;464157;Basel SBB;96724;Zürich HB;43620;46800;53;2;73.9;83.7;0.0;1;6;0.0;0;ICE;;Basel;Zürich
793632;82;95;EC;IC;DB Fernverkehr AG;354957;Frankfurt(Oder);42071;Rzepin;60600;61620;17;3;19.2;67.8;;2;56;0.667;0;IC;;Frankfurt(Oder);Rzepin
793850;45;25;ICE;ICE;DB Fernverkehr AG;9941;München Hbf;93866;Hannover Hbf;54720;70320;260;7;548.1;126.5;0.91;4;1234;1.0;1;ICE;;München;Hannover
794074;87;41;ICE;ICE;DB Fernverkehr AG;517455;Köln Hbf;9941;München Hbf;56100;72780;278;8;497.9;107.5;1.2;10;01234;1.0;1;ICE;;Köln;München
794102;68;91;ICE;ICE;DB Fernverkehr AG;99055;Nürnberg Hbf;640892;Dortmund Hbf;48720;69900;353;9;427.4;72.7;1.64;5;01234;1.0;1;ICE;;Nürnberg;Dortmund
794176;32;18;ICE;ICE;DB Fernverkehr AG;127712;Berlin Gesundbrunnen;9941;München Hbf;84000;112500;475;14;607.3;76.7;1.98;2;36;1.0;1;ICE;;Berlin;München
79426;30;;IC;IC;Ceske Drahy;174196;Bohumin(Gr);57233;Breclav;86820;98400;193;4;169.3;52.6;1.18;1;5;0.0;0;IC;;Bohumin;Breclav
79481;50;61;IC;IC;DB Fernverkehr AG;99055;Nürnberg Hbf;497089;Karlsruhe Hbf;34860;46380;192;8;238.6;74.6;2.51;10;0123456;1.0;1;IC;;Nürnberg;Karlsruhe
795053;31;11;ICE;ICE;DB Fernverkehr AG;9941;München Hbf;176697;Frankfurt(Main)Hbf;74700;88260;226;7;359.8;95.5;1.39;1;3;1.0;1;ICE;;München;Frankfurt
795429;89;35;IC;IC;DB Fernverkehr AG;195950;Norddeich Mole;691821;Düsseldorf Hbf;41760;57660;265;15;311.3;70.5;4.18;1;5;1.0;1;IC;;Norddeich Mole;Düsseldorf
795432;40;78;ICE;ICE;DB Fernverkehr AG;176697;Frankfurt(Main)Hbf;575362;Arnhem Centraal;52740;66360;227;8;309.8;81.9;1.94;8;012345;0.75;0;ICE;;Frankfurt;Arnhem Centraal
796422;22;;IC;IC;SBB;96724;Zürich HB;556408;Schaffhausen;56220;58380;36;2;36.3;60.4;0.0;2;24;0.0;0;IC;;Zürich;Schaffhausen
796497;82;95;EC;IC;DB Fernverkehr AG;42071;Rzepin;354957;Frankfurt(Oder);53400;54540;19;3;19.2;60.7;;3;056;0.667;0;IC;;Rzepin;Frankfurt(Oder)
797442;77;10;ICE;ICE;DB Fernverkehr AG;517455;Köln Hbf;391201;Berlin Südkreuz;70560;87900;289;10;510.6;106.0;1.57;1;4;1.0;1;ICE;;Köln;Berlin
797525;22;;IC;IC;SBB;96724;Zürich HB;556408;Schaffhausen;49020;51180;36;2;36.3;60.4;0.0;3;056;0.0;0;IC;;Zürich;Schaffhausen
798469;17;;ICE;ICE;Nederlandse Spoorwegen;65847;Hengelo;79866;Amsterdam Centraal;50940;57660;112;6;139.3;74.6;2.87;5;456;0.0;0;ICE;;Hengelo;Amsterdam
799066;94;88;ECE;ICE;DB Fernverkehr AG;167729;Lindau-Reutin;9941;München Hbf;61800;70020;137;4;163.5;71.6;1.22;2;56;1.0;1;ICE;;Lindau-Reutin;München
799153;21;95;EC;IC;PKP Intercity;42071;Rzepin;401361;Przemysl Glowny;84660;119700;584;33;781.7;80.3;3.97;1;0;0.0;0;IC;;Rzepin;Przemysl Glowny
799262;87;41;ICE;ICE;DB Fernverkehr AG;691821;Düsseldorf Hbf;9941;München Hbf;66060;84600;309;9;531.0;103.1;1.32;1;0;1.0;1;ICE;;Düsseldorf;München
799325;72;;ICE;ICE;SBB;480653;Interlaken Ost;464157;Basel SBB;39540;46800;121;8;138.9;68.9;4.32;2;04;0.0;0;ICE;;Interlaken Ost;Basel
799575;89;35;IC;IC;DB Fernverkehr AG;601951;Emden Außenhafen;517455;Köln Hbf;48360;63060;245;9;297.8;72.9;2.35;6;56;1.0;1;IC;;Emden Außenhafen;Köln
79985;89;35;IC;IC;DB Fernverkehr AG;195950;Norddeich Mole;691821;Düsseldorf Hbf;35460;50520;251;15;311.3;74.4;4.18;2;56;1.0;1;IC;;Norddeich Mole;Düsseldorf
799887;87;41;ICE;ICE;DB Fernverkehr AG;9941;München Hbf;517455;Köln Hbf;31500;48000;275;7;500.5;109.2;1.0;2;56;1.0;1;ICE;;München;Köln
799941;84;77;ICE;ICE;DB Fernverkehr AG;65847;Hengelo;613345;Berlin Hbf;49920;63960;234;9;451.4;115.7;1.55;2;56;0.889;0;ICE;;Hengelo;Berlin
800029;67;33;ICE;ICE;DB Fernverkehr AG;468987;Westerland(Sylt);517455;Köln Hbf;35580;62220;444;15;587.3;79.4;2.21;1;5;1.0;1;ICE;;Westerland;Köln
800116;84;77;ICE;ICE;DB Fernverkehr AG;391201;Berlin Südkreuz;65847;Hengelo;36360;50820;241;10;456.9;113.8;1.75;16;0123;0.9;0;ICE;;Berlin;Hengelo
800182;94;88;ECE;ICE;DB Fernverkehr AG;167729;Lindau-Reutin;9941;München Hbf;54600;62460;131;4;163.5;74.9;1.22;4;56;1.0;1;ICE;;Lindau-Reutin;München
800666;53;47;ICE;ICE;DB Fernverkehr AG;640892;Dortmund Hbf;9941;München Hbf;49980;70920;349;12;609.0;104.7;1.64;2;56;1.0;1;ICE;;Dortmund;München
80098;74;90;EC;IC;ÖBB;552402;Simbach(Inn);135333;Wien Hbf;71400;82020;177;6;254.4;86.2;1.57;10;56;0.167;0;IC;;Simbach;Wien
801011;26;55;IC;IC;DB Fernverkehr AG;224643;Dresden Hbf;93866;Hannover Hbf;69720;84300;243;9;347.6;85.8;2.01;1;3;1.0;1;IC;;Dresden;Hannover
801606;17;;ICE;ICE;Nederlandse Spoorwegen;65847;Hengelo;79866;Amsterdam Centraal;65340;72060;112;6;139.3;74.6;2.87;17;01235;0.0;0;ICE;;Hengelo;Amsterdam
802132;45;25;ICE;ICE;DB Fernverkehr AG;9066;Hamburg-Harburg;9941;München Hbf;43980;64140;336;10;692.6;123.7;1.16;3;056;1.0;1;ICE;;Hamburg;München
802147;42;22;ICE;ICE;DB Fernverkehr AG;668361;Stuttgart Hbf;659783;Kiel Hbf;26520;49200;378;11;670.3;106.4;1.34;1;6;1.0;1;ICE;;Stuttgart;Kiel
802168;18;;ICE;ICE;ÖBB;338037;Graz Hbf;695368;Salzburg Hbf;36000;49980;233;14;299.4;77.1;4.01;2;04;0.0;0;ICE;;Graz;Salzburg
802269;47;62;ICE;ICE;DB Fernverkehr AG;176697;Frankfurt(Main)Hbf;9941;München Hbf;65460;79980;242;11;353.3;87.6;2.55;1;6;1.0;1;ICE;;Frankfurt;München
802277;77;10;ICE;ICE;DB Fernverkehr AG;517455;Köln Hbf;391201;Berlin Südkreuz;84420;107220;380;15;553.7;87.4;2.35;1;4;1.0;1;ICE;;Köln;Berlin
803029;23;12;ICE;ICE;DB Fernverkehr AG;613345;Berlin Hbf;19112;Kassel-Wilhelmshöhe;73800;87000;220;6;353.8;96.5;1.13;4;1234;1.0;1;ICE;;Berlin;Kassel-Wilhelmshöhe
8031;45;25;ICE;ICE;DB Fernverkehr AG;93866;Hannover Hbf;9941;München Hbf;66420;82380;266;7;537.0;121.1;0.93;2;12;1.0;1;ICE;;Hannover;München
803130;12;29;ICE;ICE;DB Fernverkehr AG;613345;Berlin Hbf;9941;München Hbf;45420;60300;248;7;557.6;134.9;0.9;31;0123456;1.0;1;ICE-SPRINTER;SPR-4;Berlin;München
803205;72;;ICE;ICE;SBB;464157;Basel SBB;510671;Bern;39480;42960;58;4;89.7;92.8;2.23;1;6;0.0;0;ICE;;Basel;Bern
803230;31;11;ICE;ICE;DB Fernverkehr AG;9941;München Hbf;428519;Hamburg Hbf;31500;67440;599;17;1077.6;107.9;1.39;3;456;1.0;1;ICE;;München;Hamburg
803637;21;95;EC;IC;PKP Intercity;39653;Warszawa Wschodnia;42071;Rzepin;31740;46020;238;9;430.8;108.6;1.62;8;0123456;0.0;0;IC;;Warszawa;Rzepin
803714;23;12;ICE;ICE;DB Fernverkehr AG;613345;Berlin Hbf;497089;Karlsruhe Hbf;67020;86340;322;12;655.6;122.2;1.53;1;3;1.0;1;ICE;;Berlin;Karlsruhe
804098;26;55;IC;IC;DB Fernverkehr AG;464794;Magdeburg Hbf;93866;Hannover Hbf;21720;26580;81;4;131.5;97.4;1.52;4;0456;1.0;1;IC;;Magdeburg;Hannover
804283;87;41;ICE;ICE;DB Fernverkehr AG;9941;München Hbf;640892;Dortmund Hbf;53100;73980;348;11;605.2;104.3;1.49;4;56;1.0;1;ICE;;München;Dortmund
804758;26;55;IC;IC;DB Fernverkehr AG;497089;Karlsruhe Hbf;640892;Dortmund Hbf;69840;87840;300;11;349.5;69.9;2.57;1;5;1.0;1;IC;;Karlsruhe;Dortmund
804917;63;14;ICE;ICE;DB Fernverkehr AG;325703;Münster(Westf)Hbf;127712;Berlin Gesundbrunnen;62700;74820;202;5;408.3;121.3;0.73;17;0123456;1.0;1;ICE;;Münster;Berlin
805422;47;62;ICE;ICE;DB Fernverkehr AG;176697;Frankfurt(Main)Hbf;695368;Salzburg Hbf;43860;64740;348;14;475.9;82.0;2.52;2;56;0.929;0;ICE;;Frankfurt;Salzburg
805586;3;26;ICE;ICE;DB Fernverkehr AG;83956;Oldenburg(Oldb)Hbf;93866;Hannover Hbf;17040;22320;88;4;142.1;96.9;1.41;7;0123456;1.0;1;ICE;;Oldenburg;Hannover
806021;68;91;ICE;ICE;DB Fernverkehr AG;99055;Nürnberg Hbf;640892;Dortmund Hbf;41520;63480;366;11;457.3;75.0;1.97;2;6;1.0;1;ICE;;Nürnberg;Dortmund
806133;26;55;IC;IC;DB Fernverkehr AG;224643;Dresden Hbf;464794;Magdeburg Hbf;55320;64620;155;8;218.4;84.5;2.75;6;012356;1.0;1;IC;;Dresden;Magdeburg
806188;54;82;ICE;ICE;SNCF;335130;Paris Est;412384;Strasbourg;55260;61620;106;2;395.5;223.8;0.0;31;0123456;0.0;0;ICE;;Paris;Strasbourg
806556;55;;RJ;SONSTIGE;Ceske Drahy;26993;Decin hl.n.;57233;Breclav;32400;49620;287;7;362.1;75.7;1.38;31;0123456;0.0;0;SONSTIGE;;Decin hl.n.;Breclav
807582;87;41;ICE;ICE;DB Fernverkehr AG;9941;München Hbf;176697;Frankfurt(Main)Hbf;67440;79320;198;5;338.1;102.4;0.89;5;0125;1.0;1;ICE;;München;Frankfurt
807699;89;35;IC;IC;DB Fernverkehr AG;195950;Norddeich Mole;549058;Duisburg Hbf;49860;63060;220;15;288.5;78.7;4.51;10;01234;1.0;1;IC;;Norddeich Mole;Duisburg
808220;45;25;ICE;ICE;DB Fernverkehr AG;9066;Hamburg-Harburg;9941;München Hbf;25980;46320;339;9;692.0;122.5;1.01;3;056;1.0;1;ICE;;Hamburg;München
808276;45;25;ICE;ICE;DB Fernverkehr AG;9066;Hamburg-Harburg;99055;Nürnberg Hbf;58380;73500;252;8;542.8;129.2;1.11;3;056;1.0;1;ICE;;Hamburg;Nürnberg
808378;72;;ICE;ICE;SBB;510671;Bern;464157;Basel SBB;32640;36000;56;4;89.7;96.1;2.23;1;6;0.0;0;ICE;;Bern;Basel
809033;77;10;ICE;ICE;DB Fernverkehr AG;613345;Berlin Hbf;517455;Köln Hbf;67620;85140;292;11;540.3;111.0;1.67;2;56;1.0;1;ICE;;Berlin;Köln
809551;12;29;ICE;ICE;DB Fernverkehr AG;127712;Berlin Gesundbrunnen;9941;München Hbf;69960;87720;296;8;587.3;119.1;1.02;1;1;1.0;1;ICE;;Berlin;München
809697;23;12;ICE;ICE;DB Fernverkehr AG;613345;Berlin Hbf;497089;Karlsruhe Hbf;67020;87960;349;12;653.6;112.4;1.53;1;5;1.0;1;ICE;;Berlin;Karlsruhe
809878;72;;ICE;ICE;SBB;480653;Interlaken Ost;464157;Basel SBB;39540;46800;121;8;138.9;68.9;4.32;1;6;0.0;0;ICE;;Interlaken Ost;Basel
809959;68;91;ICE;ICE;DB Fernverkehr AG;640892;Dortmund Hbf;99055;Nürnberg Hbf;21720;45000;388;12;456.0;70.5;2.19;1;5;1.0;1;ICE;;Dortmund;Nürnberg
810117;26;55;IC;IC;DB Fernverkehr AG;640892;Dortmund Hbf;93866;Hannover Hbf;73680;80400;112;7;189.6;101.6;2.64;4;1234;1.0;1;IC;;Dortmund;Hannover
810608;89;35;IC;IC;DB Fernverkehr AG;691821;Düsseldorf Hbf;195950;Norddeich Mole;51120;65880;246;15;311.3;75.9;4.18;2;56;1.0;1;IC;;Düsseldorf;Norddeich Mole
811123;21;95;EC;IC;PKP Intercity;42071;Rzepin;506051;Gdynia Glowna;58320;74700;273;13;458.1;100.7;2.4;3;056;0.0;0;IC;;Rzepin;Gdynia Glowna
811318;26;55;IC;IC;DB Fernverkehr AG;61534;Koblenz Hbf;224643;Dresden Hbf;22140;52680;509;23;700.5;82.6;3.0;3;5;1.0;1;IC;;Koblenz;Dresden
811424;72;;ICE;ICE;SBB;464157;Basel SBB;96724;Zürich HB;43620;46800;53;2;73.9;83.7;0.0;5;56;0.0;0;ICE;;Basel;Zürich
811661;33;42;ICE;ICE;DB Fernverkehr AG;9941;München Hbf;325703;Münster(Westf)Hbf;62880;86040;386;13;635.0;98.7;1.73;1;2;1.0;1;ICE;;München;Münster
812067;46;60;ICE;ICE;DB Fernverkehr AG;464157;Basel SBB;9941;München Hbf;21000;38940;299;15;450.7;90.4;2.88;2;01;0.867;0;ICE;;Basel;München
812555;19;24;ICE;ICE;DB Fernverkehr AG;176697;Frankfurt(Main)Hbf;468987;Westerland(Sylt);31860;61380;492;16;647.3;78.9;2.16;5;01234;1.0;1;ICE;;Frankfurt;Westerland
812958;45;25;ICE;ICE;DB Fernverkehr AG;331094;Hamburg Dammtor;9941;München Hbf;57180;78600;357;13;705.3;118.5;1.56;6;123456;1.0;1;ICE;;Hamburg;München
812981;9;87;IC;IC;DB Fernverkehr AG;556408;Schaffhausen;679686;Singen(Hohentwiel);65760;66540;13;2;17.0;78.4;;2;56;0.5;0;IC;;Schaffhausen;Singen
813289;77;10;ICE;ICE;DB Fernverkehr AG;691821;Düsseldorf Hbf;391201;Berlin Südkreuz;32820;51600;313;12;507.1;97.2;1.97;2;06;1.0;1;ICE;;Düsseldorf;Berlin
81367;28;75;ECE;ICE;DB Fernverkehr AG;368193;Padborg st;396514;Hamburg-Altona;28920;34980;101;4;146.4;87.0;1.37;9;0123456;0.75;0;ICE;;Padborg st;Hamburg
813884;47;62;ICE;ICE;DB Fernverkehr AG;325703;Münster(Westf)Hbf;695368;Salzburg Hbf;25560;57540;533;19;771.9;86.9;2.2;3;234;0.947;0;ICE;;Münster;Salzburg
814259;45;25;ICE;ICE;DB Fernverkehr AG;93866;Hannover Hbf;9941;München Hbf;44820;60540;262;7;548.1;125.5;0.91;6;123456;1.0;1;ICE;;Hannover;München
814640;30;;IC;IC;Ceske Drahy;57233;Breclav;174196;Bohumin(Gr);90240;100440;170;4;169.3;59.8;1.18;3;012;0.0;0;IC;;Breclav;Bohumin
815478;89;35;IC;IC;DB Fernverkehr AG;691821;Düsseldorf Hbf;195950;Norddeich Mole;29520;44460;249;15;311.3;75.0;4.18;2;56;1.0;1;IC;;Düsseldorf;Norddeich Mole
81564;31;11;ICE;ICE;DB Fernverkehr AG;176697;Frankfurt(Main)Hbf;127712;Berlin Gesundbrunnen;22500;38580;268;9;457.9;102.5;1.53;22;0123456;1.0;1;ICE-SPRINTER;SPR-5;Frankfurt;Berlin
815831;9;87;IC;IC;DB Fernverkehr AG;679686;Singen(Hohentwiel);556408;Schaffhausen;70320;71100;13;2;17.0;78.4;;28;0123456;0.5;0;IC;;Singen;Schaffhausen
816222;45;25;ICE;ICE;DB Fernverkehr AG;331094;Hamburg Dammtor;9941;München Hbf;80400;108540;469;13;686.7;87.9;1.6;1;6;1.0;1;ICE;;Hamburg;München
816360;31;11;ICE;ICE;DB Fernverkehr AG;127712;Berlin Gesundbrunnen;9941;München Hbf;54540;83580;484;14;816.0;101.2;1.47;1;5;1.0;1;ICE;;Berlin;München
816895;42;22;ICE;ICE;DB Fernverkehr AG;428519;Hamburg Hbf;668361;Stuttgart Hbf;26940;45480;309;8;583.2;113.2;1.03;2;56;1.0;1;ICE;;Hamburg;Stuttgart
816901;33;42;ICE;ICE;DB Fernverkehr AG;428519;Hamburg Hbf;9941;München Hbf;71100;108180;618;19;897.8;87.2;1.89;1;1;1.0;1;ICE;;Hamburg;München
817096;59;85;ECE;ICE;DB Fernverkehr AG;297876;Basel Bad Bf;176697;Frankfurt(Main)Hbf;57300;67440;169;6;299.5;106.3;1.34;18;01234;0.833;0;ICE;;Basel;Frankfurt
817296;50;61;IC;IC;DB Fernverkehr AG;90261;Regensburg Hbf;497089;Karlsruhe Hbf;22920;39180;271;9;326.8;72.4;2.14;5;01234;1.0;1;IC;;Regensburg;Karlsruhe
817626;88;;IC;IC;Dänische Staatsbahnen;328829;Fredericia st;310614;Flensburg;23400;28380;83;10;112.7;81.4;7.1;10;56;0.2;0;IC;;Fredericia st;Flensburg
817834;46;60;ICE;ICE;DB Fernverkehr AG;668361;Stuttgart Hbf;464157;Basel SBB;63180;73260;168;9;252.4;90.1;2.77;7;0123456;0.778;0;ICE;;Stuttgart;Basel
818177;33;42;ICE;ICE;DB Fernverkehr AG;517455;Köln Hbf;428519;Hamburg Hbf;14100;29880;263;13;403.3;92.0;2.73;1;6;1.0;1;ICE-SPRINTER;SPR-2;Köln;Hamburg
818346;17;;ICE;ICE;Nederlandse Spoorwegen;79866;Amsterdam Centraal;575362;Arnhem Centraal;66780;70320;59;3;90.6;92.2;1.1;5;456;0.0;0;ICE;;Amsterdam;Arnhem Centraal
818681;17;;ICE;ICE;Nederlandse Spoorwegen;575362;Arnhem Centraal;79866;Amsterdam Centraal;77280;80940;61;3;90.6;89.1;1.1;8;123456;0.0;0;ICE;;Arnhem Centraal;Amsterdam
819042;31;11;ICE;ICE;DB Fernverkehr AG;428519;Hamburg Hbf;176697;Frankfurt(Main)Hbf;61980;85440;391;11;717.8;110.1;1.25;3;056;1.0;1;ICE-SPRINTER;SPR-1;Hamburg;Frankfurt
81937;45;25;ICE;ICE;DB Fernverkehr AG;93866;Hannover Hbf;9941;München Hbf;73620;90900;288;8;575.5;119.9;1.04;1;6;1.0;1;ICE;;Hannover;München
81988;33;42;ICE;ICE;DB Fernverkehr AG;9941;München Hbf;428519;Hamburg Hbf;19980;51300;522;17;883.4;101.5;1.7;2;56;1.0;1;ICE;;München;Hamburg
819896;19;24;ICE;ICE;DB Fernverkehr AG;468987;Westerland(Sylt);176697;Frankfurt(Main)Hbf;37500;68880;523;17;649.8;74.5;2.31;1;0;1.0;1;ICE;;Westerland;Frankfurt
82009;89;35;IC;IC;DB Fernverkehr AG;601951;Emden Außenhafen;691821;Düsseldorf Hbf;48360;61980;227;9;274.7;72.6;2.55;2;56;1.0;1;IC;;Emden Außenhafen;Düsseldorf
820457;37;82;ICE;ICE;DB Fernverkehr AG;180380;Saarbrücken Hbf;176697;Frankfurt(Main)Hbf;68400;75780;123;4;182.3;88.9;1.1;10;012346;1.0;1;ICE;;Saarbrücken;Frankfurt
820738;27;57;IC;IC;DB Fernverkehr AG;53188;Leipzig Hbf;129801;Warnemünde;27720;46920;320;8;441.5;82.8;1.36;1;5;1.0;1;IC;;Leipzig;Warnemünde
821165;87;41;ICE;ICE;DB Fernverkehr AG;691821;Düsseldorf Hbf;9941;München Hbf;69480;88200;312;10;533.7;102.6;1.5;2;56;1.0;1;ICE;;Düsseldorf;München
822513;33;42;ICE;ICE;DB Fernverkehr AG;9941;München Hbf;428519;Hamburg Hbf;85260;123300;634;21;926.9;87.7;2.05;1;0;1.0;1;ICE;;München;Hamburg
822536;75;;ECE;ICE;Dänische Staatsbahnen;368193;Padborg st;274287;Koebenhavn H;75780;86280;175;5;276.4;94.8;1.09;3;026;0.0;0;ICE;;Padborg st;København
822561;77;10;ICE;ICE;DB Fernverkehr AG;517455;Köln Hbf;391201;Berlin Südkreuz;18840;37200;306;10;511.6;100.3;1.56;1;0;1.0;1;ICE;;Köln;Berlin
822573;87;41;ICE;ICE;DB Fernverkehr AG;640892;Dortmund Hbf;9941;München Hbf;26340;47520;353;11;605.2;102.9;1.49;4;56;1.0;1;ICE;;Dortmund;München
822845;46;60;ICE;ICE;DB Fernverkehr AG;9941;München Hbf;668361;Stuttgart Hbf;78540;85860;122;5;195.6;96.2;1.53;1;2;1.0;1;ICE;;München;Stuttgart
822852;45;25;ICE;ICE;DB Fernverkehr AG;93866;Hannover Hbf;9941;München Hbf;66420;82380;266;7;537.0;121.1;0.93;2;56;1.0;1;ICE;;Hannover;München
82302;10;20;ICE;ICE;DB Fernverkehr AG;428519;Hamburg Hbf;464157;Basel SBB;37740;62460;412;12;739.7;107.7;1.35;2;56;0.833;0;ICE;;Hamburg;Basel
823270;33;42;ICE;ICE;DB Fernverkehr AG;9941;München Hbf;396514;Hamburg-Altona;34080;66840;546;18;888.2;97.6;1.8;3;234;1.0;1;ICE;;München;Hamburg
823285;57;19;ICE;ICE;DB Fernverkehr AG;391201;Berlin Südkreuz;517455;Köln Hbf;31920;49080;286;7;506.8;106.3;0.99;3;056;1.0;1;ICE;;Berlin;Köln
823416;47;62;ICE;ICE;DB Fernverkehr AG;226858;Darmstadt Hbf;668361;Stuttgart Hbf;66600;71520;82;5;130.7;95.6;2.3;1;5;1.0;1;ICE;;Darmstadt;Stuttgart
823521;88;;IC;IC;Dänische Staatsbahnen;310614;Flensburg;328829;Fredericia st;43380;48600;87;10;112.7;77.7;7.1;31;0123456;0.2;0;IC;;Flensburg;Fredericia st
823945;26;55;IC;IC;DB Fernverkehr AG;635340;Heidelberg Hbf;93866;Hannover Hbf;66240;88020;363;17;489.4;80.9;3.07;1;3;1.0;1;IC;;Heidelberg;Hannover
824055;8;90;EC;IC;DB Fernverkehr AG;9941;München Hbf;552402;Simbach(Inn);66060;71280;87;4;110.3;76.1;1.81;19;01234;1.0;1;IC;;München;Simbach
824625;26;55;IC;IC;DB Fernverkehr AG;635340;Heidelberg Hbf;93866;Hannover Hbf;59040;80400;356;17;489.4;82.5;3.07;2;56;1.0;1;IC;;Heidelberg;Hannover
824723;84;77;ICE;ICE;DB Fernverkehr AG;391201;Berlin Südkreuz;65847;Hengelo;39240;58020;313;8;453.9;87.0;1.32;1;6;0.875;0;ICE;;Berlin;Hengelo
824853;31;11;ICE;ICE;DB Fernverkehr AG;668361;Stuttgart Hbf;127712;Berlin Gesundbrunnen;24540;45780;354;11;622.1;105.4;1.45;10;01234;1.0;1;ICE;;Stuttgart;Berlin
824884;50;61;IC;IC;DB Fernverkehr AG;497089;Karlsruhe Hbf;99055;Nürnberg Hbf;61560;73800;204;11;252.2;74.2;3.57;3;123;1.0;1;IC;;Karlsruhe;Nürnberg
8249;33;42;ICE;ICE;DB Fernverkehr AG;9941;München Hbf;325703;Münster(Westf)Hbf;63060;86040;383;12;634.6;99.4;1.58;1;4;1.0;1;ICE;;München;Münster
825143;37;82;ICE;ICE;DB Fernverkehr AG;176697;Frankfurt(Main)Hbf;180380;Saarbrücken Hbf;21240;28740;125;4;182.3;87.5;1.1;21;01234;1.0;1;ICE;;Frankfurt;Saarbrücken
825416;47;62;ICE;ICE;DB Fernverkehr AG;176697;Frankfurt(Main)Hbf;668361;Stuttgart Hbf;25380;31740;106;5;168.6;95.4;1.78;6;01234;1.0;1;ICE;;Frankfurt;Stuttgart
825849;11;27;ICE;ICE;DB Fernverkehr AG;428519;Hamburg Hbf;613345;Berlin Hbf;69240;77040;130;5;262.9;121.3;1.14;9;0123456;1.0;1;ICE;;Hamburg;Berlin
826377;26;55;IC;IC;DB Fernverkehr AG;640892;Dortmund Hbf;224643;Dresden Hbf;52080;74400;372;16;539.3;87.0;2.6;4;1234;1.0;1;IC;;Dortmund;Dresden
827124;26;55;IC;IC;DB Fernverkehr AG;224643;Dresden Hbf;517455;Köln Hbf;55260;82620;456;19;629.0;82.8;2.7;1;5;1.0;1;IC;;Dresden;Köln
82760;36;43;ICE;ICE;DB Fernverkehr AG;464157;Basel SBB;428519;Hamburg Hbf;47760;76560;480;15;816.0;102.0;1.59;3;15;0.867;0;ICE;;Basel;Hamburg
827982;47;62;ICE;ICE;DB Fernverkehr AG;9941;München Hbf;180380;Saarbrücken Hbf;63960;80160;270;10;406.2;90.3;1.97;10;01234;1.0;1;ICE;;München;Saarbrücken
828416;48;;EC;IC;SBB;63619;St. Margrethen SG;96724;Zürich HB;83400;88080;78;5;91.3;70.2;3.29;4;0126;0.0;0;IC;;St. Margrethen SG;Zürich
828793;94;88;ECE;ICE;DB Fernverkehr AG;9941;München Hbf;167729;Lindau-Reutin;53280;60600;122;4;163.5;80.4;1.22;4;0156;1.0;1;ICE;;München;Lindau-Reutin
829119;53;47;ICE;ICE;DB Fernverkehr AG;9941;München Hbf;575362;Arnhem Centraal;51600;77160;426;13;653.4;92.0;1.68;4;1234;0.846;0;ICE;;München;Arnhem Centraal
829164;9;87;IC;IC;DB Fernverkehr AG;668361;Stuttgart Hbf;391274;Konstanz;76560;85620;151;15;164.6;65.4;7.9;9;0123456;0.933;0;IC;;Stuttgart;Konstanz
829232;84;77;ICE;ICE;DB Fernverkehr AG;79866;Amsterdam Centraal;613345;Berlin Hbf;20700;42300;360;14;604.3;100.7;1.99;2;56;0.571;0;ICE;;Amsterdam;Berlin
829258;77;10;ICE;ICE;DB Fernverkehr AG;391201;Berlin Südkreuz;517455;Köln Hbf;85320;110100;413;15;554.9;80.6;2.34;1;5;1.0;1;ICE;;Berlin;Köln
830028;23;12;ICE;ICE;DB Fernverkehr AG;176697;Frankfurt(Main)Hbf;127712;Berlin Gesundbrunnen;84900;111480;443;10;546.1;74.0;1.46;1;4;1.0;1;ICE;;Frankfurt;Berlin
830070;33;42;ICE;ICE;DB Fernverkehr AG;396514;Hamburg-Altona;668361;Stuttgart Hbf;62760;87060;405;15;704.5;104.4;1.85;10;0123456;1.0;1;ICE;;Hamburg;Stuttgart
830120;33;42;ICE;ICE;DB Fernverkehr AG;9941;München Hbf;325703;Münster(Westf)Hbf;62880;87720;414;11;619.5;89.8;1.45;2;01;1.0;1;ICE;;München;Münster
830162;46;60;ICE;ICE;DB Fernverkehr AG;497089;Karlsruhe Hbf;9941;München Hbf;21600;31680;168;7;273.1;97.5;1.83;1;0;1.0;1;ICE;;Karlsruhe;München
830351;93;96;EC;IC;DB Fernverkehr AG;42071;Rzepin;354957;Frankfurt(Oder);49740;50940;20;3;19.2;57.6;;2;56;0.667;0;IC;;Rzepin;Frankfurt(Oder)
830436;2;56;IC;IC;DB Fernverkehr AG;195950;Norddeich Mole;53188;Leipzig Hbf;27360;52740;423;20;501.3;71.1;3.59;1;5;1.0;1;IC;;Norddeich Mole;Leipzig
831170;14;;EC;IC;ÖBB;63619;St. Margrethen SG;167729;Lindau-Reutin;39060;40080;17;3;15.5;54.9;;5;156;0.333;0;IC;;St. Margrethen SG;Lindau-Reutin
831842;45;25;ICE;ICE;DB Fernverkehr AG;9941;München Hbf;93866;Hannover Hbf;54480;70260;263;7;548.1;125.0;0.91;2;56;1.0;1;ICE;;München;Hannover
832020;45;25;ICE;ICE;DB Fernverkehr AG;9941;München Hbf;9066;Hamburg-Harburg;50760;71040;338;10;692.6;123.0;1.16;2;56;1.0;1;ICE;;München;Hamburg
832026;54;82;ICE;ICE;SNCF;335130;Paris Est;497089;Karlsruhe Hbf;47400;56820;157;4;464.5;177.5;0.43;1;6;0.25;0;ICE;;Paris;Karlsruhe
832719;23;12;ICE;ICE;DB Fernverkehr AG;613345;Berlin Hbf;464157;Basel SBB;59400;85740;439;17;829.6;113.4;1.81;1;3;0.882;0;ICE;;Berlin;Basel
833482;22;;IC;IC;SBB;96724;Zürich HB;556408;Schaffhausen;41820;43980;36;2;36.3;60.4;0.0;14;0123456;0.0;0;IC;;Zürich;Schaffhausen
83351;92;83;ICE;ICE;DB Fernverkehr AG;668361;Stuttgart Hbf;412384;Strasbourg;38580;44160;93;5;134.4;86.7;2.23;3;5;0.6;0;ICE;;Stuttgart;Strasbourg
83359;9;87;IC;IC;DB Fernverkehr AG;556408;Schaffhausen;679686;Singen(Hohentwiel);29760;30540;13;2;17.0;78.4;;21;01234;0.5;0;IC;;Schaffhausen;Singen
833904;2;56;IC;IC;DB Fernverkehr AG;53188;Leipzig Hbf;161450;Emden Hbf;42120;63480;356;18;469.8;79.2;3.41;17;01234;1.0;1;IC;;Leipzig;Emden
833971;17;;ICE;ICE;Nederlandse Spoorwegen;575362;Arnhem Centraal;79866;Amsterdam Centraal;77280;80940;61;3;90.6;89.1;1.1;1;0;0.0;0;ICE;;Arnhem Centraal;Amsterdam
834132;45;25;ICE;ICE;DB Fernverkehr AG;428519;Hamburg Hbf;9941;München Hbf;80880;108900;467;8;660.6;84.9;0.91;1;6;1.0;1;ICE;;Hamburg;München
834870;21;95;EC;IC;PKP Intercity;42071;Rzepin;39653;Warszawa Wschodnia;40320;54900;243;9;430.8;106.4;1.62;8;0123456;0.0;0;IC;;Rzepin;Warszawa
835422;87;41;ICE;ICE;DB Fernverkehr AG;9941;München Hbf;640892;Dortmund Hbf;63960;85440;358;11;601.9;100.9;1.5;2;12;1.0;1;ICE;;München;Dortmund
83573;31;11;ICE;ICE;DB Fernverkehr AG;127712;Berlin Gesundbrunnen;9941;München Hbf;54540;83700;486;15;816.4;100.8;1.59;2;56;1.0;1;ICE;;Berlin;München
835782;27;57;IC;IC;DB Fernverkehr AG;129801;Warnemünde;53188;Leipzig Hbf;48780;65700;282;12;375.5;79.9;2.66;21;01234;1.0;1;IC;;Warnemünde;Leipzig
837259;46;60;ICE;ICE;DB Fernverkehr AG;9941;München Hbf;497089;Karlsruhe Hbf;17940;28320;173;7;273.1;94.7;1.83;6;01234;1.0;1;ICE;;München;Karlsruhe
837292;33;42;ICE;ICE;DB Fernverkehr AG;428519;Hamburg Hbf;176697;Frankfurt(Main)Hbf;81900;111780;498;16;561.3;67.6;2.49;2;01;1.0;1;ICE-SPRINTER;SPR-1;Hamburg;Frankfurt
838723;81;83;ICE;ICE;SNCF;412384;Strasbourg;335130;Paris Est;59460;65760;105;2;395.5;226.0;0.0;11;01234;0.0;0;ICE;;Strasbourg;Paris
838728;93;96;EC;IC;DB Fernverkehr AG;42071;Rzepin;327376;Berlin-Lichtenberg;35340;39720;73;4;92.9;76.4;2.15;2;34;0.75;0;IC;;Rzepin;Berlin
838761;46;60;ICE;ICE;DB Fernverkehr AG;497089;Karlsruhe Hbf;9941;München Hbf;57900;67740;164;8;273.1;99.9;2.2;5;12345;1.0;1;ICE;;Karlsruhe;München
838856;37;82;ICE;ICE;DB Fernverkehr AG;180380;Saarbrücken Hbf;176697;Frankfurt(Main)Hbf;68400;76680;138;4;182.3;79.3;1.1;1;4;1.0;1;ICE;;Saarbrücken;Frankfurt
839476;67;33;ICE;ICE;DB Fernverkehr AG;468987;Westerland(Sylt);691821;Düsseldorf Hbf;49980;76260;438;13;554.6;76.0;1.98;2;56;1.0;1;ICE;;Westerland;Düsseldorf
839695;87;41;ICE;ICE;DB Fernverkehr AG;9941;München Hbf;176697;Frankfurt(Main)Hbf;71100;83100;200;7;342.5;102.8;1.46;1;5;1.0;1;ICE;;München;Frankfurt
840091;1;;IC;IC;PKP Intercity;402680;Swinoujscie;401361;Przemysl Glowny;32760;75300;709;34;907.4;76.8;3.53;8;0123456;0.0;0;IC;;Swinoujscie;Przemysl Glowny
840882;32;18;ICE;ICE;DB Fernverkehr AG;9941;München Hbf;127712;Berlin Gesundbrunnen;83520;110220;445;18;591.7;79.8;2.7;1;0;1.0;1;ICE;;München;Berlin
841054;77;10;ICE;ICE;DB Fernverkehr AG;613345;Berlin Hbf;517455;Köln Hbf;53220;70560;289;11;540.3;112.2;1.67;3;056;1.0;1;ICE;;Berlin;Köln
841055;47;62;ICE;ICE;DB Fernverkehr AG;176697;Frankfurt(Main)Hbf;9941;München Hbf;51060;65460;240;10;352.9;88.2;2.27;3;234;1.0;1;ICE;;Frankfurt;München
841281;32;18;ICE;ICE;DB Fernverkehr AG;127712;Berlin Gesundbrunnen;468987;Westerland(Sylt);29340;48660;322;9;452.4;84.3;1.55;3;056;1.0;1;ICE;;Berlin;Westerland
841291;14;;EC;IC;ÖBB;63619;St. Margrethen SG;167729;Lindau-Reutin;67800;68880;18;3;15.5;51.8;;1;0;0.333;0;IC;;St. Margrethen SG;Lindau-Reutin
841585;54;82;ICE;ICE;SNCF;335130;Paris Est;180380;Saarbrücken Hbf;68760;75420;111;4;341.6;184.6;0.59;5;146;0.5;0;ICE;;Paris;Saarbrücken
841957;46;60;ICE;ICE;DB Fernverkehr AG;9941;München Hbf;497089;Karlsruhe Hbf;61080;71520;174;8;275.2;94.9;2.18;1;5;1.0;1;ICE;;München;Karlsruhe
842233;77;10;ICE;ICE;DB Fernverkehr AG;613345;Berlin Hbf;640892;Dortmund Hbf;31620;45780;236;5;429.7;109.3;0.7;2;06;1.0;1;ICE;;Berlin;Dortmund
842242;37;82;ICE;ICE;DB Fernverkehr AG;176697;Frankfurt(Main)Hbf;180380;Saarbrücken Hbf;20280;28680;140;5;182.3;78.1;1.65;1;5;1.0;1;ICE;;Frankfurt;Saarbrücken
84238;82;95;EC;IC;DB Fernverkehr AG;127712;Berlin Gesundbrunnen;42071;Rzepin;35040;40020;83;5;101.3;73.2;2.96;1;4;0.8;0;IC;;Berlin;Rzepin
842601;87;41;ICE;ICE;DB Fernverkehr AG;9941;München Hbf;176697;Frankfurt(Main)Hbf;74700;88380;228;6;338.7;89.1;1.18;1;1;1.0;1;ICE;;München;Frankfurt
842661;11;27;ICE;ICE;DB Fernverkehr AG;224643;Dresden Hbf;127712;Berlin Gesundbrunnen;75180;81240;101;3;169.5;100.7;0.59;2;01;1.0;1;ICE;;Dresden;Berlin
842803;26;55;IC;IC;DB Fernverkehr AG;635340;Heidelberg Hbf;517455;Köln Hbf;44640;54360;162;6;218.9;81.1;1.83;4;1234;1.0;1;IC;;Heidelberg;Köln
843221;33;42;ICE;ICE;DB Fernverkehr AG;396514;Hamburg-Altona;176697;Frankfurt(Main)Hbf;78300;111780;558;18;568.9;61.2;2.81;1;3;1.0;1;ICE-SPRINTER;SPR-1;Hamburg;Frankfurt
843918;14;;EC;IC;ÖBB;167729;Lindau-Reutin;63619;St. Margrethen SG;82320;83340;17;3;15.5;54.9;;1;3;0.333;0;IC;;Lindau-Reutin;St. Margrethen SG
844154;59;85;ECE;ICE;DB Fernverkehr AG;297876;Basel Bad Bf;176697;Frankfurt(Main)Hbf;57300;67440;169;6;299.5;106.3;1.34;4;56;0.833;0;ICE;;Basel;Frankfurt
844172;42;22;ICE;ICE;DB Fernverkehr AG;668361;Stuttgart Hbf;659783;Kiel Hbf;33780;56400;377;11;670.3;106.7;1.34;2;56;1.0;1;ICE;;Stuttgart;Kiel
844182;50;61;IC;IC;DB Fernverkehr AG;90261;Regensburg Hbf;668361;Stuttgart Hbf;22920;36180;221;8;270.8;73.5;2.22;2;56;1.0;1;IC;;Regensburg;Stuttgart
844353;36;43;ICE;ICE;DB Fernverkehr AG;396514;Hamburg-Altona;598255;Offenburg;51960;77700;429;17;733.0;102.5;2.05;3;456;1.0;1;ICE;;Hamburg;Offenburg
844395;90;45;ICE;ICE;DB Fernverkehr AG;517455;Köln Hbf;668361;Stuttgart Hbf;21660;32640;183;8;299.9;98.3;2.0;1;4;1.0;1;ICE;;Köln;Stuttgart
844625;45;25;ICE;ICE;DB Fernverkehr AG;9941;München Hbf;428519;Hamburg Hbf;43560;64620;351;12;703.8;120.3;1.42;7;0123456;1.0;1;ICE;;München;Hamburg
845246;77;10;ICE;ICE;DB Fernverkehr AG;691821;Düsseldorf Hbf;391201;Berlin Südkreuz;71400;88140;279;14;509.9;109.7;2.35;3;012;1.0;1;ICE;;Düsseldorf;Berlin
845382;48;;EC;IC;SBB;96724;Zürich HB;63619;St. Margrethen SG;48720;53340;77;5;91.3;71.2;3.29;1;0;0.0;0;IC;;Zürich;St. Margrethen SG
846151;87;41;ICE;ICE;DB Fernverkehr AG;517455;Köln Hbf;9941;München Hbf;12060;30180;302;12;503.4;100.0;1.99;2;56;1.0;1;ICE;;Köln;München
846217;47;62;ICE;ICE;DB Fernverkehr AG;695368;Salzburg Hbf;176697;Frankfurt(Main)Hbf;36000;56640;344;14;475.9;83.0;2.52;2;56;0.929;0;ICE;;Salzburg;Frankfurt
84657;10;20;ICE;ICE;DB Fernverkehr AG;428519;Hamburg Hbf;464157;Basel SBB;66540;90840;405;12;739.7;109.6;1.35;1;5;0.833;0;ICE;;Hamburg;Basel
846711;68;91;ICE;ICE;DB Fernverkehr AG;99055;Nürnberg Hbf;640892;Dortmund Hbf;70320;92100;363;15;471.4;77.9;2.76;4;0126;1.0;1;ICE;;Nürnberg;Dortmund
846775;77;10;ICE;ICE;DB Fernverkehr AG;691821;Düsseldorf Hbf;391201;Berlin Südkreuz;21000;37200;270;13;508.0;112.9;2.17;2;05;1.0;1;ICE;;Düsseldorf;Berlin
846828;23;12;ICE;ICE;DB Fernverkehr AG;613345;Berlin Hbf;464157;Basel SBB;52620;78480;431;16;829.5;115.5;1.69;1;0;0.875;0;ICE;;Berlin;Basel
847035;26;55;IC;IC;DB Fernverkehr AG;53188;Leipzig Hbf;93866;Hannover Hbf;24000;33780;163;7;242.2;89.2;2.06;2;56;1.0;1;IC;;Leipzig;Hannover
847044;32;18;ICE;ICE;DB Fernverkehr AG;391201;Berlin Südkreuz;396514;Hamburg-Altona;21480;30120;144;7;273.2;113.8;1.83;6;56;1.0;1;ICE;;Berlin;Hamburg
847148;62;13;ICE;ICE;DB Fernverkehr AG;337692;Berlin-Charlottenburg;497089;Karlsruhe Hbf;41280;61500;337;15;651.1;115.9;2.0;6;01234;1.0;1;ICE;;Berlin;Karlsruhe
847289;55;;RJ;SONSTIGE;Ceske Drahy;57233;Breclav;26993;Decin hl.n.;51120;68220;285;7;362.1;76.2;1.38;13;136;0.0;0;SONSTIGE;;Breclav;Decin hl.n.
847293;57;19;ICE;ICE;DB Fernverkehr AG;517455;Köln Hbf;391201;Berlin Südkreuz;55740;75840;335;7;506.8;90.8;0.99;2;56;1.0;1;ICE;;Köln;Berlin
847555;77;10;ICE;ICE;DB Fernverkehr AG;391201;Berlin Südkreuz;691821;Düsseldorf Hbf;15480;33120;294;15;514.9;105.1;2.52;13;012345;1.0;1;ICE;;Berlin;Düsseldorf
847629;40;78;ICE;ICE;DB Fernverkehr AG;176697;Frankfurt(Main)Hbf;575362;Arnhem Centraal;48840;59160;172;9;310.4;108.3;2.26;17;0123456;0.778;0;ICE;;Frankfurt;Arnhem Centraal
847868;12;29;ICE;ICE;DB Fernverkehr AG;99055;Nürnberg Hbf;127712;Berlin Gesundbrunnen;77760;88380;177;6;410.8;139.2;0.97;9;0123456;1.0;1;ICE-SPRINTER;SPR-4;Nürnberg;Berlin
848083;10;20;ICE;ICE;DB Fernverkehr AG;464157;Basel SBB;428519;Hamburg Hbf;38760;62940;403;12;739.7;110.1;1.35;4;56;0.833;0;ICE;;Basel;Hamburg
848160;94;88;ECE;ICE;DB Fernverkehr AG;167729;Lindau-Reutin;9941;München Hbf;40200;47760;126;4;163.5;77.9;1.22;8;01234;1.0;1;ICE;;Lindau-Reutin;München
848295;22;;IC;IC;SBB;96724;Zürich HB;556408;Schaffhausen;41820;43980;36;2;36.3;60.4;0.0;3;456;0.0;0;IC;;Zürich;Schaffhausen
84898;42;22;ICE;ICE;DB Fernverkehr AG;668361;Stuttgart Hbf;659783;Kiel Hbf;40920;66540;427;10;670.1;94.2;1.19;7;0123456;1.0;1;ICE;;Stuttgart;Kiel
849271;9;87;IC;IC;DB Fernverkehr AG;266187;Tuttlingen;556408;Schaffhausen;43260;45900;44;3;41.8;57.1;2.39;3;234;0.667;0;IC;;Tuttlingen;Schaffhausen
849620;22;;IC;IC;SBB;556408;Schaffhausen;96724;Zürich HB;42420;44580;36;2;36.3;60.4;0.0;8;56;0.0;0;IC;;Schaffhausen;Zürich
849852;33;42;ICE;ICE;DB Fernverkehr AG;396514;Hamburg-Altona;9941;München Hbf;55560;88140;543;19;888.6;98.2;1.91;11;0123456;1.0;1;ICE;;Hamburg;München
850001;22;;IC;IC;SBB;556408;Schaffhausen;96724;Zürich HB;38820;40980;36;2;36.3;60.4;0.0;2;23;0.0;0;IC;;Schaffhausen;Zürich
850380;46;60;ICE;ICE;DB Fernverkehr AG;464157;Basel SBB;9941;München Hbf;21000;38940;299;13;450.2;90.3;2.44;1;5;0.846;0;ICE;;Basel;München
851522;25;;RJ;SONSTIGE;MAV;619325;Budapest-Nyugati;269485;Sturovo;27000;30780;63;6;65.8;62.6;6.08;26;123456;0.0;0;SONSTIGE;;Budapest;Sturovo
85168;82;95;EC;IC;DB Fernverkehr AG;42071;Rzepin;354957;Frankfurt(Oder);67800;68940;19;3;19.2;60.7;;2;56;0.667;0;IC;;Rzepin;Frankfurt(Oder)
851807;68;91;ICE;ICE;DB Fernverkehr AG;99055;Nürnberg Hbf;640892;Dortmund Hbf;63120;85980;381;13;464.5;73.1;2.37;2;34;1.0;1;ICE;;Nürnberg;Dortmund
852001;48;;EC;IC;SBB;63619;St. Margrethen SG;96724;Zürich HB;47400;52080;78;5;91.3;70.2;3.29;4;0156;0.0;0;IC;;St. Margrethen SG;Zürich
852402;57;19;ICE;ICE;DB Fernverkehr AG;391201;Berlin Südkreuz;517455;Köln Hbf;39120;56280;286;7;506.8;106.3;0.99;3;056;1.0;1;ICE;;Berlin;Köln
852522;37;82;ICE;ICE;DB Fernverkehr AG;180380;Saarbrücken Hbf;176697;Frankfurt(Main)Hbf;75540;82980;124;4;182.3;88.2;1.1;11;012346;1.0;1;ICE;;Saarbrücken;Frankfurt
853453;3;26;ICE;ICE;DB Fernverkehr AG;477761;Bremen Hbf;635340;Heidelberg Hbf;47700;67080;323;14;476.4;88.5;2.52;1;6;1.0;1;ICE;;Bremen;Heidelberg
85388;33;42;ICE;ICE;DB Fernverkehr AG;9941;München Hbf;396514;Hamburg-Altona;60;37140;618;22;918.8;89.2;2.18;1;6;1.0;1;ICE;;München;Hamburg
854046;26;55;IC;IC;DB Fernverkehr AG;517455;Köln Hbf;635340;Heidelberg Hbf;31980;41640;161;6;218.9;81.6;1.83;2;06;1.0;1;IC;;Köln;Heidelberg
85415;26;55;IC;IC;DB Fernverkehr AG;635340;Heidelberg Hbf;224643;Dresden Hbf;37440;74400;616;26;839.1;81.7;2.86;1;6;1.0;1;IC;;Heidelberg;Dresden
854172;31;11;ICE;ICE;DB Fernverkehr AG;9941;München Hbf;53188;Leipzig Hbf;67500;90540;384;11;665.1;103.9;1.35;9;01236;1.0;1;ICE;;München;Leipzig
85433;45;25;ICE;ICE;DB Fernverkehr AG;331094;Hamburg Dammtor;9941;München Hbf;42780;65700;382;11;691.3;108.6;1.3;2;01;1.0;1;ICE;;Hamburg;München
854579;12;29;ICE;ICE;DB Fernverkehr AG;99055;Nürnberg Hbf;127712;Berlin Gesundbrunnen;77760;89760;200;7;411.9;123.6;1.21;1;0;1.0;1;ICE-SPRINTER;SPR-4;Nürnberg;Berlin
854892;42;22;ICE;ICE;DB Fernverkehr AG;428519;Hamburg Hbf;668361;Stuttgart Hbf;19740;38280;309;9;604.7;117.4;1.16;2;56;1.0;1;ICE;;Hamburg;Stuttgart
854986;87;41;ICE;ICE;DB Fernverkehr AG;691821;Düsseldorf Hbf;9941;München Hbf;55200;72780;293;9;533.0;109.2;1.31;4;56;1.0;1;ICE;;Düsseldorf;München
854994;45;25;ICE;ICE;DB Fernverkehr AG;9066;Hamburg-Harburg;9941;München Hbf;65580;87060;358;9;679.1;113.8;1.03;1;2;1.0;1;ICE;;Hamburg;München
855817;75;;ECE;ICE;Dänische Staatsbahnen;274287;Koebenhavn H;368193;Padborg st;58920;68220;155;5;276.4;107.0;1.09;15;0123456;0.0;0;ICE;;København;Padborg st
856103;8;90;EC;IC;DB Fernverkehr AG;9941;München Hbf;552402;Simbach(Inn);51660;56880;87;4;110.3;76.1;1.81;10;56;1.0;1;IC;;München;Simbach
856282;9;87;IC;IC;DB Fernverkehr AG;556408;Schaffhausen;679686;Singen(Hohentwiel);44160;44940;13;2;17.0;78.4;;2;56;0.5;0;IC;;Schaffhausen;Singen
856708;47;62;ICE;ICE;DB Fernverkehr AG;668361;Stuttgart Hbf;176697;Frankfurt(Main)Hbf;21900;27840;99;5;156.5;94.8;1.92;4;56;1.0;1;ICE;;Stuttgart;Frankfurt
857321;65;97;EC;IC;DB Fernverkehr AG;262513;Horka(Gr);53188;Leipzig Hbf;39180;47040;131;6;193.7;88.7;2.07;8;0123456;0.833;0;IC;;Horka;Leipzig
857351;72;;ICE;ICE;SBB;96724;Zürich HB;464157;Basel SBB;28740;31920;53;2;73.9;83.7;0.0;13;012346;0.0;0;ICE;;Zürich;Basel
857442;62;13;ICE;ICE;DB Fernverkehr AG;337692;Berlin-Charlottenburg;176697;Frankfurt(Main)Hbf;62880;78000;252;10;525.1;125.0;1.52;3;056;1.0;1;ICE-SPRINTER;SPR-5;Berlin;Frankfurt
858451;77;10;ICE;ICE;DB Fernverkehr AG;691821;Düsseldorf Hbf;391201;Berlin Südkreuz;64200;80400;270;12;508.4;113.0;1.97;16;0123456;1.0;1;ICE;;Düsseldorf;Berlin
85868;67;33;ICE;ICE;DB Fernverkehr AG;468987;Westerland(Sylt);517455;Köln Hbf;33780;62160;473;15;585.4;74.3;2.22;2;56;1.0;1;ICE;;Westerland;Köln
859109;50;61;IC;IC;DB Fernverkehr AG;99055;Nürnberg Hbf;497089;Karlsruhe Hbf;63600;75240;194;8;238.6;73.8;2.51;10;0123456;1.0;1;IC;;Nürnberg;Karlsruhe
859119;78;15;ICE;ICE;DB Fernverkehr AG;552264;Ostseebad Binz;176697;Frankfurt(Main)Hbf;48240;75360;452;14;693.1;92.0;1.73;2;25;1.0;1;ICE;;Ostseebad Binz;Frankfurt
859162;91;79;ICE;ICE;DB Fernverkehr AG;517455;Köln Hbf;164260;Antwerpen Centraal;22260;32280;167;7;223.2;80.2;2.24;10;01234;0.429;0;ICE;;Köln;Antwerpen Centraal
859276;17;;ICE;ICE;Nederlandse Spoorwegen;575362;Arnhem Centraal;79866;Amsterdam Centraal;73680;77340;61;3;90.6;89.1;1.1;8;0123456;0.0;0;ICE;;Arnhem Centraal;Amsterdam
8593;57;19;ICE;ICE;DB Fernverkehr AG;517455;Köln Hbf;391201;Berlin Südkreuz;13980;32640;311;7;506.8;97.8;0.99;1;0;1.0;1;ICE;;Köln;Berlin
859370;17;;ICE;ICE;Nederlandse Spoorwegen;79866;Amsterdam Centraal;65847;Hengelo;36000;42660;111;6;139.3;75.3;2.87;3;4;0.0;0;ICE;;Amsterdam;Hengelo
859410;8;90;EC;IC;DB Fernverkehr AG;9941;München Hbf;552402;Simbach(Inn);51660;56880;87;4;110.3;76.1;1.81;20;01234;1.0;1;IC;;München;Simbach
859422;33;42;ICE;ICE;DB Fernverkehr AG;9941;München Hbf;325703;Münster(Westf)Hbf;62880;85860;383;13;643.2;100.8;1.71;1;0;1.0;1;ICE;;München;Münster
859677;10;20;ICE;ICE;DB Fernverkehr AG;331094;Hamburg Dammtor;497089;Karlsruhe Hbf;37260;55380;302;9;567.6;112.8;1.23;2;56;1.0;1;ICE;;Hamburg;Karlsruhe
859823;53;47;ICE;ICE;DB Fernverkehr AG;267257;Essen Hbf;9941;München Hbf;49260;70860;360;11;576.1;96.0;1.56;1;0;1.0;1;ICE;;Essen;München
859870;1;;IC;IC;PKP Intercity;402680;Swinoujscie;325087;Chelm;77580;120600;717;40;866.6;72.5;4.39;1;5;0.0;0;IC;;Swinoujscie;Chelm
860413;72;;ICE;ICE;SBB;480653;Interlaken Ost;464157;Basel SBB;39540;46800;121;8;138.9;68.9;4.32;2;56;0.0;0;ICE;;Interlaken Ost;Basel
860585;47;62;ICE;ICE;DB Fernverkehr AG;325703;Münster(Westf)Hbf;695368;Salzburg Hbf;22680;57540;581;19;772.4;79.8;2.2;2;56;0.947;0;ICE;;Münster;Salzburg
86061;48;;EC;IC;SBB;63619;St. Margrethen SG;96724;Zürich HB;69000;73680;78;5;91.3;70.2;3.29;7;013456;0.0;0;IC;;St. Margrethen SG;Zürich
861216;31;11;ICE;ICE;DB Fernverkehr AG;127712;Berlin Gesundbrunnen;9941;München Hbf;76680;113100;607;17;828.9;81.9;1.81;1;1;1.0;1;ICE;;Berlin;München
8619;17;;ICE;ICE;Nederlandse Spoorwegen;65847;Hengelo;79866;Amsterdam Centraal;65340;71940;110;6;139.3;76.0;2.87;2;56;0.0;0;ICE;;Hengelo;Amsterdam
862274;68;91;ICE;ICE;DB Fernverkehr AG;640892;Dortmund Hbf;99055;Nürnberg Hbf;16500;39960;391;10;443.7;68.1;1.8;1;4;1.0;1;ICE;;Dortmund;Nürnberg
862468;36;43;ICE;ICE;DB Fernverkehr AG;598255;Offenburg;396514;Hamburg-Altona;37500;63240;429;16;732.2;102.4;1.91;2;56;1.0;1;ICE;;Offenburg;Hamburg
862783;45;25;ICE;ICE;DB Fernverkehr AG;331094;Hamburg Dammtor;9941;München Hbf;67980;89400;357;11;704.1;118.3;1.28;1;6;1.0;1;ICE;;Hamburg;München
863552;46;60;ICE;ICE;DB Fernverkehr AG;297876;Basel Bad Bf;668361;Stuttgart Hbf;30660;39780;152;6;236.5;93.3;1.69;3;123;0.833;0;ICE;;Basel;Stuttgart
863857;82;95;EC;IC;DB Fernverkehr AG;127712;Berlin Gesundbrunnen;42071;Rzepin;78660;84480;97;5;101.3;62.7;2.96;1;0;0.8;0;IC;;Berlin;Rzepin
864028;76;51;IC;IC;DB Fernverkehr AG;19112;Kassel-Wilhelmshöhe;197934;Gera Hbf;24480;35700;187;11;211.8;68.0;4.25;25;012345;1.0;1;IC;;Kassel-Wilhelmshöhe;Gera
864392;9;87;IC;IC;DB Fernverkehr AG;556408;Schaffhausen;679686;Singen(Hohentwiel);69360;70200;14;2;17.0;72.8;;2;56;0.5;0;IC;;Schaffhausen;Singen
864407;10;20;ICE;ICE;DB Fernverkehr AG;331094;Hamburg Dammtor;464157;Basel SBB;66060;90600;409;13;741.2;108.7;1.48;3;345;0.846;0;ICE;;Hamburg;Basel
864816;31;11;ICE;ICE;DB Fernverkehr AG;668361;Stuttgart Hbf;127712;Berlin Gesundbrunnen;24540;45780;354;11;622.1;105.4;1.45;8;0123456;1.0;1;ICE;;Stuttgart;Berlin
865296;26;55;IC;IC;DB Fernverkehr AG;224643;Dresden Hbf;517455;Köln Hbf;55320;81900;443;21;620.3;84.0;3.06;13;0123456;1.0;1;IC;;Dresden;Köln
866101;21;95;EC;IC;PKP Intercity;39653;Warszawa Wschodnia;42071;Rzepin;24540;38940;240;9;430.8;107.7;1.62;23;0123456;0.0;0;IC;;Warszawa;Rzepin
866219;77;10;ICE;ICE;DB Fernverkehr AG;517455;Köln Hbf;391201;Berlin Südkreuz;84420;109080;411;13;545.3;79.6;2.02;1;4;1.0;1;ICE;;Köln;Berlin
866220;26;55;IC;IC;DB Fernverkehr AG;325703;Münster(Westf)Hbf;497089;Karlsruhe Hbf;18120;36720;310;14;401.9;77.8;2.99;8;0123456;1.0;1;IC;;Münster;Karlsruhe
866570;17;;ICE;ICE;Nederlandse Spoorwegen;65847;Hengelo;79866;Amsterdam Centraal;72540;79260;112;6;139.3;74.6;2.87;1;0;0.0;0;ICE;;Hengelo;Amsterdam
8668;62;13;ICE;ICE;DB Fernverkehr AG;497089;Karlsruhe Hbf;337692;Berlin-Charlottenburg;52800;73800;350;14;651.7;111.7;1.84;3;056;1.0;1;ICE;;Karlsruhe;Berlin
866869;47;62;ICE;ICE;DB Fernverkehr AG;325703;Münster(Westf)Hbf;695368;Salzburg Hbf;23400;57540;569;20;772.5;81.5;2.33;2;56;0.95;0;ICE;;Münster;Salzburg
867086;68;91;ICE;ICE;DB Fernverkehr AG;640892;Dortmund Hbf;99055;Nürnberg Hbf;42660;66600;399;11;445.4;67.0;2.02;5;01234;1.0;1;ICE;;Dortmund;Nürnberg
867530;17;;ICE;ICE;Nederlandse Spoorwegen;65847;Hengelo;79866;Amsterdam Centraal;43740;50460;112;6;139.3;74.6;2.87;3;123;0.0;0;ICE;;Hengelo;Amsterdam
867852;77;10;ICE;ICE;DB Fernverkehr AG;613345;Berlin Hbf;517455;Köln Hbf;67620;87360;329;11;540.3;98.5;1.67;1;1;1.0;1;ICE;;Berlin;Köln
867954;61;1;ICE;ICE;DB Fernverkehr AG;691821;Düsseldorf Hbf;157968;Rostock Hbf;59280;79080;330;8;521.3;94.8;1.15;5;01234;1.0;1;ICE;;Düsseldorf;Rostock
868155;62;13;ICE;ICE;DB Fernverkehr AG;497089;Karlsruhe Hbf;337692;Berlin-Charlottenburg;38400;59460;351;15;645.6;110.4;2.01;3;56;1.0;1;ICE;;Karlsruhe;Berlin
868277;9;87;IC;IC;DB Fernverkehr AG;398625;Oberndorf(Neckar);668361;Stuttgart Hbf;70320;74580;71;5;71.0;60.0;4.22;5;23456;1.0;1;IC;;Oberndorf;Stuttgart
868771;82;95;EC;IC;DB Fernverkehr AG;327376;Berlin-Lichtenberg;42071;Rzepin;50220;54420;70;4;92.9;79.7;2.15;2;34;0.75;0;IC;;Berlin;Rzepin
868853;9;87;IC;IC;DB Fernverkehr AG;679686;Singen(Hohentwiel);556408;Schaffhausen;52320;53100;13;2;17.0;78.4;;2;56;0.5;0;IC;;Singen;Schaffhausen
868909;68;91;ICE;ICE;DB Fernverkehr AG;640892;Dortmund Hbf;99055;Nürnberg Hbf;37440;59400;366;11;458.1;75.1;1.96;3;05;1.0;1;ICE;;Dortmund;Nürnberg
869148;78;15;ICE;ICE;DB Fernverkehr AG;226858;Darmstadt Hbf;552264;Ostseebad Binz;23820;52140;472;11;695.9;88.5;1.29;1;5;1.0;1;ICE;;Darmstadt;Ostseebad Binz
869367;10;20;ICE;ICE;DB Fernverkehr AG;497089;Karlsruhe Hbf;428519;Hamburg Hbf;67020;84540;292;8;566.2;116.3;1.06;2;56;1.0;1;ICE;;Karlsruhe;Hamburg
869402;36;43;ICE;ICE;DB Fernverkehr AG;517455;Köln Hbf;396514;Hamburg-Altona;18660;34440;263;11;396.2;90.4;2.27;17;0123456;1.0;1;ICE-SPRINTER;SPR-2;Köln;Hamburg
86971;87;41;ICE;ICE;DB Fernverkehr AG;691821;Düsseldorf Hbf;9941;München Hbf;37140;54720;293;8;532.9;109.1;1.13;4;56;1.0;1;ICE;;Düsseldorf;München
870079;90;45;ICE;ICE;DB Fernverkehr AG;668361;Stuttgart Hbf;517455;Köln Hbf;52440;65280;214;11;303.7;85.2;2.96;21;01234;1.0;1;ICE;;Stuttgart;Köln
870116;10;20;ICE;ICE;DB Fernverkehr AG;331094;Hamburg Dammtor;464157;Basel SBB;44460;69660;420;13;741.2;105.9;1.48;2;56;0.846;0;ICE;;Hamburg;Basel
870327;87;41;ICE;ICE;DB Fernverkehr AG;9941;München Hbf;691821;Düsseldorf Hbf;24240;41820;293;8;530.4;108.6;1.13;13;0123456;1.0;1;ICE;;München;Düsseldorf
870433;3;26;ICE;ICE;DB Fernverkehr AG;477761;Bremen Hbf;176697;Frankfurt(Main)Hbf;62100;77520;257;10;397.7;92.8;2.01;17;01234;1.0;1;ICE;;Bremen;Frankfurt
870553;45;25;ICE;ICE;DB Fernverkehr AG;9941;München Hbf;428519;Hamburg Hbf;80340;112680;539;11;682.9;76.0;1.32;1;5;1.0;1;ICE;;München;Hamburg
871079;33;42;ICE;ICE;DB Fernverkehr AG;9941;München Hbf;517455;Köln Hbf;70080;89040;316;8;488.0;92.7;1.23;1;5;1.0;1;ICE;;München;Köln
871413;87;41;ICE;ICE;DB Fernverkehr AG;9941;München Hbf;691821;Düsseldorf Hbf;27720;45600;298;9;533.0;107.3;1.31;4;56;1.0;1;ICE;;München;Düsseldorf
871990;62;13;ICE;ICE;DB Fernverkehr AG;38672;Frankfurt(M) Flughafen Fernbf;337692;Berlin-Charlottenburg;36540;52260;262;11;534.0;122.3;1.69;3;056;1.0;1;ICE-SPRINTER;SPR-5;Frankfurt;Berlin
872405;45;25;ICE;ICE;DB Fernverkehr AG;331094;Hamburg Dammtor;9941;München Hbf;80400;109680;488;12;695.5;85.5;1.44;1;5;1.0;1;ICE;;Hamburg;München
872676;87;41;ICE;ICE;DB Fernverkehr AG;9941;München Hbf;640892;Dortmund Hbf;53100;75420;372;9;572.2;92.3;1.22;4;0156;1.0;1;ICE;;München;Dortmund
872785;68;91;ICE;ICE;DB Fernverkehr AG;99055;Nürnberg Hbf;640892;Dortmund Hbf;70260;92640;373;14;470.8;75.7;2.55;1;3;1.0;1;ICE;;Nürnberg;Dortmund
872790;77;10;ICE;ICE;DB Fernverkehr AG;613345;Berlin Hbf;517455;Köln Hbf;67620;85920;305;10;529.4;104.1;1.51;1;4;1.0;1;ICE;;Berlin;Köln
872810;22;;IC;IC;SBB;96724;Zürich HB;556408;Schaffhausen;56220;58380;36;2;36.3;60.4;0.0;8;56;0.0;0;IC;;Zürich;Schaffhausen
873072;26;55;IC;IC;DB Fernverkehr AG;93866;Hannover Hbf;224643;Dresden Hbf;23820;38280;241;11;349.9;87.1;2.57;4;5;1.0;1;IC;;Hannover;Dresden
873302;62;13;ICE;ICE;DB Fernverkehr AG;497089;Karlsruhe Hbf;337692;Berlin-Charlottenburg;38400;59460;351;16;654.0;111.8;2.14;3;056;1.0;1;ICE;;Karlsruhe;Berlin
873351;45;25;ICE;ICE;DB Fernverkehr AG;9941;München Hbf;9066;Hamburg-Harburg;65460;86520;351;10;692.6;118.4;1.16;1;6;1.0;1;ICE;;München;Hamburg
873398;62;13;ICE;ICE;DB Fernverkehr AG;38672;Frankfurt(M) Flughafen Fernbf;446029;Stralsund Hbf;50940;78000;451;19;769.2;102.3;2.21;3;6;1.0;1;ICE;;Frankfurt;Stralsund
873955;79;4;ICE;ICE;DB Fernverkehr AG;428519;Hamburg Hbf;667068;Frankfurt(M) Flughafen Regionalbf;51780;65940;236;4;404.3;102.8;0.49;2;56;1.0;1;ICE-SPRINTER;SPR-1;Hamburg;Frankfurt
87399;23;12;ICE;ICE;DB Fernverkehr AG;464157;Basel SBB;613345;Berlin Hbf;44160;70380;437;16;829.5;113.9;1.69;23;0123456;0.875;0;ICE;;Basel;Berlin
874968;45;25;ICE;ICE;DB Fernverkehr AG;9941;München Hbf;428519;Hamburg Hbf;40320;61020;345;10;702.7;122.2;1.14;16;01234;1.0;1;ICE;;München;Hamburg
875229;31;11;ICE;ICE;DB Fernverkehr AG;9941;München Hbf;416646;Erfurt Hbf;67620;88020;340;9;560.8;99.0;1.25;1;5;1.0;1;ICE;;München;Erfurt
87564;45;25;ICE;ICE;DB Fernverkehr AG;331094;Hamburg Dammtor;9941;München Hbf;80400;108600;470;9;662.1;84.5;1.06;1;1;1.0;1;ICE;;Hamburg;München
876028;36;43;ICE;ICE;DB Fernverkehr AG;464157;Basel SBB;428519;Hamburg Hbf;18960;47760;480;15;816.0;102.0;1.59;1;6;0.867;0;ICE;;Basel;Hamburg
876640;53;47;ICE;ICE;DB Fernverkehr AG;517455;Köln Hbf;9941;München Hbf;19500;34800;255;8;503.5;118.5;1.19;12;01234;1.0;1;ICE;;Köln;München
876784;45;25;ICE;ICE;DB Fernverkehr AG;9066;Hamburg-Harburg;9941;München Hbf;22380;42600;337;10;692.6;123.3;1.16;3;056;1.0;1;ICE;;Hamburg;München
877387;40;78;ICE;ICE;DB Fernverkehr AG;575362;Arnhem Centraal;176697;Frankfurt(Main)Hbf;70440;82440;200;9;309.8;92.9;2.26;1;6;0.778;0;ICE;;Arnhem Centraal;Frankfurt
877872;23;12;ICE;ICE;DB Fernverkehr AG;176697;Frankfurt(Main)Hbf;127712;Berlin Gesundbrunnen;84900;111240;439;10;561.0;76.7;1.43;3;012;1.0;1;ICE-SPRINTER;SPR-5;Frankfurt;Berlin
878369;42;22;ICE;ICE;DB Fernverkehr AG;668361;Stuttgart Hbf;659783;Kiel Hbf;40980;63600;377;11;670.3;106.7;1.34;2;56;1.0;1;ICE;;Stuttgart;Kiel
878379;69;;EC;IC;Ceske Drahy;26993;Decin hl.n.;653775;Praha hl.n.;28620;33900;88;4;87.0;59.3;2.3;2;6;0.0;0;IC;;Decin hl.n.;Praha
878730;49;;EC;IC;MAV;655579;Hegyeshalom(Gr);442631;Hegyeshalom;26520;26700;3;2;4.6;91.4;;31;0123456;0.0;0;IC;;Hegyeshalom;Hegyeshalom
879171;6;;RJ;SONSTIGE;ÖBB;21642;Feldkirch;565099;Kufstein;31800;45060;221;13;212.1;57.6;5.19;5;5;0.0;0;SONSTIGE;;Feldkirch;Kufstein
879450;2;56;IC;IC;DB Fernverkehr AG;337692;Berlin-Charlottenburg;195950;Norddeich Mole;23340;51600;471;22;516.1;65.8;3.87;2;56;1.0;1;IC;;Berlin;Norddeich Mole
880244;87;41;ICE;ICE;DB Fernverkehr AG;691821;Düsseldorf Hbf;9941;München Hbf;66060;83700;294;9;533.6;108.9;1.31;2;5;1.0;1;ICE;;Düsseldorf;München
880357;87;41;ICE;ICE;DB Fernverkehr AG;517455;Köln Hbf;9941;München Hbf;12060;31380;322;12;529.9;98.7;1.89;1;6;1.0;1;ICE;;Köln;München
880598;26;55;IC;IC;DB Fernverkehr AG;635340;Heidelberg Hbf;224643;Dresden Hbf;30240;67080;614;26;839.1;82.0;2.86;2;56;1.0;1;IC;;Heidelberg;Dresden
881104;42;22;ICE;ICE;DB Fernverkehr AG;668361;Stuttgart Hbf;659783;Kiel Hbf;48180;70800;377;12;691.8;110.1;1.45;2;56;1.0;1;ICE;;Stuttgart;Kiel
881435;94;88;ECE;ICE;DB Fernverkehr AG;9941;München Hbf;167729;Lindau-Reutin;66720;75000;138;4;163.5;71.1;1.22;3;123;1.0;1;ICE;;München;Lindau-Reutin
881530;10;20;ICE;ICE;DB Fernverkehr AG;331094;Hamburg Dammtor;464157;Basel SBB;66060;91380;422;13;744.0;105.8;1.48;1;3;0.846;0;ICE;;Hamburg;Basel
881944;38;28;ICE;ICE;DB Fernverkehr AG;396514;Hamburg-Altona;9941;München Hbf;51480;76200;412;13;836.7;121.9;1.31;22;0123456;1.0;1;ICE;;Hamburg;München
883028;87;41;ICE;ICE;DB Fernverkehr AG;9941;München Hbf;640892;Dortmund Hbf;53100;75420;372;9;572.2;92.3;1.22;8;01234;1.0;1;ICE;;München;Dortmund
883159;62;13;ICE;ICE;DB Fernverkehr AG;127712;Berlin Gesundbrunnen;38672;Frankfurt(M) Flughafen Fernbf;33480;49920;274;10;537.4;117.7;1.49;4;0123;1.0;1;ICE-SPRINTER;SPR-5;Berlin;Frankfurt
883185;36;43;ICE;ICE;DB Fernverkehr AG;464157;Basel SBB;428519;Hamburg Hbf;33360;62160;480;15;816.0;102.0;1.59;1;5;0.867;0;ICE;;Basel;Hamburg
883258;93;96;EC;IC;DB Fernverkehr AG;327376;Berlin-Lichtenberg;42071;Rzepin;32280;36540;71;4;92.9;78.5;2.15;1;3;0.75;0;IC;;Berlin;Rzepin
883878;78;15;ICE;ICE;DB Fernverkehr AG;552264;Ostseebad Binz;391201;Berlin Südkreuz;33300;47400;235;12;272.1;69.5;3.67;6;56;1.0;1;ICE;;Ostseebad Binz;Berlin
884060;31;11;ICE;ICE;DB Fernverkehr AG;428519;Hamburg Hbf;668361;Stuttgart Hbf;54780;83460;478;13;882.0;110.7;1.25;3;056;1.0;1;ICE;;Hamburg;Stuttgart
884106;26;55;IC;IC;DB Fernverkehr AG;635340;Heidelberg Hbf;224643;Dresden Hbf;44640;81480;614;26;839.1;82.0;2.86;2;56;1.0;1;IC;;Heidelberg;Dresden
884562;42;22;ICE;ICE;DB Fernverkehr AG;428519;Hamburg Hbf;668361;Stuttgart Hbf;48420;67080;311;9;583.6;112.6;1.2;7;0123456;1.0;1;ICE;;Hamburg;Stuttgart
884685;18;;ICE;ICE;ÖBB;338037;Graz Hbf;695368;Salzburg Hbf;28980;42780;230;14;305.4;79.7;3.93;12;0123456;0.0;0;ICE;;Graz;Salzburg
884826;36;43;ICE;ICE;DB Fernverkehr AG;598255;Offenburg;396514;Hamburg-Altona;23040;48840;430;16;732.2;102.2;1.91;1;0;1.0;1;ICE;;Offenburg;Hamburg
884853;72;;ICE;ICE;SBB;96724;Zürich HB;464157;Basel SBB;50340;53520;53;2;73.9;83.7;0.0;2;56;0.0;0;ICE;;Zürich;Basel
885670;36;43;ICE;ICE;DB Fernverkehr AG;428519;Hamburg Hbf;464157;Basel SBB;31320;60480;486;15;816.0;100.7;1.59;8;0123456;0.867;0;ICE;;Hamburg;Basel
886312;10;20;ICE;ICE;DB Fernverkehr AG;464157;Basel SBB;428519;Hamburg Hbf;31560;55740;403;12;739.7;110.1;1.35;1;6;0.833;0;ICE;;Basel;Hamburg
886635;14;;EC;IC;ÖBB;63619;St. Margrethen SG;167729;Lindau-Reutin;46260;47280;17;3;15.5;54.9;;5;03456;0.333;0;IC;;St. Margrethen SG;Lindau-Reutin
887427;40;78;ICE;ICE;DB Fernverkehr AG;575362;Arnhem Centraal;176697;Frankfurt(Main)Hbf;70440;82440;200;9;309.8;92.9;2.26;2;23;0.778;0;ICE;;Arnhem Centraal;Frankfurt
888248;47;62;ICE;ICE;DB Fernverkehr AG;180380;Saarbrücken Hbf;9941;München Hbf;20160;36600;274;12;408.0;89.3;2.45;1;0;1.0;1;ICE;;Saarbrücken;München
888452;50;61;IC;IC;DB Fernverkehr AG;668361;Stuttgart Hbf;99055;Nürnberg Hbf;21900;29880;133;8;182.7;82.4;3.28;1;5;1.0;1;IC;;Stuttgart;Nürnberg
888495;33;42;ICE;ICE;DB Fernverkehr AG;691821;Düsseldorf Hbf;396514;Hamburg-Altona;16020;30840;247;14;364.5;88.5;3.29;1;3;1.0;1;ICE-SPRINTER;SPR-2;Düsseldorf;Hamburg
888610;45;25;ICE;ICE;DB Fernverkehr AG;157968;Rostock Hbf;9941;München Hbf;25440;53520;468;14;868.0;111.3;1.38;6;123456;1.0;1;ICE;;Rostock;München
889074;26;55;IC;IC;DB Fernverkehr AG;224643;Dresden Hbf;176697;Frankfurt(Main)Hbf;48120;83580;591;26;793.9;80.6;3.02;12;012356;1.0;1;IC;;Dresden;Frankfurt
889235;22;;IC;IC;SBB;556408;Schaffhausen;96724;Zürich HB;28020;30180;36;2;36.3;60.4;0.0;20;01234;0.0;0;IC;;Schaffhausen;Zürich
889261;77;10;ICE;ICE;DB Fernverkehr AG;517455;Köln Hbf;391201;Berlin Südkreuz;70560;87900;289;10;510.6;106.0;1.57;2;35;1.0;1;ICE;;Köln;Berlin
889850;87;41;ICE;ICE;DB Fernverkehr AG;9941;München Hbf;517455;Köln Hbf;67440;85140;295;11;500.2;101.7;1.8;15;012346;1.0;1;ICE;;München;Köln
890039;32;18;ICE;ICE;DB Fernverkehr AG;99055;Nürnberg Hbf;9941;München Hbf;39540;45720;103;5;180.2;104.9;1.67;3;045;1.0;1;ICE;;Nürnberg;München
890057;77;10;ICE;ICE;DB Fernverkehr AG;613345;Berlin Hbf;93866;Hannover Hbf;74040;84900;181;4;295.5;97.9;0.68;2;46;1.0;1;ICE;;Berlin;Hannover
890899;48;;EC;IC;SBB;96724;Zürich HB;63619;St. Margrethen SG;48720;53340;77;5;91.3;71.2;3.29;4;56;0.0;0;IC;;Zürich;St. Margrethen SG
890964;26;55;IC;IC;DB Fernverkehr AG;53188;Leipzig Hbf;668361;Stuttgart Hbf;24000;58980;583;25;810.7;83.4;2.84;4;56;1.0;1;IC;;Leipzig;Stuttgart
89108;94;88;ECE;ICE;DB Fernverkehr AG;167729;Lindau-Reutin;9941;München Hbf;25800;33480;128;4;163.5;76.6;1.22;1;0;1.0;1;ICE;;Lindau-Reutin;München
891112;46;60;ICE;ICE;DB Fernverkehr AG;9941;München Hbf;180380;Saarbrücken Hbf;54360;69420;251;9;405.0;96.8;1.73;2;56;1.0;1;ICE;;München;Saarbrücken
891144;42;22;ICE;ICE;DB Fernverkehr AG;428519;Hamburg Hbf;668361;Stuttgart Hbf;19740;38280;309;9;605.0;117.5;1.16;7;0123456;1.0;1;ICE;;Hamburg;Stuttgart
891723;45;25;ICE;ICE;DB Fernverkehr AG;428519;Hamburg Hbf;9941;München Hbf;80880;109020;469;11;694.0;88.8;1.3;2;12;1.0;1;ICE;;Hamburg;München
89228;33;42;ICE;ICE;DB Fernverkehr AG;9941;München Hbf;396514;Hamburg-Altona;41280;74040;546;19;888.6;97.7;1.91;3;012;1.0;1;ICE;;München;Hamburg
89260;91;79;ICE;ICE;DB Fernverkehr AG;257676;Bruxelles Midi;176697;Frankfurt(Main)Hbf;22980;34020;184;8;356.7;116.3;1.68;6;56;0.625;0;ICE;;Bruxelles;Frankfurt
892811;26;55;IC;IC;DB Fernverkehr AG;53188;Leipzig Hbf;224643;Dresden Hbf;26700;31080;73;4;107.5;88.4;1.86;10;56;1.0;1;IC;;Leipzig;Dresden
892864;8;90;EC;IC;DB Fernverkehr AG;552402;Simbach(Inn);9941;München Hbf;37200;43260;101;4;110.3;65.5;1.81;5;5;1.0;1;IC;;Simbach;München
893088;77;10;ICE;ICE;DB Fernverkehr AG;613345;Berlin Hbf;93866;Hannover Hbf;74280;80880;110;5;248.4;135.5;1.21;6;012346;1.0;1;ICE;;Berlin;Hannover
893217;53;47;ICE;ICE;DB Fernverkehr AG;640892;Dortmund Hbf;9941;München Hbf;42900;63840;349;13;609.1;104.7;1.81;3;234;1.0;1;ICE;;Dortmund;München
893438;32;18;ICE;ICE;DB Fernverkehr AG;9941;München Hbf;127712;Berlin Gesundbrunnen;83520;110220;445;15;602.1;81.2;2.16;1;5;1.0;1;ICE;;München;Berlin
893596;2;56;IC;IC;DB Fernverkehr AG;53188;Leipzig Hbf;161450;Emden Hbf;49320;70680;356;18;469.8;79.2;3.41;4;5;1.0;1;IC;;Leipzig;Emden
894610;68;91;ICE;ICE;DB Fernverkehr AG;99055;Nürnberg Hbf;640892;Dortmund Hbf;70320;91140;347;11;449.5;77.7;2.0;1;6;1.0;1;ICE;;Nürnberg;Dortmund
894845;37;82;ICE;ICE;DB Fernverkehr AG;176697;Frankfurt(Main)Hbf;412384;Strasbourg;39180;46260;118;5;194.4;98.9;1.54;2;56;0.6;0;ICE;;Frankfurt;Strasbourg
894865;72;;ICE;ICE;SBB;464157;Basel SBB;583614;Chur;36420;44520;135;5;176.5;78.4;1.7;3;56;0.0;0;ICE;;Basel;Chur
894968;84;77;ICE;ICE;DB Fernverkehr AG;65847;Hengelo;613345;Berlin Hbf;49920;66780;281;7;448.4;95.7;1.12;1;6;0.857;0;ICE;;Hengelo;Berlin
895016;29;;EN;SONSTIGE;BahnTouristikExpress;327376;Berlin-Lichtenberg;478341;Stockholm Central;67140;126600;991;7;1166.6;70.6;0.43;1;4;0.429;0;SONSTIGE;;Berlin;Stockholm Central
895509;32;18;ICE;ICE;DB Fernverkehr AG;9941;München Hbf;531677;Halle(Saale)Hbf;69000;84120;252;10;438.6;104.4;1.82;1;5;1.0;1;ICE-SPRINTER;SPR-4;München;Halle
896214;86;;EN;SONSTIGE;PKP Intercity;39653;Warszawa Wschodnia;135333;Wien Hbf;68940;105900;616;17;576.7;56.2;2.6;10;0123456;0.0;0;SONSTIGE;;Warszawa;Wien
896332;63;14;ICE;ICE;DB Fernverkehr AG;325703;Münster(Westf)Hbf;337692;Berlin-Charlottenburg;48300;60120;197;5;403.0;122.7;0.74;3;056;1.0;1;ICE;;Münster;Berlin
89658;47;62;ICE;ICE;DB Fernverkehr AG;9941;München Hbf;176697;Frankfurt(Main)Hbf;20580;35040;241;11;353.3;88.0;2.55;11;01234;1.0;1;ICE;;München;Frankfurt
896770;84;77;ICE;ICE;DB Fernverkehr AG;93866;Hannover Hbf;65847;Hengelo;54600;65220;177;5;201.9;68.4;1.49;1;0;0.8;0;ICE;;Hannover;Hengelo
896963;87;41;ICE;ICE;DB Fernverkehr AG;691821;Düsseldorf Hbf;9941;München Hbf;69480;90540;351;10;531.1;90.8;1.51;1;4;1.0;1;ICE;;Düsseldorf;München
897048;36;43;ICE;ICE;DB Fernverkehr AG;396514;Hamburg-Altona;464157;Basel SBB;30300;60480;503;17;821.2;98.0;1.83;5;01234;0.882;0;ICE;;Hamburg;Basel
89746;82;95;EC;IC;DB Fernverkehr AG;42071;Rzepin;354957;Frankfurt(Oder);103800;104880;18;3;19.2;64.1;;2;56;0.667;0;IC;;Rzepin;Frankfurt(Oder)
897541;7;85;EC;IC;DB Fernverkehr AG;297876;Basel Bad Bf;464157;Basel SBB;38820;39240;7;2;2.6;22.3;;14;0123456;0.0;0;IC;;Basel;Basel
897633;26;55;IC;IC;DB Fernverkehr AG;224643;Dresden Hbf;497089;Karlsruhe Hbf;33720;72900;653;29;890.9;81.9;3.03;1;5;1.0;1;IC;;Dresden;Karlsruhe
898143;68;91;ICE;ICE;DB Fernverkehr AG;99055;Nürnberg Hbf;640892;Dortmund Hbf;48720;70680;366;13;459.1;75.3;2.4;4;56;1.0;1;ICE;;Nürnberg;Dortmund
898848;66;90;ICE;ICE;DB Fernverkehr AG;9941;München Hbf;695368;Salzburg Hbf;28980;35700;112;2;116.7;62.5;0.0;31;0123456;0.5;0;ICE;;München;Salzburg
899534;40;78;ICE;ICE;DB Fernverkehr AG;176697;Frankfurt(Main)Hbf;575362;Arnhem Centraal;16680;30360;228;8;309.8;81.5;1.94;2;4;0.75;0;ICE;;Frankfurt;Arnhem Centraal
899623;77;10;ICE;ICE;DB Fernverkehr AG;613345;Berlin Hbf;517455;Köln Hbf;49620;66120;275;9;505.1;110.2;1.39;21;0123456;1.0;1;ICE;;Berlin;Köln
900254;45;25;ICE;ICE;DB Fernverkehr AG;9941;München Hbf;428519;Hamburg Hbf;13200;35820;377;12;730.6;116.3;1.37;1;2;1.0;1;ICE;;München;Hamburg
900680;2;56;IC;IC;DB Fernverkehr AG;315947;Norddeich;337692;Berlin-Charlottenburg;20340;46860;442;21;543.4;73.8;3.5;2;05;1.0;1;IC;;Norddeich;Berlin
90072;87;41;ICE;ICE;DB Fernverkehr AG;640892;Dortmund Hbf;9941;München Hbf;14400;36720;372;17;609.1;98.2;2.46;1;6;1.0;1;ICE;;Dortmund;München
901062;47;62;ICE;ICE;DB Fernverkehr AG;226858;Darmstadt Hbf;668361;Stuttgart Hbf;73800;78900;85;5;130.7;92.3;2.3;4;56;1.0;1;ICE;;Darmstadt;Stuttgart
90117;23;12;ICE;ICE;DB Fernverkehr AG;464157;Basel SBB;613345;Berlin Hbf;65760;94740;483;16;834.4;103.7;1.68;1;6;0.875;0;ICE;;Basel;Berlin
901264;62;13;ICE;ICE;DB Fernverkehr AG;38672;Frankfurt(M) Flughafen Fernbf;337692;Berlin-Charlottenburg;50940;66480;259;10;532.1;123.3;1.5;4;0123;1.0;1;ICE-SPRINTER;SPR-5;Frankfurt;Berlin
9013;23;12;ICE;ICE;DB Fernverkehr AG;464157;Basel SBB;613345;Berlin Hbf;65760;94140;473;16;829.5;105.2;1.69;1;0;0.875;0;ICE;;Basel;Berlin
902287;23;12;ICE;ICE;DB Fernverkehr AG;176697;Frankfurt(Main)Hbf;464157;Basel SBB;31800;42480;178;7;299.2;100.9;1.67;8;56;0.714;0;ICE;;Frankfurt;Basel
902727;67;33;ICE;ICE;DB Fernverkehr AG;552264;Ostseebad Binz;396514;Hamburg-Altona;54960;69000;234;10;277.1;71.1;2.89;22;0123456;1.0;1;ICE;;Ostseebad Binz;Hamburg
902811;32;18;ICE;ICE;DB Fernverkehr AG;99055;Nürnberg Hbf;9941;München Hbf;22560;29400;114;6;180.3;94.9;2.22;1;0;1.0;1;ICE;;Nürnberg;München
902963;33;42;ICE;ICE;DB Fernverkehr AG;176697;Frankfurt(Main)Hbf;428519;Hamburg Hbf;84120;111060;449;20;603.0;80.6;2.99;1;3;1.0;1;ICE-SPRINTER;SPR-1;Frankfurt;Hamburg
902985;50;61;IC;IC;DB Fernverkehr AG;99055;Nürnberg Hbf;668361;Stuttgart Hbf;20100;28380;138;7;182.6;79.4;2.74;5;01234;1.0;1;IC;;Nürnberg;Stuttgart
903284;57;19;ICE;ICE;DB Fernverkehr AG;391201;Berlin Südkreuz;517455;Köln Hbf;60720;79620;315;7;506.8;96.5;0.99;1;5;1.0;1;ICE;;Berlin;Köln
903742;10;20;ICE;ICE;DB Fernverkehr AG;331094;Hamburg Dammtor;464157;Basel SBB;51660;76860;420;13;741.5;105.9;1.48;2;34;0.846;0;ICE;;Hamburg;Basel
903820;50;61;IC;IC;DB Fernverkehr AG;668361;Stuttgart Hbf;53188;Leipzig Hbf;58140;80280;369;19;446.0;72.5;3.81;1;0;1.0;1;IC;;Stuttgart;Leipzig
904125;5;50;ICE;ICE;DB Fernverkehr AG;224643;Dresden Hbf;176697;Frankfurt(Main)Hbf;65460;83460;300;9;422.9;84.6;1.66;1;5;1.0;1;ICE;;Dresden;Frankfurt
904312;56;1;IC;IC;SBB;96724;Zürich HB;510671;Bern;84720;88260;59;3;104.9;106.6;0.95;4;456;0.0;0;IC;;Zürich;Bern
904333;23;12;ICE;ICE;DB Fernverkehr AG;464157;Basel SBB;176697;Frankfurt(Main)Hbf;72120;83340;187;7;299.2;96.0;1.67;1;4;0.714;0;ICE;;Basel;Frankfurt
904423;84;77;ICE;ICE;DB Fernverkehr AG;391201;Berlin Südkreuz;65847;Hengelo;32040;50820;313;8;453.9;87.0;1.32;1;6;0.875;0;ICE;;Berlin;Hengelo
905153;62;13;ICE;ICE;DB Fernverkehr AG;38672;Frankfurt(M) Flughafen Fernbf;391201;Berlin Südkreuz;65340;82020;278;11;541.4;116.9;1.66;7;0123456;1.0;1;ICE-SPRINTER;SPR-5;Frankfurt;Berlin
905155;44;17;IC;IC;DB Fernverkehr AG;224643;Dresden Hbf;157968;Rostock Hbf;48900;63420;242;9;369.0;91.5;1.9;3;056;1.0;1;IC;;Dresden;Rostock
905288;40;78;ICE;ICE;DB Fernverkehr AG;575362;Arnhem Centraal;176697;Frankfurt(Main)Hbf;56040;68940;215;9;309.8;86.4;2.26;4;56;0.778;0;ICE;;Arnhem Centraal;Frankfurt
905543;9;87;IC;IC;DB Fernverkehr AG;556408;Schaffhausen;679686;Singen(Hohentwiel);29760;30540;13;2;17.0;78.4;;2;56;0.5;0;IC;;Schaffhausen;Singen
905749;50;61;IC;IC;DB Fernverkehr AG;497089;Karlsruhe Hbf;99055;Nürnberg Hbf;47160;58560;190;7;236.9;74.8;2.11;10;0123456;1.0;1;IC;;Karlsruhe;Nürnberg
905964;22;;IC;IC;SBB;96724;Zürich HB;556408;Schaffhausen;74220;76380;36;2;36.3;60.4;0.0;1;6;0.0;0;IC;;Zürich;Schaffhausen
906161;31;11;ICE;ICE;DB Fernverkehr AG;127712;Berlin Gesundbrunnen;9941;München Hbf;76680;113100;607;17;829.0;81.9;1.81;1;4;1.0;1;ICE;;Berlin;München
906509;22;;IC;IC;SBB;556408;Schaffhausen;96724;Zürich HB;67620;69780;36;2;36.3;60.4;0.0;1;6;0.0;0;IC;;Schaffhausen;Zürich
906648;36;43;ICE;ICE;DB Fernverkehr AG;640892;Dortmund Hbf;464157;Basel SBB;19440;38880;324;13;548.1;101.5;2.01;1;6;0.846;0;ICE;;Dortmund;Basel
906988;45;25;ICE;ICE;DB Fernverkehr AG;9941;München Hbf;93866;Hannover Hbf;18660;34320;261;7;548.1;126.0;0.91;4;56;1.0;1;ICE;;München;Hannover
907187;77;10;ICE;ICE;DB Fernverkehr AG;517455;Köln Hbf;391201;Berlin Südkreuz;26760;44400;294;13;541.3;110.5;2.03;17;0123456;1.0;1;ICE;;Köln;Berlin
907287;63;14;ICE;ICE;DB Fernverkehr AG;127712;Berlin Gesundbrunnen;325703;Münster(Westf)Hbf;33240;45060;197;5;408.3;124.4;0.73;17;0123456;1.0;1;ICE;;Berlin;Münster
907752;91;79;ICE;ICE;DB Fernverkehr AG;176697;Frankfurt(Main)Hbf;257676;Bruxelles Midi;23640;34500;181;8;356.7;118.3;1.68;1;6;0.625;0;ICE;;Frankfurt;Bruxelles
90789;91;79;ICE;ICE;DB Fernverkehr AG;257676;Bruxelles Midi;176697;Frankfurt(Main)Hbf;30300;41220;182;8;356.7;117.6;1.68;2;56;0.625;0;ICE;;Bruxelles;Frankfurt
907913;31;11;ICE;ICE;DB Fernverkehr AG;9941;München Hbf;127712;Berlin Gesundbrunnen;24180;52980;480;14;817.3;102.2;1.47;3;234;1.0;1;ICE;;München;Berlin
907933;1;;IC;IC;PKP Intercity;380319;Wroclaw Glowny;402680;Swinoujscie;33000;52680;328;18;432.7;79.2;3.7;11;0123456;0.0;0;IC;;Wroclaw Glowny;Swinoujscie
908518;91;79;ICE;ICE;DB Fernverkehr AG;517455;Köln Hbf;164260;Antwerpen Centraal;52680;61020;139;6;213.7;92.2;1.87;2;56;0.5;0;ICE;;Köln;Antwerpen Centraal
908588;77;10;ICE;ICE;DB Fernverkehr AG;613345;Berlin Hbf;517455;Köln Hbf;71220;91260;334;6;519.6;93.3;0.77;1;0;1.0;1;ICE;;Berlin;Köln
908619;82;95;EC;IC;DB Fernverkehr AG;42071;Rzepin;127712;Berlin Gesundbrunnen;75000;80700;95;4;101.0;63.8;1.98;1;0;0.75;0;IC;;Rzepin;Berlin
908797;21;95;EC;IC;PKP Intercity;42071;Rzepin;39653;Warszawa Wschodnia;47280;62100;247;9;430.8;104.7;1.62;3;456;0.0;0;IC;;Rzepin;Warszawa
908913;12;29;ICE;ICE;DB Fernverkehr AG;127712;Berlin Gesundbrunnen;9941;München Hbf;62760;79560;280;8;587.3;125.9;1.02;2;56;1.0;1;ICE-SPRINTER;SPR-4;Berlin;München
908975;31;11;ICE;ICE;DB Fernverkehr AG;9941;München Hbf;127712;Berlin Gesundbrunnen;53100;81780;478;15;816.4;102.5;1.59;1;6;1.0;1;ICE;;München;Berlin
909149;40;78;ICE;ICE;DB Fernverkehr AG;575362;Arnhem Centraal;176697;Frankfurt(Main)Hbf;48840;61740;215;9;309.8;86.4;2.26;5;0123;0.778;0;ICE;;Arnhem Centraal;Frankfurt
909239;38;28;ICE;ICE;DB Fernverkehr AG;9941;München Hbf;659783;Kiel Hbf;46080;74400;472;14;918.6;116.8;1.31;16;0123456;1.0;1;ICE;;München;Kiel
909294;26;55;IC;IC;DB Fernverkehr AG;464794;Magdeburg Hbf;224643;Dresden Hbf;43260;52680;157;8;218.4;83.5;2.75;4;0123;1.0;1;IC;;Magdeburg;Dresden
909457;87;41;ICE;ICE;DB Fernverkehr AG;517455;Köln Hbf;9941;München Hbf;70500;88560;301;9;498.6;99.4;1.4;1;2;1.0;1;ICE;;Köln;München
909621;10;20;ICE;ICE;DB Fernverkehr AG;396514;Hamburg-Altona;667068;Frankfurt(M) Flughafen Regionalbf;14640;30780;269;11;460.4;102.7;1.95;1;4;1.0;1;ICE-SPRINTER;SPR-1;Hamburg;Frankfurt
90983;2;56;IC;IC;DB Fernverkehr AG;53188;Leipzig Hbf;477761;Bremen Hbf;63720;78600;248;10;352.6;85.3;2.27;1;5;1.0;1;IC;;Leipzig;Bremen
910136;82;95;EC;IC;DB Fernverkehr AG;42071;Rzepin;127712;Berlin Gesundbrunnen;103740;110220;108;5;101.3;56.3;2.96;1;6;0.8;0;IC;;Rzepin;Berlin
910800;24;16;ICE;ICE;DB Fernverkehr AG;83956;Oldenburg(Oldb)Hbf;93866;Hannover Hbf;24000;29640;94;4;142.1;90.7;1.41;16;0123456;1.0;1;ICE;;Oldenburg;Hannover
912540;23;12;ICE;ICE;DB Fernverkehr AG;464157;Basel SBB;391201;Berlin Südkreuz;51360;78420;451;17;835.0;111.1;1.8;1;6;0.882;0;ICE;;Basel;Berlin
912912;77;10;ICE;ICE;DB Fernverkehr AG;391201;Berlin Südkreuz;691821;Düsseldorf Hbf;15480;33060;293;16;514.5;105.4;2.72;7;012345;1.0;1;ICE;;Berlin;Düsseldorf
912980;84;77;ICE;ICE;DB Fernverkehr AG;65847;Hengelo;613345;Berlin Hbf;64320;78180;231;9;451.4;117.3;1.55;2;56;0.889;0;ICE;;Hengelo;Berlin
913053;57;19;ICE;ICE;DB Fernverkehr AG;391201;Berlin Südkreuz;517455;Köln Hbf;67920;87900;333;7;506.8;91.3;0.99;7;0123456;1.0;1;ICE;;Berlin;Köln
913187;23;12;ICE;ICE;DB Fernverkehr AG;391201;Berlin Südkreuz;464157;Basel SBB;83460;118080;577;17;863.9;89.8;1.74;2;12;0.882;0;ICE;;Berlin;Basel
913493;45;25;ICE;ICE;DB Fernverkehr AG;9941;München Hbf;93866;Hannover Hbf;40320;55920;260;7;548.1;126.5;0.91;4;56;1.0;1;ICE;;München;Hannover
913689;78;15;ICE;ICE;DB Fernverkehr AG;226858;Darmstadt Hbf;552264;Ostseebad Binz;23820;52140;472;14;718.3;91.3;1.67;2;06;1.0;1;ICE;;Darmstadt;Ostseebad Binz
913695;60;;IC;IC;DB Fernverkehr (Codesharing);575362;Arnhem Centraal;79866;Amsterdam Centraal;115020;118740;62;3;90.6;87.7;1.1;8;0123;0.0;0;IC;;Arnhem Centraal;Amsterdam
91414;42;22;ICE;ICE;DB Fernverkehr AG;176697;Frankfurt(Main)Hbf;428519;Hamburg Hbf;16860;30900;234;9;464.9;119.2;1.51;2;56;1.0;1;ICE-SPRINTER;SPR-1;Frankfurt;Hamburg
914481;87;41;ICE;ICE;DB Fernverkehr AG;9941;München Hbf;640892;Dortmund Hbf;63960;85140;353;14;607.0;103.2;1.98;2;6;1.0;1;ICE;;München;Dortmund
914973;33;42;ICE;ICE;DB Fernverkehr AG;9941;München Hbf;325703;Münster(Westf)Hbf;62880;88440;426;13;658.7;92.8;1.67;1;3;1.0;1;ICE;;München;Münster
9152;42;22;ICE;ICE;DB Fernverkehr AG;659783;Kiel Hbf;668361;Stuttgart Hbf;51360;74280;382;11;670.6;105.3;1.34;4;2345;1.0;1;ICE;;Kiel;Stuttgart
915201;3;26;ICE;ICE;DB Fernverkehr AG;477761;Bremen Hbf;93866;Hannover Hbf;47700;51240;59;2;100.4;102.1;0.0;9;0123456;1.0;1;ICE;;Bremen;Hannover
915792;10;20;ICE;ICE;DB Fernverkehr AG;464157;Basel SBB;428519;Hamburg Hbf;60360;85560;420;11;712.0;101.7;1.26;2;34;0.818;0;ICE;;Basel;Hamburg
915990;47;62;ICE;ICE;DB Fernverkehr AG;9941;München Hbf;176697;Frankfurt(Main)Hbf;20580;35040;241;11;353.3;88.0;2.55;2;5;1.0;1;ICE;;München;Frankfurt
915994;38;28;ICE;ICE;DB Fernverkehr AG;53188;Leipzig Hbf;428519;Hamburg Hbf;22320;33840;192;6;407.9;127.5;0.98;4;56;1.0;1;ICE;;Leipzig;Hamburg
916090;36;43;ICE;ICE;DB Fernverkehr AG;640892;Dortmund Hbf;464157;Basel SBB;18900;38880;333;10;517.3;93.2;1.55;9;012346;0.8;0;ICE;;Dortmund;Basel
916291;53;47;ICE;ICE;DB Fernverkehr AG;575362;Arnhem Centraal;456179;Augsburg Hbf;32640;56820;403;13;597.8;89.0;1.84;2;14;0.846;0;ICE;;Arnhem Centraal;Augsburg
9167;26;55;IC;IC;DB Fernverkehr AG;224643;Dresden Hbf;93866;Hannover Hbf;33720;48180;241;10;349.7;87.1;2.29;8;0123456;1.0;1;IC;;Dresden;Hannover
917151;89;35;IC;IC;DB Fernverkehr AG;195950;Norddeich Mole;691821;Düsseldorf Hbf;41760;57660;265;15;311.3;70.5;4.18;1;6;1.0;1;IC;;Norddeich Mole;Düsseldorf
91732;49;;EC;IC;MAV;442631;Hegyeshalom;655579;Hegyeshalom(Gr);81120;81300;3;2;4.6;91.4;;31;0123456;0.0;0;IC;;Hegyeshalom;Hegyeshalom
918215;9;87;IC;IC;DB Fernverkehr AG;556408;Schaffhausen;668361;Stuttgart Hbf;44160;52980;147;14;153.9;62.8;7.8;10;0123456;0.929;0;IC;;Schaffhausen;Stuttgart
918265;23;12;ICE;ICE;DB Fernverkehr AG;391201;Berlin Südkreuz;464157;Basel SBB;83460;118080;577;16;847.0;88.1;1.65;4;45;0.875;0;ICE;;Berlin;Basel
918472;54;82;ICE;ICE;SNCF;180380;Saarbrücken Hbf;335130;Paris Est;54000;60720;112;3;340.8;182.6;0.29;3;6;0.667;0;ICE;;Saarbrücken;Paris
918824;77;10;ICE;ICE;DB Fernverkehr AG;391201;Berlin Südkreuz;691821;Düsseldorf Hbf;15480;34440;316;13;509.0;96.7;2.16;1;0;1.0;1;ICE;;Berlin;Düsseldorf
9189;28;75;ECE;ICE;DB Fernverkehr AG;428519;Hamburg Hbf;368193;Padborg st;67980;75180;120;4;147.5;73.8;1.36;5;046;0.75;0;ICE;;Hamburg;Padborg st
920093;72;;ICE;ICE;SBB;228347;Brig;464157;Basel SBB;27900;36000;135;8;179.2;79.6;3.35;3;56;0.0;0;ICE;;Brig;Basel
920473;40;78;ICE;ICE;DB Fernverkehr AG;176697;Frankfurt(Main)Hbf;575362;Arnhem Centraal;23940;37560;227;8;309.8;81.9;1.94;10;0123456;0.75;0;ICE;;Frankfurt;Arnhem Centraal
920652;14;;EC;IC;ÖBB;167729;Lindau-Reutin;63619;St. Margrethen SG;39120;40140;17;3;15.5;54.9;;2;5;0.333;0;IC;;Lindau-Reutin;St. Margrethen SG
920837;31;11;ICE;ICE;DB Fernverkehr AG;9941;München Hbf;127712;Berlin Gesundbrunnen;80340;116040;595;17;808.2;81.5;1.86;1;0;1.0;1;ICE;;München;Berlin
921260;47;62;ICE;ICE;DB Fernverkehr AG;176697;Frankfurt(Main)Hbf;695368;Salzburg Hbf;29400;50340;349;14;475.9;81.8;2.52;12;01234;0.929;0;ICE;;Frankfurt;Salzburg
921515;79;4;ICE;ICE;DB Fernverkehr AG;428519;Hamburg Hbf;176697;Frankfurt(Main)Hbf;37260;50160;215;3;395.3;110.3;0.25;1;6;1.0;1;ICE-SPRINTER;SPR-1;Hamburg;Frankfurt
922917;63;14;ICE;ICE;DB Fernverkehr AG;337692;Berlin-Charlottenburg;691821;Düsseldorf Hbf;47700;64260;276;8;503.6;109.5;1.19;4;1234;1.0;1;ICE;;Berlin;Düsseldorf
923060;60;;IC;IC;DB Fernverkehr (Codesharing);464157;Basel SBB;96724;Zürich HB;117480;122700;87;2;73.9;51.0;0.0;2;36;0.0;0;IC;;Basel;Zürich
923287;77;10;ICE;ICE;DB Fernverkehr AG;613345;Berlin Hbf;93866;Hannover Hbf;78420;87780;156;2;246.4;94.8;0.0;1;5;1.0;1;ICE;;Berlin;Hannover
923384;10;20;ICE;ICE;DB Fernverkehr AG;331094;Hamburg Dammtor;464157;Basel SBB;37260;62460;420;13;741.2;105.9;1.48;4;56;0.846;0;ICE;;Hamburg;Basel
923452;4;3;ICE;ICE;DB Fernverkehr AG;667068;Frankfurt(M) Flughafen Regionalbf;613345;Berlin Hbf;41940;57660;262;4;435.5;99.7;0.46;11;0123456;1.0;1;ICE-SPRINTER;SPR-5;Frankfurt;Berlin
923545;30;;IC;IC;Ceske Drahy;57233;Breclav;174196;Bohumin(Gr);90240;100440;170;4;169.3;59.8;1.18;2;56;0.0;0;IC;;Breclav;Bohumin
92399;45;25;ICE;ICE;DB Fernverkehr AG;9941;München Hbf;9066;Hamburg-Harburg;21000;42240;354;9;679.1;115.1;1.03;3;234;1.0;1;ICE;;München;Hamburg
924120;76;51;IC;IC;DB Fernverkehr AG;197934;Gera Hbf;19112;Kassel-Wilhelmshöhe;65040;76020;183;11;211.8;69.5;4.25;25;012346;1.0;1;IC;;Gera;Kassel-Wilhelmshöhe
924828;91;79;ICE;ICE;DB Fernverkehr AG;176697;Frankfurt(Main)Hbf;257676;Bruxelles Midi;59640;70500;181;8;356.7;118.3;1.68;9;56;0.625;0;ICE;;Frankfurt;Bruxelles
925062;77;10;ICE;ICE;DB Fernverkehr AG;517455;Köln Hbf;391201;Berlin Südkreuz;37440;55080;294;13;545.8;111.4;2.02;3;6;1.0;1;ICE;;Köln;Berlin
925392;53;47;ICE;ICE;DB Fernverkehr AG;640892;Dortmund Hbf;9941;München Hbf;64440;85260;347;13;609.1;105.3;1.81;2;56;1.0;1;ICE;;Dortmund;München
925397;57;19;ICE;ICE;DB Fernverkehr AG;391201;Berlin Südkreuz;517455;Köln Hbf;53520;72480;316;7;506.8;96.2;0.99;2;56;1.0;1;ICE;;Berlin;Köln
925890;87;41;ICE;ICE;DB Fernverkehr AG;9941;München Hbf;517455;Köln Hbf;35160;51720;276;8;497.9;108.2;1.2;12;0123456;1.0;1;ICE;;München;Köln
92663;77;10;ICE;ICE;DB Fernverkehr AG;613345;Berlin Hbf;691821;Düsseldorf Hbf;28020;43680;261;12;502.5;115.5;1.99;12;0123456;1.0;1;ICE;;Berlin;Düsseldorf
926861;27;57;IC;IC;DB Fernverkehr AG;157968;Rostock Hbf;53188;Leipzig Hbf;28740;44100;256;11;364.2;85.4;2.47;8;56;1.0;1;IC;;Rostock;Leipzig
926940;61;1;ICE;ICE;DB Fernverkehr AG;157968;Rostock Hbf;517455;Köln Hbf;21720;42300;343;9;553.1;96.7;1.27;14;012345;1.0;1;ICE;;Rostock;Köln
927030;71;;IC;IC;ÖBB;135333;Wien Hbf;57233;Breclav;83940;88440;75;3;73.9;59.1;1.35;8;0123456;0.0;0;IC;;Wien;Breclav
92734;94;88;ECE;ICE;DB Fernverkehr AG;167729;Lindau-Reutin;9941;München Hbf;33000;40860;131;4;163.5;74.9;1.22;2;56;1.0;1;ICE;;Lindau-Reutin;München
92737;87;41;ICE;ICE;DB Fernverkehr AG;517455;Köln Hbf;9941;München Hbf;70500;89940;324;9;525.3;97.3;1.33;1;3;1.0;1;ICE;;Köln;München
92771;45;25;ICE;ICE;DB Fernverkehr AG;9941;München Hbf;428519;Hamburg Hbf;27960;50220;371;10;689.8;111.6;1.16;2;01;1.0;1;ICE;;München;Hamburg
928274;84;77;ICE;ICE;DB Fernverkehr AG;391201;Berlin Südkreuz;65847;Hengelo;24840;43620;313;8;453.9;87.0;1.32;1;6;0.875;0;ICE;;Berlin;Hengelo
928382;77;10;ICE;ICE;DB Fernverkehr AG;517455;Köln Hbf;391201;Berlin Südkreuz;69000;87900;315;9;509.8;97.1;1.37;1;6;1.0;1;ICE;;Köln;Berlin
928625;63;14;ICE;ICE;DB Fernverkehr AG;337692;Berlin-Charlottenburg;267257;Essen Hbf;62160;76380;237;10;460.6;116.6;1.74;1;4;1.0;1;ICE;;Berlin;Essen
929034;14;;EC;IC;ÖBB;167729;Lindau-Reutin;63619;St. Margrethen SG;75120;76140;17;3;15.5;54.9;;10;0123456;0.333;0;IC;;Lindau-Reutin;St. Margrethen SG
929211;53;47;ICE;ICE;DB Fernverkehr AG;9941;München Hbf;517455;Köln Hbf;65940;88380;374;7;503.4;80.8;0.99;3;012;1.0;1;ICE;;München;Köln
929807;88;;IC;IC;Dänische Staatsbahnen;328829;Fredericia st;310614;Flensburg;52200;57180;83;10;112.7;81.4;7.1;5;6;0.2;0;IC;;Fredericia st;Flensburg
930464;22;;IC;IC;SBB;556408;Schaffhausen;96724;Zürich HB;74820;76980;36;2;36.3;60.4;0.0;6;56;0.0;0;IC;;Schaffhausen;Zürich
930677;53;47;ICE;ICE;DB Fernverkehr AG;9941;München Hbf;640892;Dortmund Hbf;58800;78600;330;12;609.0;110.7;1.64;6;01236;1.0;1;ICE;;München;Dortmund
93078;82;95;EC;IC;DB Fernverkehr AG;42071;Rzepin;127712;Berlin Gesundbrunnen;53400;59100;95;5;101.3;64.0;2.96;21;0123456;0.8;0;IC;;Rzepin;Berlin
930845;88;;IC;IC;Dänische Staatsbahnen;328829;Fredericia st;310614;Flensburg;23400;28380;83;10;112.7;81.4;7.1;21;01234;0.2;0;IC;;Fredericia st;Flensburg
930899;23;12;ICE;ICE;DB Fernverkehr AG;497089;Karlsruhe Hbf;613345;Berlin Hbf;21540;41640;335;12;653.6;117.1;1.53;6;56;1.0;1;ICE;;Karlsruhe;Berlin
931821;62;13;ICE;ICE;DB Fernverkehr AG;497089;Karlsruhe Hbf;337616;Braunschweig Hbf;67140;82260;252;11;452.0;107.6;1.99;1;4;1.0;1;ICE;;Karlsruhe;Braunschweig
932257;87;41;ICE;ICE;DB Fernverkehr AG;517455;Köln Hbf;9941;München Hbf;66900;86460;326;7;497.9;91.6;1.0;1;5;1.0;1;ICE;;Köln;München
932897;78;15;ICE;ICE;DB Fernverkehr AG;176697;Frankfurt(Main)Hbf;552264;Ostseebad Binz;39720;67200;458;15;698.1;91.5;1.86;3;056;1.0;1;ICE;;Frankfurt;Ostseebad Binz
932913;31;11;ICE;ICE;DB Fernverkehr AG;613345;Berlin Hbf;9941;München Hbf;34020;61980;466;13;814.3;104.8;1.35;2;56;1.0;1;ICE;;Berlin;München
93297;17;;ICE;ICE;Nederlandse Spoorwegen;79866;Amsterdam Centraal;65847;Hengelo;21600;28260;111;6;139.3;75.3;2.87;1;0;0.0;0;ICE;;Amsterdam;Hengelo
933505;47;62;ICE;ICE;DB Fernverkehr AG;695368;Salzburg Hbf;176697;Frankfurt(Main)Hbf;36000;56640;344;14;476.0;83.0;2.52;3;234;0.929;0;ICE;;Salzburg;Frankfurt
933912;42;22;ICE;ICE;DB Fernverkehr AG;668361;Stuttgart Hbf;428519;Hamburg Hbf;33720;52140;307;8;583.2;114.0;1.03;1;5;1.0;1;ICE;;Stuttgart;Hamburg
934346;75;;ECE;ICE;Dänische Staatsbahnen;368193;Padborg st;274287;Koebenhavn H;75900;85020;152;5;276.4;109.1;1.09;5;5;0.0;0;ICE;;Padborg st;København
934430;54;82;ICE;ICE;SNCF;180380;Saarbrücken Hbf;335130;Paris Est;39660;46260;110;3;340.8;185.9;0.29;2;56;0.667;0;ICE;;Saarbrücken;Paris
934582;58;20;ECE;ICE;DB Fernverkehr AG;331094;Hamburg Dammtor;464157;Basel SBB;30060;55260;420;13;741.5;105.9;1.48;4;1234;0.846;0;ICE;;Hamburg;Basel
934691;45;25;ICE;ICE;DB Fernverkehr AG;9941;München Hbf;93866;Hannover Hbf;25620;41520;265;7;548.1;124.1;0.91;6;123456;1.0;1;ICE;;München;Hannover
934701;26;55;IC;IC;DB Fernverkehr AG;93866;Hannover Hbf;224643;Dresden Hbf;59820;74400;243;10;349.7;86.4;2.29;3;046;1.0;1;IC;;Hannover;Dresden
934810;83;96;EC;IC;PKP Intercity;42071;Rzepin;401361;Przemysl Glowny;36720;67680;516;22;703.3;81.8;2.84;1;5;0.0;0;IC;;Rzepin;Przemysl Glowny
935417;45;25;ICE;ICE;DB Fernverkehr AG;331094;Hamburg Dammtor;9941;München Hbf;64380;85800;357;13;705.3;118.5;1.56;1;3;1.0;1;ICE;;Hamburg;München
93562;62;13;ICE;ICE;DB Fernverkehr AG;337692;Berlin-Charlottenburg;576155;Hanau Hbf;62880;77100;237;10;509.3;128.9;1.57;9;456;1.0;1;ICE;;Berlin;Hanau
93569;36;43;ICE;ICE;DB Fernverkehr AG;396514;Hamburg-Altona;598255;Offenburg;44760;70500;429;17;733.0;102.5;2.05;2;56;1.0;1;ICE;;Hamburg;Offenburg
93575;32;18;ICE;ICE;DB Fernverkehr AG;9941;München Hbf;127712;Berlin Gesundbrunnen;83040;110220;453;18;591.7;78.4;2.7;1;3;1.0;1;ICE;;München;Berlin
936269;10;20;ICE;ICE;DB Fernverkehr AG;331094;Hamburg Dammtor;464157;Basel SBB;44460;69660;420;13;741.2;105.9;1.48;2;56;0.846;0;ICE;;Hamburg;Basel
936297;91;79;ICE;ICE;DB Fernverkehr AG;257676;Bruxelles Midi;176697;Frankfurt(Main)Hbf;59100;70020;182;8;356.7;117.6;1.68;1;6;0.625;0;ICE;;Bruxelles;Frankfurt
936354;6;;RJ;SONSTIGE;ÖBB;565099;Kufstein;21642;Feldkirch;55680;70500;247;11;209.9;51.0;4.29;3;5;0.0;0;SONSTIGE;;Kufstein;Feldkirch
936471;55;;RJ;SONSTIGE;Ceske Drahy;26993;Decin hl.n.;653775;Praha hl.n.;35820;41100;88;4;87.0;59.3;2.3;1;6;0.0;0;SONSTIGE;;Decin hl.n.;Praha
936526;26;55;IC;IC;DB Fernverkehr AG;464794;Magdeburg Hbf;517455;Köln Hbf;21720;38700;283;15;402.0;85.2;3.23;17;0123456;1.0;1;IC;;Magdeburg;Köln
936663;45;25;ICE;ICE;DB Fernverkehr AG;9941;München Hbf;428519;Hamburg Hbf;61800;82620;347;10;702.7;121.5;1.14;20;0123456;1.0;1;ICE;;München;Hamburg
936973;36;43;ICE;ICE;DB Fernverkehr AG;396514;Hamburg-Altona;464157;Basel SBB;37560;67680;502;17;821.2;98.2;1.83;5;01234;0.882;0;ICE;;Hamburg;Basel
937213;26;55;IC;IC;DB Fernverkehr AG;635340;Heidelberg Hbf;93866;Hannover Hbf;59040;80400;356;17;489.4;82.5;3.07;5;01234;1.0;1;IC;;Heidelberg;Hannover
937623;17;;ICE;ICE;Nederlandse Spoorwegen;575362;Arnhem Centraal;79866;Amsterdam Centraal;30480;34320;64;3;90.6;85.0;1.1;14;0123;0.0;0;ICE;;Arnhem Centraal;Amsterdam
937839;45;25;ICE;ICE;DB Fernverkehr AG;9941;München Hbf;93866;Hannover Hbf;54480;70260;263;7;548.1;125.0;0.91;1;0;1.0;1;ICE;;München;Hannover
93791;45;25;ICE;ICE;DB Fernverkehr AG;9941;München Hbf;9066;Hamburg-Harburg;65460;85440;333;10;692.6;124.8;1.16;3;056;1.0;1;ICE;;München;Hamburg
938257;31;11;ICE;ICE;DB Fernverkehr AG;9941;München Hbf;176697;Frankfurt(Main)Hbf;74700;86940;204;7;359.8;105.8;1.39;11;0123456;1.0;1;ICE;;München;Frankfurt
938279;19;24;ICE;ICE;DB Fernverkehr AG;176697;Frankfurt(Main)Hbf;468987;Westerland(Sylt);31860;61500;494;16;647.3;78.6;2.16;4;56;1.0;1;ICE;;Frankfurt;Westerland
938351;72;;ICE;ICE;SBB;464157;Basel SBB;228347;Brig;80880;88980;135;8;179.2;79.6;3.35;2;4;0.0;0;ICE;;Basel;Brig
938436;68;91;ICE;ICE;DB Fernverkehr AG;99055;Nürnberg Hbf;640892;Dortmund Hbf;63120;84900;363;11;445.0;73.6;2.02;1;0;1.0;1;ICE;;Nürnberg;Dortmund
938555;33;42;ICE;ICE;DB Fernverkehr AG;9941;München Hbf;325703;Münster(Westf)Hbf;63060;86760;395;12;633.7;96.3;1.58;1;3;1.0;1;ICE;;München;Münster
938591;45;25;ICE;ICE;DB Fernverkehr AG;9941;München Hbf;428519;Hamburg Hbf;18660;39420;346;11;703.2;121.9;1.28;2;56;1.0;1;ICE;;München;Hamburg
938657;57;19;ICE;ICE;DB Fernverkehr AG;517455;Köln Hbf;391201;Berlin Südkreuz;29940;47040;285;7;506.8;106.7;0.99;3;056;1.0;1;ICE;;Köln;Berlin
938825;47;62;ICE;ICE;DB Fernverkehr AG;9941;München Hbf;176697;Frankfurt(Main)Hbf;28020;42240;237;10;352.9;89.3;2.27;4;56;1.0;1;ICE;;München;Frankfurt
939008;53;47;ICE;ICE;DB Fernverkehr AG;640892;Dortmund Hbf;9941;München Hbf;18660;42000;389;12;607.7;93.7;1.65;2;5;1.0;1;ICE;;Dortmund;München
939085;40;78;ICE;ICE;DB Fernverkehr AG;176697;Frankfurt(Main)Hbf;575362;Arnhem Centraal;67140;80760;227;8;309.8;81.9;1.94;1;6;0.75;0;ICE;;Frankfurt;Arnhem Centraal
939345;77;10;ICE;ICE;DB Fernverkehr AG;691821;Düsseldorf Hbf;391201;Berlin Südkreuz;68700;88140;324;12;507.1;93.9;1.97;1;0;1.0;1;ICE;;Düsseldorf;Berlin
939469;72;;ICE;ICE;SBB;96724;Zürich HB;464157;Basel SBB;39540;42720;53;2;73.9;83.7;0.0;8;56;0.0;0;ICE;;Zürich;Basel
939626;91;79;ICE;ICE;DB Fernverkehr AG;176697;Frankfurt(Main)Hbf;257676;Bruxelles Midi;66780;77700;182;8;356.7;117.6;1.68;6;56;0.625;0;ICE;;Frankfurt;Bruxelles
939750;40;78;ICE;ICE;DB Fernverkehr AG;176697;Frankfurt(Main)Hbf;575362;Arnhem Centraal;70440;80760;172;9;310.4;108.3;2.26;14;012345;0.778;0;ICE;;Frankfurt;Arnhem Centraal
939820;90;45;ICE;ICE;DB Fernverkehr AG;517455;Köln Hbf;176697;Frankfurt(Main)Hbf;63060;70920;131;5;169.2;77.5;1.77;5;01234;1.0;1;ICE;;Köln;Frankfurt
939904;28;75;ECE;ICE;DB Fernverkehr AG;368193;Padborg st;396514;Hamburg-Altona;75720;82860;119;4;146.4;73.8;1.37;1;0;0.75;0;ICE;;Padborg st;Hamburg
940074;82;95;EC;IC;DB Fernverkehr AG;354957;Frankfurt(Oder);42071;Rzepin;57000;58020;17;3;19.2;67.8;;3;056;0.667;0;IC;;Frankfurt(Oder);Rzepin
940323;2;56;IC;IC;DB Fernverkehr AG;477761;Bremen Hbf;53188;Leipzig Hbf;22140;38160;267;8;352.4;79.2;1.7;1;6;1.0;1;IC;;Bremen;Leipzig
941152;67;33;ICE;ICE;DB Fernverkehr AG;267257;Essen Hbf;468987;Westerland(Sylt);21780;45180;390;11;514.6;79.2;1.75;3;034;1.0;1;ICE;;Essen;Westerland
941267;38;28;ICE;ICE;DB Fernverkehr AG;396514;Hamburg-Altona;9941;München Hbf;44280;68880;410;13;836.7;122.5;1.31;15;01234;1.0;1;ICE;;Hamburg;München
941498;77;10;ICE;ICE;DB Fernverkehr AG;517455;Köln Hbf;391201;Berlin Südkreuz;27480;44400;282;10;510.6;108.6;1.57;8;0123456;1.0;1;ICE;;Köln;Berlin
941660;78;15;ICE;ICE;DB Fernverkehr AG;621598;Eisenach Hbf;552264;Ostseebad Binz;23820;44940;352;14;553.9;94.4;2.17;18;012345;1.0;1;ICE;;Eisenach;Ostseebad Binz
941874;42;22;ICE;ICE;DB Fernverkehr AG;659783;Kiel Hbf;668361;Stuttgart Hbf;58560;82260;395;10;670.1;101.8;1.19;1;2;1.0;1;ICE;;Kiel;Stuttgart
942302;17;;ICE;ICE;Nederlandse Spoorwegen;79866;Amsterdam Centraal;575362;Arnhem Centraal;66780;70320;59;3;90.6;92.2;1.1;2;56;0.0;0;ICE;;Amsterdam;Arnhem Centraal
942813;72;;ICE;ICE;SBB;228347;Brig;464157;Basel SBB;49500;57600;135;8;179.2;79.6;3.35;3;56;0.0;0;ICE;;Brig;Basel
943052;94;88;ECE;ICE;DB Fernverkehr AG;167729;Lindau-Reutin;9941;München Hbf;76200;83460;121;4;163.5;81.1;1.22;2;56;1.0;1;ICE;;Lindau-Reutin;München
943091;32;18;ICE;ICE;DB Fernverkehr AG;9941;München Hbf;99055;Nürnberg Hbf;25920;32280;106;5;180.2;102.0;1.67;3;056;1.0;1;ICE;;München;Nürnberg
94316;38;28;ICE;ICE;DB Fernverkehr AG;428519;Hamburg Hbf;416646;Erfurt Hbf;74040;88380;239;7;510.4;128.1;0.98;2;06;1.0;1;ICE;;Hamburg;Erfurt
943622;26;55;IC;IC;DB Fernverkehr AG;517455;Köln Hbf;497089;Karlsruhe Hbf;53580;65820;204;9;270.7;79.6;2.59;8;0123456;1.0;1;IC;;Köln;Karlsruhe
943985;47;62;ICE;ICE;DB Fernverkehr AG;309229;Friedrichshafen Stadt;640892;Dortmund Hbf;45300;71700;440;11;546.0;74.5;1.65;6;012346;1.0;1;ICE;;Friedrichshafen Stadt;Dortmund
944059;33;42;ICE;ICE;DB Fernverkehr AG;176697;Frankfurt(Main)Hbf;396514;Hamburg-Altona;84180;111840;461;21;608.4;79.2;3.12;1;4;1.0;1;ICE-SPRINTER;SPR-1;Frankfurt;Hamburg
944523;10;20;ICE;ICE;DB Fernverkehr AG;331094;Hamburg Dammtor;497089;Karlsruhe Hbf;22860;40980;302;10;567.6;112.8;1.41;2;56;1.0;1;ICE;;Hamburg;Karlsruhe
944791;87;41;ICE;ICE;DB Fernverkehr AG;9941;München Hbf;640892;Dortmund Hbf;60240;81120;348;10;572.3;98.7;1.4;3;056;1.0;1;ICE;;München;Dortmund
945192;93;96;EC;IC;DB Fernverkehr AG;327376;Berlin-Lichtenberg;42071;Rzepin;46620;50940;72;4;92.9;77.5;2.15;2;34;0.75;0;IC;;Berlin;Rzepin
945329;47;62;ICE;ICE;DB Fernverkehr AG;325703;Münster(Westf)Hbf;695368;Salzburg Hbf;25560;57540;533;20;772.2;86.9;2.33;2;01;0.95;0;ICE;;Münster;Salzburg
945488;57;19;ICE;ICE;DB Fernverkehr AG;517455;Köln Hbf;391201;Berlin Südkreuz;42120;61440;322;7;506.8;94.4;0.99;2;56;1.0;1;ICE;;Köln;Berlin
94558;33;42;ICE;ICE;DB Fernverkehr AG;396514;Hamburg-Altona;668361;Stuttgart Hbf;62760;87060;405;15;704.5;104.4;1.85;6;012356;1.0;1;ICE;;Hamburg;Stuttgart
945684;5;50;ICE;ICE;DB Fernverkehr AG;38672;Frankfurt(M) Flughafen Fernbf;53188;Leipzig Hbf;75720;90180;241;8;329.3;82.0;1.82;1;5;1.0;1;ICE;;Frankfurt;Leipzig
94621;14;;EC;IC;ÖBB;167729;Lindau-Reutin;63619;St. Margrethen SG;31920;32940;17;3;15.5;54.9;;26;0123456;0.333;0;IC;;Lindau-Reutin;St. Margrethen SG
947353;50;61;IC;IC;DB Fernverkehr AG;90261;Regensburg Hbf;497089;Karlsruhe Hbf;22920;40680;296;10;361.1;73.2;2.22;3;123;1.0;1;IC;;Regensburg;Karlsruhe
947552;9;87;IC;IC;DB Fernverkehr AG;668361;Stuttgart Hbf;556408;Schaffhausen;44880;53100;137;6;149.2;65.3;2.68;16;0123456;0.833;0;IC;;Stuttgart;Schaffhausen
947577;67;33;ICE;ICE;DB Fernverkehr AG;552264;Ostseebad Binz;93866;Hannover Hbf;47700;67380;328;14;437.7;80.1;2.74;22;0123456;1.0;1;ICE;;Ostseebad Binz;Hannover
947753;91;79;ICE;ICE;DB Fernverkehr AG;164260;Antwerpen Centraal;517455;Köln Hbf;68460;77040;143;6;213.7;89.7;1.87;2;56;0.5;0;ICE;;Antwerpen Centraal;Köln
948477;68;91;ICE;ICE;DB Fernverkehr AG;622042;Oberhausen Hbf;99055;Nürnberg Hbf;61380;82140;346;13;429.8;74.5;2.56;3;345;1.0;1;ICE;;Oberhausen;Nürnberg
948578;87;41;ICE;ICE;DB Fernverkehr AG;9941;München Hbf;691821;Düsseldorf Hbf;45900;63480;293;8;532.9;109.1;1.13;4;56;1.0;1;ICE;;München;Düsseldorf
948845;6;;RJ;SONSTIGE;ÖBB;565099;Kufstein;21642;Feldkirch;55680;70500;247;11;209.9;51.0;4.29;1;5;0.0;0;SONSTIGE;;Kufstein;Feldkirch
949008;65;97;EC;IC;DB Fernverkehr AG;53188;Leipzig Hbf;262513;Horka(Gr);53700;61620;132;6;193.7;88.0;2.07;23;0123456;0.833;0;IC;;Leipzig;Horka
949073;31;11;ICE;ICE;DB Fernverkehr AG;428519;Hamburg Hbf;9941;München Hbf;40380;76500;602;17;1076.3;107.3;1.39;2;56;1.0;1;ICE;;Hamburg;München
94961;23;12;ICE;ICE;DB Fernverkehr AG;598255;Offenburg;613345;Berlin Hbf;41220;63240;367;13;722.1;118.1;1.52;2;56;1.0;1;ICE;;Offenburg;Berlin
950085;21;95;EC;IC;PKP Intercity;42071;Rzepin;39653;Warszawa Wschodnia;32880;47700;247;9;430.8;104.7;1.62;20;0123456;0.0;0;IC;;Rzepin;Warszawa
95019;9;87;IC;IC;DB Fernverkehr AG;556408;Schaffhausen;668361;Stuttgart Hbf;26160;34320;136;7;149.3;65.9;3.35;10;0123456;0.857;0;IC;;Schaffhausen;Stuttgart
950413;22;;IC;IC;SBB;556408;Schaffhausen;96724;Zürich HB;71220;73380;36;2;36.3;60.4;0.0;2;34;0.0;0;IC;;Schaffhausen;Zürich
950684;77;10;ICE;ICE;DB Fernverkehr AG;613345;Berlin Hbf;517455;Köln Hbf;35220;54360;319;8;504.3;94.8;1.19;2;06;1.0;1;ICE;;Berlin;Köln
950809;31;11;ICE;ICE;DB Fernverkehr AG;9941;München Hbf;127712;Berlin Gesundbrunnen;38700;67620;482;15;817.7;101.8;1.59;7;01234;1.0;1;ICE;;München;Berlin
950854;41;62;EC;IC;ÖBB;695368;Salzburg Hbf;584165;Villach Hbf;72420;81120;145;9;161.6;66.9;4.33;31;0123456;0.0;0;IC;;Salzburg;Villach
951557;82;95;EC;IC;DB Fernverkehr AG;127712;Berlin Gesundbrunnen;42071;Rzepin;78660;84480;97;5;101.3;62.7;2.96;5;0123;0.8;0;IC;;Berlin;Rzepin
951947;17;;ICE;ICE;Nederlandse Spoorwegen;79866;Amsterdam Centraal;575362;Arnhem Centraal;52680;55920;54;3;90.6;100.7;1.1;14;0123;0.0;0;ICE;;Amsterdam;Arnhem Centraal
952406;18;;ICE;ICE;ÖBB;338037;Graz Hbf;695368;Salzburg Hbf;28980;42780;230;14;305.4;79.7;3.93;2;04;0.0;0;ICE;;Graz;Salzburg
952660;46;60;ICE;ICE;DB Fernverkehr AG;497089;Karlsruhe Hbf;9941;München Hbf;21600;31680;168;8;273.1;97.5;2.2;5;01234;1.0;1;ICE;;Karlsruhe;München
952699;26;55;IC;IC;DB Fernverkehr AG;635340;Heidelberg Hbf;93866;Hannover Hbf;66240;87600;356;14;483.6;81.5;2.48;1;1;1.0;1;IC;;Heidelberg;Hannover
952742;47;62;ICE;ICE;DB Fernverkehr AG;180380;Saarbrücken Hbf;9941;München Hbf;20160;36600;274;12;407.1;89.2;2.46;10;01234;1.0;1;ICE;;Saarbrücken;München
95277;31;11;ICE;ICE;DB Fernverkehr AG;9941;München Hbf;391201;Berlin Südkreuz;53100;80520;457;13;807.9;106.1;1.36;1;5;1.0;1;ICE;;München;Berlin
95291;87;41;ICE;ICE;DB Fernverkehr AG;517455;Köln Hbf;9941;München Hbf;66900;86460;326;7;497.9;91.6;1.0;2;12;1.0;1;ICE;;Köln;München
953113;36;43;ICE;ICE;DB Fernverkehr AG;464157;Basel SBB;517455;Köln Hbf;62160;75900;229;8;442.1;115.8;1.36;16;0123456;0.75;0;ICE;;Basel;Köln
953370;33;42;ICE;ICE;DB Fernverkehr AG;9941;München Hbf;396514;Hamburg-Altona;60;37980;632;23;921.0;87.4;2.28;2;6;1.0;1;ICE;;München;Hamburg
953386;50;61;IC;IC;DB Fernverkehr AG;497089;Karlsruhe Hbf;668361;Stuttgart Hbf;75960;79320;56;5;69.6;74.6;4.31;7;01236;1.0;1;IC;;Karlsruhe;Stuttgart
954545;26;55;IC;IC;DB Fernverkehr AG;517455;Köln Hbf;635340;Heidelberg Hbf;67980;77640;161;6;218.9;81.6;1.83;1;0;1.0;1;IC;;Köln;Heidelberg
954690;67;33;ICE;ICE;DB Fernverkehr AG;552264;Ostseebad Binz;691821;Düsseldorf Hbf;40500;67800;455;17;621.5;82.0;2.41;4;0123;1.0;1;ICE;;Ostseebad Binz;Düsseldorf
955179;2;56;IC;IC;DB Fernverkehr AG;688966;Brandenburg Hbf;315947;Norddeich;56460;80040;393;17;461.0;70.4;3.25;4;0123;1.0;1;IC;;Brandenburg;Norddeich
955391;22;;IC;IC;SBB;96724;Zürich HB;556408;Schaffhausen;31020;33180;36;2;36.3;60.4;0.0;6;01234;0.0;0;IC;;Zürich;Schaffhausen
955503;11;27;ICE;ICE;DB Fernverkehr AG;224643;Dresden Hbf;127712;Berlin Gesundbrunnen;75180;82740;126;3;169.5;80.7;0.59;2;45;1.0;1;ICE;;Dresden;Berlin
955822;36;43;ICE;ICE;DB Fernverkehr AG;428519;Hamburg Hbf;517455;Köln Hbf;74700;89280;243;9;373.9;92.3;1.87;1;6;1.0;1;ICE-SPRINTER;SPR-2;Hamburg;Köln
956031;1;;IC;IC;PKP Intercity;39653;Warszawa Wschodnia;174196;Bohumin(Gr);68940;86340;290;12;333.5;69.0;3.0;10;0123456;0.0;0;IC;;Warszawa;Bohumin
956187;33;42;ICE;ICE;DB Fernverkehr AG;176697;Frankfurt(Main)Hbf;396514;Hamburg-Altona;84120;112080;466;23;609.8;78.5;3.44;2;45;1.0;1;ICE-SPRINTER;SPR-1;Frankfurt;Hamburg
956332;31;11;ICE;ICE;DB Fernverkehr AG;428519;Hamburg Hbf;9941;München Hbf;47580;83700;602;17;1077.6;107.4;1.39;3;123;1.0;1;ICE;;Hamburg;München
956468;62;13;ICE;ICE;DB Fernverkehr AG;337692;Berlin-Charlottenburg;19112;Kassel-Wilhelmshöhe;70080;79980;165;8;351.3;127.7;1.71;24;0123456;1.0;1;ICE;;Berlin;Kassel-Wilhelmshöhe
956770;53;47;ICE;ICE;DB Fernverkehr AG;9941;München Hbf;640892;Dortmund Hbf;15600;35400;330;11;608.1;110.6;1.48;7;012345;1.0;1;ICE;;München;Dortmund
957005;63;14;ICE;ICE;DB Fernverkehr AG;267257;Essen Hbf;337692;Berlin-Charlottenburg;45120;60420;255;7;474.0;111.5;1.05;4;1234;1.0;1;ICE;;Essen;Berlin
958138;77;10;ICE;ICE;DB Fernverkehr AG;517455;Köln Hbf;391201;Berlin Südkreuz;84420;107220;380;16;553.7;87.4;2.53;8;01256;1.0;1;ICE;;Köln;Berlin
958209;19;24;ICE;ICE;DB Fernverkehr AG;565099;Kufstein;396514;Hamburg-Altona;48600;75240;444;12;745.6;100.8;1.34;6;56;0.917;0;ICE;;Kufstein;Hamburg
958292;2;56;IC;IC;DB Fernverkehr AG;224643;Dresden Hbf;161450;Emden Hbf;53040;78720;428;19;577.0;80.9;2.95;1;6;1.0;1;IC;;Dresden;Emden
959238;23;12;ICE;ICE;DB Fernverkehr AG;391201;Berlin Südkreuz;464157;Basel SBB;15900;42900;450;17;835.0;111.3;1.8;1;1;0.882;0;ICE;;Berlin;Basel
959274;9;87;IC;IC;DB Fernverkehr AG;556408;Schaffhausen;679686;Singen(Hohentwiel);58560;59340;13;2;17.0;78.4;;2;56;0.5;0;IC;;Schaffhausen;Singen
959419;77;10;ICE;ICE;DB Fernverkehr AG;613345;Berlin Hbf;517455;Köln Hbf;64020;83340;322;9;505.1;94.1;1.39;2;12;1.0;1;ICE;;Berlin;Köln
959758;77;10;ICE;ICE;DB Fernverkehr AG;613345;Berlin Hbf;93866;Hannover Hbf;77400;89340;199;3;257.5;77.6;0.39;1;1;1.0;1;ICE;;Berlin;Hannover
960130;17;;ICE;ICE;Nederlandse Spoorwegen;580296;Woerden;65847;Hengelo;29040;35460;107;6;132.4;74.2;3.02;2;5;0.0;0;ICE;;Woerden;Hengelo
960236;23;12;ICE;ICE;DB Fernverkehr AG;464157;Basel SBB;176697;Frankfurt(Main)Hbf;72960;83340;173;7;299.2;103.8;1.67;14;0123456;0.714;0;ICE;;Basel;Frankfurt
960675;57;19;ICE;ICE;DB Fernverkehr AG;517455;Köln Hbf;391201;Berlin Südkreuz;65940;83040;285;7;506.8;106.7;0.99;3;056;1.0;1;ICE;;Köln;Berlin
960783;31;11;ICE;ICE;DB Fernverkehr AG;428519;Hamburg Hbf;668361;Stuttgart Hbf;54780;83460;478;13;880.6;110.5;1.25;2;46;1.0;1;ICE;;Hamburg;Stuttgart
960788;14;;EC;IC;ÖBB;63619;St. Margrethen SG;167729;Lindau-Reutin;46260;47280;17;3;15.5;54.9;;8;01256;0.333;0;IC;;St. Margrethen SG;Lindau-Reutin
961190;87;41;ICE;ICE;DB Fernverkehr AG;9941;München Hbf;640892;Dortmund Hbf;56700;77880;353;14;604.4;102.7;1.99;13;0123456;1.0;1;ICE;;München;Dortmund
961535;31;11;ICE;ICE;DB Fernverkehr AG;9941;München Hbf;127712;Berlin Gesundbrunnen;31500;60180;478;15;817.7;102.6;1.59;1;0;1.0;1;ICE;;München;Berlin
961889;46;60;ICE;ICE;DB Fernverkehr AG;464157;Basel SBB;9941;München Hbf;21000;38940;299;14;450.7;90.4;2.66;5;01234;0.857;0;ICE;;Basel;München
962243;10;20;ICE;ICE;DB Fernverkehr AG;428519;Hamburg Hbf;464157;Basel SBB;66540;90600;401;12;740.0;110.7;1.35;2;01;0.833;0;ICE;;Hamburg;Basel
962335;31;11;ICE;ICE;DB Fernverkehr AG;9941;München Hbf;127712;Berlin Gesundbrunnen;31500;60180;478;15;817.7;102.6;1.59;2;56;1.0;1;ICE;;München;Berlin
962342;10;20;ICE;ICE;DB Fernverkehr AG;331094;Hamburg Dammtor;497089;Karlsruhe Hbf;58860;76980;302;9;567.6;112.8;1.23;3;456;1.0;1;ICE;;Hamburg;Karlsruhe
962591;47;62;ICE;ICE;DB Fernverkehr AG;695368;Salzburg Hbf;325703;Münster(Westf)Hbf;43200;78540;589;20;772.5;78.7;2.33;2;56;0.95;0;ICE;;Salzburg;Münster
962670;33;42;ICE;ICE;DB Fernverkehr AG;9941;München Hbf;428519;Hamburg Hbf;55680;87300;527;17;883.4;100.6;1.7;2;56;1.0;1;ICE;;München;Hamburg
962784;53;47;ICE;ICE;DB Fernverkehr AG;640892;Dortmund Hbf;9941;München Hbf;42900;63600;345;12;608.2;105.8;1.64;2;56;1.0;1;ICE;;Dortmund;München
962933;31;11;ICE;ICE;DB Fernverkehr AG;9941;München Hbf;127712;Berlin Gesundbrunnen;81960;116040;568;16;806.0;85.1;1.74;1;3;1.0;1;ICE;;München;Berlin
963641;33;42;ICE;ICE;DB Fernverkehr AG;517455;Köln Hbf;396514;Hamburg-Altona;15000;30840;264;12;392.5;89.2;2.55;1;0;1.0;1;ICE-SPRINTER;SPR-2;Köln;Hamburg
963718;63;14;ICE;ICE;DB Fernverkehr AG;337692;Berlin-Charlottenburg;691821;Düsseldorf Hbf;62160;78240;268;11;490.5;109.8;1.83;1;3;1.0;1;ICE;;Berlin;Düsseldorf
963857;77;10;ICE;ICE;DB Fernverkehr AG;613345;Berlin Hbf;93866;Hannover Hbf;78420;87660;154;2;246.4;96.0;0.0;3;123;1.0;1;ICE;;Berlin;Hannover
964066;62;13;ICE;ICE;DB Fernverkehr AG;668361;Stuttgart Hbf;337692;Berlin-Charlottenburg;23280;44880;360;15;679.6;113.3;1.91;4;0123;1.0;1;ICE;;Stuttgart;Berlin
964155;40;78;ICE;ICE;DB Fernverkehr AG;517455;Köln Hbf;575362;Arnhem Centraal;24540;30360;97;6;150.5;93.1;2.66;6;56;0.667;0;ICE;;Köln;Arnhem Centraal
964355;46;60;ICE;ICE;DB Fernverkehr AG;9941;München Hbf;180380;Saarbrücken Hbf;54120;69420;255;10;404.6;95.2;1.98;16;0123456;1.0;1;ICE;;München;Saarbrücken
964656;31;11;ICE;ICE;DB Fernverkehr AG;9941;München Hbf;127712;Berlin Gesundbrunnen;81960;116040;568;16;807.8;85.3;1.73;1;3;1.0;1;ICE;;München;Berlin
964675;77;10;ICE;ICE;DB Fernverkehr AG;391201;Berlin Südkreuz;517455;Köln Hbf;19560;37320;296;11;512.5;103.9;1.76;14;012345;1.0;1;ICE;;Berlin;Köln
964682;9;87;IC;IC;DB Fernverkehr AG;556408;Schaffhausen;679686;Singen(Hohentwiel);54960;55800;14;2;17.0;72.8;;2;56;0.5;0;IC;;Schaffhausen;Singen
964942;62;13;ICE;ICE;DB Fernverkehr AG;127712;Berlin Gesundbrunnen;38672;Frankfurt(M) Flughafen Fernbf;33480;49920;274;11;541.3;118.5;1.66;5;56;1.0;1;ICE-SPRINTER;SPR-5;Berlin;Frankfurt
965103;77;10;ICE;ICE;DB Fernverkehr AG;691821;Düsseldorf Hbf;391201;Berlin Südkreuz;37020;55080;301;11;507.0;101.1;1.78;1;6;1.0;1;ICE;;Düsseldorf;Berlin
965761;62;13;ICE;ICE;DB Fernverkehr AG;19112;Kassel-Wilhelmshöhe;497089;Karlsruhe Hbf;22380;32700;172;8;299.8;104.6;2.0;10;01234;1.0;1;ICE;;Kassel-Wilhelmshöhe;Karlsruhe
965839;9;87;IC;IC;DB Fernverkehr AG;556408;Schaffhausen;668361;Stuttgart Hbf;36960;45780;147;13;153.9;62.8;7.15;16;0123456;0.923;0;IC;;Schaffhausen;Stuttgart
966106;22;;IC;IC;SBB;556408;Schaffhausen;96724;Zürich HB;74820;76980;36;2;36.3;60.4;0.0;15;0123;0.0;0;IC;;Schaffhausen;Zürich
966148;47;62;ICE;ICE;DB Fernverkehr AG;176697;Frankfurt(Main)Hbf;695368;Salzburg Hbf;43860;64740;348;15;477.6;82.4;2.72;4;0123;0.933;0;ICE;;Frankfurt;Salzburg
966263;94;88;ECE;ICE;DB Fernverkehr AG;167729;Lindau-Reutin;9941;München Hbf;69000;76860;131;4;163.5;74.9;1.22;1;0;1.0;1;ICE;;Lindau-Reutin;München
966279;2;56;IC;IC;DB Fernverkehr AG;161450;Emden Hbf;53188;Leipzig Hbf;51360;74160;380;16;469.6;74.1;2.98;4;0123;1.0;1;IC;;Emden;Leipzig
966328;10;20;ICE;ICE;DB Fernverkehr AG;497089;Karlsruhe Hbf;176697;Frankfurt(Main)Hbf;74220;78180;66;3;125.4;114.0;0.8;2;56;1.0;1;ICE;;Karlsruhe;Frankfurt
966689;12;29;ICE;ICE;DB Fernverkehr AG;9941;München Hbf;127712;Berlin Gesundbrunnen;47820;63060;254;8;560.6;132.4;1.07;31;0123456;1.0;1;ICE-SPRINTER;SPR-4;München;Berlin
966712;87;41;ICE;ICE;DB Fernverkehr AG;691821;Düsseldorf Hbf;9941;München Hbf;48060;65520;291;9;530.5;109.4;1.32;13;0123456;1.0;1;ICE;;Düsseldorf;München
966789;63;14;ICE;ICE;DB Fernverkehr AG;337692;Berlin-Charlottenburg;325703;Münster(Westf)Hbf;47640;59460;197;5;403.0;122.7;0.74;3;056;1.0;1;ICE;;Berlin;Münster
967070;87;41;ICE;ICE;DB Fernverkehr AG;517455;Köln Hbf;9941;München Hbf;12060;29580;292;13;504.7;103.7;2.18;12;012345;1.0;1;ICE;;Köln;München
968334;31;11;ICE;ICE;DB Fernverkehr AG;9941;München Hbf;428519;Hamburg Hbf;31500;67440;599;17;1077.6;107.9;1.39;6;012356;1.0;1;ICE;;München;Hamburg
968575;17;;ICE;ICE;Nederlandse Spoorwegen;575362;Arnhem Centraal;79866;Amsterdam Centraal;44880;48540;61;3;90.6;89.1;1.1;1;4;0.0;0;ICE;;Arnhem Centraal;Amsterdam
968658;33;42;ICE;ICE;DB Fernverkehr AG;9941;München Hbf;396514;Hamburg-Altona;26880;59640;546;19;888.6;97.7;1.91;8;0123456;1.0;1;ICE;;München;Hamburg
968703;87;41;ICE;ICE;DB Fernverkehr AG;176697;Frankfurt(Main)Hbf;517455;Köln Hbf;25680;30300;77;4;159.9;124.6;1.25;14;0123456;1.0;1;ICE;;Frankfurt;Köln
969323;92;83;ICE;ICE;DB Fernverkehr AG;412384;Strasbourg;497089;Karlsruhe Hbf;45840;48300;41;3;69.1;101.1;1.45;10;012346;0.333;0;ICE;;Strasbourg;Karlsruhe
969447;90;45;ICE;ICE;DB Fernverkehr AG;517455;Köln Hbf;668361;Stuttgart Hbf;21660;32640;183;8;299.9;98.3;2.0;5;0123;1.0;1;ICE;;Köln;Stuttgart
96969;22;;IC;IC;SBB;96724;Zürich HB;556408;Schaffhausen;70620;72780;36;2;36.3;60.4;0.0;4;2345;0.0;0;IC;;Zürich;Schaffhausen
969708;58;20;ECE;ICE;DB Fernverkehr AG;428519;Hamburg Hbf;464157;Basel SBB;59340;83400;401;12;739.7;110.7;1.35;1;5;0.833;0;ICE;;Hamburg;Basel
96993;46;60;ICE;ICE;DB Fernverkehr AG;180380;Saarbrücken Hbf;9941;München Hbf;30420;46320;265;10;405.1;91.7;1.97;3;234;1.0;1;ICE;;Saarbrücken;München
970054;44;17;IC;IC;DB Fernverkehr AG;157968;Rostock Hbf;224643;Dresden Hbf;44520;59280;246;9;369.0;90.0;1.9;3;056;1.0;1;IC;;Rostock;Dresden
970493;93;96;EC;IC;DB Fernverkehr AG;42071;Rzepin;354957;Frankfurt(Oder);49740;50940;20;3;19.2;57.6;;3;056;0.667;0;IC;;Rzepin;Frankfurt(Oder)
970570;17;;ICE;ICE;Nederlandse Spoorwegen;79866;Amsterdam Centraal;65847;Hengelo;50400;57060;111;6;139.3;75.3;2.87;2;56;0.0;0;ICE;;Amsterdam;Hengelo
971093;62;13;ICE;ICE;DB Fernverkehr AG;497089;Karlsruhe Hbf;337616;Braunschweig Hbf;67140;82980;264;11;452.0;102.7;1.99;3;012;1.0;1;ICE;;Karlsruhe;Braunschweig
971156;27;57;IC;IC;DB Fernverkehr AG;157968;Rostock Hbf;53188;Leipzig Hbf;28740;44100;256;11;364.2;85.4;2.47;21;01234;1.0;1;IC;;Rostock;Leipzig
971334;48;;EC;IC;SBB;96724;Zürich HB;63619;St. Margrethen SG;48720;53340;77;5;91.3;71.2;3.29;2;56;0.0;0;IC;;Zürich;St. Margrethen SG
971468;53;47;ICE;ICE;DB Fernverkehr AG;640892;Dortmund Hbf;9941;München Hbf;57180;78000;347;12;608.2;105.2;1.64;2;56;1.0;1;ICE;;Dortmund;München
972218;63;14;ICE;ICE;DB Fernverkehr AG;22625;Aachen Hbf;337692;Berlin-Charlottenburg;32760;53220;341;17;573.7;100.9;2.61;3;056;1.0;1;ICE;;Aachen;Berlin
972516;61;1;ICE;ICE;DB Fernverkehr AG;99055;Nürnberg Hbf;396514;Hamburg-Altona;19680;50580;515;12;736.8;85.8;1.36;6;0156;1.0;1;ICE;;Nürnberg;Hamburg
972528;91;79;ICE;ICE;DB Fernverkehr AG;257676;Bruxelles Midi;176697;Frankfurt(Main)Hbf;37500;48420;182;8;356.7;117.6;1.68;2;01;0.625;0;ICE;;Bruxelles;Frankfurt
972554;10;20;ICE;ICE;DB Fernverkehr AG;464157;Basel SBB;428519;Hamburg Hbf;31560;55740;403;12;740.0;110.2;1.35;21;01234;0.833;0;ICE;;Basel;Hamburg
972891;2;56;IC;IC;DB Fernverkehr AG;601951;Emden Außenhafen;337692;Berlin-Charlottenburg;43260;66480;387;18;485.0;75.2;3.3;14;0123456;1.0;1;IC;;Emden Außenhafen;Berlin
972959;18;;ICE;ICE;ÖBB;338037;Graz Hbf;695368;Salzburg Hbf;36000;49980;233;14;299.4;77.1;4.01;4;56;0.0;0;ICE;;Graz;Salzburg
973316;10;20;ICE;ICE;DB Fernverkehr AG;464157;Basel SBB;428519;Hamburg Hbf;31560;55740;403;12;739.7;110.1;1.35;5;56;0.833;0;ICE;;Basel;Hamburg
973368;47;62;ICE;ICE;DB Fernverkehr AG;176697;Frankfurt(Main)Hbf;695368;Salzburg Hbf;43860;64740;348;14;477.1;82.3;2.52;2;04;0.929;0;ICE;;Frankfurt;Salzburg
973677;68;91;ICE;ICE;DB Fernverkehr AG;640892;Dortmund Hbf;99055;Nürnberg Hbf;21720;45000;388;12;456.0;70.5;2.19;3;016;1.0;1;ICE;;Dortmund;Nürnberg
974127;33;42;ICE;ICE;DB Fernverkehr AG;396514;Hamburg-Altona;9941;München Hbf;69960;109200;654;22;922.5;84.6;2.17;1;4;1.0;1;ICE;;Hamburg;München
97419;91;79;ICE;ICE;DB Fernverkehr AG;176697;Frankfurt(Main)Hbf;257676;Bruxelles Midi;59640;70500;181;8;356.7;118.3;1.68;20;01234;0.625;0;ICE;;Frankfurt;Bruxelles
974494;87;41;ICE;ICE;DB Fernverkehr AG;9941;München Hbf;691821;Düsseldorf Hbf;42300;60000;295;9;533.0;108.4;1.31;4;56;1.0;1;ICE;;München;Düsseldorf
974601;33;42;ICE;ICE;DB Fernverkehr AG;9941;München Hbf;428519;Hamburg Hbf;26880;58500;527;17;883.4;100.6;1.7;7;0123456;1.0;1;ICE;;München;Hamburg
974666;77;10;ICE;ICE;DB Fernverkehr AG;691821;Düsseldorf Hbf;391201;Berlin Südkreuz;35460;51600;269;13;508.0;113.3;2.17;12;0123456;1.0;1;ICE;;Düsseldorf;Berlin
974727;18;;ICE;ICE;ÖBB;565099;Kufstein;438277;Innsbruck Hbf;74160;76680;42;4;68.7;98.1;2.91;8;0123456;0.0;0;ICE;;Kufstein;Innsbruck
974732;48;;EC;IC;SBB;63619;St. Margrethen SG;96724;Zürich HB;83400;88080;78;5;91.3;70.2;3.29;5;046;0.0;0;IC;;St. Margrethen SG;Zürich
974930;94;88;ECE;ICE;DB Fernverkehr AG;9941;München Hbf;167729;Lindau-Reutin;66720;75000;138;4;163.5;71.1;1.22;4;456;1.0;1;ICE;;München;Lindau-Reutin
974974;5;50;ICE;ICE;DB Fernverkehr AG;38672;Frankfurt(M) Flughafen Fernbf;53188;Leipzig Hbf;75720;88260;209;8;329.3;94.5;1.82;5;456;1.0;1;ICE;;Frankfurt;Leipzig
975082;33;42;ICE;ICE;DB Fernverkehr AG;428519;Hamburg Hbf;9941;München Hbf;20700;52140;524;17;883.4;101.2;1.7;3;234;1.0;1;ICE;;Hamburg;München
975125;77;10;ICE;ICE;DB Fernverkehr AG;613345;Berlin Hbf;517455;Köln Hbf;67620;85140;292;11;540.3;111.0;1.67;5;02356;1.0;1;ICE;;Berlin;Köln
975210;40;78;ICE;ICE;DB Fernverkehr AG;575362;Arnhem Centraal;176697;Frankfurt(Main)Hbf;63240;73620;173;10;310.4;107.7;2.58;3;6;0.8;0;ICE;;Arnhem Centraal;Frankfurt
975239;47;62;ICE;ICE;DB Fernverkehr AG;176697;Frankfurt(Main)Hbf;9941;München Hbf;51060;65400;239;10;352.9;88.6;2.27;3;056;1.0;1;ICE;;Frankfurt;München
975388;45;25;ICE;ICE;DB Fernverkehr AG;93866;Hannover Hbf;9941;München Hbf;73620;90720;285;8;575.5;121.2;1.04;1;6;1.0;1;ICE;;Hannover;München
97571;32;18;ICE;ICE;DB Fernverkehr AG;613345;Berlin Hbf;396514;Hamburg-Altona;79740;90480;179;7;268.6;90.0;1.86;1;4;1.0;1;ICE;;Berlin;Hamburg
975767;42;22;ICE;ICE;DB Fernverkehr AG;668361;Stuttgart Hbf;659783;Kiel Hbf;18120;42000;398;13;673.8;101.6;1.63;4;0134;1.0;1;ICE;;Stuttgart;Kiel
976106;23;12;ICE;ICE;DB Fernverkehr AG;464157;Basel SBB;391201;Berlin Südkreuz;51360;78420;451;17;835.0;111.1;1.8;11;01234;0.882;0;ICE;;Basel;Berlin
976205;9;87;IC;IC;DB Fernverkehr AG;556408;Schaffhausen;679686;Singen(Hohentwiel);40560;41400;14;2;17.0;72.8;;2;56;0.5;0;IC;;Schaffhausen;Singen
976359;94;88;ECE;ICE;DB Fernverkehr AG;167729;Lindau-Reutin;9941;München Hbf;69000;77640;144;4;163.5;68.1;1.22;2;56;1.0;1;ICE;;Lindau-Reutin;München
976695;87;41;ICE;ICE;DB Fernverkehr AG;517455;Köln Hbf;9941;München Hbf;12060;29640;293;12;503.4;103.1;1.99;1;5;1.0;1;ICE;;Köln;München
97689;89;35;IC;IC;DB Fernverkehr AG;691821;Düsseldorf Hbf;161450;Emden Hbf;58320;70920;210;12;281.2;80.3;3.56;2;56;1.0;1;IC;;Düsseldorf;Emden
977776;84;77;ICE;ICE;DB Fernverkehr AG;65847;Hengelo;613345;Berlin Hbf;42720;59520;280;7;448.4;96.1;1.12;1;6;0.857;0;ICE;;Hengelo;Berlin
977894;26;55;IC;IC;DB Fernverkehr AG;635340;Heidelberg Hbf;53188;Leipzig Hbf;37440;69420;533;23;731.6;82.4;2.87;1;5;1.0;1;IC;;Heidelberg;Leipzig
97802;47;62;ICE;ICE;DB Fernverkehr AG;176697;Frankfurt(Main)Hbf;9941;München Hbf;65460;79980;242;11;354.6;87.9;2.54;1;0;1.0;1;ICE;;Frankfurt;München
978740;63;14;ICE;ICE;DB Fernverkehr AG;337692;Berlin-Charlottenburg;517455;Köln Hbf;54960;76740;363;14;562.3;92.9;2.13;3;056;1.0;1;ICE;;Berlin;Köln
978790;68;91;ICE;ICE;DB Fernverkehr AG;99055;Nürnberg Hbf;640892;Dortmund Hbf;70320;92580;371;9;441.3;71.4;1.59;1;0;1.0;1;ICE;;Nürnberg;Dortmund
978841;33;42;ICE;ICE;DB Fernverkehr AG;517455;Köln Hbf;428519;Hamburg Hbf;14400;29880;258;11;402.7;93.6;2.23;1;4;1.0;1;ICE-SPRINTER;SPR-2;Köln;Hamburg
979066;68;91;ICE;ICE;DB Fernverkehr AG;622042;Oberhausen Hbf;99055;Nürnberg Hbf;61380;82080;345;13;429.8;74.8;2.56;1;0;1.0;1;ICE;;Oberhausen;Nürnberg
979671;57;19;ICE;ICE;DB Fernverkehr AG;93866;Hannover Hbf;517455;Köln Hbf;81600;97080;258;14;296.4;68.9;4.05;1;6;1.0;1;ICE;;Hannover;Köln
9797;78;15;ICE;ICE;DB Fernverkehr AG;176697;Frankfurt(Main)Hbf;446029;Stralsund Hbf;46920;71160;404;13;660.8;98.1;1.66;15;01234;1.0;1;ICE;;Frankfurt;Stralsund
979834;94;88;ECE;ICE;DB Fernverkehr AG;9941;München Hbf;167729;Lindau-Reutin;59460;67800;139;4;163.5;70.6;1.22;14;0123456;1.0;1;ICE;;München;Lindau-Reutin
979993;65;97;EC;IC;DB Fernverkehr AG;262513;Horka(Gr);53188;Leipzig Hbf;54180;64500;172;6;193.7;67.6;2.07;1;2;0.833;0;IC;;Horka;Leipzig
980626;87;41;ICE;ICE;DB Fernverkehr AG;9941;München Hbf;640892;Dortmund Hbf;60240;81120;348;10;572.3;98.7;1.4;3;234;1.0;1;ICE;;München;Dortmund
98118;23;12;ICE;ICE;DB Fernverkehr AG;391201;Berlin Südkreuz;464157;Basel SBB;83460;118080;577;16;849.0;88.3;1.65;1;1;0.875;0;ICE;;Berlin;Basel
981738;23;12;ICE;ICE;DB Fernverkehr AG;464157;Basel SBB;391201;Berlin Südkreuz;51360;78420;451;17;835.0;111.1;1.8;2;05;0.882;0;ICE;;Basel;Berlin
981919;22;;IC;IC;SBB;96724;Zürich HB;556408;Schaffhausen;23820;25980;36;2;36.3;60.4;0.0;5;23456;0.0;0;IC;;Zürich;Schaffhausen
982009;47;62;ICE;ICE;DB Fernverkehr AG;695368;Salzburg Hbf;325703;Münster(Westf)Hbf;43200;74760;526;21;773.1;88.2;2.46;2;56;0.952;0;ICE;;Salzburg;Münster
982120;53;47;ICE;ICE;DB Fernverkehr AG;9941;München Hbf;267257;Essen Hbf;29940;51240;355;11;576.1;97.4;1.56;14;0123456;1.0;1;ICE;;München;Essen
982427;24;16;ICE;ICE;DB Fernverkehr AG;93866;Hannover Hbf;477761;Bremen Hbf;27900;31500;60;2;100.4;100.4;0.0;31;0123456;1.0;1;ICE;;Hannover;Bremen
98259;3;26;ICE;ICE;DB Fernverkehr AG;176697;Frankfurt(Main)Hbf;497089;Karlsruhe Hbf;63660;69540;98;8;130.5;79.9;4.6;1;0;1.0;1;ICE;;Frankfurt;Karlsruhe
98310;62;13;ICE;ICE;DB Fernverkehr AG;337692;Berlin-Charlottenburg;176697;Frankfurt(Main)Hbf;62880;78000;252;10;525.1;125.0;1.52;15;0123456;1.0;1;ICE-SPRINTER;SPR-5;Berlin;Frankfurt
984010;5;50;ICE;ICE;DB Fernverkehr AG;87362;Wiesbaden Hbf;224643;Dresden Hbf;44760;63780;317;11;455.2;86.2;1.98;3;056;1.0;1;ICE;;Wiesbaden;Dresden
984070;36;43;ICE;ICE;DB Fernverkehr AG;396514;Hamburg-Altona;464157;Basel SBB;15960;46080;502;19;838.3;100.2;2.03;1;6;0.895;0;ICE;;Hamburg;Basel
984384;78;15;ICE;ICE;DB Fernverkehr AG;176697;Frankfurt(Main)Hbf;127712;Berlin Gesundbrunnen;61320;75780;241;6;434.4;108.2;0.92;25;0123456;1.0;1;ICE-SPRINTER;SPR-5;Frankfurt;Berlin
984502;30;;IC;IC;Ceske Drahy;174196;Bohumin(Gr);57233;Breclav;86820;98400;193;4;169.3;52.6;1.18;2;56;0.0;0;IC;;Bohumin;Breclav
984772;17;;ICE;ICE;Nederlandse Spoorwegen;79866;Amsterdam Centraal;575362;Arnhem Centraal;67080;70320;54;3;90.6;100.7;1.1;1;3;0.0;0;ICE;;Amsterdam;Arnhem Centraal
984787;55;;RJ;SONSTIGE;Ceske Drahy;26993;Decin hl.n.;269485;Sturovo;50220;77040;447;12;540.2;72.5;1.85;2;56;0.0;0;SONSTIGE;;Decin hl.n.;Sturovo
984923;62;13;ICE;ICE;DB Fernverkehr AG;337692;Berlin-Charlottenburg;176697;Frankfurt(Main)Hbf;62880;77820;249;9;523.2;126.1;1.34;4;0123;1.0;1;ICE-SPRINTER;SPR-5;Berlin;Frankfurt
984944;44;17;IC;IC;DB Fernverkehr AG;157968;Rostock Hbf;224643;Dresden Hbf;58800;73680;248;9;368.9;89.3;1.9;1;4;1.0;1;IC;;Rostock;Dresden
985231;81;83;ICE;ICE;SNCF;412384;Strasbourg;335130;Paris Est;44580;50820;104;2;395.5;228.2;0.0;5;5;0.0;0;ICE;;Strasbourg;Paris
985309;45;25;ICE;ICE;DB Fernverkehr AG;9941;München Hbf;93866;Hannover Hbf;69180;85860;278;7;548.1;118.3;0.91;15;01234;1.0;1;ICE;;München;Hannover
985590;58;20;ECE;ICE;DB Fernverkehr AG;331094;Hamburg Dammtor;464157;Basel SBB;51660;76860;420;13;741.5;105.9;1.48;1;4;0.846;0;ICE;;Hamburg;Basel
985818;33;42;ICE;ICE;DB Fernverkehr AG;428519;Hamburg Hbf;9941;München Hbf;49500;80940;524;17;883.4;101.2;1.7;2;56;1.0;1;ICE;;Hamburg;München
985850;87;41;ICE;ICE;DB Fernverkehr AG;9941;München Hbf;691821;Düsseldorf Hbf;27720;45600;298;9;530.5;106.8;1.32;12;0123456;1.0;1;ICE;;München;Düsseldorf
985952;10;20;ICE;ICE;DB Fernverkehr AG;176697;Frankfurt(Main)Hbf;428519;Hamburg Hbf;20760;34140;223;6;440.8;118.6;0.91;3;045;1.0;1;ICE-SPRINTER;SPR-1;Frankfurt;Hamburg
98606;9;87;IC;IC;DB Fernverkehr AG;556408;Schaffhausen;668361;Stuttgart Hbf;58560;67380;147;13;153.9;62.8;7.15;16;0123456;0.923;0;IC;;Schaffhausen;Stuttgart
986133;31;11;ICE;ICE;DB Fernverkehr AG;127712;Berlin Gesundbrunnen;9941;München Hbf;76680;113220;609;18;829.4;81.7;1.93;1;6;1.0;1;ICE;;Berlin;München
986185;33;42;ICE;ICE;DB Fernverkehr AG;396514;Hamburg-Altona;517455;Köln Hbf;80700;98520;297;15;422.6;85.4;3.08;1;6;1.0;1;ICE-SPRINTER;SPR-2;Hamburg;Köln
986217;31;11;ICE;ICE;DB Fernverkehr AG;127712;Berlin Gesundbrunnen;9941;München Hbf;40140;69120;483;15;817.7;101.6;1.59;8;0123456;1.0;1;ICE;;Berlin;München
986338;21;95;EC;IC;PKP Intercity;42071;Rzepin;39653;Warszawa Wschodnia;61680;76500;247;9;430.8;104.7;1.62;19;0123456;0.0;0;IC;;Rzepin;Warszawa
986355;77;10;ICE;ICE;DB Fernverkehr AG;391201;Berlin Südkreuz;517455;Köln Hbf;85320;110400;418;14;550.5;79.0;2.18;2;45;1.0;1;ICE;;Berlin;Köln
987168;77;10;ICE;ICE;DB Fernverkehr AG;613345;Berlin Hbf;517455;Köln Hbf;70440;87660;287;9;505.1;105.6;1.39;1;4;1.0;1;ICE;;Berlin;Köln
987469;33;42;ICE;ICE;DB Fernverkehr AG;517455;Köln Hbf;396514;Hamburg-Altona;13140;30840;295;16;399.1;81.2;3.51;1;0;1.0;1;ICE-SPRINTER;SPR-2;Köln;Hamburg
987859;33;42;ICE;ICE;DB Fernverkehr AG;396514;Hamburg-Altona;668361;Stuttgart Hbf;62760;87060;405;15;704.5;104.4;1.85;1;4;1.0;1;ICE;;Hamburg;Stuttgart
989042;31;11;ICE;ICE;DB Fernverkehr AG;127712;Berlin Gesundbrunnen;668361;Stuttgart Hbf;62220;83460;354;11;620.8;105.2;1.45;4;56;1.0;1;ICE;;Berlin;Stuttgart
989159;79;4;ICE;ICE;DB Fernverkehr AG;176697;Frankfurt(Main)Hbf;428519;Hamburg Hbf;21720;34560;214;3;395.3;110.8;0.25;1;6;1.0;1;ICE-SPRINTER;SPR-1;Frankfurt;Hamburg
989713;17;;ICE;ICE;Nederlandse Spoorwegen;65847;Hengelo;24890;Utrecht Centraal;58140;63840;95;5;117.6;74.3;2.55;2;56;0.0;0;ICE;;Hengelo;Utrecht Centraal
990101;57;19;ICE;ICE;DB Fernverkehr AG;517455;Köln Hbf;93866;Hannover Hbf;74700;85020;172;4;254.8;88.9;0.79;1;0;1.0;1;ICE;;Köln;Hannover
990186;87;41;ICE;ICE;DB Fernverkehr AG;517455;Köln Hbf;9941;München Hbf;38100;54720;277;7;497.9;107.8;1.0;12;0123456;1.0;1;ICE;;Köln;München
990438;14;;EC;IC;ÖBB;167729;Lindau-Reutin;63619;St. Margrethen SG;75120;76140;17;3;15.5;54.9;;6;01236;0.333;0;IC;;Lindau-Reutin;St. Margrethen SG
990724;12;29;ICE;ICE;DB Fernverkehr AG;613345;Berlin Hbf;9941;München Hbf;41820;56580;246;6;557.0;135.8;0.72;3;056;1.0;1;ICE-SPRINTER;SPR-4;Berlin;München
991018;2;56;IC;IC;DB Fernverkehr AG;477761;Bremen Hbf;195950;Norddeich Mole;21180;30000;147;13;148.9;60.8;7.39;26;012345;1.0;1;IC;;Bremen;Norddeich Mole
991149;33;42;ICE;ICE;DB Fernverkehr AG;396514;Hamburg-Altona;9941;München Hbf;26760;59340;543;19;888.6;98.2;1.91;13;01234;1.0;1;ICE;;Hamburg;München
991227;36;43;ICE;ICE;DB Fernverkehr AG;396514;Hamburg-Altona;691821;Düsseldorf Hbf;73560;87720;236;12;364.2;92.6;2.75;1;3;1.0;1;ICE-SPRINTER;SPR-2;Hamburg;Düsseldorf
991397;1;;IC;IC;PKP Intercity;380319;Wroclaw Glowny;402680;Swinoujscie;48180;68160;333;18;432.7;78.0;3.7;8;0123456;0.0;0;IC;;Wroclaw Glowny;Swinoujscie
991581;87;41;ICE;ICE;DB Fernverkehr AG;95437;Köln Messe/Deutz;9941;München Hbf;27900;43920;267;8;499.6;112.3;1.2;2;56;1.0;1;ICE;;Köln;München
991928;82;95;EC;IC;DB Fernverkehr AG;127712;Berlin Gesundbrunnen;42071;Rzepin;27840;32820;83;5;101.3;73.2;2.96;4;2345;0.8;0;IC;;Berlin;Rzepin
992207;47;62;ICE;ICE;DB Fernverkehr AG;9941;München Hbf;264321;Homburg(Saar)Hbf;63960;78840;248;9;379.4;91.8;1.85;1;4;1.0;1;ICE;;München;Homburg
992268;18;;ICE;ICE;ÖBB;447324;Schwarzach-St.Veit;565099;Kufstein;38580;48000;157;13;118.7;45.4;9.27;4;56;0.0;0;ICE;;Schwarzach-St.Veit;Kufstein
993094;94;88;ECE;ICE;DB Fernverkehr AG;9941;München Hbf;167729;Lindau-Reutin;74040;82140;135;4;163.5;72.7;1.22;3;046;1.0;1;ICE;;München;Lindau-Reutin
993167;72;;ICE;ICE;SBB;464157;Basel SBB;96724;Zürich HB;119220;122400;53;2;73.9;83.7;0.0;2;5;0.0;0;ICE;;Basel;Zürich
993322;33;42;ICE;ICE;DB Fernverkehr AG;396514;Hamburg-Altona;176697;Frankfurt(Main)Hbf;80700;111780;518;23;610.1;70.7;3.44;1;5;1.0;1;ICE-SPRINTER;SPR-1;Hamburg;Frankfurt
993809;36;43;ICE;ICE;DB Fernverkehr AG;396514;Hamburg-Altona;464157;Basel SBB;15960;46080;502;18;821.2;98.2;1.95;4;1234;0.889;0;ICE;;Hamburg;Basel
993826;36;43;ICE;ICE;DB Fernverkehr AG;396514;Hamburg-Altona;464157;Basel SBB;15960;46080;502;18;821.2;98.2;1.95;1;0;0.889;0;ICE;;Hamburg;Basel
993923;67;33;ICE;ICE;DB Fernverkehr AG;267257;Essen Hbf;468987;Westerland(Sylt);21780;45180;390;11;514.6;79.2;1.75;2;56;1.0;1;ICE;;Essen;Westerland
994126;26;55;IC;IC;DB Fernverkehr AG;93866;Hannover Hbf;464794;Magdeburg Hbf;74220;78840;77;3;131.4;102.4;0.76;1;5;1.0;1;IC;;Hannover;Magdeburg
995460;2;56;IC;IC;DB Fernverkehr AG;161450;Emden Hbf;53188;Leipzig Hbf;15360;38400;384;16;469.6;73.4;2.98;4;0123;1.0;1;IC;;Emden;Leipzig
995623;33;42;ICE;ICE;DB Fernverkehr AG;9941;München Hbf;396514;Hamburg-Altona;41280;74040;546;19;888.6;97.7;1.91;7;0123456;1.0;1;ICE;;München;Hamburg
995973;26;55;IC;IC;DB Fernverkehr AG;93866;Hannover Hbf;53188;Leipzig Hbf;59820;69420;160;7;242.2;90.8;2.06;1;5;1.0;1;IC;;Hannover;Leipzig
996574;57;19;ICE;ICE;DB Fernverkehr AG;517455;Köln Hbf;391201;Berlin Südkreuz;51540;68640;285;7;506.8;106.7;0.99;3;056;1.0;1;ICE;;Köln;Berlin
997028;33;42;ICE;ICE;DB Fernverkehr AG;396514;Hamburg-Altona;9941;München Hbf;69960;108660;645;21;911.0;84.7;2.09;1;0;1.0;1;ICE;;Hamburg;München
997801;91;79;ICE;ICE;DB Fernverkehr AG;257676;Bruxelles Midi;176697;Frankfurt(Main)Hbf;30300;41220;182;8;356.7;117.6;1.68;19;01234;0.625;0;ICE;;Bruxelles;Frankfurt
997887;33;42;ICE;ICE;DB Fernverkehr AG;428519;Hamburg Hbf;9941;München Hbf;35100;66540;524;17;883.4;101.2;1.7;3;015;1.0;1;ICE;;Hamburg;München
998204;68;91;ICE;ICE;DB Fernverkehr AG;99055;Nürnberg Hbf;640892;Dortmund Hbf;48720;69900;353;11;439.8;74.8;2.05;2;56;1.0;1;ICE;;Nürnberg;Dortmund
998587;38;28;ICE;ICE;DB Fernverkehr AG;9941;München Hbf;428519;Hamburg Hbf;31740;55440;395;11;831.5;126.3;1.08;4;56;1.0;1;ICE;;München;Hamburg
99890;67;33;ICE;ICE;DB Fernverkehr AG;468987;Westerland(Sylt);691821;Düsseldorf Hbf;49980;75540;426;14;552.5;77.8;2.17;1;3;1.0;1;ICE;;Westerland;Düsseldorf
999230;43;;EN;SONSTIGE;MAV;269485;Sturovo;619325;Budapest-Nyugati;26820;31740;82;4;65.4;47.9;3.06;3;456;0.0;0;SONSTIGE;;Sturovo;Budapest
9994;45;25;ICE;ICE;DB Fernverkehr AG;9941;München Hbf;428519;Hamburg Hbf;56580;79020;374;10;689.8;110.7;1.16;1;0;1.0;1;ICE;;München;Hamburg
999503;61;1;ICE;ICE;DB Fernverkehr AG;396514;Hamburg-Altona;90261;Regensburg Hbf;42840;77520;578;17;841.2;87.3;1.78;12;0123456;1.0;1;ICE;;Hamburg;Regensburg
999518;23;12;ICE;ICE;DB Fernverkehr AG;464157;Basel SBB;176697;Frankfurt(Main)Hbf;72960;83160;170;7;299.2;105.6;1.67;2;1;0.714;0;ICE;;Basel;Frankfurt
999730;26;55;IC;IC;DB Fernverkehr AG;53188;Leipzig Hbf;464794;Magdeburg Hbf;24000;28560;76;5;110.8;87.5;2.71;2;56;1.0;1;IC;;Leipzig;Magdeburg
999915;31;11;ICE;ICE;DB Fernverkehr AG;9941;München Hbf;176697;Frankfurt(Main)Hbf;74700;88440;229;7;359.8;94.3;1.39;1;4;1.0;1;ICE;;München;Frankfurt
