trip_id;date;dow
1081540;20260822;5
1578615;20260822;5
1743653;20260822;5
209107;20260822;5
575361;20260822;5
1395559;20260822;5
1071096;20260822;5
1502434;20260822;5
1104370;20260822;5
1559609;20260822;5
602093;20260822;5
638679;20260822;5
75869;20260822;5
840091;20260822;5
991397;20260822;5
631782;20260822;5
143733;20260822;5
513175;20260822;5
596465;20260822;5
699354;20260822;5
1099159;20260822;5
1192565;20260822;5
436675;20260822;5
1115350;20260822;5
1448267;20260822;5
1463877;20260822;5
1111071;20260822;5
759821;20260822;5
985952;20260822;5
1249527;20260822;5
461655;20260822;5
554684;20260822;5
825849;20260822;5
30674;20260822;5
380247;20260822;5
990724;20260822;5
1618778;20260822;5
847868;20260822;5
1440094;20260822;5
1042951;20260822;5
111702;20260822;5
1202661;20260822;5
1260840;20260822;5
131919;20260822;5
1418368;20260822;5
1587669;20260822;5
1690693;20260822;5
1743289;20260822;5
213711;20260822;5
220938;20260822;5
246208;20260822;5
32310;20260822;5
460462;20260822;5
461773;20260822;5
493300;20260822;5
803130;20260822;5
966689;20260822;5
1018860;20260822;5
1044419;20260822;5
1489405;20260822;5
908913;20260822;5
412190;20260822;5
1346279;20260822;5
1011860;20260822;5
1211372;20260822;5
748069;20260822;5
284523;20260822;5
507160;20260822;5
402405;20260822;5
1366936;20260822;5
1253405;20260822;5
783158;20260822;5
451690;20260822;5
1494066;20260822;5
159887;20260822;5
312730;20260822;5
1110785;20260822;5
1738671;20260822;5
673564;20260822;5
764789;20260822;5
637447;20260822;5
1109240;20260822;5
1593920;20260822;5
1686297;20260822;5
570602;20260822;5
716691;20260822;5
1231579;20260822;5
398521;20260822;5
575396;20260822;5
818681;20260822;5
1071562;20260822;5
1258410;20260822;5
1323496;20260822;5
1610895;20260822;5
1090650;20260822;5
1407811;20260822;5
114313;20260822;5
1153596;20260822;5
1194571;20260822;5
1333252;20260822;5
13425;20260822;5
1366459;20260822;5
1442001;20260822;5
1705673;20260822;5
1770390;20260822;5
187479;20260822;5
203787;20260822;5
231246;20260822;5
478412;20260822;5
663637;20260822;5
74255;20260822;5
762959;20260822;5
8619;20260822;5
391526;20260822;5
1513316;20260822;5
26744;20260822;5
400734;20260822;5
1037448;20260822;5
1584984;20260822;5
609185;20260822;5
1139023;20260822;5
1592810;20260822;5
355277;20260822;5
420425;20260822;5
4735;20260822;5
1639035;20260822;5
992268;20260822;5
120872;20260822;5
1252473;20260822;5
1455524;20260822;5
105433;20260822;5
1583187;20260822;5
406599;20260822;5
48265;20260822;5
1405671;20260822;5
938279;20260822;5
1088986;20260822;5
216897;20260822;5
322252;20260822;5
991018;20260822;5
1251849;20260822;5
588141;20260822;5
1000128;20260822;5
1398930;20260822;5
1317591;20260822;5
1646479;20260822;5
539806;20260822;5
560748;20260822;5
879450;20260822;5
465693;20260822;5
504404;20260822;5
512915;20260822;5
643799;20260822;5
830436;20260822;5
1085064;20260822;5
1232842;20260822;5
1460810;20260822;5
1615796;20260822;5
1739778;20260822;5
1744487;20260822;5
1759164;20260822;5
24035;20260822;5
606487;20260822;5
351195;20260822;5
1150353;20260822;5
1364723;20260822;5
167128;20260822;5
39362;20260822;5
811123;20260822;5
1746582;20260822;5
1782203;20260822;5
513427;20260822;5
1100916;20260822;5
141844;20260822;5
1637321;20260822;5
1722654;20260822;5
257797;20260822;5
621268;20260822;5
711087;20260822;5
724659;20260822;5
803637;20260822;5
834870;20260822;5
1783739;20260822;5
1354901;20260822;5
268700;20260822;5
1613890;20260822;5
1604826;20260822;5
1099135;20260822;5
256600;20260822;5
263631;20260822;5
399452;20260822;5
64504;20260822;5
1440549;20260822;5
849620;20260822;5
211289;20260822;5
833482;20260822;5
1260055;20260822;5
1328113;20260822;5
201810;20260822;5
356347;20260822;5
872810;20260822;5
1603122;20260822;5
1635403;20260822;5
272224;20260822;5
702592;20260822;5
1138197;20260822;5
1226485;20260822;5
1405048;20260822;5
140702;20260822;5
1713552;20260822;5
1182167;20260822;5
1254129;20260822;5
380602;20260822;5
189347;20260822;5
1073285;20260822;5
1753262;20260822;5
1756572;20260822;5
195698;20260822;5
299015;20260822;5
51793;20260822;5
551364;20260822;5
87399;20260822;5
1137703;20260822;5
1098007;20260822;5
960236;20260822;5
981738;20260822;5
1636116;20260822;5
1164622;20260822;5
1412404;20260822;5
1239641;20260822;5
1736109;20260822;5
342786;20260822;5
620572;20260822;5
1631441;20260822;5
902287;20260822;5
910800;20260822;5
1039768;20260822;5
1106832;20260822;5
1402103;20260822;5
1530652;20260822;5
222405;20260822;5
416771;20260822;5
982427;20260822;5
245247;20260822;5
851522;20260822;5
1242020;20260822;5
1367004;20260822;5
1379293;20260822;5
33075;20260822;5
380024;20260822;5
552135;20260822;5
575831;20260822;5
650139;20260822;5
806133;20260822;5
1192167;20260822;5
1307016;20260822;5
716936;20260822;5
519436;20260822;5
552263;20260822;5
702323;20260822;5
999730;20260822;5
1467546;20260822;5
346090;20260822;5
403888;20260822;5
804758;20260822;5
1288252;20260822;5
155217;20260822;5
1664654;20260822;5
221199;20260822;5
502985;20260822;5
66403;20260822;5
866220;20260822;5
943622;20260822;5
892811;20260822;5
202058;20260822;5
926861;20260822;5
1022350;20260822;5
1581877;20260822;5
1375238;20260822;5
1443984;20260822;5
1655946;20260822;5
1764395;20260822;5
179029;20260822;5
335190;20260822;5
514612;20260822;5
81367;20260822;5
1707638;20260822;5
1539689;20260822;5
126622;20260822;5
473221;20260822;5
559305;20260822;5
586407;20260822;5
1573447;20260822;5
494316;20260822;5
108007;20260822;5
19239;20260822;5
76763;20260822;5
1334897;20260822;5
539288;20260822;5
1517551;20260822;5
1008690;20260822;5
1281321;20260822;5
1481019;20260822;5
313731;20260822;5
437993;20260822;5
57483;20260822;5
669143;20260822;5
695685;20260822;5
819042;20260822;5
884060;20260822;5
1673717;20260822;5
968334;20260822;5
120297;20260822;5
1208406;20260822;5
1022012;20260822;5
400942;20260822;5
1169927;20260822;5
624522;20260822;5
1341460;20260822;5
1119603;20260822;5
715637;20260822;5
739559;20260822;5
187740;20260822;5
1756700;20260822;5
1435850;20260822;5
1307424;20260822;5
378334;20260822;5
350334;20260822;5
317631;20260822;5
399227;20260822;5
1581949;20260822;5
1463979;20260822;5
425955;20260822;5
472685;20260822;5
479652;20260822;5
974601;20260822;5
651407;20260822;5
695193;20260822;5
1001929;20260822;5
122079;20260822;5
1517753;20260822;5
985818;20260822;5
1032438;20260822;5
1108834;20260822;5
1199849;20260822;5
1607209;20260822;5
1648189;20260822;5
579203;20260822;5
1154018;20260822;5
1665251;20260822;5
997887;20260822;5
365831;20260822;5
1055536;20260822;5
1433845;20260822;5
1010954;20260822;5
1276296;20260822;5
1322359;20260822;5
1726397;20260822;5
420529;20260822;5
1359449;20260822;5
1734610;20260822;5
1227707;20260822;5
642459;20260822;5
686632;20260822;5
392366;20260822;5
171243;20260822;5
75744;20260822;5
1058591;20260822;5
1399489;20260822;5
1032944;20260822;5
1368217;20260822;5
153534;20260822;5
477888;20260822;5
61009;20260822;5
883185;20260822;5
161322;20260822;5
1779906;20260822;5
953113;20260822;5
82760;20260822;5
325670;20260822;5
1206575;20260822;5
678503;20260822;5
235178;20260822;5
197727;20260822;5
1068229;20260822;5
442319;20260822;5
583248;20260822;5
1384508;20260822;5
1456071;20260822;5
1056529;20260822;5
1092322;20260822;5
1383166;20260822;5
1486974;20260822;5
1537488;20260822;5
237762;20260822;5
475788;20260822;5
493409;20260822;5
636499;20260822;5
7123;20260822;5
1164777;20260822;5
398346;20260822;5
915994;20260822;5
998587;20260822;5
1627669;20260822;5
1290108;20260822;5
1132088;20260822;5
1262523;20260822;5
1290980;20260822;5
1044996;20260822;5
255010;20260822;5
1369040;20260822;5
671391;20260822;5
74248;20260822;5
754540;20260822;5
1705558;20260822;5
24209;20260822;5
1787695;20260822;5
1408666;20260822;5
920473;20260822;5
1734846;20260822;5
1263791;20260822;5
1750202;20260822;5
328156;20260822;5
905288;20260822;5
1554612;20260822;5
497711;20260822;5
230724;20260822;5
1482308;20260822;5
795432;20260822;5
1046137;20260822;5
614968;20260822;5
768860;20260822;5
950854;20260822;5
159870;20260822;5
700991;20260822;5
188995;20260822;5
1132456;20260822;5
1465216;20260822;5
18146;20260822;5
84898;20260822;5
884562;20260822;5
891144;20260822;5
469640;20260822;5
637946;20260822;5
1328539;20260822;5
635968;20260822;5
470232;20260822;5
1031210;20260822;5
632223;20260822;5
1604346;20260822;5
1071475;20260822;5
444031;20260822;5
1006684;20260822;5
33796;20260822;5
1780338;20260822;5
199580;20260822;5
213152;20260822;5
1333757;20260822;5
1178431;20260822;5
603327;20260822;5
434717;20260822;5
1541590;20260822;5
191369;20260822;5
1130056;20260822;5
1575598;20260822;5
1670417;20260822;5
1784234;20260822;5
452657;20260822;5
1027496;20260822;5
1348854;20260822;5
1438884;20260822;5
1591569;20260822;5
401743;20260822;5
663004;20260822;5
536905;20260822;5
1042684;20260822;5
1075472;20260822;5
1096735;20260822;5
1287917;20260822;5
1368719;20260822;5
1609886;20260822;5
1613131;20260822;5
1628350;20260822;5
1748907;20260822;5
196678;20260822;5
676221;20260822;5
76958;20260822;5
802132;20260822;5
808220;20260822;5
808276;20260822;5
876784;20260822;5
93791;20260822;5
642031;20260822;5
728562;20260822;5
1233952;20260822;5
66825;20260822;5
906988;20260822;5
913493;20260822;5
375693;20260822;5
466909;20260822;5
1634800;20260822;5
1688686;20260822;5
403341;20260822;5
822852;20260822;5
831842;20260822;5
1077573;20260822;5
35442;20260822;5
1550035;20260822;5
452641;20260822;5
1045623;20260822;5
1337781;20260822;5
733667;20260822;5
766791;20260822;5
817834;20260822;5
343917;20260822;5
756752;20260822;5
522431;20260822;5
1558158;20260822;5
477347;20260822;5
1370724;20260822;5
437492;20260822;5
681198;20260822;5
31025;20260822;5
975239;20260822;5
303750;20260822;5
720341;20260822;5
378025;20260822;5
915990;20260822;5
107;20260822;5
203962;20260822;5
1402289;20260822;5
153917;20260822;5
1222190;20260822;5
1640491;20260822;5
856708;20260822;5
938825;20260822;5
1011400;20260822;5
1140933;20260822;5
860585;20260822;5
962591;20260822;5
1411092;20260822;5
619104;20260822;5
580657;20260822;5
1629153;20260822;5
1507301;20260822;5
350701;20260822;5
1312540;20260822;5
208747;20260822;5
668738;20260822;5
852001;20260822;5
322533;20260822;5
1147489;20260822;5
1280881;20260822;5
1426166;20260822;5
298421;20260822;5
971334;20260822;5
1305998;20260822;5
86061;20260822;5
878730;20260822;5
91732;20260822;5
1031693;20260822;5
1177116;20260822;5
1623417;20260822;5
1665197;20260822;5
1787880;20260822;5
268433;20260822;5
334887;20260822;5
626884;20260822;5
697479;20260822;5
698336;20260822;5
1144085;20260822;5
1589067;20260822;5
337230;20260822;5
1144608;20260822;5
1006351;20260822;5
167759;20260822;5
1207454;20260822;5
468645;20260822;5
1627621;20260822;5
1256730;20260822;5
1275251;20260822;5
14292;20260822;5
1479017;20260822;5
1526788;20260822;5
1645834;20260822;5
633666;20260822;5
79481;20260822;5
859109;20260822;5
905749;20260822;5
1108704;20260822;5
302974;20260822;5
399385;20260822;5
780480;20260822;5
202226;20260822;5
664807;20260822;5
55044;20260822;5
1028881;20260822;5
1084176;20260822;5
63075;20260822;5
1418736;20260822;5
472418;20260822;5
939008;20260822;5
433886;20260822;5
328749;20260822;5
1435694;20260822;5
1528947;20260822;5
695462;20260822;5
742764;20260822;5
1173990;20260822;5
669914;20260822;5
982120;20260822;5
335500;20260822;5
195109;20260822;5
1085238;20260822;5
806188;20260822;5
545099;20260822;5
1186956;20260822;5
1497158;20260822;5
1022958;20260822;5
714007;20260822;5
111217;20260822;5
1131672;20260822;5
1247003;20260822;5
1661674;20260822;5
722911;20260822;5
806556;20260822;5
1267514;20260822;5
307893;20260822;5
1116972;20260822;5
1302597;20260822;5
1315631;20260822;5
1583868;20260822;5
225484;20260822;5
300545;20260822;5
1518076;20260822;5
1367853;20260822;5
1219173;20260822;5
913053;20260822;5
1302485;20260822;5
600079;20260822;5
266679;20260822;5
1175946;20260822;5
1638220;20260822;5
1684056;20260822;5
234721;20260822;5
770595;20260822;5
847293;20260822;5
925397;20260822;5
945488;20260822;5
1043131;20260822;5
1560270;20260822;5
595905;20260822;5
1100542;20260822;5
1044004;20260822;5
1410923;20260822;5
844154;20260822;5
1569737;20260822;5
879171;20260822;5
1226059;20260822;5
1592244;20260822;5
1644960;20260822;5
272457;20260822;5
566366;20260822;5
936354;20260822;5
1179008;20260822;5
1099046;20260822;5
1157973;20260822;5
1212843;20260822;5
1783140;20260822;5
1667326;20260822;5
1203350;20260822;5
626167;20260822;5
1376620;20260822;5
1573212;20260822;5
485782;20260822;5
584657;20260822;5
685451;20260822;5
1741271;20260822;5
623239;20260822;5
1183667;20260822;5
268530;20260822;5
791974;20260822;5
956468;20260822;5
1514138;20260822;5
98310;20260822;5
568161;20260822;5
61621;20260822;5
730561;20260822;5
191446;20260822;5
428783;20260822;5
1115224;20260822;5
1639637;20260822;5
709475;20260822;5
1319013;20260822;5
544943;20260822;5
857321;20260822;5
318977;20260822;5
949008;20260822;5
1567155;20260822;5
1596740;20260822;5
638886;20260822;5
898848;20260822;5
1146303;20260822;5
1140040;20260822;5
1396728;20260822;5
1607231;20260822;5
37188;20260822;5
416583;20260822;5
1196830;20260822;5
1312721;20260822;5
506182;20260822;5
633888;20260822;5
839476;20260822;5
993923;20260822;5
1631169;20260822;5
737625;20260822;5
1004083;20260822;5
1056749;20260822;5
1658738;20260822;5
217171;20260822;5
298328;20260822;5
1492791;20260822;5
374177;20260822;5
1463552;20260822;5
104793;20260822;5
1185709;20260822;5
1462290;20260822;5
1502996;20260822;5
689736;20260822;5
998204;20260822;5
656813;20260822;5
809959;20260822;5
139792;20260822;5
759517;20260822;5
1245469;20260822;5
271026;20260822;5
314053;20260822;5
181281;20260822;5
1555323;20260822;5
1003463;20260822;5
1723094;20260822;5
350937;20260822;5
1162761;20260822;5
811424;20260822;5
245399;20260822;5
33142;20260822;5
67233;20260822;5
1669638;20260822;5
920093;20260822;5
1227567;20260822;5
1186291;20260822;5
1311240;20260822;5
206407;20260822;5
1679137;20260822;5
515348;20260822;5
448250;20260822;5
1701316;20260822;5
1169138;20260822;5
1060346;20260822;5
125037;20260822;5
939469;20260822;5
1527601;20260822;5
171984;20260822;5
571469;20260822;5
1740739;20260822;5
80098;20260822;5
1204668;20260822;5
13314;20260822;5
1749043;20260822;5
455541;20260822;5
418623;20260822;5
934346;20260822;5
310921;20260822;5
1435912;20260822;5
1586142;20260822;5
1629567;20260822;5
1712410;20260822;5
1737899;20260822;5
197780;20260822;5
512741;20260822;5
864028;20260822;5
1685704;20260822;5
258570;20260822;5
72131;20260822;5
692839;20260822;5
1075356;20260822;5
265979;20260822;5
1023960;20260822;5
1035310;20260822;5
1062245;20260822;5
1063241;20260822;5
11081;20260822;5
1165731;20260822;5
1216478;20260822;5
1487068;20260822;5
1567612;20260822;5
1691591;20260822;5
1737455;20260822;5
296109;20260822;5
552646;20260822;5
613503;20260822;5
621001;20260822;5
92663;20260822;5
974666;20260822;5
386812;20260822;5
489845;20260822;5
1045349;20260822;5
1115815;20260822;5
1319034;20260822;5
1659922;20260822;5
297743;20260822;5
46112;20260822;5
590484;20260822;5
1173976;20260822;5
912912;20260822;5
1473556;20260822;5
846775;20260822;5
964675;20260822;5
1615326;20260822;5
1292457;20260822;5
176999;20260822;5
1522434;20260822;5
512032;20260822;5
419279;20260822;5
1229268;20260822;5
402632;20260822;5
1698345;20260822;5
1290529;20260822;5
134694;20260822;5
1621975;20260822;5
736966;20260822;5
899623;20260822;5
695815;20260822;5
1738849;20260822;5
1260884;20260822;5
1039383;20260822;5
254517;20260822;5
984384;20260822;5
1773077;20260822;5
54679;20260822;5
1006967;20260822;5
15091;20260822;5
1727894;20260822;5
941660;20260822;5
859119;20260822;5
196782;20260822;5
511167;20260822;5
413514;20260822;5
483673;20260822;5
449132;20260822;5
297037;20260822;5
586629;20260822;5
776414;20260822;5
873955;20260822;5
1124136;20260822;5
503499;20260822;5
1114784;20260822;5
180858;20260822;5
513103;20260822;5
892864;20260822;5
640319;20260822;5
856103;20260822;5
13805;20260822;5
1595018;20260822;5
1135919;20260822;5
985231;20260822;5
40971;20260822;5
548658;20260822;5
1047097;20260822;5
1069912;20260822;5
1384972;20260822;5
1602976;20260822;5
306085;20260822;5
321869;20260822;5
334109;20260822;5
47607;20260822;5
567498;20260822;5
650128;20260822;5
728262;20260822;5
739554;20260822;5
796497;20260822;5
940074;20260822;5
396450;20260822;5
731545;20260822;5
89746;20260822;5
1722431;20260822;5
236823;20260822;5
934810;20260822;5
1500047;20260822;5
313564;20260822;5
623410;20260822;5
369709;20260822;5
487155;20260822;5
1085997;20260822;5
533371;20260822;5
451514;20260822;5
1326018;20260822;5
1409919;20260822;5
1422851;20260822;5
1645708;20260822;5
1689008;20260822;5
581054;20260822;5
114305;20260822;5
329955;20260822;5
339197;20260822;5
60564;20260822;5
1139301;20260822;5
66657;20260822;5
1430915;20260822;5
1512780;20260822;5
199649;20260822;5
1282747;20260822;5
1116347;20260822;5
1328878;20260822;5
168771;20260822;5
1692293;20260822;5
172835;20260822;5
1754106;20260822;5
466107;20260822;5
614898;20260822;5
715483;20260822;5
757886;20260822;5
925890;20260822;5
990186;20260822;5
1204525;20260822;5
1514056;20260822;5
182924;20260822;5
261452;20260822;5
364449;20260822;5
944791;20260822;5
1034500;20260822;5
1713612;20260822;5
872676;20260822;5
650829;20260822;5
1176991;20260822;5
318474;20260822;5
248652;20260822;5
1270634;20260822;5
131728;20260822;5
1519079;20260822;5
202302;20260822;5
668829;20260822;5
839695;20260822;5
932257;20260822;5
976695;20260822;5
807582;20260822;5
611146;20260822;5
1666258;20260822;5
968703;20260822;5
251749;20260822;5
561977;20260822;5
769242;20260822;5
1356095;20260822;5
1397982;20260822;5
245943;20260822;5
1267527;20260822;5
1615306;20260822;5
1656761;20260822;5
1686164;20260822;5
1749219;20260822;5
252288;20260822;5
630371;20260822;5
823521;20260822;5
1354611;20260822;5
569893;20260822;5
582819;20260822;5
817626;20260822;5
1363471;20260822;5
1585801;20260822;5
1626416;20260822;5
192664;20260822;5
328843;20260822;5
79985;20260822;5
810608;20260822;5
815478;20260822;5
82009;20260822;5
97689;20260822;5
1667142;20260822;5
752451;20260822;5
795429;20260822;5
1266188;20260822;5
1657529;20260822;5
430902;20260822;5
1468045;20260822;5
174686;20260822;5
694747;20260822;5
1400084;20260822;5
470912;20260822;5
1460773;20260822;5
1037471;20260822;5
107924;20260822;5
1250364;20260822;5
1266001;20260822;5
1376501;20260822;5
1390776;20260822;5
139400;20260822;5
1461820;20260822;5
1494096;20260822;5
1727918;20260822;5
173521;20260822;5
189847;20260822;5
219258;20260822;5
238291;20260822;5
261008;20260822;5
328491;20260822;5
454596;20260822;5
531753;20260822;5
75649;20260822;5
947552;20260822;5
965839;20260822;5
98606;20260822;5
1295680;20260822;5
1431729;20260822;5
1498452;20260822;5
213003;20260822;5
767402;20260822;5
815831;20260822;5
1167077;20260822;5
924828;20260822;5
784711;20260822;5
25137;20260822;5
310364;20260822;5
1365815;20260822;5
1553002;20260822;5
336230;20260822;5
1684439;20260822;5
1724783;20260822;5
1786128;20260822;5
472242;20260822;5
479296;20260822;5
632810;20260822;5
1318759;20260822;5
221742;20260822;5
574015;20260822;5
1065217;20260822;5
1112229;20260822;5
1206940;20260822;5
83351;20260822;5
1017919;20260822;5
1601750;20260822;5
220465;20260822;5
1479283;20260822;5
554159;20260822;5
585535;20260822;5
657189;20260822;5
970493;20260822;5
1285408;20260822;5
1300533;20260822;5
1304894;20260822;5
1592488;20260822;5
724219;20260822;5
828793;20260822;5
1216020;20260822;5
1496485;20260822;5
665576;20260822;5
799066;20260822;5
92734;20260822;5
943052;20260822;5
130570;20260822;5
122006;20260822;5
567755;20260822;5
1152012;20260822;5
1418931;20260822;5
1081540;20260823;6
1578615;20260823;6
1743653;20260823;6
209107;20260823;6
575361;20260823;6
1395559;20260823;6
1309445;20260823;6
1071096;20260823;6
1104370;20260823;6
1559609;20260823;6
602093;20260823;6
638679;20260823;6
75869;20260823;6
840091;20260823;6
991397;20260823;6
631782;20260823;6
143733;20260823;6
513175;20260823;6
596465;20260823;6
699354;20260823;6
56909;20260823;6
1218042;20260823;6
130500;20260823;6
514257;20260823;6
1099159;20260823;6
1192565;20260823;6
436675;20260823;6
1111071;20260823;6
304067;20260823;6
1249527;20260823;6
461655;20260823;6
554684;20260823;6
825849;20260823;6
30674;20260823;6
380247;20260823;6
990724;20260823;6
847868;20260823;6
1440094;20260823;6
1042951;20260823;6
111702;20260823;6
1202661;20260823;6
1260840;20260823;6
131919;20260823;6
1418368;20260823;6
1587669;20260823;6
1690693;20260823;6
1743289;20260823;6
213711;20260823;6
220938;20260823;6
246208;20260823;6
32310;20260823;6
460462;20260823;6
461773;20260823;6
493300;20260823;6
803130;20260823;6
966689;20260823;6
1018860;20260823;6
1044419;20260823;6
1489405;20260823;6
908913;20260823;6
412190;20260823;6
1346279;20260823;6
1011860;20260823;6
339476;20260823;6
1211372;20260823;6
748069;20260823;6
507160;20260823;6
402405;20260823;6
365307;20260823;6
77579;20260823;6
1253405;20260823;6
783158;20260823;6
1075955;20260823;6
1732254;20260823;6
392997;20260823;6
1494066;20260823;6
159887;20260823;6
312730;20260823;6
1110785;20260823;6
1738671;20260823;6
673564;20260823;6
764789;20260823;6
1109240;20260823;6
1593920;20260823;6
1686297;20260823;6
570602;20260823;6
716691;20260823;6
1231579;20260823;6
398521;20260823;6
575396;20260823;6
818681;20260823;6
1071562;20260823;6
1258410;20260823;6
1323496;20260823;6
1610895;20260823;6
1407811;20260823;6
1263139;20260823;6
473167;20260823;6
114313;20260823;6
1153596;20260823;6
1194571;20260823;6
1333252;20260823;6
13425;20260823;6
1366459;20260823;6
1442001;20260823;6
1705673;20260823;6
1770390;20260823;6
187479;20260823;6
203787;20260823;6
231246;20260823;6
478412;20260823;6
663637;20260823;6
74255;20260823;6
762959;20260823;6
8619;20260823;6
1513316;20260823;6
26744;20260823;6
400734;20260823;6
1037448;20260823;6
1584984;20260823;6
1139023;20260823;6
1592810;20260823;6
355277;20260823;6
420425;20260823;6
4735;20260823;6
1639035;20260823;6
992268;20260823;6
120872;20260823;6
1252473;20260823;6
1455524;20260823;6
105433;20260823;6
1583187;20260823;6
406599;20260823;6
1405671;20260823;6
938279;20260823;6
723156;20260823;6
1088986;20260823;6
216897;20260823;6
322252;20260823;6
1251849;20260823;6
588141;20260823;6
1636105;20260823;6
363627;20260823;6
1248658;20260823;6
1486844;20260823;6
45701;20260823;6
940323;20260823;6
1317591;20260823;6
1646479;20260823;6
539806;20260823;6
560748;20260823;6
879450;20260823;6
1680498;20260823;6
1085064;20260823;6
1232842;20260823;6
1460810;20260823;6
1615796;20260823;6
1739778;20260823;6
1744487;20260823;6
1759164;20260823;6
24035;20260823;6
606487;20260823;6
351195;20260823;6
1150353;20260823;6
1364723;20260823;6
167128;20260823;6
39362;20260823;6
811123;20260823;6
1746582;20260823;6
513427;20260823;6
570618;20260823;6
1100916;20260823;6
141844;20260823;6
1637321;20260823;6
1722654;20260823;6
257797;20260823;6
621268;20260823;6
711087;20260823;6
724659;20260823;6
803637;20260823;6
834870;20260823;6
385906;20260823;6
1613890;20260823;6
605202;20260823;6
1604826;20260823;6
1099135;20260823;6
256600;20260823;6
263631;20260823;6
1317988;20260823;6
1353853;20260823;6
509558;20260823;6
399452;20260823;6
64504;20260823;6
849620;20260823;6
211289;20260823;6
833482;20260823;6
1260055;20260823;6
1328113;20260823;6
201810;20260823;6
356347;20260823;6
872810;20260823;6
1603122;20260823;6
1635403;20260823;6
272224;20260823;6
1138197;20260823;6
1226485;20260823;6
1405048;20260823;6
140702;20260823;6
1713552;20260823;6
1182167;20260823;6
1254129;20260823;6
380602;20260823;6
189347;20260823;6
1073285;20260823;6
1753262;20260823;6
1756572;20260823;6
195698;20260823;6
299015;20260823;6
51793;20260823;6
551364;20260823;6
87399;20260823;6
1137703;20260823;6
1098007;20260823;6
960236;20260823;6
717187;20260823;6
1559702;20260823;6
90117;20260823;6
912540;20260823;6
1164622;20260823;6
1412404;20260823;6
620572;20260823;6
466444;20260823;6
902287;20260823;6
910800;20260823;6
1039768;20260823;6
1106832;20260823;6
1402103;20260823;6
1530652;20260823;6
222405;20260823;6
416771;20260823;6
982427;20260823;6
245247;20260823;6
851522;20260823;6
1242020;20260823;6
1367004;20260823;6
1379293;20260823;6
33075;20260823;6
380024;20260823;6
552135;20260823;6
575831;20260823;6
650139;20260823;6
806133;20260823;6
1192167;20260823;6
1307016;20260823;6
716936;20260823;6
519436;20260823;6
259635;20260823;6
631566;20260823;6
680716;20260823;6
552263;20260823;6
702323;20260823;6
999730;20260823;6
1288252;20260823;6
155217;20260823;6
1664654;20260823;6
221199;20260823;6
502985;20260823;6
66403;20260823;6
866220;20260823;6
943622;20260823;6
892811;20260823;6
1023020;20260823;6
270250;20260823;6
202058;20260823;6
926861;20260823;6
1022350;20260823;6
1581877;20260823;6
1375238;20260823;6
1443984;20260823;6
1655946;20260823;6
1764395;20260823;6
179029;20260823;6
335190;20260823;6
514612;20260823;6
81367;20260823;6
1475584;20260823;6
603372;20260823;6
126622;20260823;6
473221;20260823;6
559305;20260823;6
586407;20260823;6
1573447;20260823;6
494316;20260823;6
108007;20260823;6
19239;20260823;6
76763;20260823;6
1334897;20260823;6
539288;20260823;6
1517551;20260823;6
1008690;20260823;6
1281321;20260823;6
1481019;20260823;6
313731;20260823;6
437993;20260823;6
57483;20260823;6
669143;20260823;6
695685;20260823;6
819042;20260823;6
884060;20260823;6
1673717;20260823;6
968334;20260823;6
120297;20260823;6
1208406;20260823;6
1022012;20260823;6
400942;20260823;6
1169927;20260823;6
624522;20260823;6
493802;20260823;6
938257;20260823;6
1341460;20260823;6
854172;20260823;6
187740;20260823;6
13967;20260823;6
1756700;20260823;6
1435850;20260823;6
1307424;20260823;6
378334;20260823;6
317631;20260823;6
1452739;20260823;6
1591725;20260823;6
399227;20260823;6
1581949;20260823;6
1463979;20260823;6
425955;20260823;6
472685;20260823;6
479652;20260823;6
974601;20260823;6
651407;20260823;6
695193;20260823;6
521237;20260823;6
1115467;20260823;6
1304794;20260823;6
1313415;20260823;6
371323;20260823;6
818177;20260823;6
1001929;20260823;6
122079;20260823;6
1517753;20260823;6
985818;20260823;6
1154018;20260823;6
1665251;20260823;6
676947;20260823;6
1055536;20260823;6
1433845;20260823;6
1010954;20260823;6
1276296;20260823;6
1322359;20260823;6
1726397;20260823;6
420529;20260823;6
1359449;20260823;6
286063;20260823;6
1734610;20260823;6
1227707;20260823;6
642459;20260823;6
392366;20260823;6
672569;20260823;6
1058591;20260823;6
367280;20260823;6
741740;20260823;6
876028;20260823;6
1399489;20260823;6
293910;20260823;6
1779906;20260823;6
488611;20260823;6
556698;20260823;6
885670;20260823;6
953113;20260823;6
260016;20260823;6
319906;20260823;6
325670;20260823;6
1206575;20260823;6
678503;20260823;6
235178;20260823;6
197727;20260823;6
1189449;20260823;6
268679;20260823;6
444709;20260823;6
1068229;20260823;6
442319;20260823;6
583248;20260823;6
1171915;20260823;6
1056529;20260823;6
1092322;20260823;6
1383166;20260823;6
1486974;20260823;6
1537488;20260823;6
237762;20260823;6
475788;20260823;6
493409;20260823;6
636499;20260823;6
7123;20260823;6
94316;20260823;6
915994;20260823;6
998587;20260823;6
759020;20260823;6
1627669;20260823;6
1148381;20260823;6
1034805;20260823;6
1262523;20260823;6
1486298;20260823;6
1290980;20260823;6
1044996;20260823;6
255010;20260823;6
1369040;20260823;6
671391;20260823;6
74248;20260823;6
754540;20260823;6
1705558;20260823;6
24209;20260823;6
1787695;20260823;6
1408666;20260823;6
920473;20260823;6
1263791;20260823;6
1750202;20260823;6
328156;20260823;6
905288;20260823;6
1004136;20260823;6
877387;20260823;6
939085;20260823;6
1554612;20260823;6
230724;20260823;6
1482308;20260823;6
1046137;20260823;6
614968;20260823;6
768860;20260823;6
950854;20260823;6
159870;20260823;6
700991;20260823;6
1132456;20260823;6
1465216;20260823;6
18146;20260823;6
84898;20260823;6
884562;20260823;6
891144;20260823;6
1122417;20260823;6
350760;20260823;6
1415516;20260823;6
469640;20260823;6
637946;20260823;6
470232;20260823;6
1031210;20260823;6
632223;20260823;6
1604346;20260823;6
1071475;20260823;6
444031;20260823;6
1006684;20260823;6
33796;20260823;6
1780338;20260823;6
199580;20260823;6
213152;20260823;6
1333757;20260823;6
1178431;20260823;6
603327;20260823;6
434717;20260823;6
1541590;20260823;6
1575598;20260823;6
1670417;20260823;6
1784234;20260823;6
452657;20260823;6
1027496;20260823;6
1348854;20260823;6
1438884;20260823;6
1591569;20260823;6
401743;20260823;6
663004;20260823;6
422150;20260823;6
536905;20260823;6
1075472;20260823;6
1096735;20260823;6
1287917;20260823;6
1368719;20260823;6
1609886;20260823;6
1613131;20260823;6
1628350;20260823;6
1748907;20260823;6
196678;20260823;6
676221;20260823;6
76958;20260823;6
802132;20260823;6
808220;20260823;6
808276;20260823;6
876784;20260823;6
93791;20260823;6
642031;20260823;6
1233952;20260823;6
66825;20260823;6
906988;20260823;6
913493;20260823;6
1297741;20260823;6
81937;20260823;6
834132;20260823;6
375693;20260823;6
1634800;20260823;6
1688686;20260823;6
403341;20260823;6
822852;20260823;6
831842;20260823;6
1140886;20260823;6
1550035;20260823;6
452641;20260823;6
1045623;20260823;6
1337781;20260823;6
733667;20260823;6
766791;20260823;6
817834;20260823;6
702443;20260823;6
756752;20260823;6
1134768;20260823;6
1642881;20260823;6
522431;20260823;6
1370724;20260823;6
437492;20260823;6
681198;20260823;6
31025;20260823;6
975239;20260823;6
303750;20260823;6
720341;20260823;6
107;20260823;6
203962;20260823;6
1402289;20260823;6
153917;20260823;6
1222190;20260823;6
1640491;20260823;6
856708;20260823;6
938825;20260823;6
747724;20260823;6
1509651;20260823;6
601629;20260823;6
1011400;20260823;6
1140933;20260823;6
860585;20260823;6
962591;20260823;6
580657;20260823;6
701416;20260823;6
1629153;20260823;6
1605778;20260823;6
1631384;20260823;6
1662395;20260823;6
1312540;20260823;6
208747;20260823;6
668738;20260823;6
852001;20260823;6
1452872;20260823;6
1147489;20260823;6
1280881;20260823;6
1426166;20260823;6
298421;20260823;6
971334;20260823;6
1305998;20260823;6
86061;20260823;6
878730;20260823;6
91732;20260823;6
1031693;20260823;6
1177116;20260823;6
1623417;20260823;6
1665197;20260823;6
1787880;20260823;6
268433;20260823;6
334887;20260823;6
626884;20260823;6
697479;20260823;6
698336;20260823;6
1144085;20260823;6
1589067;20260823;6
337230;20260823;6
1144608;20260823;6
1006351;20260823;6
167759;20260823;6
1207454;20260823;6
468645;20260823;6
1627621;20260823;6
1014392;20260823;6
1256730;20260823;6
1275251;20260823;6
14292;20260823;6
1479017;20260823;6
1526788;20260823;6
1645834;20260823;6
633666;20260823;6
79481;20260823;6
859109;20260823;6
905749;20260823;6
1108704;20260823;6
302974;20260823;6
780480;20260823;6
202226;20260823;6
1555608;20260823;6
664807;20260823;6
55044;20260823;6
1028881;20260823;6
1084176;20260823;6
63075;20260823;6
170214;20260823;6
1221913;20260823;6
1377128;20260823;6
1592992;20260823;6
25276;20260823;6
1528947;20260823;6
650529;20260823;6
669914;20260823;6
982120;20260823;6
195109;20260823;6
806188;20260823;6
841585;20260823;6
486288;20260823;6
510095;20260823;6
832026;20260823;6
545099;20260823;6
1022958;20260823;6
778044;20260823;6
714007;20260823;6
111217;20260823;6
1131672;20260823;6
1247003;20260823;6
1661674;20260823;6
722911;20260823;6
806556;20260823;6
307893;20260823;6
1116972;20260823;6
1302597;20260823;6
1315631;20260823;6
1583868;20260823;6
225484;20260823;6
300545;20260823;6
847289;20260823;6
1367853;20260823;6
904312;20260823;6
913053;20260823;6
1302485;20260823;6
600079;20260823;6
1004313;20260823;6
1199950;20260823;6
1721314;20260823;6
646732;20260823;6
1175946;20260823;6
1638220;20260823;6
1684056;20260823;6
234721;20260823;6
770595;20260823;6
847293;20260823;6
925397;20260823;6
945488;20260823;6
401103;20260823;6
1100542;20260823;6
1044004;20260823;6
1410923;20260823;6
844154;20260823;6
1569737;20260823;6
1226059;20260823;6
1592244;20260823;6
1644960;20260823;6
272457;20260823;6
566366;20260823;6
1179008;20260823;6
667499;20260823;6
1099046;20260823;6
1212843;20260823;6
1783140;20260823;6
1423837;20260823;6
1046103;20260823;6
626167;20260823;6
1376620;20260823;6
672263;20260823;6
1573212;20260823;6
485782;20260823;6
584657;20260823;6
685451;20260823;6
1741271;20260823;6
623239;20260823;6
1183667;20260823;6
268530;20260823;6
256037;20260823;6
791974;20260823;6
956468;20260823;6
1514138;20260823;6
98310;20260823;6
568161;20260823;6
61621;20260823;6
730561;20260823;6
191446;20260823;6
1115224;20260823;6
1639637;20260823;6
709475;20260823;6
1319013;20260823;6
544943;20260823;6
857321;20260823;6
318977;20260823;6
949008;20260823;6
1567155;20260823;6
1596740;20260823;6
638886;20260823;6
898848;20260823;6
1146303;20260823;6
1140040;20260823;6
1396728;20260823;6
1607231;20260823;6
37188;20260823;6
416583;20260823;6
1248989;20260823;6
1196830;20260823;6
1312721;20260823;6
506182;20260823;6
633888;20260823;6
839476;20260823;6
993923;20260823;6
737625;20260823;6
1004083;20260823;6
1056749;20260823;6
973677;20260823;6
1658738;20260823;6
217171;20260823;6
298328;20260823;6
1267540;20260823;6
1492791;20260823;6
374177;20260823;6
1463552;20260823;6
104793;20260823;6
1185709;20260823;6
1462290;20260823;6
1502996;20260823;6
689736;20260823;6
998204;20260823;6
759517;20260823;6
1245469;20260823;6
271026;20260823;6
314053;20260823;6
181281;20260823;6
1555323;20260823;6
894865;20260823;6
1003463;20260823;6
1723094;20260823;6
1162761;20260823;6
691005;20260823;6
245399;20260823;6
33142;20260823;6
67233;20260823;6
1545060;20260823;6
1243243;20260823;6
1299158;20260823;6
1679137;20260823;6
1123649;20260823;6
1270940;20260823;6
793528;20260823;6
809878;20260823;6
1701316;20260823;6
1169138;20260823;6
1087017;20260823;6
939469;20260823;6
1527601;20260823;6
171984;20260823;6
571469;20260823;6
1740739;20260823;6
80098;20260823;6
1204668;20260823;6
13314;20260823;6
1749043;20260823;6
455541;20260823;6
418623;20260823;6
1472664;20260823;6
1475136;20260823;6
1435912;20260823;6
1586142;20260823;6
1629567;20260823;6
1712410;20260823;6
1737899;20260823;6
197780;20260823;6
1572118;20260823;6
1388849;20260823;6
924120;20260823;6
1509171;20260823;6
72131;20260823;6
692839;20260823;6
1075356;20260823;6
265979;20260823;6
1023960;20260823;6
1035310;20260823;6
1062245;20260823;6
1063241;20260823;6
11081;20260823;6
1165731;20260823;6
1216478;20260823;6
1487068;20260823;6
1567612;20260823;6
1691591;20260823;6
1737455;20260823;6
296109;20260823;6
552646;20260823;6
613503;20260823;6
621001;20260823;6
92663;20260823;6
974666;20260823;6
386812;20260823;6
194810;20260823;6
738173;20260823;6
489845;20260823;6
1045349;20260823;6
1115815;20260823;6
1319034;20260823;6
1659922;20260823;6
297743;20260823;6
46112;20260823;6
590484;20260823;6
233929;20260823;6
1473556;20260823;6
303680;20260823;6
332457;20260823;6
380793;20260823;6
1292457;20260823;6
176999;20260823;6
419279;20260823;6
1229268;20260823;6
1698345;20260823;6
1290529;20260823;6
134694;20260823;6
1621975;20260823;6
736966;20260823;6
899623;20260823;6
1738849;20260823;6
254517;20260823;6
984384;20260823;6
1248870;20260823;6
1773077;20260823;6
54679;20260823;6
1096383;20260823;6
645670;20260823;6
141283;20260823;6
1600212;20260823;6
196782;20260823;6
511167;20260823;6
413514;20260823;6
661468;20260823;6
483673;20260823;6
1406555;20260823;6
921515;20260823;6
989159;20260823;6
586629;20260823;6
776414;20260823;6
873955;20260823;6
503499;20260823;6
1114784;20260823;6
640319;20260823;6
856103;20260823;6
1323455;20260823;6
304079;20260823;6
1410963;20260823;6
13805;20260823;6
1595018;20260823;6
40971;20260823;6
548658;20260823;6
1320712;20260823;6
1069912;20260823;6
1384972;20260823;6
1602976;20260823;6
306085;20260823;6
321869;20260823;6
334109;20260823;6
47607;20260823;6
567498;20260823;6
650128;20260823;6
728262;20260823;6
739554;20260823;6
796497;20260823;6
940074;20260823;6
1000362;20260823;6
122756;20260823;6
89746;20260823;6
1722431;20260823;6
236823;20260823;6
114919;20260823;6
1500047;20260823;6
313564;20260823;6
623410;20260823;6
369709;20260823;6
487155;20260823;6
1085997;20260823;6
533371;20260823;6
1252788;20260823;6
451514;20260823;6
1326018;20260823;6
1409919;20260823;6
1422851;20260823;6
1645708;20260823;6
1689008;20260823;6
581054;20260823;6
114305;20260823;6
329955;20260823;6
339197;20260823;6
60564;20260823;6
66657;20260823;6
1430915;20260823;6
1512780;20260823;6
199649;20260823;6
1282747;20260823;6
1116347;20260823;6
1328878;20260823;6
168771;20260823;6
1692293;20260823;6
172835;20260823;6
1754106;20260823;6
466107;20260823;6
614898;20260823;6
715483;20260823;6
757886;20260823;6
925890;20260823;6
990186;20260823;6
1204525;20260823;6
1514056;20260823;6
182924;20260823;6
261452;20260823;6
364449;20260823;6
944791;20260823;6
1034500;20260823;6
1745258;20260823;6
1713612;20260823;6
872676;20260823;6
1180721;20260823;6
318474;20260823;6
1087459;20260823;6
254850;20260823;6
637823;20260823;6
1270634;20260823;6
131728;20260823;6
1519079;20260823;6
342639;20260823;6
889850;20260823;6
120274;20260823;6
611146;20260823;6
1666258;20260823;6
968703;20260823;6
251749;20260823;6
769242;20260823;6
1267527;20260823;6
1615306;20260823;6
1656761;20260823;6
1686164;20260823;6
1749219;20260823;6
252288;20260823;6
630371;20260823;6
823521;20260823;6
745586;20260823;6
582819;20260823;6
817626;20260823;6
283106;20260823;6
1077287;20260823;6
929807;20260823;6
391460;20260823;6
917151;20260823;6
1363471;20260823;6
1585801;20260823;6
1626416;20260823;6
192664;20260823;6
328843;20260823;6
79985;20260823;6
810608;20260823;6
815478;20260823;6
82009;20260823;6
97689;20260823;6
1266188;20260823;6
1055756;20260823;6
1468045;20260823;6
174686;20260823;6
694747;20260823;6
1400084;20260823;6
470912;20260823;6
353260;20260823;6
1460773;20260823;6
1037471;20260823;6
107924;20260823;6
1250364;20260823;6
1266001;20260823;6
1376501;20260823;6
1390776;20260823;6
139400;20260823;6
1461820;20260823;6
1494096;20260823;6
1727918;20260823;6
173521;20260823;6
189847;20260823;6
219258;20260823;6
238291;20260823;6
261008;20260823;6
328491;20260823;6
454596;20260823;6
531753;20260823;6
75649;20260823;6
947552;20260823;6
965839;20260823;6
98606;20260823;6
1295680;20260823;6
1431729;20260823;6
1498452;20260823;6
213003;20260823;6
767402;20260823;6
815831;20260823;6
650248;20260823;6
924828;20260823;6
784711;20260823;6
1180756;20260823;6
698132;20260823;6
25137;20260823;6
310364;20260823;6
368912;20260823;6
1282525;20260823;6
747673;20260823;6
1365815;20260823;6
1553002;20260823;6
336230;20260823;6
1318759;20260823;6
221742;20260823;6
574015;20260823;6
1677272;20260823;6
1065217;20260823;6
1112229;20260823;6
1017919;20260823;6
1601750;20260823;6
430385;20260823;6
1479283;20260823;6
554159;20260823;6
585535;20260823;6
657189;20260823;6
970493;20260823;6
1401633;20260823;6
1300533;20260823;6
1184406;20260823;6
1359444;20260823;6
1304894;20260823;6
1592488;20260823;6
724219;20260823;6
828793;20260823;6
1295800;20260823;6
1216020;20260823;6
1496485;20260823;6
665576;20260823;6
799066;20260823;6
92734;20260823;6
943052;20260823;6
122006;20260823;6
1152012;20260823;6
1418931;20260823;6
318106;20260823;6
1080221;20260824;0
1081540;20260824;0
1578615;20260824;0
1743653;20260824;0
209107;20260824;0
575361;20260824;0
1395559;20260824;0
1309445;20260824;0
1104370;20260824;0
1559609;20260824;0
602093;20260824;0
638679;20260824;0
75869;20260824;0
840091;20260824;0
991397;20260824;0
631782;20260824;0
143733;20260824;0
1579104;20260824;0
304635;20260824;0
474650;20260824;0
972554;20260824;0
1669066;20260824;0
513175;20260824;0
596465;20260824;0
699354;20260824;0
56909;20260824;0
1071948;20260824;0
1111071;20260824;0
304067;20260824;0
962243;20260824;0
461655;20260824;0
554684;20260824;0
825849;20260824;0
30674;20260824;0
380247;20260824;0
990724;20260824;0
377263;20260824;0
1452498;20260824;0
847868;20260824;0
1440094;20260824;0
1042951;20260824;0
111702;20260824;0
1202661;20260824;0
1260840;20260824;0
131919;20260824;0
1418368;20260824;0
1587669;20260824;0
1690693;20260824;0
1743289;20260824;0
213711;20260824;0
220938;20260824;0
246208;20260824;0
32310;20260824;0
460462;20260824;0
461773;20260824;0
493300;20260824;0
803130;20260824;0
966689;20260824;0
1018860;20260824;0
194608;20260824;0
536782;20260824;0
412190;20260824;0
1011860;20260824;0
339476;20260824;0
791087;20260824;0
284523;20260824;0
481186;20260824;0
1346599;20260824;0
1665232;20260824;0
507160;20260824;0
1253405;20260824;0
783158;20260824;0
1075955;20260824;0
1732254;20260824;0
1069944;20260824;0
1088254;20260824;0
1121801;20260824;0
474809;20260824;0
841291;20260824;0
212673;20260824;0
451690;20260824;0
1494066;20260824;0
159887;20260824;0
312730;20260824;0
1110785;20260824;0
1738671;20260824;0
673564;20260824;0
764789;20260824;0
709862;20260824;0
637447;20260824;0
398521;20260824;0
575396;20260824;0
572185;20260824;0
1015090;20260824;0
1553760;20260824;0
739420;20260824;0
304371;20260824;0
1013946;20260824;0
1130680;20260824;0
126446;20260824;0
1271946;20260824;0
1713388;20260824;0
1740459;20260824;0
1757257;20260824;0
347823;20260824;0
937623;20260824;0
951947;20260824;0
1316049;20260824;0
425396;20260824;0
462500;20260824;0
1071562;20260824;0
1258410;20260824;0
1323496;20260824;0
1610895;20260824;0
638977;20260824;0
691405;20260824;0
1440077;20260824;0
1690994;20260824;0
424322;20260824;0
114276;20260824;0
801606;20260824;0
1584984;20260824;0
1139023;20260824;0
1592810;20260824;0
355277;20260824;0
420425;20260824;0
4735;20260824;0
1437510;20260824;0
1252473;20260824;0
1455524;20260824;0
105433;20260824;0
1583187;20260824;0
884685;20260824;0
26452;20260824;0
775712;20260824;0
406599;20260824;0
723156;20260824;0
1088986;20260824;0
216897;20260824;0
322252;20260824;0
991018;20260824;0
1251849;20260824;0
588141;20260824;0
1000128;20260824;0
1398930;20260824;0
1636105;20260824;0
363627;20260824;0
1207284;20260824;0
1280133;20260824;0
1293236;20260824;0
1764354;20260824;0
204838;20260824;0
955179;20260824;0
966279;20260824;0
995460;20260824;0
1386789;20260824;0
1525100;20260824;0
1737464;20260824;0
322066;20260824;0
595359;20260824;0
734804;20260824;0
1085064;20260824;0
1232842;20260824;0
1460810;20260824;0
1615796;20260824;0
1739778;20260824;0
1744487;20260824;0
1759164;20260824;0
24035;20260824;0
606487;20260824;0
351195;20260824;0
39362;20260824;0
811123;20260824;0
1746582;20260824;0
1782203;20260824;0
513427;20260824;0
570618;20260824;0
1100916;20260824;0
141844;20260824;0
1637321;20260824;0
1722654;20260824;0
257797;20260824;0
621268;20260824;0
711087;20260824;0
724659;20260824;0
803637;20260824;0
834870;20260824;0
1783739;20260824;0
385906;20260824;0
797525;20260824;0
1613890;20260824;0
1002797;20260824;0
1383450;20260824;0
1655109;20260824;0
643187;20260824;0
72401;20260824;0
1777582;20260824;0
1604826;20260824;0
26525;20260824;0
374384;20260824;0
966106;20260824;0
399452;20260824;0
64504;20260824;0
1635403;20260824;0
1138197;20260824;0
1226485;20260824;0
1405048;20260824;0
140702;20260824;0
1713552;20260824;0
889235;20260824;0
104278;20260824;0
1772416;20260824;0
224837;20260824;0
6876;20260824;0
1489908;20260824;0
1695995;20260824;0
1779739;20260824;0
5094;20260824;0
1254129;20260824;0
380602;20260824;0
1641311;20260824;0
9013;20260824;0
1073285;20260824;0
1753262;20260824;0
1756572;20260824;0
195698;20260824;0
299015;20260824;0
51793;20260824;0
551364;20260824;0
87399;20260824;0
1137703;20260824;0
1098007;20260824;0
960236;20260824;0
981738;20260824;0
623140;20260824;0
1559702;20260824;0
1164622;20260824;0
620572;20260824;0
1631441;20260824;0
466444;20260824;0
229156;20260824;0
910800;20260824;0
1039768;20260824;0
1106832;20260824;0
1402103;20260824;0
1530652;20260824;0
222405;20260824;0
416771;20260824;0
982427;20260824;0
1430823;20260824;0
1084931;20260824;0
1242020;20260824;0
1367004;20260824;0
1379293;20260824;0
33075;20260824;0
380024;20260824;0
552135;20260824;0
575831;20260824;0
650139;20260824;0
806133;20260824;0
1192167;20260824;0
1307016;20260824;0
716936;20260824;0
519436;20260824;0
259635;20260824;0
631566;20260824;0
680716;20260824;0
1288252;20260824;0
155217;20260824;0
1664654;20260824;0
221199;20260824;0
502985;20260824;0
66403;20260824;0
866220;20260824;0
943622;20260824;0
1023020;20260824;0
1493435;20260824;0
1640166;20260824;0
1767104;20260824;0
909294;20260824;0
128720;20260824;0
439929;20260824;0
835782;20260824;0
971156;20260824;0
1375238;20260824;0
1443984;20260824;0
1655946;20260824;0
1764395;20260824;0
179029;20260824;0
335190;20260824;0
514612;20260824;0
81367;20260824;0
1475584;20260824;0
603372;20260824;0
1411084;20260824;0
1777004;20260824;0
417349;20260824;0
438042;20260824;0
585388;20260824;0
752222;20260824;0
1245031;20260824;0
870433;20260824;0
76763;20260824;0
1334897;20260824;0
539288;20260824;0
1517551;20260824;0
1008690;20260824;0
1281321;20260824;0
1481019;20260824;0
313731;20260824;0
437993;20260824;0
57483;20260824;0
669143;20260824;0
695685;20260824;0
819042;20260824;0
884060;20260824;0
1134015;20260824;0
1199729;20260824;0
920837;20260824;0
1673717;20260824;0
968334;20260824;0
120297;20260824;0
1208406;20260824;0
1022012;20260824;0
400942;20260824;0
1169927;20260824;0
938257;20260824;0
854172;20260824;0
1230139;20260824;0
1358301;20260824;0
557279;20260824;0
701265;20260824;0
902811;20260824;0
187740;20260824;0
261146;20260824;0
317631;20260824;0
1452739;20260824;0
1039592;20260824;0
890039;20260824;0
1591725;20260824;0
1581949;20260824;0
1010871;20260824;0
1123218;20260824;0
1311125;20260824;0
1398546;20260824;0
589925;20260824;0
760550;20260824;0
778816;20260824;0
822513;20260824;0
1463979;20260824;0
425955;20260824;0
472685;20260824;0
479652;20260824;0
974601;20260824;0
651407;20260824;0
695193;20260824;0
521237;20260824;0
1154018;20260824;0
997887;20260824;0
676947;20260824;0
130481;20260824;0
220573;20260824;0
633545;20260824;0
837292;20260824;0
365831;20260824;0
1010954;20260824;0
1276296;20260824;0
1322359;20260824;0
1726397;20260824;0
420529;20260824;0
1359449;20260824;0
286063;20260824;0
120907;20260824;0
240623;20260824;0
1311057;20260824;0
27781;20260824;0
791302;20260824;0
1227707;20260824;0
642459;20260824;0
392366;20260824;0
741740;20260824;0
1004150;20260824;0
293910;20260824;0
1779906;20260824;0
488611;20260824;0
556698;20260824;0
885670;20260824;0
953113;20260824;0
1220100;20260824;0
40556;20260824;0
325670;20260824;0
1206575;20260824;0
678503;20260824;0
1395051;20260824;0
593158;20260824;0
641664;20260824;0
825143;20260824;0
417203;20260824;0
188568;20260824;0
235178;20260824;0
197727;20260824;0
492750;20260824;0
820457;20260824;0
1056529;20260824;0
1092322;20260824;0
1595021;20260824;0
1488226;20260824;0
35715;20260824;0
1383166;20260824;0
1486974;20260824;0
1537488;20260824;0
237762;20260824;0
475788;20260824;0
493409;20260824;0
636499;20260824;0
7123;20260824;0
1164777;20260824;0
94316;20260824;0
398346;20260824;0
1627669;20260824;0
1148381;20260824;0
1034805;20260824;0
1262523;20260824;0
1486298;20260824;0
1044996;20260824;0
255010;20260824;0
1369040;20260824;0
671391;20260824;0
74248;20260824;0
754540;20260824;0
1779718;20260824;0
67129;20260824;0
1275242;20260824;0
1518285;20260824;0
1582258;20260824;0
909149;20260824;0
1408666;20260824;0
920473;20260824;0
1734846;20260824;0
1287344;20260824;0
1418945;20260824;0
795432;20260824;0
212451;20260824;0
241012;20260824;0
413685;20260824;0
1046137;20260824;0
614968;20260824;0
768860;20260824;0
950854;20260824;0
159870;20260824;0
700991;20260824;0
775975;20260824;0
1446509;20260824;0
359741;20260824;0
1707783;20260824;0
514412;20260824;0
1132456;20260824;0
1465216;20260824;0
18146;20260824;0
84898;20260824;0
884562;20260824;0
891144;20260824;0
1122417;20260824;0
470232;20260824;0
1031210;20260824;0
1438859;20260824;0
1548576;20260824;0
1071475;20260824;0
444031;20260824;0
1006684;20260824;0
33796;20260824;0
1780338;20260824;0
199580;20260824;0
213152;20260824;0
1333757;20260824;0
1178431;20260824;0
603327;20260824;0
1541590;20260824;0
191369;20260824;0
1575598;20260824;0
1670417;20260824;0
1784234;20260824;0
452657;20260824;0
1027496;20260824;0
1348854;20260824;0
1438884;20260824;0
1591569;20260824;0
401743;20260824;0
663004;20260824;0
422150;20260824;0
536905;20260824;0
1075472;20260824;0
1096735;20260824;0
1287917;20260824;0
1368719;20260824;0
1609886;20260824;0
1613131;20260824;0
1628350;20260824;0
1748907;20260824;0
196678;20260824;0
676221;20260824;0
76958;20260824;0
802132;20260824;0
808220;20260824;0
808276;20260824;0
876784;20260824;0
93791;20260824;0
612880;20260824;0
1082934;20260824;0
1108011;20260824;0
1195381;20260824;0
1335348;20260824;0
1582820;20260824;0
1620221;20260824;0
1680105;20260824;0
173965;20260824;0
218247;20260824;0
253960;20260824;0
414292;20260824;0
631449;20260824;0
728408;20260824;0
937839;20260824;0
642031;20260824;0
728562;20260824;0
375693;20260824;0
466909;20260824;0
1140886;20260824;0
964355;20260824;0
1550035;20260824;0
452641;20260824;0
952660;20260824;0
455404;20260824;0
1372859;20260824;0
1045623;20260824;0
1337781;20260824;0
733667;20260824;0
766791;20260824;0
817834;20260824;0
702443;20260824;0
756752;20260824;0
1370724;20260824;0
437492;20260824;0
681198;20260824;0
31025;20260824;0
19962;20260824;0
812067;20260824;0
975239;20260824;0
303750;20260824;0
720341;20260824;0
175681;20260824;0
1153446;20260824;0
1236300;20260824;0
372338;20260824;0
921260;20260824;0
1298237;20260824;0
107;20260824;0
203962;20260824;0
1402289;20260824;0
153917;20260824;0
827982;20260824;0
580657;20260824;0
198444;20260824;0
1007831;20260824;0
1221379;20260824;0
786631;20260824;0
701416;20260824;0
610591;20260824;0
525706;20260824;0
1629153;20260824;0
1605778;20260824;0
1631384;20260824;0
1014403;20260824;0
1571485;20260824;0
194895;20260824;0
634968;20260824;0
845382;20260824;0
350701;20260824;0
1312540;20260824;0
208747;20260824;0
668738;20260824;0
852001;20260824;0
375847;20260824;0
322533;20260824;0
161401;20260824;0
86061;20260824;0
878730;20260824;0
91732;20260824;0
1031693;20260824;0
1177116;20260824;0
1623417;20260824;0
1665197;20260824;0
1787880;20260824;0
268433;20260824;0
334887;20260824;0
626884;20260824;0
697479;20260824;0
698336;20260824;0
1144085;20260824;0
1364201;20260824;0
337230;20260824;0
1144608;20260824;0
1006351;20260824;0
167759;20260824;0
1207454;20260824;0
468645;20260824;0
817296;20260824;0
493083;20260824;0
1014392;20260824;0
1256730;20260824;0
1275251;20260824;0
14292;20260824;0
1479017;20260824;0
1526788;20260824;0
1645834;20260824;0
633666;20260824;0
79481;20260824;0
859109;20260824;0
905749;20260824;0
302974;20260824;0
399385;20260824;0
586157;20260824;0
780480;20260824;0
202226;20260824;0
1555608;20260824;0
664807;20260824;0
55044;20260824;0
43125;20260824;0
147577;20260824;0
859823;20260824;0
1523902;20260824;0
63075;20260824;0
876640;20260824;0
594886;20260824;0
170214;20260824;0
1738162;20260824;0
164665;20260824;0
1173990;20260824;0
1052960;20260824;0
696785;20260824;0
1600704;20260824;0
669914;20260824;0
982120;20260824;0
335500;20260824;0
381159;20260824;0
1398855;20260824;0
195109;20260824;0
806188;20260824;0
1688902;20260824;0
443852;20260824;0
448413;20260824;0
632667;20260824;0
1022958;20260824;0
778044;20260824;0
1131672;20260824;0
1247003;20260824;0
1661674;20260824;0
722911;20260824;0
806556;20260824;0
1267514;20260824;0
1518076;20260824;0
1271776;20260824;0
1204876;20260824;0
1263036;20260824;0
1384001;20260824;0
1694851;20260824;0
1742447;20260824;0
3954;20260824;0
405278;20260824;0
58967;20260824;0
76980;20260824;0
1465582;20260824;0
8593;20260824;0
1018572;20260824;0
913053;20260824;0
600079;20260824;0
183442;20260824;0
1089123;20260824;0
1660419;20260824;0
328453;20260824;0
401103;20260824;0
1044004;20260824;0
1410923;20260824;0
817096;20260824;0
317581;20260824;0
1226059;20260824;0
1592244;20260824;0
1644960;20260824;0
272457;20260824;0
566366;20260824;0
1099046;20260824;0
1157973;20260824;0
1212843;20260824;0
1783140;20260824;0
1437817;20260824;0
19163;20260824;0
453423;20260824;0
626167;20260824;0
1376620;20260824;0
672263;20260824;0
485782;20260824;0
584657;20260824;0
685451;20260824;0
1741271;20260824;0
623239;20260824;0
1183667;20260824;0
268530;20260824;0
791974;20260824;0
956468;20260824;0
1514138;20260824;0
98310;20260824;0
568161;20260824;0
61621;20260824;0
730561;20260824;0
191446;20260824;0
428783;20260824;0
229687;20260824;0
1115224;20260824;0
1639637;20260824;0
709475;20260824;0
1319013;20260824;0
544943;20260824;0
857321;20260824;0
318977;20260824;0
949008;20260824;0
1567155;20260824;0
1596740;20260824;0
638886;20260824;0
898848;20260824;0
1146303;20260824;0
1140040;20260824;0
1396728;20260824;0
1607231;20260824;0
37188;20260824;0
416583;20260824;0
1333165;20260824;0
1382550;20260824;0
1454475;20260824;0
1727030;20260824;0
324987;20260824;0
941152;20260824;0
1054357;20260824;0
737625;20260824;0
1004083;20260824;0
1056749;20260824;0
973677;20260824;0
1406616;20260824;0
1490664;20260824;0
938436;20260824;0
278935;20260824;0
1658738;20260824;0
217171;20260824;0
298328;20260824;0
1492791;20260824;0
1496949;20260824;0
374177;20260824;0
148814;20260824;0
447891;20260824;0
503121;20260824;0
759517;20260824;0
1245469;20260824;0
271026;20260824;0
314053;20260824;0
181281;20260824;0
1555323;20260824;0
350937;20260824;0
1011922;20260824;0
1162761;20260824;0
245399;20260824;0
33142;20260824;0
67233;20260824;0
260153;20260824;0
1149192;20260824;0
1186291;20260824;0
1545060;20260824;0
1311240;20260824;0
206407;20260824;0
448250;20260824;0
1281399;20260824;0
51061;20260824;0
1169138;20260824;0
1531924;20260824;0
1259250;20260824;0
100762;20260824;0
783068;20260824;0
1087017;20260824;0
1167094;20260824;0
1230437;20260824;0
171984;20260824;0
571469;20260824;0
1558693;20260824;0
1740739;20260824;0
1204668;20260824;0
13314;20260824;0
1749043;20260824;0
455541;20260824;0
1085293;20260824;0
418623;20260824;0
1472664;20260824;0
1475136;20260824;0
1435912;20260824;0
1586142;20260824;0
1629567;20260824;0
1712410;20260824;0
1737899;20260824;0
197780;20260824;0
1388849;20260824;0
924120;20260824;0
864028;20260824;0
258570;20260824;0
72131;20260824;0
692839;20260824;0
1075356;20260824;0
265979;20260824;0
1023960;20260824;0
1035310;20260824;0
1062245;20260824;0
1063241;20260824;0
11081;20260824;0
1165731;20260824;0
1216478;20260824;0
1487068;20260824;0
1567612;20260824;0
1691591;20260824;0
1737455;20260824;0
296109;20260824;0
552646;20260824;0
613503;20260824;0
621001;20260824;0
92663;20260824;0
974666;20260824;0
386812;20260824;0
194810;20260824;0
1323510;20260824;0
1506796;20260824;0
845246;20260824;0
1045349;20260824;0
1115815;20260824;0
1319034;20260824;0
1659922;20260824;0
297743;20260824;0
46112;20260824;0
590484;20260824;0
1173976;20260824;0
912912;20260824;0
233929;20260824;0
846775;20260824;0
964675;20260824;0
419279;20260824;0
402632;20260824;0
1698345;20260824;0
1290529;20260824;0
134694;20260824;0
1621975;20260824;0
736966;20260824;0
899623;20260824;0
627811;20260824;0
695815;20260824;0
1738849;20260824;0
1260884;20260824;0
254517;20260824;0
984384;20260824;0
1773077;20260824;0
54679;20260824;0
9797;20260824;0
941660;20260824;0
1600212;20260824;0
196782;20260824;0
511167;20260824;0
126471;20260824;0
413514;20260824;0
411241;20260824;0
661468;20260824;0
483673;20260824;0
1755224;20260824;0
1614177;20260824;0
688222;20260824;0
449132;20260824;0
297037;20260824;0
1406555;20260824;0
503499;20260824;0
1110677;20260824;0
1515367;20260824;0
770461;20260824;0
859410;20260824;0
533470;20260824;0
1410963;20260824;0
263287;20260824;0
1354377;20260824;0
40971;20260824;0
548658;20260824;0
1047097;20260824;0
1320712;20260824;0
1069912;20260824;0
1384972;20260824;0
1602976;20260824;0
306085;20260824;0
321869;20260824;0
334109;20260824;0
47607;20260824;0
567498;20260824;0
650128;20260824;0
728262;20260824;0
739554;20260824;0
796497;20260824;0
940074;20260824;0
150278;20260824;0
1000362;20260824;0
122756;20260824;0
396450;20260824;0
731545;20260824;0
1722431;20260824;0
236823;20260824;0
114919;20260824;0
1500047;20260824;0
313564;20260824;0
623410;20260824;0
145080;20260824;0
165751;20260824;0
1711804;20260824;0
369709;20260824;0
487155;20260824;0
800116;20260824;0
1702019;20260824;0
533371;20260824;0
552221;20260824;0
451514;20260824;0
1780604;20260824;0
114305;20260824;0
329955;20260824;0
339197;20260824;0
60564;20260824;0
1139301;20260824;0
1430915;20260824;0
1512780;20260824;0
199649;20260824;0
1282747;20260824;0
1116347;20260824;0
1328878;20260824;0
168771;20260824;0
1692293;20260824;0
172835;20260824;0
1754106;20260824;0
466107;20260824;0
614898;20260824;0
715483;20260824;0
757886;20260824;0
925890;20260824;0
990186;20260824;0
1204525;20260824;0
1514056;20260824;0
182924;20260824;0
261452;20260824;0
364449;20260824;0
944791;20260824;0
1065194;20260824;0
1294879;20260824;0
337867;20260824;0
695081;20260824;0
1034500;20260824;0
492001;20260824;0
426134;20260824;0
1713612;20260824;0
872676;20260824;0
650829;20260824;0
1180721;20260824;0
1176991;20260824;0
248652;20260824;0
1495539;20260824;0
707539;20260824;0
794074;20260824;0
889850;20260824;0
967070;20260824;0
1666258;20260824;0
968703;20260824;0
273751;20260824;0
930845;20260824;0
1036685;20260824;0
769242;20260824;0
1356095;20260824;0
1397982;20260824;0
245943;20260824;0
1267527;20260824;0
1615306;20260824;0
1656761;20260824;0
1686164;20260824;0
1749219;20260824;0
252288;20260824;0
630371;20260824;0
823521;20260824;0
760709;20260824;0
569893;20260824;0
283106;20260824;0
307295;20260824;0
728920;20260824;0
1177189;20260824;0
807699;20260824;0
1009312;20260824;0
1149933;20260824;0
1570027;20260824;0
1758823;20260824;0
401674;20260824;0
530050;20260824;0
752734;20260824;0
1266188;20260824;0
160966;20260824;0
547196;20260824;0
83359;20260824;0
66640;20260824;0
1657529;20260824;0
430902;20260824;0
1400084;20260824;0
470912;20260824;0
1547008;20260824;0
1605673;20260824;0
286863;20260824;0
1037471;20260824;0
107924;20260824;0
1250364;20260824;0
1266001;20260824;0
1376501;20260824;0
1390776;20260824;0
139400;20260824;0
1461820;20260824;0
1494096;20260824;0
1727918;20260824;0
173521;20260824;0
189847;20260824;0
219258;20260824;0
238291;20260824;0
261008;20260824;0
328491;20260824;0
454596;20260824;0
531753;20260824;0
75649;20260824;0
947552;20260824;0
965839;20260824;0
98606;20260824;0
1295680;20260824;0
1431729;20260824;0
1498452;20260824;0
213003;20260824;0
767402;20260824;0
815831;20260824;0
1479969;20260824;0
870079;20260824;0
652108;20260824;0
5771;20260824;0
1347400;20260824;0
1086105;20260824;0
1557960;20260824;0
278807;20260824;0
535791;20260824;0
1576928;20260824;0
784711;20260824;0
1180756;20260824;0
698132;20260824;0
390287;20260824;0
701754;20260824;0
1348702;20260824;0
1085874;20260824;0
111884;20260824;0
1698133;20260824;0
26432;20260824;0
60648;20260824;0
972528;20260824;0
1017919;20260824;0
1601750;20260824;0
220465;20260824;0
430385;20260824;0
1479283;20260824;0
554159;20260824;0
585535;20260824;0
657189;20260824;0
970493;20260824;0
1401633;20260824;0
1300533;20260824;0
1184406;20260824;0
1270680;20260824;0
1361393;20260824;0
409703;20260824;0
568448;20260824;0
89108;20260824;0
966263;20260824;0
1304894;20260824;0
1592488;20260824;0
724219;20260824;0
828793;20260824;0
1295800;20260824;0
122006;20260824;0
1080221;20260825;1
1081540;20260825;1
1578615;20260825;1
1743653;20260825;1
209107;20260825;1
575361;20260825;1
1395559;20260825;1
1309445;20260825;1
1104370;20260825;1
1559609;20260825;1
602093;20260825;1
638679;20260825;1
75869;20260825;1
840091;20260825;1
991397;20260825;1
631782;20260825;1
143733;20260825;1
1579104;20260825;1
304635;20260825;1
474650;20260825;1
972554;20260825;1
513175;20260825;1
596465;20260825;1
699354;20260825;1
56909;20260825;1
1071948;20260825;1
1111071;20260825;1
399552;20260825;1
304067;20260825;1
962243;20260825;1
461655;20260825;1
554684;20260825;1
825849;20260825;1
377263;20260825;1
847868;20260825;1
1310181;20260825;1
1391147;20260825;1
333632;20260825;1
1440094;20260825;1
1042951;20260825;1
111702;20260825;1
1202661;20260825;1
1260840;20260825;1
131919;20260825;1
1418368;20260825;1
1587669;20260825;1
1690693;20260825;1
1743289;20260825;1
213711;20260825;1
220938;20260825;1
246208;20260825;1
32310;20260825;1
460462;20260825;1
461773;20260825;1
493300;20260825;1
803130;20260825;1
966689;20260825;1
1018860;20260825;1
194608;20260825;1
1011860;20260825;1
339476;20260825;1
598777;20260825;1
791087;20260825;1
1277530;20260825;1
1360394;20260825;1
748069;20260825;1
284523;20260825;1
481186;20260825;1
507160;20260825;1
1253405;20260825;1
270677;20260825;1
1315522;20260825;1
960788;20260825;1
1075955;20260825;1
1732254;20260825;1
526075;20260825;1
392997;20260825;1
451690;20260825;1
1494066;20260825;1
159887;20260825;1
312730;20260825;1
1110785;20260825;1
1738671;20260825;1
673564;20260825;1
764789;20260825;1
709862;20260825;1
831170;20260825;1
1231579;20260825;1
128236;20260825;1
398521;20260825;1
248988;20260825;1
575396;20260825;1
572185;20260825;1
1015090;20260825;1
1553760;20260825;1
818681;20260825;1
739420;20260825;1
1013946;20260825;1
1130680;20260825;1
126446;20260825;1
1271946;20260825;1
1713388;20260825;1
1740459;20260825;1
1757257;20260825;1
347823;20260825;1
937623;20260825;1
951947;20260825;1
1316049;20260825;1
425396;20260825;1
462500;20260825;1
1071562;20260825;1
1258410;20260825;1
1323496;20260825;1
1610895;20260825;1
638977;20260825;1
691405;20260825;1
867530;20260825;1
135267;20260825;1
424322;20260825;1
114276;20260825;1
801606;20260825;1
1584984;20260825;1
1139023;20260825;1
1592810;20260825;1
355277;20260825;1
420425;20260825;1
4735;20260825;1
1437510;20260825;1
1252473;20260825;1
1455524;20260825;1
105433;20260825;1
1583187;20260825;1
884685;20260825;1
26452;20260825;1
775712;20260825;1
406599;20260825;1
723156;20260825;1
1088986;20260825;1
216897;20260825;1
322252;20260825;1
991018;20260825;1
1251849;20260825;1
588141;20260825;1
1000128;20260825;1
1398930;20260825;1
1636105;20260825;1
363627;20260825;1
1207284;20260825;1
1280133;20260825;1
1293236;20260825;1
1764354;20260825;1
204838;20260825;1
955179;20260825;1
966279;20260825;1
995460;20260825;1
1386789;20260825;1
1525100;20260825;1
1737464;20260825;1
322066;20260825;1
595359;20260825;1
734804;20260825;1
1085064;20260825;1
1232842;20260825;1
1460810;20260825;1
1615796;20260825;1
1739778;20260825;1
1744487;20260825;1
1759164;20260825;1
24035;20260825;1
606487;20260825;1
351195;20260825;1
111248;20260825;1
1329753;20260825;1
1746582;20260825;1
1782203;20260825;1
513427;20260825;1
1100916;20260825;1
141844;20260825;1
1637321;20260825;1
1722654;20260825;1
257797;20260825;1
621268;20260825;1
711087;20260825;1
724659;20260825;1
803637;20260825;1
834870;20260825;1
1783739;20260825;1
1394024;20260825;1
385906;20260825;1
622412;20260825;1
1613890;20260825;1
1002797;20260825;1
1383450;20260825;1
1655109;20260825;1
643187;20260825;1
72401;20260825;1
1777582;20260825;1
1604826;20260825;1
26525;20260825;1
374384;20260825;1
966106;20260825;1
399452;20260825;1
64504;20260825;1
1635403;20260825;1
1138197;20260825;1
1226485;20260825;1
1405048;20260825;1
140702;20260825;1
1713552;20260825;1
889235;20260825;1
104278;20260825;1
1772416;20260825;1
224837;20260825;1
6876;20260825;1
1489908;20260825;1
1695995;20260825;1
1779739;20260825;1
5094;20260825;1
1254129;20260825;1
380602;20260825;1
1073285;20260825;1
1753262;20260825;1
1756572;20260825;1
195698;20260825;1
299015;20260825;1
51793;20260825;1
551364;20260825;1
87399;20260825;1
1137703;20260825;1
1098007;20260825;1
960236;20260825;1
623140;20260825;1
1559702;20260825;1
620572;20260825;1
1631441;20260825;1
1148993;20260825;1
466444;20260825;1
229156;20260825;1
1100506;20260825;1
762829;20260825;1
913187;20260825;1
910800;20260825;1
1039768;20260825;1
1106832;20260825;1
1402103;20260825;1
1530652;20260825;1
222405;20260825;1
416771;20260825;1
982427;20260825;1
245247;20260825;1
851522;20260825;1
1430823;20260825;1
1242020;20260825;1
1367004;20260825;1
1379293;20260825;1
33075;20260825;1
380024;20260825;1
552135;20260825;1
575831;20260825;1
650139;20260825;1
806133;20260825;1
1192167;20260825;1
1307016;20260825;1
716936;20260825;1
519436;20260825;1
259635;20260825;1
631566;20260825;1
680716;20260825;1
1288252;20260825;1
155217;20260825;1
1664654;20260825;1
221199;20260825;1
502985;20260825;1
66403;20260825;1
866220;20260825;1
943622;20260825;1
1023020;20260825;1
204936;20260825;1
1493435;20260825;1
1640166;20260825;1
1767104;20260825;1
909294;20260825;1
128720;20260825;1
439929;20260825;1
835782;20260825;1
971156;20260825;1
1375238;20260825;1
1443984;20260825;1
1655946;20260825;1
1764395;20260825;1
179029;20260825;1
335190;20260825;1
514612;20260825;1
81367;20260825;1
1475584;20260825;1
603372;20260825;1
1411084;20260825;1
1777004;20260825;1
417349;20260825;1
438042;20260825;1
585388;20260825;1
752222;20260825;1
1245031;20260825;1
870433;20260825;1
76763;20260825;1
1334897;20260825;1
539288;20260825;1
1517551;20260825;1
536079;20260825;1
1673717;20260825;1
968334;20260825;1
120297;20260825;1
1208406;20260825;1
1428144;20260825;1
1682801;20260825;1
1022012;20260825;1
400942;20260825;1
1169927;20260825;1
1313116;20260825;1
1710650;20260825;1
60506;20260825;1
791282;20260825;1
956332;20260825;1
938257;20260825;1
854172;20260825;1
1048143;20260825;1
633919;20260825;1
1100947;20260825;1
1503633;20260825;1
505445;20260825;1
1230139;20260825;1
187740;20260825;1
261146;20260825;1
1122535;20260825;1
13967;20260825;1
317631;20260825;1
1452739;20260825;1
50394;20260825;1
1591725;20260825;1
399227;20260825;1
1092467;20260825;1
179078;20260825;1
1581949;20260825;1
1463979;20260825;1
425955;20260825;1
472685;20260825;1
479652;20260825;1
974601;20260825;1
651407;20260825;1
695193;20260825;1
359331;20260825;1
1154018;20260825;1
997887;20260825;1
676947;20260825;1
1346638;20260825;1
816901;20260825;1
1676450;20260825;1
130481;20260825;1
220573;20260825;1
633545;20260825;1
837292;20260825;1
365831;20260825;1
1054497;20260825;1
1055536;20260825;1
1433845;20260825;1
1010954;20260825;1
1276296;20260825;1
1322359;20260825;1
1726397;20260825;1
420529;20260825;1
1359449;20260825;1
286063;20260825;1
120907;20260825;1
240623;20260825;1
791302;20260825;1
1227707;20260825;1
642459;20260825;1
1492099;20260825;1
392366;20260825;1
293910;20260825;1
161322;20260825;1
488611;20260825;1
556698;20260825;1
885670;20260825;1
1004445;20260825;1
1753141;20260825;1
953113;20260825;1
82760;20260825;1
1220100;20260825;1
40556;20260825;1
325670;20260825;1
1395051;20260825;1
593158;20260825;1
641664;20260825;1
825143;20260825;1
417203;20260825;1
188568;20260825;1
1584057;20260825;1
1627216;20260825;1
235178;20260825;1
197727;20260825;1
492750;20260825;1
820457;20260825;1
1595021;20260825;1
1383166;20260825;1
1486974;20260825;1
1537488;20260825;1
237762;20260825;1
475788;20260825;1
493409;20260825;1
636499;20260825;1
573282;20260825;1
7123;20260825;1
1164777;20260825;1
1627669;20260825;1
1148381;20260825;1
335661;20260825;1
1034805;20260825;1
1262523;20260825;1
1486109;20260825;1
1749234;20260825;1
566609;20260825;1
1486298;20260825;1
1290980;20260825;1
1044996;20260825;1
255010;20260825;1
1196621;20260825;1
923452;20260825;1
250333;20260825;1
301900;20260825;1
678430;20260825;1
169177;20260825;1
1275242;20260825;1
1518285;20260825;1
1582258;20260825;1
909149;20260825;1
1408666;20260825;1
920473;20260825;1
1734846;20260825;1
1287344;20260825;1
1418945;20260825;1
795432;20260825;1
212451;20260825;1
241012;20260825;1
413685;20260825;1
1046137;20260825;1
614968;20260825;1
768860;20260825;1
950854;20260825;1
159870;20260825;1
700991;20260825;1
775975;20260825;1
1446509;20260825;1
359741;20260825;1
643885;20260825;1
1132456;20260825;1
1465216;20260825;1
18146;20260825;1
84898;20260825;1
884562;20260825;1
891144;20260825;1
1228622;20260825;1
470232;20260825;1
1031210;20260825;1
1438859;20260825;1
1548576;20260825;1
1716377;20260825;1
1736376;20260825;1
444031;20260825;1
1006684;20260825;1
33796;20260825;1
1780338;20260825;1
199580;20260825;1
213152;20260825;1
1333757;20260825;1
1178431;20260825;1
603327;20260825;1
1541590;20260825;1
191369;20260825;1
1575598;20260825;1
1670417;20260825;1
1784234;20260825;1
452657;20260825;1
1027496;20260825;1
1348854;20260825;1
1438884;20260825;1
1591569;20260825;1
401743;20260825;1
663004;20260825;1
422150;20260825;1
536905;20260825;1
612880;20260825;1
1082934;20260825;1
1701357;20260825;1
642031;20260825;1
101122;20260825;1
1126317;20260825;1
1215850;20260825;1
1290628;20260825;1
1318725;20260825;1
1380368;20260825;1
1710378;20260825;1
351520;20260825;1
477087;20260825;1
481745;20260825;1
77006;20260825;1
793850;20260825;1
728562;20260825;1
1040276;20260825;1
341126;20260825;1
406075;20260825;1
466909;20260825;1
1221068;20260825;1
1486526;20260825;1
1670855;20260825;1
394325;20260825;1
8031;20260825;1
891723;20260825;1
113744;20260825;1
151468;20260825;1
366593;20260825;1
576551;20260825;1
631293;20260825;1
72877;20260825;1
814259;20260825;1
934691;20260825;1
1368974;20260825;1
964355;20260825;1
952660;20260825;1
1372859;20260825;1
604548;20260825;1
1045623;20260825;1
1337781;20260825;1
733667;20260825;1
766791;20260825;1
817834;20260825;1
702443;20260825;1
756752;20260825;1
1370724;20260825;1
437492;20260825;1
681198;20260825;1
1320798;20260825;1
838761;20260825;1
31025;20260825;1
19962;20260825;1
812067;20260825;1
303750;20260825;1
720341;20260825;1
175681;20260825;1
372338;20260825;1
921260;20260825;1
1298237;20260825;1
107;20260825;1
203962;20260825;1
1402289;20260825;1
153917;20260825;1
89658;20260825;1
827982;20260825;1
580657;20260825;1
952742;20260825;1
198444;20260825;1
1007831;20260825;1
1221379;20260825;1
786631;20260825;1
208288;20260825;1
701416;20260825;1
610591;20260825;1
525706;20260825;1
653751;20260825;1
500697;20260825;1
1605778;20260825;1
1631384;20260825;1
116094;20260825;1
1662395;20260825;1
350701;20260825;1
1312540;20260825;1
208747;20260825;1
668738;20260825;1
852001;20260825;1
375847;20260825;1
732592;20260825;1
1305998;20260825;1
1001008;20260825;1
86061;20260825;1
1483333;20260825;1
878730;20260825;1
91732;20260825;1
1031693;20260825;1
1177116;20260825;1
1623417;20260825;1
1665197;20260825;1
1787880;20260825;1
268433;20260825;1
334887;20260825;1
626884;20260825;1
697479;20260825;1
698336;20260825;1
1144085;20260825;1
1364201;20260825;1
337230;20260825;1
1144608;20260825;1
1006351;20260825;1
167759;20260825;1
1207454;20260825;1
468645;20260825;1
817296;20260825;1
1627621;20260825;1
1014392;20260825;1
1256730;20260825;1
1275251;20260825;1
14292;20260825;1
1479017;20260825;1
1526788;20260825;1
1645834;20260825;1
633666;20260825;1
79481;20260825;1
859109;20260825;1
905749;20260825;1
302974;20260825;1
399385;20260825;1
586157;20260825;1
780480;20260825;1
202226;20260825;1
1555608;20260825;1
664807;20260825;1
55044;20260825;1
43125;20260825;1
1028881;20260825;1
1084176;20260825;1
63075;20260825;1
876640;20260825;1
1055519;20260825;1
1738162;20260825;1
1435694;20260825;1
1173990;20260825;1
1680895;20260825;1
1052960;20260825;1
696785;20260825;1
1188625;20260825;1
1569174;20260825;1
1600704;20260825;1
669914;20260825;1
982120;20260825;1
381159;20260825;1
1398855;20260825;1
195109;20260825;1
806188;20260825;1
1688902;20260825;1
443852;20260825;1
448413;20260825;1
632667;20260825;1
1022958;20260825;1
778044;20260825;1
714007;20260825;1
111217;20260825;1
1131672;20260825;1
1247003;20260825;1
1661674;20260825;1
722911;20260825;1
806556;20260825;1
1267514;20260825;1
307893;20260825;1
1116972;20260825;1
1302597;20260825;1
1315631;20260825;1
1583868;20260825;1
225484;20260825;1
300545;20260825;1
847289;20260825;1
1367853;20260825;1
324742;20260825;1
1204876;20260825;1
1263036;20260825;1
1384001;20260825;1
1694851;20260825;1
1742447;20260825;1
3954;20260825;1
405278;20260825;1
58967;20260825;1
76980;20260825;1
310861;20260825;1
375719;20260825;1
913053;20260825;1
600079;20260825;1
266679;20260825;1
183442;20260825;1
1089123;20260825;1
328453;20260825;1
401103;20260825;1
1044004;20260825;1
1410923;20260825;1
817096;20260825;1
317581;20260825;1
1226059;20260825;1
1592244;20260825;1
1644960;20260825;1
272457;20260825;1
566366;20260825;1
1179008;20260825;1
667499;20260825;1
1099046;20260825;1
1212843;20260825;1
1783140;20260825;1
1437817;20260825;1
19163;20260825;1
453423;20260825;1
672263;20260825;1
485782;20260825;1
584657;20260825;1
685451;20260825;1
1741271;20260825;1
623239;20260825;1
1183667;20260825;1
268530;20260825;1
791974;20260825;1
956468;20260825;1
1514138;20260825;1
98310;20260825;1
568161;20260825;1
61621;20260825;1
730561;20260825;1
191446;20260825;1
428783;20260825;1
229687;20260825;1
1115224;20260825;1
1639637;20260825;1
709475;20260825;1
1319013;20260825;1
544943;20260825;1
857321;20260825;1
318977;20260825;1
949008;20260825;1
1567155;20260825;1
1596740;20260825;1
638886;20260825;1
898848;20260825;1
1140040;20260825;1
1396728;20260825;1
1607231;20260825;1
37188;20260825;1
416583;20260825;1
1205252;20260825;1
1382550;20260825;1
1454475;20260825;1
1727030;20260825;1
324987;20260825;1
1054357;20260825;1
737625;20260825;1
973677;20260825;1
1658738;20260825;1
217171;20260825;1
298328;20260825;1
1267540;20260825;1
1492791;20260825;1
1754750;20260825;1
1496949;20260825;1
374177;20260825;1
637628;20260825;1
615612;20260825;1
148814;20260825;1
447891;20260825;1
503121;20260825;1
759517;20260825;1
1245469;20260825;1
271026;20260825;1
314053;20260825;1
181281;20260825;1
1555323;20260825;1
350937;20260825;1
1011922;20260825;1
1162761;20260825;1
245399;20260825;1
33142;20260825;1
67233;20260825;1
1103201;20260825;1
1149192;20260825;1
1186291;20260825;1
153484;20260825;1
206407;20260825;1
515348;20260825;1
448250;20260825;1
1531924;20260825;1
1259250;20260825;1
100762;20260825;1
783068;20260825;1
572950;20260825;1
1105181;20260825;1
1087017;20260825;1
1167094;20260825;1
1230437;20260825;1
1527601;20260825;1
171984;20260825;1
571469;20260825;1
1558693;20260825;1
1740739;20260825;1
1204668;20260825;1
13314;20260825;1
1749043;20260825;1
455541;20260825;1
418623;20260825;1
1472664;20260825;1
1475136;20260825;1
1435912;20260825;1
1586142;20260825;1
1629567;20260825;1
1712410;20260825;1
1737899;20260825;1
197780;20260825;1
33028;20260825;1
1388849;20260825;1
924120;20260825;1
864028;20260825;1
258570;20260825;1
72131;20260825;1
692839;20260825;1
1023960;20260825;1
1035310;20260825;1
1062245;20260825;1
1063241;20260825;1
11081;20260825;1
1165731;20260825;1
1216478;20260825;1
1487068;20260825;1
1567612;20260825;1
1691591;20260825;1
1737455;20260825;1
296109;20260825;1
552646;20260825;1
613503;20260825;1
621001;20260825;1
92663;20260825;1
974666;20260825;1
386812;20260825;1
194810;20260825;1
1506796;20260825;1
845246;20260825;1
1045349;20260825;1
1115815;20260825;1
1319034;20260825;1
1659922;20260825;1
297743;20260825;1
46112;20260825;1
590484;20260825;1
1173976;20260825;1
912912;20260825;1
233929;20260825;1
964675;20260825;1
1306834;20260825;1
718869;20260825;1
419279;20260825;1
402632;20260825;1
1648260;20260825;1
569240;20260825;1
1026760;20260825;1
1290529;20260825;1
134694;20260825;1
1621975;20260825;1
736966;20260825;1
899623;20260825;1
627811;20260825;1
695815;20260825;1
1738849;20260825;1
1260884;20260825;1
477283;20260825;1
254517;20260825;1
984384;20260825;1
1773077;20260825;1
54679;20260825;1
9797;20260825;1
941660;20260825;1
1600212;20260825;1
196782;20260825;1
511167;20260825;1
1304085;20260825;1
413514;20260825;1
411241;20260825;1
1755224;20260825;1
233762;20260825;1
253171;20260825;1
34317;20260825;1
449132;20260825;1
1761389;20260825;1
297037;20260825;1
1446487;20260825;1
1515367;20260825;1
770461;20260825;1
859410;20260825;1
533470;20260825;1
824055;20260825;1
1410963;20260825;1
5828;20260825;1
1354377;20260825;1
40971;20260825;1
548658;20260825;1
1047097;20260825;1
1320712;20260825;1
150278;20260825;1
101985;20260825;1
1431358;20260825;1
315115;20260825;1
1135437;20260825;1
128786;20260825;1
1328469;20260825;1
1420482;20260825;1
1546506;20260825;1
1632869;20260825;1
193863;20260825;1
265326;20260825;1
274529;20260825;1
431445;20260825;1
501343;20260825;1
1329559;20260825;1
1380501;20260825;1
1630608;20260825;1
1500047;20260825;1
313564;20260825;1
623410;20260825;1
1116916;20260825;1
1418222;20260825;1
435659;20260825;1
145080;20260825;1
165751;20260825;1
1711804;20260825;1
369709;20260825;1
487155;20260825;1
800116;20260825;1
1702019;20260825;1
533371;20260825;1
451514;20260825;1
1632881;20260825;1
1780604;20260825;1
114305;20260825;1
329955;20260825;1
339197;20260825;1
60564;20260825;1
1139301;20260825;1
66657;20260825;1
1430915;20260825;1
1512780;20260825;1
199649;20260825;1
1282747;20260825;1
1116347;20260825;1
1328878;20260825;1
168771;20260825;1
1692293;20260825;1
172835;20260825;1
1754106;20260825;1
466107;20260825;1
614898;20260825;1
715483;20260825;1
757886;20260825;1
925890;20260825;1
990186;20260825;1
407326;20260825;1
1034500;20260825;1
1070130;20260825;1
1153381;20260825;1
1455523;20260825;1
248047;20260825;1
719573;20260825;1
1713612;20260825;1
872676;20260825;1
650829;20260825;1
248652;20260825;1
1485403;20260825;1
1052716;20260825;1
1495539;20260825;1
707539;20260825;1
794074;20260825;1
889850;20260825;1
1495104;20260825;1
338079;20260825;1
283459;20260825;1
95291;20260825;1
1579702;20260825;1
437983;20260825;1
1548108;20260825;1
1666258;20260825;1
968703;20260825;1
273751;20260825;1
930845;20260825;1
1036685;20260825;1
769242;20260825;1
1356095;20260825;1
1397982;20260825;1
245943;20260825;1
1267527;20260825;1
1615306;20260825;1
1656761;20260825;1
1686164;20260825;1
1749219;20260825;1
252288;20260825;1
630371;20260825;1
823521;20260825;1
760709;20260825;1
569893;20260825;1
283106;20260825;1
307295;20260825;1
728920;20260825;1
1177189;20260825;1
807699;20260825;1
1009312;20260825;1
1149933;20260825;1
1570027;20260825;1
1758823;20260825;1
401674;20260825;1
530050;20260825;1
752734;20260825;1
1266188;20260825;1
160966;20260825;1
547196;20260825;1
83359;20260825;1
1657529;20260825;1
430902;20260825;1
1400084;20260825;1
470912;20260825;1
1547008;20260825;1
1605673;20260825;1
286863;20260825;1
353260;20260825;1
1460773;20260825;1
1037471;20260825;1
107924;20260825;1
1250364;20260825;1
1266001;20260825;1
1376501;20260825;1
1390776;20260825;1
139400;20260825;1
1461820;20260825;1
1494096;20260825;1
1727918;20260825;1
173521;20260825;1
189847;20260825;1
219258;20260825;1
238291;20260825;1
261008;20260825;1
328491;20260825;1
454596;20260825;1
531753;20260825;1
75649;20260825;1
947552;20260825;1
965839;20260825;1
98606;20260825;1
1295680;20260825;1
1431729;20260825;1
1498452;20260825;1
213003;20260825;1
767402;20260825;1
815831;20260825;1
1479969;20260825;1
870079;20260825;1
652108;20260825;1
5771;20260825;1
408740;20260825;1
1347400;20260825;1
1033085;20260825;1
1202061;20260825;1
784711;20260825;1
161123;20260825;1
390287;20260825;1
1752758;20260825;1
1348702;20260825;1
1203363;20260825;1
696223;20260825;1
97419;20260825;1
1085874;20260825;1
111884;20260825;1
1698133;20260825;1
26432;20260825;1
60648;20260825;1
972528;20260825;1
1017919;20260825;1
1601750;20260825;1
220465;20260825;1
430385;20260825;1
1285408;20260825;1
1191927;20260825;1
1236342;20260825;1
1356515;20260825;1
1469051;20260825;1
317434;20260825;1
688487;20260825;1
1184406;20260825;1
1747653;20260825;1
1359444;20260825;1
1304894;20260825;1
1592488;20260825;1
724219;20260825;1
828793;20260825;1
1383041;20260825;1
39163;20260825;1
752686;20260825;1
122006;20260825;1
185282;20260825;1
177735;20260825;1
1080221;20260826;2
1081540;20260826;2
1578615;20260826;2
1743653;20260826;2
209107;20260826;2
575361;20260826;2
1395559;20260826;2
1309445;20260826;2
1104370;20260826;2
1559609;20260826;2
602093;20260826;2
638679;20260826;2
75869;20260826;2
840091;20260826;2
991397;20260826;2
631782;20260826;2
143733;20260826;2
1579104;20260826;2
304635;20260826;2
474650;20260826;2
972554;20260826;2
513175;20260826;2
596465;20260826;2
699354;20260826;2
1071948;20260826;2
1111071;20260826;2
1122934;20260826;2
1137795;20260826;2
1652312;20260826;2
304067;20260826;2
461655;20260826;2
554684;20260826;2
825849;20260826;2
377263;20260826;2
847868;20260826;2
1310181;20260826;2
1391147;20260826;2
333632;20260826;2
1440094;20260826;2
1042951;20260826;2
111702;20260826;2
1202661;20260826;2
1260840;20260826;2
131919;20260826;2
1418368;20260826;2
1587669;20260826;2
1690693;20260826;2
1743289;20260826;2
213711;20260826;2
220938;20260826;2
246208;20260826;2
32310;20260826;2
460462;20260826;2
461773;20260826;2
493300;20260826;2
803130;20260826;2
966689;20260826;2
1018860;20260826;2
194608;20260826;2
536782;20260826;2
412190;20260826;2
1011860;20260826;2
339476;20260826;2
598777;20260826;2
791087;20260826;2
748069;20260826;2
284523;20260826;2
481186;20260826;2
363595;20260826;2
507160;20260826;2
1253405;20260826;2
1315522;20260826;2
212673;20260826;2
451690;20260826;2
1494066;20260826;2
159887;20260826;2
312730;20260826;2
709862;20260826;2
1278294;20260826;2
13543;20260826;2
1453316;20260826;2
1667573;20260826;2
448823;20260826;2
621405;20260826;2
719560;20260826;2
929034;20260826;2
548594;20260826;2
1160892;20260826;2
1162487;20260826;2
94621;20260826;2
443882;20260826;2
575396;20260826;2
572185;20260826;2
1015090;20260826;2
1553760;20260826;2
818681;20260826;2
739420;20260826;2
1013946;20260826;2
1130680;20260826;2
126446;20260826;2
1271946;20260826;2
1713388;20260826;2
1740459;20260826;2
1757257;20260826;2
347823;20260826;2
937623;20260826;2
951947;20260826;2
1316049;20260826;2
425396;20260826;2
462500;20260826;2
1071562;20260826;2
1258410;20260826;2
1323496;20260826;2
1610895;20260826;2
638977;20260826;2
691405;20260826;2
1690994;20260826;2
867530;20260826;2
424322;20260826;2
114276;20260826;2
801606;20260826;2
1584984;20260826;2
1139023;20260826;2
1592810;20260826;2
355277;20260826;2
420425;20260826;2
4735;20260826;2
1437510;20260826;2
1252473;20260826;2
1455524;20260826;2
105433;20260826;2
1583187;20260826;2
884685;20260826;2
26452;20260826;2
775712;20260826;2
406599;20260826;2
723156;20260826;2
1088986;20260826;2
216897;20260826;2
322252;20260826;2
991018;20260826;2
1251849;20260826;2
588141;20260826;2
1000128;20260826;2
1398930;20260826;2
1636105;20260826;2
363627;20260826;2
1207284;20260826;2
1280133;20260826;2
1293236;20260826;2
1764354;20260826;2
204838;20260826;2
955179;20260826;2
966279;20260826;2
995460;20260826;2
1386789;20260826;2
1525100;20260826;2
1737464;20260826;2
322066;20260826;2
595359;20260826;2
734804;20260826;2
1085064;20260826;2
1232842;20260826;2
1460810;20260826;2
1615796;20260826;2
1739778;20260826;2
1744487;20260826;2
1759164;20260826;2
24035;20260826;2
606487;20260826;2
351195;20260826;2
1526002;20260826;2
440105;20260826;2
111248;20260826;2
1329753;20260826;2
1746582;20260826;2
1782203;20260826;2
1100916;20260826;2
141844;20260826;2
1637321;20260826;2
1722654;20260826;2
257797;20260826;2
621268;20260826;2
711087;20260826;2
724659;20260826;2
803637;20260826;2
834870;20260826;2
1394024;20260826;2
385906;20260826;2
1613890;20260826;2
1383450;20260826;2
1655109;20260826;2
643187;20260826;2
72401;20260826;2
1004166;20260826;2
118049;20260826;2
1228621;20260826;2
1312880;20260826;2
1334098;20260826;2
1441519;20260826;2
589448;20260826;2
850001;20260826;2
96969;20260826;2
1604826;20260826;2
374384;20260826;2
399452;20260826;2
64504;20260826;2
1635403;20260826;2
1212931;20260826;2
1523476;20260826;2
1581800;20260826;2
981919;20260826;2
1557380;20260826;2
1573595;20260826;2
1696723;20260826;2
318024;20260826;2
549525;20260826;2
686182;20260826;2
72723;20260826;2
889235;20260826;2
555253;20260826;2
1073285;20260826;2
1753262;20260826;2
1756572;20260826;2
195698;20260826;2
299015;20260826;2
51793;20260826;2
551364;20260826;2
87399;20260826;2
1137703;20260826;2
1098007;20260826;2
960236;20260826;2
623140;20260826;2
1559702;20260826;2
1559574;20260826;2
1164622;20260826;2
1631441;20260826;2
1148993;20260826;2
466444;20260826;2
229156;20260826;2
913187;20260826;2
910800;20260826;2
1039768;20260826;2
1106832;20260826;2
1402103;20260826;2
1530652;20260826;2
222405;20260826;2
416771;20260826;2
982427;20260826;2
245247;20260826;2
851522;20260826;2
1430823;20260826;2
1242020;20260826;2
1367004;20260826;2
1379293;20260826;2
33075;20260826;2
380024;20260826;2
552135;20260826;2
575831;20260826;2
650139;20260826;2
806133;20260826;2
1192167;20260826;2
1307016;20260826;2
716936;20260826;2
519436;20260826;2
259635;20260826;2
631566;20260826;2
680716;20260826;2
1288252;20260826;2
155217;20260826;2
1664654;20260826;2
221199;20260826;2
502985;20260826;2
66403;20260826;2
866220;20260826;2
943622;20260826;2
1023020;20260826;2
1493435;20260826;2
1640166;20260826;2
1767104;20260826;2
909294;20260826;2
270250;20260826;2
128720;20260826;2
439929;20260826;2
835782;20260826;2
971156;20260826;2
1375238;20260826;2
1443984;20260826;2
1655946;20260826;2
1764395;20260826;2
179029;20260826;2
335190;20260826;2
514612;20260826;2
81367;20260826;2
1475584;20260826;2
603372;20260826;2
1411084;20260826;2
1777004;20260826;2
417349;20260826;2
438042;20260826;2
585388;20260826;2
752222;20260826;2
1245031;20260826;2
870433;20260826;2
76763;20260826;2
1334897;20260826;2
539288;20260826;2
1517551;20260826;2
1673717;20260826;2
968334;20260826;2
120297;20260826;2
1208406;20260826;2
1428144;20260826;2
1682801;20260826;2
1022012;20260826;2
400942;20260826;2
1169927;20260826;2
1313116;20260826;2
1710650;20260826;2
60506;20260826;2
791282;20260826;2
956332;20260826;2
938257;20260826;2
854172;20260826;2
114939;20260826;2
1242651;20260826;2
1271067;20260826;2
1100947;20260826;2
1503633;20260826;2
505445;20260826;2
1230139;20260826;2
1579834;20260826;2
248919;20260826;2
187740;20260826;2
261146;20260826;2
1122535;20260826;2
13967;20260826;2
1452739;20260826;2
50394;20260826;2
547859;20260826;2
1591725;20260826;2
399227;20260826;2
1581949;20260826;2
1353092;20260826;2
1463979;20260826;2
425955;20260826;2
472685;20260826;2
479652;20260826;2
974601;20260826;2
1115467;20260826;2
1669862;20260826;2
1671802;20260826;2
170058;20260826;2
975082;20260826;2
1154018;20260826;2
1206556;20260826;2
149679;20260826;2
325369;20260826;2
347974;20260826;2
811661;20260826;2
676947;20260826;2
1676450;20260826;2
365831;20260826;2
1054497;20260826;2
1055536;20260826;2
1433845;20260826;2
1010954;20260826;2
1276296;20260826;2
1322359;20260826;2
1726397;20260826;2
420529;20260826;2
1359449;20260826;2
1734610;20260826;2
120907;20260826;2
240623;20260826;2
791302;20260826;2
1227707;20260826;2
642459;20260826;2
1492099;20260826;2
741740;20260826;2
1004150;20260826;2
1433419;20260826;2
293910;20260826;2
1779906;20260826;2
488611;20260826;2
556698;20260826;2
885670;20260826;2
761134;20260826;2
1753141;20260826;2
953113;20260826;2
40556;20260826;2
916090;20260826;2
1395051;20260826;2
593158;20260826;2
641664;20260826;2
825143;20260826;2
417203;20260826;2
188568;20260826;2
1584057;20260826;2
1627216;20260826;2
235178;20260826;2
197727;20260826;2
492750;20260826;2
820457;20260826;2
1595021;20260826;2
1383166;20260826;2
1486974;20260826;2
1537488;20260826;2
237762;20260826;2
475788;20260826;2
493409;20260826;2
636499;20260826;2
573282;20260826;2
7123;20260826;2
1164777;20260826;2
1627669;20260826;2
1148381;20260826;2
335661;20260826;2
1034805;20260826;2
1262523;20260826;2
1486109;20260826;2
1749234;20260826;2
566609;20260826;2
1486298;20260826;2
1290980;20260826;2
1044996;20260826;2
255010;20260826;2
1196621;20260826;2
923452;20260826;2
250333;20260826;2
301900;20260826;2
678430;20260826;2
169177;20260826;2
1275242;20260826;2
1518285;20260826;2
1582258;20260826;2
909149;20260826;2
1408666;20260826;2
920473;20260826;2
1734846;20260826;2
1287344;20260826;2
1418945;20260826;2
795432;20260826;2
212451;20260826;2
241012;20260826;2
413685;20260826;2
1046137;20260826;2
614968;20260826;2
768860;20260826;2
950854;20260826;2
159870;20260826;2
700991;20260826;2
775975;20260826;2
1446509;20260826;2
359741;20260826;2
643885;20260826;2
1132456;20260826;2
1465216;20260826;2
18146;20260826;2
84898;20260826;2
884562;20260826;2
891144;20260826;2
1228622;20260826;2
470232;20260826;2
1031210;20260826;2
1438859;20260826;2
1548576;20260826;2
1071475;20260826;2
1736376;20260826;2
444031;20260826;2
1006684;20260826;2
33796;20260826;2
1780338;20260826;2
199580;20260826;2
213152;20260826;2
1333757;20260826;2
1178431;20260826;2
603327;20260826;2
1541590;20260826;2
191369;20260826;2
1575598;20260826;2
1670417;20260826;2
1784234;20260826;2
452657;20260826;2
1027496;20260826;2
1348854;20260826;2
1438884;20260826;2
1591569;20260826;2
401743;20260826;2
663004;20260826;2
422150;20260826;2
536905;20260826;2
612880;20260826;2
1082934;20260826;2
642031;20260826;2
101122;20260826;2
1126317;20260826;2
1215850;20260826;2
1290628;20260826;2
1318725;20260826;2
1380368;20260826;2
1710378;20260826;2
351520;20260826;2
477087;20260826;2
481745;20260826;2
77006;20260826;2
793850;20260826;2
728562;20260826;2
985309;20260826;2
341126;20260826;2
406075;20260826;2
466909;20260826;2
1064882;20260826;2
1751767;20260826;2
92399;20260826;2
1508085;20260826;2
854994;20260826;2
8031;20260826;2
891723;20260826;2
113744;20260826;2
151468;20260826;2
366593;20260826;2
576551;20260826;2
631293;20260826;2
72877;20260826;2
814259;20260826;2
934691;20260826;2
1368974;20260826;2
964355;20260826;2
952660;20260826;2
1372859;20260826;2
604548;20260826;2
1045623;20260826;2
1337781;20260826;2
733667;20260826;2
766791;20260826;2
817834;20260826;2
702443;20260826;2
756752;20260826;2
1370724;20260826;2
437492;20260826;2
681198;20260826;2
199002;20260826;2
1320798;20260826;2
838761;20260826;2
31025;20260826;2
19962;20260826;2
303750;20260826;2
720341;20260826;2
175681;20260826;2
1402003;20260826;2
372338;20260826;2
921260;20260826;2
1298237;20260826;2
107;20260826;2
203962;20260826;2
1402289;20260826;2
153917;20260826;2
943985;20260826;2
89658;20260826;2
580657;20260826;2
952742;20260826;2
1007831;20260826;2
1221379;20260826;2
786631;20260826;2
789273;20260826;2
208288;20260826;2
701416;20260826;2
525706;20260826;2
653751;20260826;2
350701;20260826;2
375847;20260826;2
161401;20260826;2
1087052;20260826;2
1197442;20260826;2
1362682;20260826;2
1410220;20260826;2
1603658;20260826;2
2119;20260826;2
356088;20260826;2
49323;20260826;2
1222277;20260826;2
1257021;20260826;2
1117865;20260826;2
241802;20260826;2
379601;20260826;2
878730;20260826;2
91732;20260826;2
1031693;20260826;2
1177116;20260826;2
1623417;20260826;2
1665197;20260826;2
1787880;20260826;2
268433;20260826;2
334887;20260826;2
626884;20260826;2
697479;20260826;2
698336;20260826;2
1144085;20260826;2
1364201;20260826;2
337230;20260826;2
1144608;20260826;2
1006351;20260826;2
167759;20260826;2
1207454;20260826;2
468645;20260826;2
817296;20260826;2
1014392;20260826;2
1256730;20260826;2
1275251;20260826;2
14292;20260826;2
1479017;20260826;2
1526788;20260826;2
1645834;20260826;2
633666;20260826;2
79481;20260826;2
859109;20260826;2
905749;20260826;2
302974;20260826;2
238040;20260826;2
399385;20260826;2
586157;20260826;2
780480;20260826;2
202226;20260826;2
1555608;20260826;2
664807;20260826;2
55044;20260826;2
43125;20260826;2
1028881;20260826;2
1084176;20260826;2
1444519;20260826;2
876640;20260826;2
594886;20260826;2
433886;20260826;2
1738162;20260826;2
164665;20260826;2
1435694;20260826;2
1173990;20260826;2
1052960;20260826;2
696785;20260826;2
669914;20260826;2
982120;20260826;2
503969;20260826;2
335500;20260826;2
381159;20260826;2
1398855;20260826;2
195109;20260826;2
806188;20260826;2
1688902;20260826;2
443852;20260826;2
448413;20260826;2
632667;20260826;2
1022958;20260826;2
778044;20260826;2
714007;20260826;2
111217;20260826;2
1131672;20260826;2
1247003;20260826;2
1661674;20260826;2
722911;20260826;2
806556;20260826;2
1267514;20260826;2
307893;20260826;2
1116972;20260826;2
1302597;20260826;2
1315631;20260826;2
1583868;20260826;2
225484;20260826;2
300545;20260826;2
1518076;20260826;2
1367853;20260826;2
1219173;20260826;2
1204876;20260826;2
1263036;20260826;2
1384001;20260826;2
1694851;20260826;2
1742447;20260826;2
3954;20260826;2
405278;20260826;2
58967;20260826;2
76980;20260826;2
305817;20260826;2
310861;20260826;2
375719;20260826;2
913053;20260826;2
183442;20260826;2
580879;20260826;2
1660419;20260826;2
328453;20260826;2
401103;20260826;2
1044004;20260826;2
1410923;20260826;2
817096;20260826;2
317581;20260826;2
1226059;20260826;2
1592244;20260826;2
1644960;20260826;2
272457;20260826;2
566366;20260826;2
1179008;20260826;2
1099046;20260826;2
1157973;20260826;2
1212843;20260826;2
1783140;20260826;2
1437817;20260826;2
19163;20260826;2
672263;20260826;2
1573212;20260826;2
485782;20260826;2
584657;20260826;2
685451;20260826;2
1741271;20260826;2
623239;20260826;2
1183667;20260826;2
268530;20260826;2
791974;20260826;2
956468;20260826;2
1514138;20260826;2
98310;20260826;2
568161;20260826;2
61621;20260826;2
730561;20260826;2
191446;20260826;2
428783;20260826;2
1115224;20260826;2
1639637;20260826;2
709475;20260826;2
1319013;20260826;2
544943;20260826;2
857321;20260826;2
318977;20260826;2
949008;20260826;2
1567155;20260826;2
1596740;20260826;2
638886;20260826;2
898848;20260826;2
1140040;20260826;2
1396728;20260826;2
1607231;20260826;2
37188;20260826;2
416583;20260826;2
1205252;20260826;2
1382550;20260826;2
1454475;20260826;2
1727030;20260826;2
324987;20260826;2
1054357;20260826;2
737625;20260826;2
1658738;20260826;2
217171;20260826;2
298328;20260826;2
1492791;20260826;2
1754750;20260826;2
1496949;20260826;2
1071741;20260826;2
1381342;20260826;2
1641471;20260826;2
638080;20260826;2
1153911;20260826;2
615612;20260826;2
148814;20260826;2
712518;20260826;2
759517;20260826;2
1245469;20260826;2
271026;20260826;2
314053;20260826;2
181281;20260826;2
1555323;20260826;2
350937;20260826;2
1011922;20260826;2
1270628;20260826;2
1162761;20260826;2
245399;20260826;2
33142;20260826;2
67233;20260826;2
1103201;20260826;2
1149192;20260826;2
1186291;20260826;2
1545060;20260826;2
206407;20260826;2
515348;20260826;2
448250;20260826;2
1281399;20260826;2
1169138;20260826;2
1531924;20260826;2
1259250;20260826;2
100762;20260826;2
783068;20260826;2
1105181;20260826;2
1087017;20260826;2
1167094;20260826;2
171984;20260826;2
571469;20260826;2
1558693;20260826;2
1740739;20260826;2
1204668;20260826;2
13314;20260826;2
1749043;20260826;2
455541;20260826;2
418623;20260826;2
1472664;20260826;2
1475136;20260826;2
1435912;20260826;2
1586142;20260826;2
1629567;20260826;2
1712410;20260826;2
1737899;20260826;2
197780;20260826;2
317368;20260826;2
1388849;20260826;2
924120;20260826;2
864028;20260826;2
258570;20260826;2
72131;20260826;2
692839;20260826;2
771757;20260826;2
1023960;20260826;2
1035310;20260826;2
1062245;20260826;2
1063241;20260826;2
11081;20260826;2
1165731;20260826;2
1216478;20260826;2
1487068;20260826;2
1567612;20260826;2
1691591;20260826;2
1737455;20260826;2
296109;20260826;2
552646;20260826;2
613503;20260826;2
621001;20260826;2
92663;20260826;2
974666;20260826;2
386812;20260826;2
194810;20260826;2
1506796;20260826;2
845246;20260826;2
1115815;20260826;2
1319034;20260826;2
1659922;20260826;2
297743;20260826;2
46112;20260826;2
590484;20260826;2
1173976;20260826;2
912912;20260826;2
233929;20260826;2
1664584;20260826;2
964675;20260826;2
419279;20260826;2
402632;20260826;2
1698345;20260826;2
1129005;20260826;2
244994;20260826;2
1648260;20260826;2
569240;20260826;2
1290529;20260826;2
134694;20260826;2
1621975;20260826;2
736966;20260826;2
899623;20260826;2
695815;20260826;2
1738849;20260826;2
1260884;20260826;2
477283;20260826;2
254517;20260826;2
984384;20260826;2
1773077;20260826;2
54679;20260826;2
9797;20260826;2
941660;20260826;2
1600212;20260826;2
196782;20260826;2
511167;20260826;2
126471;20260826;2
413514;20260826;2
411241;20260826;2
1755224;20260826;2
233762;20260826;2
253171;20260826;2
34317;20260826;2
449132;20260826;2
1761389;20260826;2
297037;20260826;2
1446487;20260826;2
1515367;20260826;2
770461;20260826;2
859410;20260826;2
533470;20260826;2
824055;20260826;2
1410963;20260826;2
5828;20260826;2
1354377;20260826;2
40971;20260826;2
548658;20260826;2
1047097;20260826;2
1320712;20260826;2
150278;20260826;2
1524311;20260826;2
644321;20260826;2
991928;20260826;2
101985;20260826;2
1431358;20260826;2
315115;20260826;2
1135437;20260826;2
128786;20260826;2
1328469;20260826;2
1420482;20260826;2
1546506;20260826;2
1632869;20260826;2
193863;20260826;2
265326;20260826;2
274529;20260826;2
431445;20260826;2
501343;20260826;2
1500047;20260826;2
313564;20260826;2
623410;20260826;2
1116916;20260826;2
1418222;20260826;2
435659;20260826;2
145080;20260826;2
165751;20260826;2
1711804;20260826;2
369709;20260826;2
487155;20260826;2
800116;20260826;2
1702019;20260826;2
533371;20260826;2
451514;20260826;2
1632881;20260826;2
1780604;20260826;2
114305;20260826;2
329955;20260826;2
339197;20260826;2
60564;20260826;2
1139301;20260826;2
66657;20260826;2
1430915;20260826;2
1512780;20260826;2
199649;20260826;2
1282747;20260826;2
1116347;20260826;2
1328878;20260826;2
168771;20260826;2
1692293;20260826;2
172835;20260826;2
1754106;20260826;2
466107;20260826;2
614898;20260826;2
715483;20260826;2
757886;20260826;2
925890;20260826;2
990186;20260826;2
1449344;20260826;2
1034500;20260826;2
1090613;20260826;2
883028;20260826;2
1745258;20260826;2
1153381;20260826;2
1455523;20260826;2
248047;20260826;2
719573;20260826;2
650829;20260826;2
248652;20260826;2
1714780;20260826;2
285604;20260826;2
980626;20260826;2
1495539;20260826;2
707539;20260826;2
794074;20260826;2
889850;20260826;2
120274;20260826;2
611146;20260826;2
283459;20260826;2
95291;20260826;2
1579702;20260826;2
437983;20260826;2
1666258;20260826;2
968703;20260826;2
273751;20260826;2
930845;20260826;2
1036685;20260826;2
769242;20260826;2
1356095;20260826;2
1397982;20260826;2
245943;20260826;2
1267527;20260826;2
1615306;20260826;2
1656761;20260826;2
1686164;20260826;2
1749219;20260826;2
252288;20260826;2
630371;20260826;2
823521;20260826;2
760709;20260826;2
569893;20260826;2
283106;20260826;2
307295;20260826;2
728920;20260826;2
1177189;20260826;2
807699;20260826;2
1009312;20260826;2
1149933;20260826;2
1570027;20260826;2
1758823;20260826;2
401674;20260826;2
530050;20260826;2
752734;20260826;2
1266188;20260826;2
160966;20260826;2
547196;20260826;2
83359;20260826;2
1499680;20260826;2
312673;20260826;2
367388;20260826;2
626413;20260826;2
1421804;20260826;2
1400084;20260826;2
470912;20260826;2
1106592;20260826;2
1208294;20260826;2
1435940;20260826;2
1517986;20260826;2
1577877;20260826;2
1578152;20260826;2
1601527;20260826;2
186113;20260826;2
293037;20260826;2
295806;20260826;2
311945;20260826;2
327937;20260826;2
372131;20260826;2
868277;20260826;2
1067557;20260826;2
107708;20260826;2
1110002;20260826;2
1179509;20260826;2
1209265;20260826;2
1295544;20260826;2
13;20260826;2
1410157;20260826;2
1425307;20260826;2
1450576;20260826;2
1577368;20260826;2
1597822;20260826;2
16178;20260826;2
1645901;20260826;2
1690957;20260826;2
1770949;20260826;2
200587;20260826;2
217973;20260826;2
43723;20260826;2
504658;20260826;2
528094;20260826;2
577362;20260826;2
683971;20260826;2
702701;20260826;2
749776;20260826;2
754222;20260826;2
849271;20260826;2
1016463;20260826;2
1479969;20260826;2
870079;20260826;2
652108;20260826;2
5771;20260826;2
408740;20260826;2
1347400;20260826;2
348190;20260826;2
1033085;20260826;2
599322;20260826;2
1202061;20260826;2
1001634;20260826;2
1054319;20260826;2
161123;20260826;2
1353978;20260826;2
782343;20260826;2
997801;20260826;2
1752758;20260826;2
1348702;20260826;2
1203363;20260826;2
696223;20260826;2
97419;20260826;2
1621936;20260826;2
1017919;20260826;2
1601750;20260826;2
220465;20260826;2
430385;20260826;2
1329249;20260826;2
1191927;20260826;2
1236342;20260826;2
1356515;20260826;2
1469051;20260826;2
317434;20260826;2
1080221;20260827;3
1081540;20260827;3
1578615;20260827;3
1743653;20260827;3
209107;20260827;3
575361;20260827;3
1395559;20260827;3
1309445;20260827;3
1104370;20260827;3
1559609;20260827;3
602093;20260827;3
638679;20260827;3
75869;20260827;3
840091;20260827;3
991397;20260827;3
631782;20260827;3
1204892;20260827;3
573486;20260827;3
143733;20260827;3
1579104;20260827;3
304635;20260827;3
474650;20260827;3
972554;20260827;3
513175;20260827;3
596465;20260827;3
699354;20260827;3
56909;20260827;3
1111071;20260827;3
759821;20260827;3
304067;20260827;3
461655;20260827;3
554684;20260827;3
825849;20260827;3
377263;20260827;3
847868;20260827;3
1310181;20260827;3
1391147;20260827;3
333632;20260827;3
1440094;20260827;3
1042951;20260827;3
111702;20260827;3
1202661;20260827;3
1260840;20260827;3
131919;20260827;3
1418368;20260827;3
1587669;20260827;3
1690693;20260827;3
1743289;20260827;3
213711;20260827;3
220938;20260827;3
246208;20260827;3
32310;20260827;3
460462;20260827;3
461773;20260827;3
493300;20260827;3
803130;20260827;3
966689;20260827;3
1507666;20260827;3
1018860;20260827;3
194608;20260827;3
536782;20260827;3
412190;20260827;3
1011860;20260827;3
339476;20260827;3
791087;20260827;3
748069;20260827;3
284523;20260827;3
481186;20260827;3
363595;20260827;3
507160;20260827;3
1253405;20260827;3
1315522;20260827;3
212673;20260827;3
451690;20260827;3
1494066;20260827;3
159887;20260827;3
312730;20260827;3
709862;20260827;3
1278294;20260827;3
13543;20260827;3
1453316;20260827;3
1667573;20260827;3
448823;20260827;3
621405;20260827;3
719560;20260827;3
929034;20260827;3
548594;20260827;3
1160892;20260827;3
1162487;20260827;3
94621;20260827;3
443882;20260827;3
575396;20260827;3
572185;20260827;3
1015090;20260827;3
1553760;20260827;3
818681;20260827;3
739420;20260827;3
1013946;20260827;3
1130680;20260827;3
126446;20260827;3
1271946;20260827;3
1713388;20260827;3
1740459;20260827;3
1757257;20260827;3
347823;20260827;3
937623;20260827;3
951947;20260827;3
1316049;20260827;3
425396;20260827;3
462500;20260827;3
1071562;20260827;3
1258410;20260827;3
1323496;20260827;3
1610895;20260827;3
638977;20260827;3
691405;20260827;3
1690994;20260827;3
867530;20260827;3
424322;20260827;3
114276;20260827;3
801606;20260827;3
1584984;20260827;3
1139023;20260827;3
1592810;20260827;3
355277;20260827;3
420425;20260827;3
4735;20260827;3
1437510;20260827;3
1252473;20260827;3
1455524;20260827;3
105433;20260827;3
1583187;20260827;3
884685;20260827;3
26452;20260827;3
775712;20260827;3
406599;20260827;3
723156;20260827;3
1088986;20260827;3
216897;20260827;3
322252;20260827;3
991018;20260827;3
1251849;20260827;3
588141;20260827;3
1000128;20260827;3
1398930;20260827;3
1636105;20260827;3
363627;20260827;3
1207284;20260827;3
1280133;20260827;3
1293236;20260827;3
1764354;20260827;3
204838;20260827;3
955179;20260827;3
966279;20260827;3
995460;20260827;3
1386789;20260827;3
1525100;20260827;3
1737464;20260827;3
322066;20260827;3
595359;20260827;3
734804;20260827;3
1085064;20260827;3
1232842;20260827;3
1460810;20260827;3
1615796;20260827;3
1739778;20260827;3
1744487;20260827;3
1759164;20260827;3
24035;20260827;3
606487;20260827;3
351195;20260827;3
1526002;20260827;3
440105;20260827;3
111248;20260827;3
1329753;20260827;3
1746582;20260827;3
1782203;20260827;3
1100916;20260827;3
141844;20260827;3
1637321;20260827;3
1722654;20260827;3
257797;20260827;3
621268;20260827;3
711087;20260827;3
724659;20260827;3
803637;20260827;3
834870;20260827;3
1394024;20260827;3
385906;20260827;3
950413;20260827;3
1383450;20260827;3
1655109;20260827;3
643187;20260827;3
72401;20260827;3
1004166;20260827;3
118049;20260827;3
1228621;20260827;3
1312880;20260827;3
1334098;20260827;3
1441519;20260827;3
589448;20260827;3
850001;20260827;3
96969;20260827;3
1604826;20260827;3
374384;20260827;3
399452;20260827;3
64504;20260827;3
1635403;20260827;3
1212931;20260827;3
1523476;20260827;3
1581800;20260827;3
981919;20260827;3
1557380;20260827;3
1573595;20260827;3
1696723;20260827;3
318024;20260827;3
549525;20260827;3
686182;20260827;3
72723;20260827;3
889235;20260827;3
491847;20260827;3
58666;20260827;3
629326;20260827;3
803714;20260827;3
832719;20260827;3
1073285;20260827;3
1753262;20260827;3
1756572;20260827;3
195698;20260827;3
299015;20260827;3
51793;20260827;3
551364;20260827;3
87399;20260827;3
1137703;20260827;3
1098007;20260827;3
960236;20260827;3
623140;20260827;3
1631441;20260827;3
1148993;20260827;3
466444;20260827;3
229156;20260827;3
910800;20260827;3
1039768;20260827;3
1106832;20260827;3
1402103;20260827;3
1530652;20260827;3
222405;20260827;3
416771;20260827;3
982427;20260827;3
245247;20260827;3
851522;20260827;3
1430823;20260827;3
1242020;20260827;3
1367004;20260827;3
1379293;20260827;3
33075;20260827;3
380024;20260827;3
552135;20260827;3
575831;20260827;3
650139;20260827;3
806133;20260827;3
1192167;20260827;3
1307016;20260827;3
716936;20260827;3
519436;20260827;3
259635;20260827;3
631566;20260827;3
680716;20260827;3
1288252;20260827;3
155217;20260827;3
1664654;20260827;3
221199;20260827;3
502985;20260827;3
66403;20260827;3
866220;20260827;3
943622;20260827;3
1023020;20260827;3
1493435;20260827;3
1640166;20260827;3
1767104;20260827;3
909294;20260827;3
270250;20260827;3
128720;20260827;3
439929;20260827;3
835782;20260827;3
971156;20260827;3
1375238;20260827;3
1443984;20260827;3
1655946;20260827;3
1764395;20260827;3
179029;20260827;3
335190;20260827;3
514612;20260827;3
81367;20260827;3
1475584;20260827;3
603372;20260827;3
1411084;20260827;3
1777004;20260827;3
417349;20260827;3
438042;20260827;3
585388;20260827;3
752222;20260827;3
1245031;20260827;3
870433;20260827;3
76763;20260827;3
1334897;20260827;3
539288;20260827;3
1517551;20260827;3
1504108;20260827;3
536079;20260827;3
1673717;20260827;3
968334;20260827;3
120297;20260827;3
1208406;20260827;3
1428144;20260827;3
1682801;20260827;3
1022012;20260827;3
400942;20260827;3
1169927;20260827;3
624522;20260827;3
1313116;20260827;3
1710650;20260827;3
60506;20260827;3
791282;20260827;3
956332;20260827;3
938257;20260827;3
854172;20260827;3
1100947;20260827;3
1503633;20260827;3
505445;20260827;3
241383;20260827;3
93575;20260827;3
1230139;20260827;3
1579834;20260827;3
248919;20260827;3
187740;20260827;3
261146;20260827;3
1122535;20260827;3
1452739;20260827;3
50394;20260827;3
1591725;20260827;3
399227;20260827;3
1581949;20260827;3
1503258;20260827;3
519381;20260827;3
902963;20260827;3
1260708;20260827;3
1568306;20260827;3
1353092;20260827;3
1463979;20260827;3
425955;20260827;3
472685;20260827;3
479652;20260827;3
974601;20260827;3
1115467;20260827;3
1669862;20260827;3
1671802;20260827;3
170058;20260827;3
975082;20260827;3
1084958;20260827;3
1154018;20260827;3
676947;20260827;3
365831;20260827;3
1054497;20260827;3
1055536;20260827;3
1433845;20260827;3
1010954;20260827;3
1276296;20260827;3
1322359;20260827;3
1726397;20260827;3
420529;20260827;3
1359449;20260827;3
286063;20260827;3
1734610;20260827;3
1188241;20260827;3
230062;20260827;3
473669;20260827;3
120907;20260827;3
240623;20260827;3
1227707;20260827;3
642459;20260827;3
75744;20260827;3
741740;20260827;3
1004150;20260827;3
1433419;20260827;3
1779906;20260827;3
488611;20260827;3
556698;20260827;3
885670;20260827;3
953113;20260827;3
40556;20260827;3
916090;20260827;3
1395051;20260827;3
593158;20260827;3
641664;20260827;3
825143;20260827;3
417203;20260827;3
188568;20260827;3
1584057;20260827;3
1627216;20260827;3
235178;20260827;3
197727;20260827;3
492750;20260827;3
820457;20260827;3
1595021;20260827;3
1383166;20260827;3
1486974;20260827;3
1537488;20260827;3
237762;20260827;3
475788;20260827;3
493409;20260827;3
636499;20260827;3
573282;20260827;3
7123;20260827;3
1164777;20260827;3
1627669;20260827;3
1148381;20260827;3
335661;20260827;3
1034805;20260827;3
1262523;20260827;3
1486109;20260827;3
1749234;20260827;3
566609;20260827;3
1486298;20260827;3
1290980;20260827;3
1044996;20260827;3
255010;20260827;3
1196621;20260827;3
923452;20260827;3
250333;20260827;3
301900;20260827;3
678430;20260827;3
169177;20260827;3
1275242;20260827;3
1518285;20260827;3
1582258;20260827;3
909149;20260827;3
1408666;20260827;3
920473;20260827;3
1734846;20260827;3
1287344;20260827;3
1418945;20260827;3
795432;20260827;3
212451;20260827;3
241012;20260827;3
413685;20260827;3
1046137;20260827;3
614968;20260827;3
768860;20260827;3
950854;20260827;3
159870;20260827;3
700991;20260827;3
1502505;20260827;3
775975;20260827;3
1446509;20260827;3
359741;20260827;3
1132456;20260827;3
1465216;20260827;3
18146;20260827;3
84898;20260827;3
884562;20260827;3
891144;20260827;3
1228622;20260827;3
470232;20260827;3
1031210;20260827;3
1438859;20260827;3
1548576;20260827;3
1071475;20260827;3
1736376;20260827;3
444031;20260827;3
1562825;20260827;3
33796;20260827;3
1780338;20260827;3
199580;20260827;3
213152;20260827;3
1333757;20260827;3
1187045;20260827;3
1178431;20260827;3
1541590;20260827;3
191369;20260827;3
1575598;20260827;3
1670417;20260827;3
1784234;20260827;3
452657;20260827;3
1027496;20260827;3
1348854;20260827;3
1438884;20260827;3
1591569;20260827;3
401743;20260827;3
663004;20260827;3
422150;20260827;3
536905;20260827;3
1044976;20260827;3
1300649;20260827;3
612880;20260827;3
1082934;20260827;3
1701357;20260827;3
642031;20260827;3
101122;20260827;3
1126317;20260827;3
1215850;20260827;3
1290628;20260827;3
1318725;20260827;3
1380368;20260827;3
1710378;20260827;3
351520;20260827;3
477087;20260827;3
481745;20260827;3
77006;20260827;3
793850;20260827;3
728562;20260827;3
1040276;20260827;3
985309;20260827;3
341126;20260827;3
406075;20260827;3
466909;20260827;3
1064882;20260827;3
1751767;20260827;3
92399;20260827;3
113744;20260827;3
151468;20260827;3
366593;20260827;3
576551;20260827;3
631293;20260827;3
72877;20260827;3
814259;20260827;3
934691;20260827;3
1368974;20260827;3
1165436;20260827;3
964355;20260827;3
952660;20260827;3
1372859;20260827;3
604548;20260827;3
1045623;20260827;3
1337781;20260827;3
733667;20260827;3
766791;20260827;3
817834;20260827;3
702443;20260827;3
1370724;20260827;3
437492;20260827;3
681198;20260827;3
199002;20260827;3
1320798;20260827;3
838761;20260827;3
31025;20260827;3
19962;20260827;3
303750;20260827;3
720341;20260827;3
175681;20260827;3
1402003;20260827;3
372338;20260827;3
921260;20260827;3
1298237;20260827;3
107;20260827;3
203962;20260827;3
1402289;20260827;3
153917;20260827;3
943985;20260827;3
89658;20260827;3
580657;20260827;3
952742;20260827;3
198444;20260827;3
1007831;20260827;3
1221379;20260827;3
786631;20260827;3
208288;20260827;3
701416;20260827;3
525706;20260827;3
653751;20260827;3
350701;20260827;3
375847;20260827;3
161401;20260827;3
1087052;20260827;3
1197442;20260827;3
1362682;20260827;3
1410220;20260827;3
1603658;20260827;3
2119;20260827;3
356088;20260827;3
49323;20260827;3
1222277;20260827;3
1257021;20260827;3
1117865;20260827;3
241802;20260827;3
379601;20260827;3
878730;20260827;3
91732;20260827;3
460127;20260827;3
1031693;20260827;3
1177116;20260827;3
1623417;20260827;3
1665197;20260827;3
1787880;20260827;3
268433;20260827;3
334887;20260827;3
626884;20260827;3
697479;20260827;3
698336;20260827;3
1144085;20260827;3
1364201;20260827;3
337230;20260827;3
1144608;20260827;3
1006351;20260827;3
167759;20260827;3
103701;20260827;3
817296;20260827;3
1627621;20260827;3
1014392;20260827;3
1256730;20260827;3
1275251;20260827;3
14292;20260827;3
1479017;20260827;3
1526788;20260827;3
1645834;20260827;3
633666;20260827;3
79481;20260827;3
859109;20260827;3
905749;20260827;3
590676;20260827;3
399385;20260827;3
586157;20260827;3
780480;20260827;3
202226;20260827;3
1028881;20260827;3
1084176;20260827;3
1444519;20260827;3
876640;20260827;3
594886;20260827;3
433886;20260827;3
1738162;20260827;3
164665;20260827;3
1435694;20260827;3
1173990;20260827;3
1052960;20260827;3
696785;20260827;3
669914;20260827;3
982120;20260827;3
503969;20260827;3
335500;20260827;3
381159;20260827;3
1398855;20260827;3
195109;20260827;3
806188;20260827;3
1688902;20260827;3
443852;20260827;3
448413;20260827;3
632667;20260827;3
1022958;20260827;3
778044;20260827;3
714007;20260827;3
111217;20260827;3
1131672;20260827;3
1247003;20260827;3
1661674;20260827;3
722911;20260827;3
806556;20260827;3
1267514;20260827;3
307893;20260827;3
1116972;20260827;3
1302597;20260827;3
1315631;20260827;3
1583868;20260827;3
225484;20260827;3
300545;20260827;3
847289;20260827;3
1367853;20260827;3
1271776;20260827;3
179712;20260827;3
1204876;20260827;3
1263036;20260827;3
1384001;20260827;3
1694851;20260827;3
1742447;20260827;3
3954;20260827;3
405278;20260827;3
58967;20260827;3
76980;20260827;3
305817;20260827;3
310861;20260827;3
375719;20260827;3
913053;20260827;3
600079;20260827;3
266679;20260827;3
328453;20260827;3
401103;20260827;3
1044004;20260827;3
1410923;20260827;3
817096;20260827;3
317581;20260827;3
1226059;20260827;3
1592244;20260827;3
1644960;20260827;3
272457;20260827;3
566366;20260827;3
1179008;20260827;3
667499;20260827;3
1099046;20260827;3
1212843;20260827;3
1783140;20260827;3
273590;20260827;3
299342;20260827;3
453423;20260827;3
1411834;20260827;3
1203350;20260827;3
672263;20260827;3
1573212;20260827;3
485782;20260827;3
584657;20260827;3
685451;20260827;3
1741271;20260827;3
623239;20260827;3
1183667;20260827;3
268530;20260827;3
791974;20260827;3
956468;20260827;3
1514138;20260827;3
98310;20260827;3
568161;20260827;3
61621;20260827;3
730561;20260827;3
191446;20260827;3
428783;20260827;3
1115224;20260827;3
1639637;20260827;3
709475;20260827;3
1319013;20260827;3
544943;20260827;3
857321;20260827;3
318977;20260827;3
949008;20260827;3
1567155;20260827;3
1596740;20260827;3
638886;20260827;3
898848;20260827;3
1140040;20260827;3
1396728;20260827;3
1607231;20260827;3
37188;20260827;3
416583;20260827;3
1333165;20260827;3
1205252;20260827;3
1382550;20260827;3
1454475;20260827;3
1727030;20260827;3
324987;20260827;3
941152;20260827;3
1054357;20260827;3
737625;20260827;3
1197087;20260827;3
133070;20260827;3
278935;20260827;3
1658738;20260827;3
217171;20260827;3
298328;20260827;3
1492791;20260827;3
1754750;20260827;3
1496949;20260827;3
1071741;20260827;3
1381342;20260827;3
1641471;20260827;3
638080;20260827;3
148814;20260827;3
1736340;20260827;3
185815;20260827;3
759517;20260827;3
1245469;20260827;3
271026;20260827;3
1305522;20260827;3
181281;20260827;3
1555323;20260827;3
1003463;20260827;3
1723094;20260827;3
350937;20260827;3
1011922;20260827;3
1270628;20260827;3
1162761;20260827;3
245399;20260827;3
33142;20260827;3
67233;20260827;3
1103201;20260827;3
1186291;20260827;3
1545060;20260827;3
153484;20260827;3
206407;20260827;3
515348;20260827;3
448250;20260827;3
1281399;20260827;3
51061;20260827;3
1531924;20260827;3
100762;20260827;3
783068;20260827;3
1087017;20260827;3
1167094;20260827;3
171984;20260827;3
571469;20260827;3
1558693;20260827;3
1740739;20260827;3
1204668;20260827;3
13314;20260827;3
1749043;20260827;3
455541;20260827;3
1061626;20260827;3
418623;20260827;3
1472664;20260827;3
1475136;20260827;3
1435912;20260827;3
1586142;20260827;3
1629567;20260827;3
1712410;20260827;3
1737899;20260827;3
197780;20260827;3
1388849;20260827;3
924120;20260827;3
864028;20260827;3
258570;20260827;3
72131;20260827;3
692839;20260827;3
771757;20260827;3
1142186;20260827;3
1188199;20260827;3
1269493;20260827;3
1682628;20260827;3
262800;20260827;3
446241;20260827;3
1023960;20260827;3
1035310;20260827;3
1062245;20260827;3
1063241;20260827;3
11081;20260827;3
1165731;20260827;3
1216478;20260827;3
1487068;20260827;3
1567612;20260827;3
1691591;20260827;3
1737455;20260827;3
296109;20260827;3
552646;20260827;3
613503;20260827;3
621001;20260827;3
92663;20260827;3
974666;20260827;3
386812;20260827;3
194810;20260827;3
489845;20260827;3
1115815;20260827;3
1319034;20260827;3
1659922;20260827;3
297743;20260827;3
46112;20260827;3
590484;20260827;3
1173976;20260827;3
912912;20260827;3
233929;20260827;3
1664584;20260827;3
964675;20260827;3
419279;20260827;3
402632;20260827;3
1698345;20260827;3
1648260;20260827;3
569240;20260827;3
1290529;20260827;3
134694;20260827;3
1621975;20260827;3
736966;20260827;3
899623;20260827;3
695815;20260827;3
1260884;20260827;3
477283;20260827;3
28371;20260827;3
254517;20260827;3
984384;20260827;3
1773077;20260827;3
54679;20260827;3
9797;20260827;3
941660;20260827;3
1600212;20260827;3
511167;20260827;3
126471;20260827;3
413514;20260827;3
411241;20260827;3
1755224;20260827;3
233762;20260827;3
253171;20260827;3
34317;20260827;3
449132;20260827;3
1761389;20260827;3
297037;20260827;3
1446487;20260827;3
1515367;20260827;3
770461;20260827;3
859410;20260827;3
533470;20260827;3
824055;20260827;3
1410963;20260827;3
5828;20260827;3
1354377;20260827;3
40971;20260827;3
548658;20260827;3
1047097;20260827;3
1320712;20260827;3
150278;20260827;3
1524311;20260827;3
644321;20260827;3
991928;20260827;3
101985;20260827;3
1431358;20260827;3
315115;20260827;3
1135437;20260827;3
128786;20260827;3
1328469;20260827;3
1420482;20260827;3
1546506;20260827;3
1632869;20260827;3
193863;20260827;3
265326;20260827;3
274529;20260827;3
431445;20260827;3
501343;20260827;3
1500047;20260827;3
313564;20260827;3
623410;20260827;3
1116916;20260827;3
1418222;20260827;3
435659;20260827;3
145080;20260827;3
165751;20260827;3
1711804;20260827;3
369709;20260827;3
487155;20260827;3
800116;20260827;3
1702019;20260827;3
533371;20260827;3
451514;20260827;3
1632881;20260827;3
1780604;20260827;3
114305;20260827;3
329955;20260827;3
339197;20260827;3
60564;20260827;3
1139301;20260827;3
66657;20260827;3
1430915;20260827;3
1512780;20260827;3
199649;20260827;3
1282747;20260827;3
1116347;20260827;3
1328878;20260827;3
168771;20260827;3
1692293;20260827;3
172835;20260827;3
1754106;20260827;3
466107;20260827;3
614898;20260827;3
715483;20260827;3
757886;20260827;3
925890;20260827;3
990186;20260827;3
1198912;20260827;3
327917;20260827;3
1449344;20260827;3
1034500;20260827;3
1090613;20260827;3
883028;20260827;3
1745258;20260827;3
148714;20260827;3
1153381;20260827;3
1455523;20260827;3
248047;20260827;3
719573;20260827;3
650829;20260827;3
248652;20260827;3
1714780;20260827;3
285604;20260827;3
980626;20260827;3
1495539;20260827;3
707539;20260827;3
794074;20260827;3
889850;20260827;3
611146;20260827;3
1579702;20260827;3
437983;20260827;3
1666258;20260827;3
968703;20260827;3
273751;20260827;3
930845;20260827;3
1036685;20260827;3
769242;20260827;3
1356095;20260827;3
1397982;20260827;3
245943;20260827;3
1267527;20260827;3
1615306;20260827;3
1656761;20260827;3
1686164;20260827;3
1749219;20260827;3
252288;20260827;3
630371;20260827;3
823521;20260827;3
1354611;20260827;3
569893;20260827;3
283106;20260827;3
307295;20260827;3
728920;20260827;3
1177189;20260827;3
807699;20260827;3
1009312;20260827;3
1149933;20260827;3
1570027;20260827;3
1758823;20260827;3
401674;20260827;3
530050;20260827;3
752734;20260827;3
1266188;20260827;3
1685268;20260827;3
160966;20260827;3
547196;20260827;3
83359;20260827;3
1499680;20260827;3
312673;20260827;3
367388;20260827;3
626413;20260827;3
1421804;20260827;3
1400084;20260827;3
470912;20260827;3
1106592;20260827;3
1208294;20260827;3
1435940;20260827;3
1517986;20260827;3
1577877;20260827;3
1578152;20260827;3
1601527;20260827;3
186113;20260827;3
293037;20260827;3
295806;20260827;3
311945;20260827;3
327937;20260827;3
372131;20260827;3
868277;20260827;3
1067557;20260827;3
107708;20260827;3
1110002;20260827;3
1179509;20260827;3
1209265;20260827;3
1295544;20260827;3
13;20260827;3
1410157;20260827;3
1425307;20260827;3
1450576;20260827;3
1577368;20260827;3
1597822;20260827;3
16178;20260827;3
1645901;20260827;3
1690957;20260827;3
1770949;20260827;3
200587;20260827;3
217973;20260827;3
43723;20260827;3
504658;20260827;3
528094;20260827;3
577362;20260827;3
683971;20260827;3
702701;20260827;3
749776;20260827;3
754222;20260827;3
849271;20260827;3
1479969;20260827;3
870079;20260827;3
652108;20260827;3
5771;20260827;3
408740;20260827;3
1347400;20260827;3
348190;20260827;3
1033085;20260827;3
599322;20260827;3
1202061;20260827;3
1001634;20260827;3
1054319;20260827;3
161123;20260827;3
1353978;20260827;3
782343;20260827;3
997801;20260827;3
1348702;20260827;3
1203363;20260827;3
696223;20260827;3
97419;20260827;3
1621936;20260827;3
74547;20260827;3
1017919;20260827;3
1601750;20260827;3
220465;20260827;3
430385;20260827;3
1329249;20260827;3
1191927;20260827;3
1236342;20260827;3
1356515;20260827;3
1469051;20260827;3
317434;20260827;3
1080221;20260828;4
1081540;20260828;4
1578615;20260828;4
1743653;20260828;4
209107;20260828;4
575361;20260828;4
1395559;20260828;4
1309445;20260828;4
1104370;20260828;4
1559609;20260828;4
602093;20260828;4
638679;20260828;4
75869;20260828;4
840091;20260828;4
991397;20260828;4
631782;20260828;4
143733;20260828;4
1579104;20260828;4
304635;20260828;4
474650;20260828;4
972554;20260828;4
513175;20260828;4
596465;20260828;4
699354;20260828;4
471999;20260828;4
1071948;20260828;4
1111071;20260828;4
776210;20260828;4
985952;20260828;4
304067;20260828;4
461655;20260828;4
554684;20260828;4
825849;20260828;4
377263;20260828;4
847868;20260828;4
1310181;20260828;4
1391147;20260828;4
333632;20260828;4
1440094;20260828;4
1042951;20260828;4
111702;20260828;4
1202661;20260828;4
1260840;20260828;4
131919;20260828;4
1418368;20260828;4
1587669;20260828;4
1690693;20260828;4
1743289;20260828;4
213711;20260828;4
220938;20260828;4
246208;20260828;4
32310;20260828;4
460462;20260828;4
461773;20260828;4
493300;20260828;4
803130;20260828;4
966689;20260828;4
1507666;20260828;4
1018860;20260828;4
194608;20260828;4
536782;20260828;4
412190;20260828;4
1011860;20260828;4
339476;20260828;4
791087;20260828;4
748069;20260828;4
284523;20260828;4
481186;20260828;4
507160;20260828;4
1253405;20260828;4
185115;20260828;4
1315522;20260828;4
212673;20260828;4
451690;20260828;4
1494066;20260828;4
159887;20260828;4
312730;20260828;4
709862;20260828;4
1278294;20260828;4
13543;20260828;4
1453316;20260828;4
1667573;20260828;4
448823;20260828;4
621405;20260828;4
719560;20260828;4
929034;20260828;4
548594;20260828;4
1160892;20260828;4
1162487;20260828;4
94621;20260828;4
443882;20260828;4
120395;20260828;4
572185;20260828;4
1015090;20260828;4
1553760;20260828;4
818681;20260828;4
739420;20260828;4
777352;20260828;4
1316049;20260828;4
425396;20260828;4
462500;20260828;4
1071562;20260828;4
1258410;20260828;4
1323496;20260828;4
1610895;20260828;4
1090650;20260828;4
1407811;20260828;4
1440077;20260828;4
1398820;20260828;4
647611;20260828;4
1146800;20260828;4
1653481;20260828;4
1676018;20260828;4
60365;20260828;4
110518;20260828;4
606589;20260828;4
1513316;20260828;4
26744;20260828;4
400734;20260828;4
424322;20260828;4
1037448;20260828;4
1601499;20260828;4
1584984;20260828;4
609185;20260828;4
1139023;20260828;4
1592810;20260828;4
355277;20260828;4
420425;20260828;4
4735;20260828;4
1437510;20260828;4
1252473;20260828;4
1455524;20260828;4
105433;20260828;4
1583187;20260828;4
884685;20260828;4
26452;20260828;4
775712;20260828;4
406599;20260828;4
48265;20260828;4
1406831;20260828;4
1596853;20260828;4
1057510;20260828;4
1389222;20260828;4
5900;20260828;4
991018;20260828;4
1251849;20260828;4
588141;20260828;4
258130;20260828;4
1608824;20260828;4
644700;20260828;4
1406730;20260828;4
117364;20260828;4
1359590;20260828;4
833904;20260828;4
329639;20260828;4
1559218;20260828;4
1401613;20260828;4
1309652;20260828;4
1525100;20260828;4
1737464;20260828;4
322066;20260828;4
595359;20260828;4
734804;20260828;4
1085064;20260828;4
1232842;20260828;4
1460810;20260828;4
1615796;20260828;4
1739778;20260828;4
1744487;20260828;4
1759164;20260828;4
24035;20260828;4
606487;20260828;4
1330766;20260828;4
1461797;20260828;4
1526002;20260828;4
440105;20260828;4
111248;20260828;4
1329753;20260828;4
1746582;20260828;4
1782203;20260828;4
1100916;20260828;4
141844;20260828;4
1637321;20260828;4
1722654;20260828;4
257797;20260828;4
621268;20260828;4
711087;20260828;4
724659;20260828;4
803637;20260828;4
834870;20260828;4
1394024;20260828;4
385906;20260828;4
483802;20260828;4
1427980;20260828;4
950413;20260828;4
1383450;20260828;4
1655109;20260828;4
643187;20260828;4
72401;20260828;4
365860;20260828;4
96969;20260828;4
1604826;20260828;4
399452;20260828;4
64504;20260828;4
113835;20260828;4
57572;20260828;4
848295;20260828;4
1635403;20260828;4
1212931;20260828;4
1523476;20260828;4
1581800;20260828;4
981919;20260828;4
1557380;20260828;4
1573595;20260828;4
1696723;20260828;4
318024;20260828;4
549525;20260828;4
686182;20260828;4
72723;20260828;4
1239876;20260828;4
889235;20260828;4
1681604;20260828;4
796422;20260828;4
1049548;20260828;4
1073285;20260828;4
1753262;20260828;4
1756572;20260828;4
195698;20260828;4
299015;20260828;4
51793;20260828;4
551364;20260828;4
87399;20260828;4
119100;20260828;4
1137703;20260828;4
1098007;20260828;4
960236;20260828;4
717187;20260828;4
1164622;20260828;4
620572;20260828;4
1343215;20260828;4
1445475;20260828;4
1631441;20260828;4
1148993;20260828;4
479604;20260828;4
229156;20260828;4
910800;20260828;4
1039768;20260828;4
1106832;20260828;4
1402103;20260828;4
1530652;20260828;4
222405;20260828;4
416771;20260828;4
982427;20260828;4
245247;20260828;4
851522;20260828;4
1199911;20260828;4
261475;20260828;4
9167;20260828;4
1333774;20260828;4
1391825;20260828;4
1582574;20260828;4
1656877;20260828;4
25729;20260828;4
508264;20260828;4
619480;20260828;4
804098;20260828;4
1781228;20260828;4
934701;20260828;4
1430823;20260828;4
602493;20260828;4
1192167;20260828;4
1307016;20260828;4
716936;20260828;4
1517270;20260828;4
1703117;20260828;4
519436;20260828;4
134545;20260828;4
1288252;20260828;4
155217;20260828;4
1664654;20260828;4
221199;20260828;4
502985;20260828;4
66403;20260828;4
866220;20260828;4
943622;20260828;4
1695413;20260828;4
1639659;20260828;4
1023020;20260828;4
128720;20260828;4
439929;20260828;4
835782;20260828;4
971156;20260828;4
1375238;20260828;4
1443984;20260828;4
1655946;20260828;4
1764395;20260828;4
179029;20260828;4
335190;20260828;4
514612;20260828;4
81367;20260828;4
1475584;20260828;4
603372;20260828;4
1411084;20260828;4
1777004;20260828;4
417349;20260828;4
438042;20260828;4
585388;20260828;4
752222;20260828;4
1245031;20260828;4
870433;20260828;4
76763;20260828;4
1334897;20260828;4
539288;20260828;4
1517551;20260828;4
536079;20260828;4
120297;20260828;4
1208406;20260828;4
1428144;20260828;4
1682801;20260828;4
1022012;20260828;4
400942;20260828;4
1169927;20260828;4
1728171;20260828;4
803230;20260828;4
938257;20260828;4
1035302;20260828;4
1339167;20260828;4
1349756;20260828;4
1480903;20260828;4
1566593;20260828;4
457919;20260828;4
741388;20260828;4
960783;20260828;4
1100947;20260828;4
1503633;20260828;4
505445;20260828;4
1230139;20260828;4
187740;20260828;4
261146;20260828;4
1122535;20260828;4
13967;20260828;4
1039592;20260828;4
890039;20260828;4
50394;20260828;4
1591725;20260828;4
399227;20260828;4
1641881;20260828;4
1581949;20260828;4
1260708;20260828;4
1568306;20260828;4
1463979;20260828;4
425955;20260828;4
472685;20260828;4
479652;20260828;4
974601;20260828;4
1115467;20260828;4
1669862;20260828;4
1671802;20260828;4
170058;20260828;4
975082;20260828;4
1154018;20260828;4
1033557;20260828;4
1072351;20260828;4
1755938;20260828;4
339377;20260828;4
431489;20260828;4
978841;20260828;4
676947;20260828;4
1067994;20260828;4
365831;20260828;4
1055536;20260828;4
1433845;20260828;4
1010954;20260828;4
1276296;20260828;4
1322359;20260828;4
1726397;20260828;4
420529;20260828;4
1359449;20260828;4
1734610;20260828;4
1234705;20260828;4
120907;20260828;4
240623;20260828;4
1227707;20260828;4
642459;20260828;4
1492099;20260828;4
171243;20260828;4
672569;20260828;4
741740;20260828;4
1004150;20260828;4
1433419;20260828;4
293910;20260828;4
589216;20260828;4
1779906;20260828;4
488611;20260828;4
556698;20260828;4
885670;20260828;4
953113;20260828;4
916090;20260828;4
593158;20260828;4
641664;20260828;4
825143;20260828;4
417203;20260828;4
188568;20260828;4
1584057;20260828;4
1627216;20260828;4
235178;20260828;4
197727;20260828;4
838856;20260828;4
492750;20260828;4
1595021;20260828;4
1383166;20260828;4
1486974;20260828;4
1537488;20260828;4
237762;20260828;4
475788;20260828;4
493409;20260828;4
636499;20260828;4
573282;20260828;4
7123;20260828;4
1164777;20260828;4
1627669;20260828;4
1148381;20260828;4
335661;20260828;4
1034805;20260828;4
1262523;20260828;4
1486109;20260828;4
1749234;20260828;4
566609;20260828;4
1486298;20260828;4
1290980;20260828;4
1044996;20260828;4
255010;20260828;4
1196621;20260828;4
923452;20260828;4
250333;20260828;4
301900;20260828;4
678430;20260828;4
169177;20260828;4
693396;20260828;4
1408666;20260828;4
920473;20260828;4
1734846;20260828;4
1001749;20260828;4
1608640;20260828;4
1287344;20260828;4
1418945;20260828;4
795432;20260828;4
1071537;20260828;4
899534;20260828;4
212451;20260828;4
241012;20260828;4
1046137;20260828;4
614968;20260828;4
768860;20260828;4
950854;20260828;4
159870;20260828;4
700991;20260828;4
775975;20260828;4
1446509;20260828;4
359741;20260828;4
1132456;20260828;4
1465216;20260828;4
18146;20260828;4
84898;20260828;4
884562;20260828;4
891144;20260828;4
1228622;20260828;4
743065;20260828;4
470232;20260828;4
641302;20260828;4
1438859;20260828;4
1548576;20260828;4
1071475;20260828;4
1736376;20260828;4
444031;20260828;4
299270;20260828;4
33796;20260828;4
1456840;20260828;4
1780338;20260828;4
199580;20260828;4
213152;20260828;4
999230;20260828;4
1187045;20260828;4
191369;20260828;4
1575598;20260828;4
1670417;20260828;4
1784234;20260828;4
452657;20260828;4
1027496;20260828;4
1348854;20260828;4
1438884;20260828;4
1591569;20260828;4
401743;20260828;4
663004;20260828;4
422150;20260828;4
1433722;20260828;4
984944;20260828;4
1347085;20260828;4
612880;20260828;4
1082934;20260828;4
1701357;20260828;4
642031;20260828;4
101122;20260828;4
1126317;20260828;4
1215850;20260828;4
1290628;20260828;4
1318725;20260828;4
1380368;20260828;4
1710378;20260828;4
351520;20260828;4
477087;20260828;4
481745;20260828;4
77006;20260828;4
793850;20260828;4
728562;20260828;4
1040276;20260828;4
985309;20260828;4
466909;20260828;4
1064882;20260828;4
1751767;20260828;4
92399;20260828;4
184301;20260828;4
664387;20260828;4
298326;20260828;4
113744;20260828;4
151468;20260828;4
366593;20260828;4
576551;20260828;4
631293;20260828;4
72877;20260828;4
814259;20260828;4
934691;20260828;4
1368974;20260828;4
964355;20260828;4
1677597;20260828;4
952660;20260828;4
604548;20260828;4
1045623;20260828;4
1337781;20260828;4
733667;20260828;4
766791;20260828;4
817834;20260828;4
702443;20260828;4
1370724;20260828;4
437492;20260828;4
681198;20260828;4
199002;20260828;4
30961;20260828;4
1320798;20260828;4
838761;20260828;4
31025;20260828;4
303750;20260828;4
720341;20260828;4
175681;20260828;4
372338;20260828;4
921260;20260828;4
1298237;20260828;4
107;20260828;4
203962;20260828;4
1402289;20260828;4
153917;20260828;4
943985;20260828;4
89658;20260828;4
404612;20260828;4
580657;20260828;4
952742;20260828;4
198444;20260828;4
1007831;20260828;4
1221379;20260828;4
786631;20260828;4
208288;20260828;4
701416;20260828;4
525706;20260828;4
653751;20260828;4
350701;20260828;4
375847;20260828;4
1087052;20260828;4
1197442;20260828;4
1362682;20260828;4
1410220;20260828;4
1603658;20260828;4
2119;20260828;4
356088;20260828;4
49323;20260828;4
1386565;20260828;4
1222277;20260828;4
1257021;20260828;4
1117865;20260828;4
241802;20260828;4
379601;20260828;4
878730;20260828;4
91732;20260828;4
1031693;20260828;4
1177116;20260828;4
1623417;20260828;4
1665197;20260828;4
1787880;20260828;4
268433;20260828;4
334887;20260828;4
626884;20260828;4
697479;20260828;4
698336;20260828;4
1144085;20260828;4
1364201;20260828;4
337230;20260828;4
1144608;20260828;4
1006351;20260828;4
1163692;20260828;4
1252429;20260828;4
468645;20260828;4
817296;20260828;4
1627621;20260828;4
1256730;20260828;4
1275251;20260828;4
14292;20260828;4
1479017;20260828;4
1526788;20260828;4
1645834;20260828;4
633666;20260828;4
79481;20260828;4
859109;20260828;4
905749;20260828;4
590676;20260828;4
688950;20260828;4
399385;20260828;4
586157;20260828;4
780480;20260828;4
202226;20260828;4
664807;20260828;4
1028881;20260828;4
1084176;20260828;4
1444519;20260828;4
876640;20260828;4
594886;20260828;4
433886;20260828;4
1738162;20260828;4
164665;20260828;4
1435694;20260828;4
1173990;20260828;4
1052960;20260828;4
696785;20260828;4
669914;20260828;4
982120;20260828;4
503969;20260828;4
335500;20260828;4
381159;20260828;4
1398855;20260828;4
195109;20260828;4
806188;20260828;4
1688902;20260828;4
841585;20260828;4
443852;20260828;4
1022958;20260828;4
778044;20260828;4
1180313;20260828;4
714007;20260828;4
111217;20260828;4
1131672;20260828;4
1247003;20260828;4
1661674;20260828;4
722911;20260828;4
806556;20260828;4
1267514;20260828;4
307893;20260828;4
1116972;20260828;4
1302597;20260828;4
1315631;20260828;4
1583868;20260828;4
225484;20260828;4
300545;20260828;4
1518076;20260828;4
1367853;20260828;4
324742;20260828;4
1204876;20260828;4
1263036;20260828;4
1384001;20260828;4
1694851;20260828;4
1742447;20260828;4
3954;20260828;4
405278;20260828;4
58967;20260828;4
76980;20260828;4
310861;20260828;4
375719;20260828;4
913053;20260828;4
183442;20260828;4
1412164;20260828;4
1594010;20260828;4
580879;20260828;4
1660419;20260828;4
328453;20260828;4
595905;20260828;4
1044004;20260828;4
1410923;20260828;4
817096;20260828;4
317581;20260828;4
472066;20260828;4
1226059;20260828;4
1592244;20260828;4
1644960;20260828;4
272457;20260828;4
566366;20260828;4
1179008;20260828;4
1157973;20260828;4
1212843;20260828;4
1783140;20260828;4
299342;20260828;4
1667326;20260828;4
1411834;20260828;4
1502088;20260828;4
52236;20260828;4
455273;20260828;4
1203350;20260828;4
1376620;20260828;4
672263;20260828;4
1140658;20260828;4
1573212;20260828;4
485782;20260828;4
584657;20260828;4
685451;20260828;4
1741271;20260828;4
623239;20260828;4
93562;20260828;4
1183667;20260828;4
268530;20260828;4
791974;20260828;4
956468;20260828;4
568161;20260828;4
61621;20260828;4
730561;20260828;4
905153;20260828;4
191446;20260828;4
428783;20260828;4
1115224;20260828;4
1639637;20260828;4
709475;20260828;4
1319013;20260828;4
544943;20260828;4
857321;20260828;4
318977;20260828;4
949008;20260828;4
1567155;20260828;4
1596740;20260828;4
638886;20260828;4
898848;20260828;4
1140040;20260828;4
1396728;20260828;4
1607231;20260828;4
37188;20260828;4
416583;20260828;4
1348654;20260828;4
1333165;20260828;4
1205252;20260828;4
1382550;20260828;4
1454475;20260828;4
1727030;20260828;4
324987;20260828;4
941152;20260828;4
1054357;20260828;4
1658738;20260828;4
217171;20260828;4
298328;20260828;4
1492791;20260828;4
1754750;20260828;4
1496949;20260828;4
1071741;20260828;4
1381342;20260828;4
1641471;20260828;4
638080;20260828;4
1202640;20260828;4
1596535;20260828;4
40242;20260828;4
494066;20260828;4
56338;20260828;4
712518;20260828;4
1736340;20260828;4
759517;20260828;4
1245469;20260828;4
271026;20260828;4
1305522;20260828;4
181281;20260828;4
1555323;20260828;4
1723094;20260828;4
350937;20260828;4
1011922;20260828;4
1162761;20260828;4
245399;20260828;4
33142;20260828;4
67233;20260828;4
1207685;20260828;4
1227567;20260828;4
1103201;20260828;4
1186291;20260828;4
1545060;20260828;4
206407;20260828;4
1299158;20260828;4
515348;20260828;4
1281399;20260828;4
51061;20260828;4
1169138;20260828;4
753977;20260828;4
1259250;20260828;4
100762;20260828;4
783068;20260828;4
1087017;20260828;4
171984;20260828;4
571469;20260828;4
1558693;20260828;4
1740739;20260828;4
1204668;20260828;4
13314;20260828;4
1749043;20260828;4
455541;20260828;4
418623;20260828;4
1472664;20260828;4
1475136;20260828;4
1435912;20260828;4
1586142;20260828;4
1629567;20260828;4
1712410;20260828;4
1737899;20260828;4
197780;20260828;4
1235422;20260828;4
1388849;20260828;4
924120;20260828;4
864028;20260828;4
258570;20260828;4
72131;20260828;4
692839;20260828;4
771757;20260828;4
1370861;20260828;4
1023960;20260828;4
1035310;20260828;4
1062245;20260828;4
1063241;20260828;4
11081;20260828;4
1165731;20260828;4
1216478;20260828;4
1487068;20260828;4
1567612;20260828;4
1691591;20260828;4
1737455;20260828;4
296109;20260828;4
552646;20260828;4
613503;20260828;4
621001;20260828;4
92663;20260828;4
974666;20260828;4
386812;20260828;4
1337342;20260828;4
489845;20260828;4
1045349;20260828;4
1115815;20260828;4
1319034;20260828;4
1659922;20260828;4
297743;20260828;4
46112;20260828;4
590484;20260828;4
1173976;20260828;4
912912;20260828;4
233929;20260828;4
1473556;20260828;4
285473;20260828;4
1664584;20260828;4
964675;20260828;4
419279;20260828;4
402632;20260828;4
1238858;20260828;4
1603845;20260828;4
797442;20260828;4
1698345;20260828;4
582720;20260828;4
1648260;20260828;4
569240;20260828;4
1290529;20260828;4
134694;20260828;4
1621975;20260828;4
736966;20260828;4
899623;20260828;4
695815;20260828;4
1738849;20260828;4
1260884;20260828;4
477283;20260828;4
254517;20260828;4
984384;20260828;4
1773077;20260828;4
54679;20260828;4
309659;20260828;4
9797;20260828;4
941660;20260828;4
1600212;20260828;4
511167;20260828;4
1304085;20260828;4
413514;20260828;4
411241;20260828;4
1755224;20260828;4
233762;20260828;4
253171;20260828;4
34317;20260828;4
449132;20260828;4
1761389;20260828;4
297037;20260828;4
1114784;20260828;4
1515367;20260828;4
770461;20260828;4
859410;20260828;4
824055;20260828;4
1410963;20260828;4
5828;20260828;4
1354377;20260828;4
40971;20260828;4
548658;20260828;4
1047097;20260828;4
1320712;20260828;4
150278;20260828;4
1524311;20260828;4
644321;20260828;4
991928;20260828;4
101985;20260828;4
1431358;20260828;4
315115;20260828;4
1135437;20260828;4
128786;20260828;4
1328469;20260828;4
1420482;20260828;4
1546506;20260828;4
1632869;20260828;4
193863;20260828;4
265326;20260828;4
274529;20260828;4
431445;20260828;4
501343;20260828;4
1500047;20260828;4
313564;20260828;4
623410;20260828;4
1116916;20260828;4
1418222;20260828;4
435659;20260828;4
145080;20260828;4
165751;20260828;4
1711804;20260828;4
1688568;20260828;4
193216;20260828;4
369709;20260828;4
487155;20260828;4
533371;20260828;4
552221;20260828;4
451514;20260828;4
1780604;20260828;4
114305;20260828;4
329955;20260828;4
339197;20260828;4
60564;20260828;4
1139301;20260828;4
66657;20260828;4
1430915;20260828;4
1512780;20260828;4
199649;20260828;4
1282747;20260828;4
1116347;20260828;4
1328878;20260828;4
168771;20260828;4
1692293;20260828;4
172835;20260828;4
1754106;20260828;4
466107;20260828;4
614898;20260828;4
715483;20260828;4
757886;20260828;4
925890;20260828;4
990186;20260828;4
327917;20260828;4
1090613;20260828;4
883028;20260828;4
1745258;20260828;4
1657317;20260828;4
148714;20260828;4
1153381;20260828;4
1455523;20260828;4
248047;20260828;4
719573;20260828;4
650829;20260828;4
547328;20260828;4
248652;20260828;4
1714780;20260828;4
285604;20260828;4
980626;20260828;4
1322925;20260828;4
588116;20260828;4
1495539;20260828;4
707539;20260828;4
794074;20260828;4
611146;20260828;4
1579702;20260828;4
437983;20260828;4
1666258;20260828;4
968703;20260828;4
273751;20260828;4
930845;20260828;4
1036685;20260828;4
769242;20260828;4
1356095;20260828;4
1397982;20260828;4
245943;20260828;4
1267527;20260828;4
1615306;20260828;4
1656761;20260828;4
1686164;20260828;4
1749219;20260828;4
252288;20260828;4
630371;20260828;4
823521;20260828;4
760709;20260828;4
569893;20260828;4
283106;20260828;4
307295;20260828;4
728920;20260828;4
1177189;20260828;4
807699;20260828;4
1739435;20260828;4
1009312;20260828;4
1149933;20260828;4
1570027;20260828;4
1758823;20260828;4
401674;20260828;4
530050;20260828;4
752734;20260828;4
1266188;20260828;4
1685268;20260828;4
160966;20260828;4
547196;20260828;4
83359;20260828;4
1421804;20260828;4
1400084;20260828;4
470912;20260828;4
143282;20260828;4
1505654;20260828;4
581062;20260828;4
1106592;20260828;4
1208294;20260828;4
1435940;20260828;4
1517986;20260828;4
1577877;20260828;4
1578152;20260828;4
1601527;20260828;4
186113;20260828;4
293037;20260828;4
295806;20260828;4
311945;20260828;4
327937;20260828;4
372131;20260828;4
868277;20260828;4
1067557;20260828;4
107708;20260828;4
1110002;20260828;4
1179509;20260828;4
1209265;20260828;4
1295544;20260828;4
13;20260828;4
1410157;20260828;4
1425307;20260828;4
1450576;20260828;4
1577368;20260828;4
1597822;20260828;4
16178;20260828;4
1645901;20260828;4
1690957;20260828;4
1770949;20260828;4
200587;20260828;4
217973;20260828;4
43723;20260828;4
504658;20260828;4
528094;20260828;4
577362;20260828;4
683971;20260828;4
702701;20260828;4
749776;20260828;4
754222;20260828;4
849271;20260828;4
1479969;20260828;4
870079;20260828;4
652108;20260828;4
5771;20260828;4
408740;20260828;4
1347400;20260828;4
348190;20260828;4
1033085;20260828;4
599322;20260828;4
1202061;20260828;4
1001634;20260828;4
1054319;20260828;4
701754;20260828;4
1353978;20260828;4
782343;20260828;4
997801;20260828;4
1348702;20260828;4
1203363;20260828;4
696223;20260828;4
97419;20260828;4
1621936;20260828;4
74547;20260828;4
1017919;20260828;4
1601750;20260828;4
220465;20260828;4
430385;20260828;4
1329249;20260828;4
1191927;20260828;4
1236342;20260828;4
1356515;20260828;4
1469051;20260828;4
317434;20260828;4
601618;20260828;4
70541;20260828;4
333788;20260829;5
736986;20260829;5
859870;20260829;5
1081540;20260829;5
1395559;20260829;5
1309445;20260829;5
1104370;20260829;5
1559609;20260829;5
602093;20260829;5
638679;20260829;5
75869;20260829;5
840091;20260829;5
991397;20260829;5
631782;20260829;5
686278;20260829;5
100279;20260829;5
84657;20260829;5
1091118;20260829;5
554752;20260829;5
973316;20260829;5
345193;20260829;5
584317;20260829;5
471999;20260829;5
1463700;20260829;5
159272;20260829;5
419534;20260829;5
595447;20260829;5
82302;20260829;5
1249527;20260829;5
461655;20260829;5
554684;20260829;5
825849;20260829;5
1618778;20260829;5
847868;20260829;5
1310181;20260829;5
1391147;20260829;5
333632;20260829;5
1440094;20260829;5
1042951;20260829;5
111702;20260829;5
1202661;20260829;5
1260840;20260829;5
131919;20260829;5
1418368;20260829;5
1587669;20260829;5
1690693;20260829;5
1743289;20260829;5
213711;20260829;5
220938;20260829;5
246208;20260829;5
32310;20260829;5
460462;20260829;5
461773;20260829;5
493300;20260829;5
803130;20260829;5
966689;20260829;5
1018860;20260829;5
194608;20260829;5
536782;20260829;5
412190;20260829;5
1346279;20260829;5
1011860;20260829;5
1211372;20260829;5
598777;20260829;5
32640;20260829;5
748069;20260829;5
284523;20260829;5
507160;20260829;5
402405;20260829;5
1253405;20260829;5
1589361;20260829;5
1315522;20260829;5
451690;20260829;5
1494066;20260829;5
159887;20260829;5
312730;20260829;5
709862;20260829;5
1278294;20260829;5
13543;20260829;5
1453316;20260829;5
1667573;20260829;5
448823;20260829;5
621405;20260829;5
719560;20260829;5
929034;20260829;5
1160892;20260829;5
1162487;20260829;5
94621;20260829;5
443882;20260829;5
120395;20260829;5
1206740;20260829;5
1783740;20260829;5
818681;20260829;5
1288584;20260829;5
1407811;20260829;5
1398820;20260829;5
647611;20260829;5
1146800;20260829;5
1653481;20260829;5
1676018;20260829;5
60365;20260829;5
1309926;20260829;5
135267;20260829;5
1513316;20260829;5
26744;20260829;5
400734;20260829;5
1037448;20260829;5
1045066;20260829;5
960130;20260829;5
1146078;20260829;5
1159893;20260829;5
1175849;20260829;5
1212515;20260829;5
1272436;20260829;5
1438603;20260829;5
1450445;20260829;5
1616522;20260829;5
1729079;20260829;5
1729210;20260829;5
271241;20260829;5
1584984;20260829;5
609185;20260829;5
1139023;20260829;5
1592810;20260829;5
355277;20260829;5
420425;20260829;5
4735;20260829;5
1639035;20260829;5
992268;20260829;5
1252473;20260829;5
1455524;20260829;5
105433;20260829;5
1583187;20260829;5
884685;20260829;5
406599;20260829;5
48265;20260829;5
1405671;20260829;5
938279;20260829;5
69647;20260829;5
90983;20260829;5
1406831;20260829;5
1057510;20260829;5
1389222;20260829;5
5900;20260829;5
1195709;20260829;5
271253;20260829;5
893596;20260829;5
991018;20260829;5
1251849;20260829;5
588141;20260829;5
258130;20260829;5
1524404;20260829;5
524668;20260829;5
644700;20260829;5
1559218;20260829;5
1309652;20260829;5
1085064;20260829;5
1232842;20260829;5
1460810;20260829;5
1615796;20260829;5
1739778;20260829;5
1744487;20260829;5
1759164;20260829;5
24035;20260829;5
606487;20260829;5
351195;20260829;5
1150353;20260829;5
1364723;20260829;5
167128;20260829;5
1730343;20260829;5
534952;20260829;5
1526002;20260829;5
440105;20260829;5
1782203;20260829;5
1100916;20260829;5
141844;20260829;5
1637321;20260829;5
1722654;20260829;5
257797;20260829;5
621268;20260829;5
711087;20260829;5
724659;20260829;5
803637;20260829;5
834870;20260829;5
1394024;20260829;5
797525;20260829;5
774443;20260829;5
1427980;20260829;5
1613890;20260829;5
605202;20260829;5
365860;20260829;5
96969;20260829;5
270554;20260829;5
1604826;20260829;5
399452;20260829;5
64504;20260829;5
113835;20260829;5
1291884;20260829;5
930464;20260829;5
57572;20260829;5
848295;20260829;5
1635403;20260829;5
1212931;20260829;5
1523476;20260829;5
1581800;20260829;5
981919;20260829;5
1407788;20260829;5
142910;20260829;5
1777544;20260829;5
1777624;20260829;5
268671;20260829;5
413795;20260829;5
422843;20260829;5
47641;20260829;5
627436;20260829;5
189347;20260829;5
1289600;20260829;5
1440331;20260829;5
1655668;20260829;5
809697;20260829;5
119100;20260829;5
1137703;20260829;5
1016844;20260829;5
111603;20260829;5
1344736;20260829;5
1528029;20260829;5
1567321;20260829;5
417274;20260829;5
930899;20260829;5
1665805;20260829;5
1709531;20260829;5
1268188;20260829;5
1631441;20260829;5
1062608;20260829;5
145689;20260829;5
423835;20260829;5
1557090;20260829;5
902287;20260829;5
910800;20260829;5
1039768;20260829;5
1106832;20260829;5
1402103;20260829;5
1530652;20260829;5
222405;20260829;5
416771;20260829;5
982427;20260829;5
245247;20260829;5
851522;20260829;5
102503;20260829;5
660970;20260829;5
994126;20260829;5
995973;20260829;5
1199911;20260829;5
261475;20260829;5
9167;20260829;5
1333774;20260829;5
1391825;20260829;5
1582574;20260829;5
1656877;20260829;5
25729;20260829;5
508264;20260829;5
619480;20260829;5
804098;20260829;5
873072;20260829;5
764004;20260829;5
1288252;20260829;5
155217;20260829;5
1664654;20260829;5
221199;20260829;5
502985;20260829;5
66403;20260829;5
866220;20260829;5
943622;20260829;5
892811;20260829;5
1597431;20260829;5
440611;20260829;5
471589;20260829;5
480832;20260829;5
847035;20260829;5
1295668;20260829;5
133478;20260829;5
460794;20260829;5
820738;20260829;5
1375238;20260829;5
1443984;20260829;5
1655946;20260829;5
1764395;20260829;5
179029;20260829;5
335190;20260829;5
514612;20260829;5
81367;20260829;5
1707638;20260829;5
603372;20260829;5
1105612;20260829;5
1501239;20260829;5
126622;20260829;5
473221;20260829;5
559305;20260829;5
586407;20260829;5
108007;20260829;5
19239;20260829;5
79426;20260829;5
539288;20260829;5
923545;20260829;5
1517551;20260829;5
1240590;20260829;5
131474;20260829;5
218007;20260829;5
299217;20260829;5
417053;20260829;5
586974;20260829;5
1208406;20260829;5
1169927;20260829;5
1728171;20260829;5
803230;20260829;5
1027283;20260829;5
1448852;20260829;5
1601871;20260829;5
1732071;20260829;5
316028;20260829;5
423068;20260829;5
672623;20260829;5
704946;20260829;5
949073;20260829;5
1100947;20260829;5
1503633;20260829;5
505445;20260829;5
1777768;20260829;5
326315;20260829;5
187740;20260829;5
1756700;20260829;5
1435850;20260829;5
1039592;20260829;5
890039;20260829;5
399227;20260829;5
1581949;20260829;5
1277634;20260829;5
205666;20260829;5
315100;20260829;5
331770;20260829;5
458245;20260829;5
572544;20260829;5
359331;20260829;5
1084958;20260829;5
438797;20260829;5
1187734;20260829;5
1192308;20260829;5
122578;20260829;5
1422345;20260829;5
1483233;20260829;5
1527496;20260829;5
1646769;20260829;5
199697;20260829;5
608345;20260829;5
626814;20260829;5
81988;20260829;5
962670;20260829;5
130481;20260829;5
1054497;20260829;5
1010954;20260829;5
1276296;20260829;5
1322359;20260829;5
1726397;20260829;5
1359449;20260829;5
682151;20260829;5
790524;20260829;5
1234705;20260829;5
1227707;20260829;5
642459;20260829;5
686632;20260829;5
392366;20260829;5
1058591;20260829;5
293910;20260829;5
1779906;20260829;5
488611;20260829;5
556698;20260829;5
885670;20260829;5
540416;20260829;5
953113;20260829;5
82760;20260829;5
1220100;20260829;5
260016;20260829;5
319906;20260829;5
325670;20260829;5
842242;20260829;5
1584057;20260829;5
1627216;20260829;5
197727;20260829;5
1406107;20260829;5
1091464;20260829;5
1566116;20260829;5
1591265;20260829;5
894845;20260829;5
1383166;20260829;5
1486974;20260829;5
1537488;20260829;5
237762;20260829;5
475788;20260829;5
493409;20260829;5
636499;20260829;5
7123;20260829;5
1164777;20260829;5
915994;20260829;5
998587;20260829;5
1627669;20260829;5
1148381;20260829;5
1290108;20260829;5
1034805;20260829;5
1262523;20260829;5
1486109;20260829;5
1749234;20260829;5
566609;20260829;5
1290980;20260829;5
1044996;20260829;5
255010;20260829;5
693396;20260829;5
1408666;20260829;5
920473;20260829;5
1734846;20260829;5
1263791;20260829;5
1750202;20260829;5
328156;20260829;5
905288;20260829;5
1001749;20260829;5
1608640;20260829;5
1287344;20260829;5
1418945;20260829;5
795432;20260829;5
1046137;20260829;5
614968;20260829;5
768860;20260829;5
950854;20260829;5
1236143;20260829;5
1405803;20260829;5
1638437;20260829;5
580851;20260829;5
743065;20260829;5
1604346;20260829;5
123774;20260829;5
145119;20260829;5
1626099;20260829;5
1636211;20260829;5
1648835;20260829;5
227438;20260829;5
409833;20260829;5
517825;20260829;5
65852;20260829;5
816895;20260829;5
854892;20260829;5
91414;20260829;5
1736376;20260829;5
299270;20260829;5
33796;20260829;5
1456840;20260829;5
1780338;20260829;5
199580;20260829;5
213152;20260829;5
999230;20260829;5
1187045;20260829;5
434717;20260829;5
1541590;20260829;5
191369;20260829;5
1130056;20260829;5
1575598;20260829;5
1670417;20260829;5
1784234;20260829;5
452657;20260829;5
1027496;20260829;5
1348854;20260829;5
1438884;20260829;5
1591569;20260829;5
401743;20260829;5
663004;20260829;5
536905;20260829;5
1042684;20260829;5
1397044;20260829;5
405018;20260829;5
510633;20260829;5
1347085;20260829;5
642031;20260829;5
728562;20260829;5
1040276;20260829;5
1233952;20260829;5
66825;20260829;5
906988;20260829;5
913493;20260829;5
466909;20260829;5
1145852;20260829;5
1359378;20260829;5
1445429;20260829;5
1508074;20260829;5
1520985;20260829;5
1724117;20260829;5
298618;20260829;5
399117;20260829;5
456567;20260829;5
686307;20260829;5
832020;20260829;5
113744;20260829;5
151468;20260829;5
366593;20260829;5
576551;20260829;5
631293;20260829;5
72877;20260829;5
814259;20260829;5
934691;20260829;5
964355;20260829;5
1677597;20260829;5
343917;20260829;5
702443;20260829;5
1370724;20260829;5
437492;20260829;5
681198;20260829;5
838761;20260829;5
31025;20260829;5
661727;20260829;5
303750;20260829;5
720341;20260829;5
378025;20260829;5
915990;20260829;5
107;20260829;5
203962;20260829;5
1402289;20260829;5
153917;20260829;5
1222190;20260829;5
1640491;20260829;5
856708;20260829;5
938825;20260829;5
580657;20260829;5
1166068;20260829;5
56856;20260829;5
866869;20260829;5
208288;20260829;5
701416;20260829;5
610591;20260829;5
525706;20260829;5
653751;20260829;5
1507301;20260829;5
350701;20260829;5
375847;20260829;5
1087052;20260829;5
1197442;20260829;5
1362682;20260829;5
1410220;20260829;5
1603658;20260829;5
2119;20260829;5
356088;20260829;5
49323;20260829;5
1222277;20260829;5
1257021;20260829;5
1117865;20260829;5
241802;20260829;5
379601;20260829;5
878730;20260829;5
91732;20260829;5
904125;20260829;5
945684;20260829;5
337230;20260829;5
1144608;20260829;5
1284333;20260829;5
1331978;20260829;5
1357335;20260829;5
1547478;20260829;5
174135;20260829;5
1757697;20260829;5
279649;20260829;5
55137;20260829;5
577499;20260829;5
63585;20260829;5
665003;20260829;5
698023;20260829;5
727980;20260829;5
468645;20260829;5
1627621;20260829;5
1256730;20260829;5
1275251;20260829;5
14292;20260829;5
1479017;20260829;5
1526788;20260829;5
1645834;20260829;5
633666;20260829;5
79481;20260829;5
859109;20260829;5
905749;20260829;5
590676;20260829;5
1478742;20260829;5
399385;20260829;5
780480;20260829;5
202226;20260829;5
1628206;20260829;5
537090;20260829;5
1028881;20260829;5
63075;20260829;5
1418736;20260829;5
472418;20260829;5
939008;20260829;5
170214;20260829;5
328749;20260829;5
1055519;20260829;5
1435694;20260829;5
650529;20260829;5
1173990;20260829;5
1680895;20260829;5
669914;20260829;5
982120;20260829;5
568030;20260829;5
1085238;20260829;5
806188;20260829;5
441295;20260829;5
1164892;20260829;5
225527;20260829;5
934430;20260829;5
714007;20260829;5
111217;20260829;5
1131672;20260829;5
1247003;20260829;5
1661674;20260829;5
722911;20260829;5
806556;20260829;5
1267514;20260829;5
307893;20260829;5
166361;20260829;5
1116972;20260829;5
1302597;20260829;5
1315631;20260829;5
1583868;20260829;5
225484;20260829;5
300545;20260829;5
1518076;20260829;5
324742;20260829;5
1714611;20260829;5
903284;20260829;5
1168752;20260829;5
140895;20260829;5
1693898;20260829;5
436699;20260829;5
513125;20260829;5
728490;20260829;5
823285;20260829;5
852402;20260829;5
938657;20260829;5
960675;20260829;5
996574;20260829;5
1302485;20260829;5
969708;20260829;5
1074439;20260829;5
1564920;20260829;5
462147;20260829;5
65805;20260829;5
1044048;20260829;5
1569737;20260829;5
472066;20260829;5
879171;20260829;5
1226059;20260829;5
1592244;20260829;5
1644960;20260829;5
272457;20260829;5
566366;20260829;5
936354;20260829;5
1179008;20260829;5
1157973;20260829;5
1212843;20260829;5
1783140;20260829;5
1411834;20260829;5
1717501;20260829;5
1502088;20260829;5
1203350;20260829;5
397298;20260829;5
1140658;20260829;5
1098722;20260829;5
190091;20260829;5
560830;20260829;5
588718;20260829;5
1412566;20260829;5
1443476;20260829;5
410282;20260829;5
1243441;20260829;5
93562;20260829;5
1246439;20260829;5
1787298;20260829;5
791974;20260829;5
956468;20260829;5
1063378;20260829;5
1696500;20260829;5
905153;20260829;5
318750;20260829;5
1115224;20260829;5
1639637;20260829;5
709475;20260829;5
1319013;20260829;5
544943;20260829;5
857321;20260829;5
318977;20260829;5
949008;20260829;5
1567155;20260829;5
1596740;20260829;5
638886;20260829;5
898848;20260829;5
1140040;20260829;5
1396728;20260829;5
1607231;20260829;5
37188;20260829;5
416583;20260829;5
1333165;20260829;5
1003806;20260829;5
1205252;20260829;5
1382550;20260829;5
1454475;20260829;5
1727030;20260829;5
324987;20260829;5
1054357;20260829;5
737625;20260829;5
673576;20260829;5
1658738;20260829;5
217171;20260829;5
298328;20260829;5
348203;20260829;5
1463552;20260829;5
1198565;20260829;5
1612117;20260829;5
166979;20260829;5
1675223;20260829;5
1728027;20260829;5
1742766;20260829;5
1748814;20260829;5
208316;20260829;5
547045;20260829;5
727280;20260829;5
139792;20260829;5
185815;20260829;5
1599805;20260829;5
435094;20260829;5
271026;20260829;5
1305522;20260829;5
181281;20260829;5
1555323;20260829;5
1460243;20260829;5
388764;20260829;5
894865;20260829;5
1003463;20260829;5
1162761;20260829;5
811424;20260829;5
260153;20260829;5
1669638;20260829;5
920093;20260829;5
1186291;20260829;5
1381904;20260829;5
1243243;20260829;5
1679137;20260829;5
51061;20260829;5
59543;20260829;5
1039770;20260829;5
1192397;20260829;5
1612876;20260829;5
1678579;20260829;5
860413;20260829;5
125037;20260829;5
939469;20260829;5
1527601;20260829;5
171984;20260829;5
571469;20260829;5
1740739;20260829;5
80098;20260829;5
1204668;20260829;5
13314;20260829;5
1749043;20260829;5
455541;20260829;5
418623;20260829;5
1472664;20260829;5
934346;20260829;5
310921;20260829;5
1435912;20260829;5
1586142;20260829;5
1629567;20260829;5
1712410;20260829;5
1737899;20260829;5
197780;20260829;5
864028;20260829;5
1685704;20260829;5
258570;20260829;5
72131;20260829;5
692839;20260829;5
162041;20260829;5
1652009;20260829;5
307925;20260829;5
829258;20260829;5
923287;20260829;5
771757;20260829;5
1370861;20260829;5
1023960;20260829;5
1035310;20260829;5
1062245;20260829;5
1063241;20260829;5
11081;20260829;5
1165731;20260829;5
1216478;20260829;5
1487068;20260829;5
1567612;20260829;5
1691591;20260829;5
1737455;20260829;5
296109;20260829;5
552646;20260829;5
613503;20260829;5
621001;20260829;5
92663;20260829;5
974666;20260829;5
386812;20260829;5
1069132;20260829;5
1141840;20260829;5
12042;20260829;5
1396619;20260829;5
561326;20260829;5
612664;20260829;5
738173;20260829;5
1045349;20260829;5
1173976;20260829;5
912912;20260829;5
233929;20260829;5
964675;20260829;5
1306834;20260829;5
718869;20260829;5
419279;20260829;5
402632;20260829;5
889261;20260829;5
1194045;20260829;5
1648260;20260829;5
569240;20260829;5
1290529;20260829;5
134694;20260829;5
1621975;20260829;5
736966;20260829;5
899623;20260829;5
1738849;20260829;5
1169091;20260829;5
1260884;20260829;5
1662779;20260829;5
392652;20260829;5
716123;20260829;5
883878;20260829;5
309659;20260829;5
1634143;20260829;5
588786;20260829;5
941660;20260829;5
449132;20260829;5
1114784;20260829;5
180858;20260829;5
513103;20260829;5
892864;20260829;5
640319;20260829;5
856103;20260829;5
5828;20260829;5
1354377;20260829;5
1135919;20260829;5
985231;20260829;5
40971;20260829;5
548658;20260829;5
1047097;20260829;5
1014296;20260829;5
584643;20260829;5
1524311;20260829;5
644321;20260829;5
991928;20260829;5
1135437;20260829;5
128786;20260829;5
1328469;20260829;5
1420482;20260829;5
1546506;20260829;5
1632869;20260829;5
193863;20260829;5
265326;20260829;5
274529;20260829;5
431445;20260829;5
501343;20260829;5
1500047;20260829;5
313564;20260829;5
623410;20260829;5
1116916;20260829;5
1418222;20260829;5
435659;20260829;5
1041825;20260829;5
1502237;20260829;5
1502386;20260829;5
1576611;20260829;5
1693311;20260829;5
328970;20260829;5
773157;20260829;5
1688568;20260829;5
193216;20260829;5
1085997;20260829;5
533371;20260829;5
1252788;20260829;5
451514;20260829;5
1198971;20260829;5
1448618;20260829;5
276572;20260829;5
66657;20260829;5
1334219;20260829;5
1282747;20260829;5
602991;20260829;5
1381204;20260829;5
1397754;20260829;5
142878;20260829;5
207802;20260829;5
513746;20260829;5
603997;20260829;5
1745258;20260829;5
1657317;20260829;5
148714;20260829;5
691766;20260829;5
318474;20260829;5
547328;20260829;5
1008294;20260829;5
1274647;20260829;5
1324011;20260829;5
1336788;20260829;5
140818;20260829;5
1410469;20260829;5
143342;20260829;5
1463565;20260829;5
1497652;20260829;5
152699;20260829;5
1576597;20260829;5
1615847;20260829;5
1694643;20260829;5
1713987;20260829;5
181200;20260829;5
302647;20260829;5
4760;20260829;5
47819;20260829;5
497902;20260829;5
738266;20260829;5
799887;20260829;5
846151;20260829;5
991581;20260829;5
611146;20260829;5
1666258;20260829;5
968703;20260829;5
251749;20260829;5
561977;20260829;5
769242;20260829;5
1356095;20260829;5
1397982;20260829;5
245943;20260829;5
1267527;20260829;5
1615306;20260829;5
1656761;20260829;5
1686164;20260829;5
1749219;20260829;5
252288;20260829;5
630371;20260829;5
823521;20260829;5
760709;20260829;5
569893;20260829;5
582819;20260829;5
817626;20260829;5
1364624;20260829;5
728920;20260829;5
1026483;20260829;5
1659551;20260829;5
374950;20260829;5
699545;20260829;5
1009312;20260829;5
1149933;20260829;5
1570027;20260829;5
1758823;20260829;5
401674;20260829;5
530050;20260829;5
752734;20260829;5
1266188;20260829;5
1055756;20260829;5
1421804;20260829;5
1400084;20260829;5
470912;20260829;5
143282;20260829;5
1505654;20260829;5
581062;20260829;5
1106592;20260829;5
1208294;20260829;5
1435940;20260829;5
1517986;20260829;5
1577877;20260829;5
1578152;20260829;5
1601527;20260829;5
186113;20260829;5
293037;20260829;5
295806;20260829;5
311945;20260829;5
327937;20260829;5
372131;20260829;5
868277;20260829;5
136795;20260829;5
1385496;20260829;5
1403570;20260829;5
1473910;20260829;5
1679002;20260829;5
1729017;20260829;5
223246;20260829;5
240149;20260829;5
46489;20260829;5
49846;20260829;5
659401;20260829;5
745447;20260829;5
812981;20260829;5
856282;20260829;5
864392;20260829;5
868853;20260829;5
905543;20260829;5
959274;20260829;5
964682;20260829;5
976205;20260829;5
1295680;20260829;5
1431729;20260829;5
1498452;20260829;5
213003;20260829;5
767402;20260829;5
815831;20260829;5
1167077;20260829;5
408740;20260829;5
924828;20260829;5
1202061;20260829;5
352326;20260829;5
42509;20260829;5
89260;20260829;5
320792;20260829;5
939626;20260829;5
25137;20260829;5
310364;20260829;5
1753043;20260829;5
1318759;20260829;5
221742;20260829;5
574015;20260829;5
1677272;20260829;5
1065217;20260829;5
1112229;20260829;5
1621936;20260829;5
1206940;20260829;5
83351;20260829;5
1017919;20260829;5
1601750;20260829;5
220465;20260829;5
1329249;20260829;5
1191927;20260829;5
1236342;20260829;5
1356515;20260829;5
1469051;20260829;5
317434;20260829;5
567755;20260829;5
1152012;20260829;5
1418931;20260829;5
1260773;20260830;6
43366;20260830;6
1081540;20260830;6
1395559;20260830;6
1581030;20260830;6
1657548;20260830;6
1062285;20260830;6
1700257;20260830;6
442434;20260830;6
907933;20260830;6
631782;20260830;6
1303678;20260830;6
218727;20260830;6
686278;20260830;6
14318;20260830;6
100279;20260830;6
1091118;20260830;6
554752;20260830;6
973316;20260830;6
345193;20260830;6
584317;20260830;6
471999;20260830;6
47813;20260830;6
55614;20260830;6
1463700;20260830;6
159272;20260830;6
419534;20260830;6
595447;20260830;6
82302;20260830;6
1249527;20260830;6
461655;20260830;6
554684;20260830;6
825849;20260830;6
847868;20260830;6
1310181;20260830;6
1391147;20260830;6
333632;20260830;6
1440094;20260830;6
1042951;20260830;6
111702;20260830;6
1202661;20260830;6
1260840;20260830;6
131919;20260830;6
1418368;20260830;6
1587669;20260830;6
1690693;20260830;6
1743289;20260830;6
213711;20260830;6
220938;20260830;6
246208;20260830;6
32310;20260830;6
460462;20260830;6
461773;20260830;6
493300;20260830;6
803130;20260830;6
966689;20260830;6
1018860;20260830;6
194608;20260830;6
536782;20260830;6
412190;20260830;6
1346279;20260830;6
1011860;20260830;6
339476;20260830;6
1211372;20260830;6
598777;20260830;6
748069;20260830;6
284523;20260830;6
507160;20260830;6
402405;20260830;6
1315522;20260830;6
212673;20260830;6
1494066;20260830;6
159887;20260830;6
312730;20260830;6
709862;20260830;6
1278294;20260830;6
13543;20260830;6
1453316;20260830;6
1667573;20260830;6
448823;20260830;6
621405;20260830;6
719560;20260830;6
929034;20260830;6
548594;20260830;6
1160892;20260830;6
1162487;20260830;6
94621;20260830;6
120395;20260830;6
818681;20260830;6
12827;20260830;6
1407811;20260830;6
1398820;20260830;6
647611;20260830;6
1146800;20260830;6
1653481;20260830;6
1676018;20260830;6
60365;20260830;6
1309926;20260830;6
135267;20260830;6
1145528;20260830;6
242648;20260830;6
570309;20260830;6
1513316;20260830;6
26744;20260830;6
400734;20260830;6
1146078;20260830;6
1159893;20260830;6
1175849;20260830;6
1212515;20260830;6
1272436;20260830;6
1438603;20260830;6
1450445;20260830;6
1616522;20260830;6
1729079;20260830;6
1729210;20260830;6
271241;20260830;6
1207763;20260830;6
1584984;20260830;6
1139023;20260830;6
1592810;20260830;6
355277;20260830;6
420425;20260830;6
4735;20260830;6
1639035;20260830;6
992268;20260830;6
1252473;20260830;6
1455524;20260830;6
105433;20260830;6
1583187;20260830;6
884685;20260830;6
406599;20260830;6
1405671;20260830;6
938279;20260830;6
723156;20260830;6
1406831;20260830;6
1389222;20260830;6
5900;20260830;6
1251849;20260830;6
588141;20260830;6
1524404;20260830;6
524668;20260830;6
644700;20260830;6
1420917;20260830;6
680888;20260830;6
1101104;20260830;6
215497;20260830;6
958292;20260830;6
1029800;20260830;6
1559218;20260830;6
1680498;20260830;6
1401613;20260830;6
1085064;20260830;6
1232842;20260830;6
1460810;20260830;6
1615796;20260830;6
1739778;20260830;6
1744487;20260830;6
1759164;20260830;6
24035;20260830;6
606487;20260830;6
351195;20260830;6
1150353;20260830;6
1364723;20260830;6
167128;20260830;6
202037;20260830;6
449790;20260830;6
1080977;20260830;6
314292;20260830;6
1306969;20260830;6
309270;20260830;6
360778;20260830;6
406923;20260830;6
629468;20260830;6
866101;20260830;6
380303;20260830;6
23152;20260830;6
950085;20260830;6
573852;20260830;6
986338;20260830;6
703832;20260830;6
797525;20260830;6
1427980;20260830;6
605202;20260830;6
365860;20260830;6
399452;20260830;6
64504;20260830;6
849620;20260830;6
1291884;20260830;6
930464;20260830;6
632776;20260830;6
57572;20260830;6
848295;20260830;6
1635403;20260830;6
1212931;20260830;6
1523476;20260830;6
1581800;20260830;6
981919;20260830;6
1224358;20260830;6
739241;20260830;6
905964;20260830;6
906509;20260830;6
1407788;20260830;6
142910;20260830;6
1777544;20260830;6
1777624;20260830;6
268671;20260830;6
413795;20260830;6
422843;20260830;6
47641;20260830;6
627436;20260830;6
189347;20260830;6
1049548;20260830;6
1256423;20260830;6
510339;20260830;6
1137703;20260830;6
1016844;20260830;6
111603;20260830;6
1344736;20260830;6
1528029;20260830;6
1567321;20260830;6
417274;20260830;6
930899;20260830;6
960236;20260830;6
1268188;20260830;6
1017058;20260830;6
1531746;20260830;6
466444;20260830;6
1062608;20260830;6
145689;20260830;6
423835;20260830;6
1409386;20260830;6
902287;20260830;6
910800;20260830;6
1039768;20260830;6
1106832;20260830;6
1402103;20260830;6
1530652;20260830;6
222405;20260830;6
416771;20260830;6
982427;20260830;6
245247;20260830;6
851522;20260830;6
1199911;20260830;6
261475;20260830;6
9167;20260830;6
1333774;20260830;6
1391825;20260830;6
1582574;20260830;6
1656877;20260830;6
25729;20260830;6
508264;20260830;6
619480;20260830;6
804098;20260830;6
1781228;20260830;6
934701;20260830;6
602493;20260830;6
764004;20260830;6
186371;20260830;6
519436;20260830;6
1027318;20260830;6
1137913;20260830;6
1367655;20260830;6
1520379;20260830;6
1775054;20260830;6
221839;20260830;6
854046;20260830;6
892811;20260830;6
1023020;20260830;6
1597431;20260830;6
440611;20260830;6
471589;20260830;6
480832;20260830;6
847035;20260830;6
1129157;20260830;6
202058;20260830;6
926861;20260830;6
1022350;20260830;6
1581877;20260830;6
1375238;20260830;6
1443984;20260830;6
1655946;20260830;6
1764395;20260830;6
179029;20260830;6
335190;20260830;6
514612;20260830;6
81367;20260830;6
1475584;20260830;6
603372;20260830;6
1142139;20260830;6
1266360;20260830;6
1334307;20260830;6
1359350;20260830;6
1506890;20260830;6
853453;20260830;6
108007;20260830;6
19239;20260830;6
1334897;20260830;6
539288;20260830;6
923545;20260830;6
1517551;20260830;6
1208406;20260830;6
1169927;20260830;6
1728171;20260830;6
803230;20260830;6
1461574;20260830;6
1579977;20260830;6
1648831;20260830;6
1659413;20260830;6
207984;20260830;6
1027283;20260830;6
1448852;20260830;6
1601871;20260830;6
1732071;20260830;6
316028;20260830;6
423068;20260830;6
672623;20260830;6
704946;20260830;6
949073;20260830;6
960783;20260830;6
1100947;20260830;6
1503633;20260830;6
505445;20260830;6
187740;20260830;6
126763;20260830;6
1614199;20260830;6
13967;20260830;6
1756700;20260830;6
1435850;20260830;6
317631;20260830;6
1452739;20260830;6
1591725;20260830;6
399227;20260830;6
1581949;20260830;6
572842;20260830;6
1299901;20260830;6
1362452;20260830;6
1665251;20260830;6
438797;20260830;6
676947;20260830;6
1187734;20260830;6
1192308;20260830;6
122578;20260830;6
1422345;20260830;6
1483233;20260830;6
1527496;20260830;6
1646769;20260830;6
199697;20260830;6
608345;20260830;6
626814;20260830;6
81988;20260830;6
962670;20260830;6
1067994;20260830;6
130481;20260830;6
1054497;20260830;6
1010954;20260830;6
1276296;20260830;6
1322359;20260830;6
1726397;20260830;6
286063;20260830;6
1734610;20260830;6
1227707;20260830;6
642459;20260830;6
686632;20260830;6
1058591;20260830;6
367280;20260830;6
741740;20260830;6
955822;20260830;6
293910;20260830;6
1779906;20260830;6
488611;20260830;6
556698;20260830;6
885670;20260830;6
540416;20260830;6
953113;20260830;6
260016;20260830;6
319906;20260830;6
325670;20260830;6
916090;20260830;6
1584057;20260830;6
1627216;20260830;6
197727;20260830;6
1406107;20260830;6
193067;20260830;6
496618;20260830;6
1091464;20260830;6
1566116;20260830;6
1591265;20260830;6
894845;20260830;6
1171915;20260830;6
1383166;20260830;6
1486974;20260830;6
1537488;20260830;6
237762;20260830;6
475788;20260830;6
493409;20260830;6
636499;20260830;6
7123;20260830;6
915994;20260830;6
998587;20260830;6
759020;20260830;6
1627669;20260830;6
1148381;20260830;6
335661;20260830;6
1034805;20260830;6
1262523;20260830;6
1749234;20260830;6
566609;20260830;6
1486298;20260830;6
1290980;20260830;6
1044996;20260830;6
255010;20260830;6
1787695;20260830;6
1408666;20260830;6
920473;20260830;6
1263791;20260830;6
1750202;20260830;6
328156;20260830;6
905288;20260830;6
1004136;20260830;6
661740;20260830;6
1001749;20260830;6
1608640;20260830;6
230724;20260830;6
1482308;20260830;6
1046137;20260830;6
614968;20260830;6
768860;20260830;6
950854;20260830;6
580851;20260830;6
350760;20260830;6
743065;20260830;6
761304;20260830;6
632223;20260830;6
1604346;20260830;6
123774;20260830;6
145119;20260830;6
1626099;20260830;6
1636211;20260830;6
1648835;20260830;6
227438;20260830;6
409833;20260830;6
517825;20260830;6
65852;20260830;6
816895;20260830;6
854892;20260830;6
91414;20260830;6
1736376;20260830;6
1456840;20260830;6
1780338;20260830;6
199580;20260830;6
213152;20260830;6
999230;20260830;6
1282671;20260830;6
1393290;20260830;6
1187045;20260830;6
434717;20260830;6
1541590;20260830;6
1575598;20260830;6
1670417;20260830;6
1784234;20260830;6
452657;20260830;6
1027496;20260830;6
1348854;20260830;6
1438884;20260830;6
1591569;20260830;6
401743;20260830;6
663004;20260830;6
422150;20260830;6
536905;20260830;6
642031;20260830;6
1040276;20260830;6
1233952;20260830;6
66825;20260830;6
906988;20260830;6
913493;20260830;6
466909;20260830;6
1780110;20260830;6
873351;20260830;6
975388;20260830;6
1298885;20260830;6
1145852;20260830;6
1359378;20260830;6
1445429;20260830;6
1508074;20260830;6
1520985;20260830;6
1724117;20260830;6
298618;20260830;6
399117;20260830;6
456567;20260830;6
686307;20260830;6
832020;20260830;6
298326;20260830;6
113744;20260830;6
151468;20260830;6
366593;20260830;6
576551;20260830;6
631293;20260830;6
72877;20260830;6
814259;20260830;6
934691;20260830;6
964355;20260830;6
756752;20260830;6
31025;20260830;6
661727;20260830;6
303750;20260830;6
720341;20260830;6
1298237;20260830;6
107;20260830;6
203962;20260830;6
1402289;20260830;6
153917;20260830;6
1222190;20260830;6
1640491;20260830;6
856708;20260830;6
938825;20260830;6
747724;20260830;6
943985;20260830;6
580657;20260830;6
1166068;20260830;6
56856;20260830;6
866869;20260830;6
208288;20260830;6
701416;20260830;6
525706;20260830;6
653751;20260830;6
375847;20260830;6
1452872;20260830;6
828416;20260830;6
1087052;20260830;6
1197442;20260830;6
1362682;20260830;6
1410220;20260830;6
1603658;20260830;6
2119;20260830;6
356088;20260830;6
49323;20260830;6
1222277;20260830;6
1257021;20260830;6
1117865;20260830;6
241802;20260830;6
878730;20260830;6
91732;20260830;6
337230;20260830;6
1144608;20260830;6
1284333;20260830;6
1331978;20260830;6
1357335;20260830;6
1547478;20260830;6
174135;20260830;6
1757697;20260830;6
279649;20260830;6
55137;20260830;6
577499;20260830;6
63585;20260830;6
665003;20260830;6
698023;20260830;6
727980;20260830;6
1163692;20260830;6
1252429;20260830;6
468645;20260830;6
1627621;20260830;6
1014392;20260830;6
1256730;20260830;6
1275251;20260830;6
14292;20260830;6
1479017;20260830;6
1526788;20260830;6
1645834;20260830;6
633666;20260830;6
79481;20260830;6
859109;20260830;6
905749;20260830;6
590676;20260830;6
1478742;20260830;6
780480;20260830;6
202226;20260830;6
1555608;20260830;6
664807;20260830;6
55044;20260830;6
1028881;20260830;6
1084176;20260830;6
433886;20260830;6
1221913;20260830;6
1377128;20260830;6
1592992;20260830;6
650529;20260830;6
1680895;20260830;6
669914;20260830;6
982120;20260830;6
503969;20260830;6
335500;20260830;6
806188;20260830;6
441295;20260830;6
841585;20260830;6
634915;20260830;6
778044;20260830;6
1164892;20260830;6
225527;20260830;6
934430;20260830;6
1180313;20260830;6
111217;20260830;6
1131672;20260830;6
1247003;20260830;6
1661674;20260830;6
722911;20260830;6
806556;20260830;6
307893;20260830;6
166361;20260830;6
1116972;20260830;6
1302597;20260830;6
1315631;20260830;6
1583868;20260830;6
225484;20260830;6
300545;20260830;6
847289;20260830;6
936471;20260830;6
307429;20260830;6
1168752;20260830;6
140895;20260830;6
1693898;20260830;6
436699;20260830;6
513125;20260830;6
728490;20260830;6
823285;20260830;6
852402;20260830;6
938657;20260830;6
960675;20260830;6
996574;20260830;6
1705115;20260830;6
23641;20260830;6
370663;20260830;6
1412164;20260830;6
1594010;20260830;6
1074439;20260830;6
1564920;20260830;6
462147;20260830;6
65805;20260830;6
1044048;20260830;6
1569737;20260830;6
1226059;20260830;6
1592244;20260830;6
1644960;20260830;6
272457;20260830;6
566366;20260830;6
1179008;20260830;6
667499;20260830;6
1099046;20260830;6
1212843;20260830;6
1783140;20260830;6
1423837;20260830;6
1502088;20260830;6
923060;20260830;6
1046103;20260830;6
397298;20260830;6
672263;20260830;6
1140658;20260830;6
873398;20260830;6
1412566;20260830;6
1443476;20260830;6
410282;20260830;6
93562;20260830;6
335480;20260830;6
1246439;20260830;6
1787298;20260830;6
791974;20260830;6
956468;20260830;6
113539;20260830;6
1661047;20260830;6
905153;20260830;6
318750;20260830;6
964942;20260830;6
1550511;20260830;6
868155;20260830;6
1115224;20260830;6
1639637;20260830;6
709475;20260830;6
1319013;20260830;6
1535536;20260830;6
544943;20260830;6
318977;20260830;6
949008;20260830;6
1567155;20260830;6
1596740;20260830;6
638886;20260830;6
898848;20260830;6
1140040;20260830;6
1396728;20260830;6
1607231;20260830;6
37188;20260830;6
416583;20260830;6
1333165;20260830;6
1003806;20260830;6
1205252;20260830;6
1382550;20260830;6
1454475;20260830;6
1727030;20260830;6
324987;20260830;6
1054357;20260830;6
737625;20260830;6
1658738;20260830;6
217171;20260830;6
298328;20260830;6
348203;20260830;6
1463552;20260830;6
1576485;20260830;6
1198565;20260830;6
1612117;20260830;6
166979;20260830;6
1675223;20260830;6
1728027;20260830;6
1742766;20260830;6
1748814;20260830;6
208316;20260830;6
547045;20260830;6
727280;20260830;6
1599805;20260830;6
435094;20260830;6
271026;20260830;6
1305522;20260830;6
181281;20260830;6
1555323;20260830;6
1003463;20260830;6
1162761;20260830;6
811424;20260830;6
691005;20260830;6
1207685;20260830;6
1669638;20260830;6
920093;20260830;6
1381904;20260830;6
1311240;20260830;6
1679137;20260830;6
1123649;20260830;6
1281399;20260830;6
51061;20260830;6
59543;20260830;6
1039770;20260830;6
1192397;20260830;6
1612876;20260830;6
1678579;20260830;6
860413;20260830;6
125037;20260830;6
939469;20260830;6
171984;20260830;6
571469;20260830;6
1740739;20260830;6
80098;20260830;6
1204668;20260830;6
13314;20260830;6
1749043;20260830;6
455541;20260830;6
418623;20260830;6
1472664;20260830;6
1475136;20260830;6
1435912;20260830;6
1586142;20260830;6
1629567;20260830;6
1712410;20260830;6
1737899;20260830;6
197780;20260830;6
1534837;20260830;6
1388849;20260830;6
924120;20260830;6
1509171;20260830;6
72131;20260830;6
692839;20260830;6
386812;20260830;6
1337342;20260830;6
738173;20260830;6
1117135;20260830;6
127584;20260830;6
1359511;20260830;6
1368439;20260830;6
1520325;20260830;6
1529127;20260830;6
1532968;20260830;6
1676700;20260830;6
1708157;20260830;6
1715669;20260830;6
1731905;20260830;6
1754078;20260830;6
183688;20260830;6
206663;20260830;6
22846;20260830;6
420632;20260830;6
564553;20260830;6
564832;20260830;6
617473;20260830;6
620611;20260830;6
747051;20260830;6
778879;20260830;6
789042;20260830;6
813289;20260830;6
842233;20260830;6
950684;20260830;6
1214498;20260830;6
1480783;20260830;6
1496205;20260830;6
1525170;20260830;6
1605573;20260830;6
1706743;20260830;6
231613;20260830;6
289948;20260830;6
393040;20260830;6
439174;20260830;6
520439;20260830;6
523641;20260830;6
529242;20260830;6
535787;20260830;6
696479;20260830;6
764811;20260830;6
928382;20260830;6
965103;20260830;6
582720;20260830;6
1194045;20260830;6
1248870;20260830;6
1662779;20260830;6
392652;20260830;6
716123;20260830;6
883878;20260830;6
309659;20260830;6
1634143;20260830;6
588786;20260830;6
1114784;20260830;6
640319;20260830;6
856103;20260830;6
1323455;20260830;6
304079;20260830;6
1410963;20260830;6
5828;20260830;6
1354377;20260830;6
1638246;20260830;6
1766478;20260830;6
1320712;20260830;6
1352778;20260830;6
699607;20260830;6
1387886;20260830;6
542969;20260830;6
60373;20260830;6
1680093;20260830;6
1061321;20260830;6
503919;20260830;6
327922;20260830;6
692825;20260830;6
93078;20260830;6
1467803;20260830;6
1746052;20260830;6
1129502;20260830;6
556604;20260830;6
1199319;20260830;6
219089;20260830;6
704050;20260830;6
633995;20260830;6
1591446;20260830;6
179673;20260830;6
579985;20260830;6
1388083;20260830;6
1479966;20260830;6
1485419;20260830;6
1492564;20260830;6
1777343;20260830;6
1029509;20260830;6
1431475;20260830;6
1612068;20260830;6
347902;20260830;6
35586;20260830;6
425592;20260830;6
824723;20260830;6
894968;20260830;6
904423;20260830;6
928274;20260830;6
977776;20260830;6
66657;20260830;6
1069960;20260830;6
602991;20260830;6
1570138;20260830;6
1381204;20260830;6
1745258;20260830;6
1657317;20260830;6
148714;20260830;6
691766;20260830;6
318474;20260830;6
547328;20260830;6
1036833;20260830;6
1146436;20260830;6
228024;20260830;6
488426;20260830;6
1008294;20260830;6
1274647;20260830;6
1324011;20260830;6
1336788;20260830;6
140818;20260830;6
1410469;20260830;6
143342;20260830;6
1463565;20260830;6
1497652;20260830;6
152699;20260830;6
1576597;20260830;6
1615847;20260830;6
1694643;20260830;6
1713987;20260830;6
181200;20260830;6
302647;20260830;6
4760;20260830;6
47819;20260830;6
497902;20260830;6
738266;20260830;6
799887;20260830;6
846151;20260830;6
991581;20260830;6
611146;20260830;6
1666258;20260830;6
968703;20260830;6
251749;20260830;6
769242;20260830;6
1267527;20260830;6
1615306;20260830;6
1656761;20260830;6
1686164;20260830;6
1749219;20260830;6
252288;20260830;6
630371;20260830;6
823521;20260830;6
745586;20260830;6
582819;20260830;6
817626;20260830;6
283106;20260830;6
1077287;20260830;6
929807;20260830;6
307295;20260830;6
1026483;20260830;6
1659551;20260830;6
374950;20260830;6
699545;20260830;6
1009312;20260830;6
1149933;20260830;6
1570027;20260830;6
1758823;20260830;6
401674;20260830;6
530050;20260830;6
752734;20260830;6
1266188;20260830;6
1055756;20260830;6
1400084;20260830;6
470912;20260830;6
143282;20260830;6
1505654;20260830;6
581062;20260830;6
1106592;20260830;6
1208294;20260830;6
1435940;20260830;6
1517986;20260830;6
1577877;20260830;6
1578152;20260830;6
1601527;20260830;6
186113;20260830;6
293037;20260830;6
295806;20260830;6
311945;20260830;6
327937;20260830;6
372131;20260830;6
868277;20260830;6
136795;20260830;6
1385496;20260830;6
1403570;20260830;6
1473910;20260830;6
1679002;20260830;6
1729017;20260830;6
223246;20260830;6
240149;20260830;6
46489;20260830;6
49846;20260830;6
659401;20260830;6
745447;20260830;6
812981;20260830;6
856282;20260830;6
864392;20260830;6
868853;20260830;6
905543;20260830;6
959274;20260830;6
964682;20260830;6
976205;20260830;6
1295680;20260830;6
1431729;20260830;6
1498452;20260830;6
213003;20260830;6
767402;20260830;6
815831;20260830;6
650248;20260830;6
408740;20260830;6
924828;20260830;6
1202061;20260830;6
352326;20260830;6
42509;20260830;6
89260;20260830;6
939626;20260830;6
25137;20260830;6
310364;20260830;6
1753043;20260830;6
764539;20260830;6
1318759;20260830;6
221742;20260830;6
574015;20260830;6
1677272;20260830;6
1065217;20260830;6
1112229;20260830;6
1621936;20260830;6
969323;20260830;6
1386272;20260830;6
1761657;20260830;6
1054915;20260830;6
1752459;20260830;6
185585;20260830;6
1147938;20260830;6
1275299;20260830;6
229716;20260830;6
1152012;20260830;6
1418931;20260830;6
318106;20260830;6
1260773;20260831;0
43366;20260831;0
1395559;20260831;0
1581030;20260831;0
1657548;20260831;0
1062285;20260831;0
1700257;20260831;0
442434;20260831;0
907933;20260831;0
1702949;20260831;0
631782;20260831;0
1303678;20260831;0
218727;20260831;0
686278;20260831;0
14318;20260831;0
366485;20260831;0
135772;20260831;0
143733;20260831;0
1579104;20260831;0
304635;20260831;0
474650;20260831;0
972554;20260831;0
1018798;20260831;0
584317;20260831;0
1111071;20260831;0
661095;20260831;0
1707696;20260831;0
1143120;20260831;0
190346;20260831;0
267269;20260831;0
1500985;20260831;0
1275140;20260831;0
842661;20260831;0
377263;20260831;0
1310181;20260831;0
1391147;20260831;0
333632;20260831;0
1440094;20260831;0
1042951;20260831;0
111702;20260831;0
1202661;20260831;0
1260840;20260831;0
131919;20260831;0
1418368;20260831;0
1587669;20260831;0
1690693;20260831;0
1743289;20260831;0
213711;20260831;0
220938;20260831;0
246208;20260831;0
32310;20260831;0
460462;20260831;0
461773;20260831;0
493300;20260831;0
803130;20260831;0
966689;20260831;0
1507666;20260831;0
1018860;20260831;0
194608;20260831;0
147875;20260831;0
854579;20260831;0
339476;20260831;0
791087;20260831;0
1277530;20260831;0
1360394;20260831;0
1315522;20260831;0
212673;20260831;0
451690;20260831;0
1494066;20260831;0
159887;20260831;0
312730;20260831;0
709862;20260831;0
1278294;20260831;0
13543;20260831;0
1453316;20260831;0
1667573;20260831;0
448823;20260831;0
621405;20260831;0
719560;20260831;0
929034;20260831;0
548594;20260831;0
1160892;20260831;0
1162487;20260831;0
94621;20260831;0
443882;20260831;0
575396;20260831;0
12827;20260831;0
1013946;20260831;0
1130680;20260831;0
126446;20260831;0
1271946;20260831;0
1713388;20260831;0
1740459;20260831;0
1757257;20260831;0
347823;20260831;0
937623;20260831;0
951947;20260831;0
777352;20260831;0
1541150;20260831;0
1288584;20260831;0
1090650;20260831;0
1157551;20260831;0
1265106;20260831;0
1363258;20260831;0
1521591;20260831;0
1613681;20260831;0
1613883;20260831;0
271884;20260831;0
284459;20260831;0
408773;20260831;0
619560;20260831;0
781009;20260831;0
833971;20260831;0
866570;20260831;0
93297;20260831;0
1139023;20260831;0
1592810;20260831;0
355277;20260831;0
420425;20260831;0
4735;20260831;0
1000894;20260831;0
1437510;20260831;0
1252473;20260831;0
1455524;20260831;0
105433;20260831;0
1583187;20260831;0
884685;20260831;0
812555;20260831;0
1028946;20260831;0
1395511;20260831;0
1483321;20260831;0
1406831;20260831;0
1057510;20260831;0
1389222;20260831;0
5900;20260831;0
991018;20260831;0
1251849;20260831;0
588141;20260831;0
258130;20260831;0
1608824;20260831;0
644700;20260831;0
1406730;20260831;0
117364;20260831;0
1359590;20260831;0
833904;20260831;0
1559218;20260831;0
313204;20260831;0
1401613;20260831;0
1309652;20260831;0
1386789;20260831;0
1525100;20260831;0
1737464;20260831;0
322066;20260831;0
595359;20260831;0
734804;20260831;0
1085064;20260831;0
1232842;20260831;0
1460810;20260831;0
1615796;20260831;0
1739778;20260831;0
1744487;20260831;0
1759164;20260831;0
24035;20260831;0
606487;20260831;0
351195;20260831;0
202037;20260831;0
1675860;20260831;0
449790;20260831;0
1080977;20260831;0
314292;20260831;0
1306969;20260831;0
309270;20260831;0
360778;20260831;0
406923;20260831;0
629468;20260831;0
866101;20260831;0
20875;20260831;0
130146;20260831;0
1556904;20260831;0
1325480;20260831;0
950085;20260831;0
573852;20260831;0
986338;20260831;0
622412;20260831;0
1427980;20260831;0
1613890;20260831;0
1383450;20260831;0
1655109;20260831;0
643187;20260831;0
72401;20260831;0
1777582;20260831;0
1604826;20260831;0
26525;20260831;0
966106;20260831;0
399452;20260831;0
64504;20260831;0
211289;20260831;0
833482;20260831;0
1635403;20260831;0
1138197;20260831;0
1226485;20260831;0
1405048;20260831;0
140702;20260831;0
1713552;20260831;0
1136584;20260831;0
784851;20260831;0
578780;20260831;0
889235;20260831;0
104278;20260831;0
1772416;20260831;0
224837;20260831;0
6876;20260831;0
1254129;20260831;0
380602;20260831;0
1049548;20260831;0
1073285;20260831;0
1753262;20260831;0
1756572;20260831;0
195698;20260831;0
299015;20260831;0
51793;20260831;0
551364;20260831;0
87399;20260831;0
1137703;20260831;0
960236;20260831;0
623140;20260831;0
1559574;20260831;0
1164622;20260831;0
482940;20260831;0
620572;20260831;0
877872;20260831;0
1631441;20260831;0
229156;20260831;0
342678;20260831;0
418782;20260831;0
665817;20260831;0
1557090;20260831;0
910800;20260831;0
1039768;20260831;0
1106832;20260831;0
1402103;20260831;0
1530652;20260831;0
222405;20260831;0
416771;20260831;0
982427;20260831;0
1199911;20260831;0
261475;20260831;0
9167;20260831;0
1333774;20260831;0
1391825;20260831;0
1582574;20260831;0
1656877;20260831;0
25729;20260831;0
508264;20260831;0
619480;20260831;0
804098;20260831;0
1781228;20260831;0
934701;20260831;0
1430823;20260831;0
602493;20260831;0
764004;20260831;0
186371;20260831;0
1517270;20260831;0
1703117;20260831;0
134545;20260831;0
1027318;20260831;0
1137913;20260831;0
1367655;20260831;0
1520379;20260831;0
1775054;20260831;0
221839;20260831;0
854046;20260831;0
1639659;20260831;0
1023020;20260831;0
1389585;20260831;0
332315;20260831;0
954545;20260831;0
1129157;20260831;0
128720;20260831;0
439929;20260831;0
835782;20260831;0
971156;20260831;0
1333038;20260831;0
618651;20260831;0
1099797;20260831;0
1496876;20260831;0
1632913;20260831;0
554049;20260831;0
705447;20260831;0
755107;20260831;0
1336694;20260831;0
157993;20260831;0
1245031;20260831;0
870433;20260831;0
636142;20260831;0
1002747;20260831;0
137373;20260831;0
1548436;20260831;0
1633267;20260831;0
637200;20260831;0
76763;20260831;0
1334897;20260831;0
539288;20260831;0
1517551;20260831;0
56451;20260831;0
120297;20260831;0
1208406;20260831;0
275684;20260831;0
81564;20260831;0
1022012;20260831;0
400942;20260831;0
1169927;20260831;0
824853;20260831;0
665309;20260831;0
1398983;20260831;0
1762008;20260831;0
854172;20260831;0
1555483;20260831;0
1620866;20260831;0
1681966;20260831;0
609450;20260831;0
745485;20260831;0
10142;20260831;0
149209;20260831;0
189051;20260831;0
950809;20260831;0
1230139;20260831;0
261146;20260831;0
126763;20260831;0
1614199;20260831;0
1243045;20260831;0
1291531;20260831;0
13700;20260831;0
1488002;20260831;0
1675498;20260831;0
1725160;20260831;0
1778243;20260831;0
680446;20260831;0
689166;20260831;0
317631;20260831;0
1452739;20260831;0
50394;20260831;0
30405;20260831;0
418683;20260831;0
277259;20260831;0
1591725;20260831;0
399227;20260831;0
1581949;20260831;0
127543;20260831;0
1637;20260831;0
411195;20260831;0
1447014;20260831;0
371109;20260831;0
516022;20260831;0
1257563;20260831;0
991149;20260831;0
1351588;20260831;0
1624341;20260831;0
1697483;20260831;0
1723004;20260831;0
995623;20260831;0
6065;20260831;0
1154018;20260831;0
1145872;20260831;0
1436699;20260831;0
1767779;20260831;0
187931;20260831;0
366823;20260831;0
757601;20260831;0
859422;20260831;0
963641;20260831;0
438797;20260831;0
676947;20260831;0
570504;20260831;0
1010954;20260831;0
1276296;20260831;0
1322359;20260831;0
1726397;20260831;0
1392628;20260831;0
1442238;20260831;0
1163756;20260831;0
1033667;20260831;0
1090267;20260831;0
1334356;20260831;0
1341508;20260831;0
1488056;20260831;0
1491350;20260831;0
1570072;20260831;0
1729740;20260831;0
32377;20260831;0
663789;20260831;0
897048;20260831;0
936973;20260831;0
1033207;20260831;0
772408;20260831;0
993826;20260831;0
953113;20260831;0
916090;20260831;0
1395051;20260831;0
593158;20260831;0
641664;20260831;0
825143;20260831;0
417203;20260831;0
188568;20260831;0
1584057;20260831;0
1627216;20260831;0
235178;20260831;0
197727;20260831;0
492750;20260831;0
820457;20260831;0
1771329;20260831;0
1263811;20260831;0
1787176;20260831;0
527599;20260831;0
527904;20260831;0
881944;20260831;0
7123;20260831;0
1627669;20260831;0
1148381;20260831;0
1181513;20260831;0
692951;20260831;0
941267;20260831;0
1262523;20260831;0
1308355;20260831;0
1337215;20260831;0
1486298;20260831;0
235792;20260831;0
1290980;20260831;0
1348406;20260831;0
1252113;20260831;0
75011;20260831;0
1044996;20260831;0
255010;20260831;0
1196621;20260831;0
923452;20260831;0
250333;20260831;0
301900;20260831;0
678430;20260831;0
169177;20260831;0
116235;20260831;0
1275242;20260831;0
1518285;20260831;0
1582258;20260831;0
909149;20260831;0
1408666;20260831;0
920473;20260831;0
661740;20260831;0
1418945;20260831;0
1482308;20260831;0
795432;20260831;0
212451;20260831;0
241012;20260831;0
1046137;20260831;0
614968;20260831;0
768860;20260831;0
950854;20260831;0
159870;20260831;0
700991;20260831;0
1446509;20260831;0
359741;20260831;0
643885;20260831;0
1145223;20260831;0
389187;20260831;0
759074;20260831;0
1228622;20260831;0
1031210;20260831;0
224165;20260831;0
1270392;20260831;0
172284;20260831;0
729969;20260831;0
1681583;20260831;0
1438859;20260831;0
1548576;20260831;0
384244;20260831;0
1071475;20260831;0
444031;20260831;0
33796;20260831;0
1456840;20260831;0
1780338;20260831;0
199580;20260831;0
213152;20260831;0
1282671;20260831;0
1333757;20260831;0
603327;20260831;0
1541590;20260831;0
191369;20260831;0
1575598;20260831;0
1670417;20260831;0
1784234;20260831;0
452657;20260831;0
1027496;20260831;0
1348854;20260831;0
1438884;20260831;0
1591569;20260831;0
401743;20260831;0
663004;20260831;0
422150;20260831;0
536905;20260831;0
1011223;20260831;0
339295;20260831;0
1082934;20260831;0
189304;20260831;0
1196046;20260831;0
1617304;20260831;0
936663;20260831;0
1277071;20260831;0
728562;20260831;0
508002;20260831;0
985309;20260831;0
466909;20260831;0
1080726;20260831;0
1110958;20260831;0
1612334;20260831;0
1751174;20260831;0
197741;20260831;0
240041;20260831;0
9994;20260831;0
11865;20260831;0
1368974;20260831;0
133844;20260831;0
1724847;20260831;0
612254;20260831;0
1017623;20260831;0
1229697;20260831;0
1686498;20260831;0
1735020;20260831;0
175521;20260831;0
312890;20260831;0
699125;20260831;0
85433;20260831;0
92771;20260831;0
189375;20260831;0
661218;20260831;0
874968;20260831;0
964355;20260831;0
1372859;20260831;0
756752;20260831;0
1320798;20260831;0
31025;20260831;0
303750;20260831;0
720341;20260831;0
175681;20260831;0
372338;20260831;0
921260;20260831;0
1298237;20260831;0
107;20260831;0
203962;20260831;0
1402289;20260831;0
153917;20260831;0
943985;20260831;0
89658;20260831;0
827982;20260831;0
580657;20260831;0
952742;20260831;0
198444;20260831;0
1007831;20260831;0
1221379;20260831;0
786631;20260831;0
208288;20260831;0
701416;20260831;0
525706;20260831;0
653751;20260831;0
350701;20260831;0
375847;20260831;0
828416;20260831;0
1087052;20260831;0
1197442;20260831;0
1362682;20260831;0
1410220;20260831;0
1603658;20260831;0
2119;20260831;0
356088;20260831;0
49323;20260831;0
1222277;20260831;0
1257021;20260831;0
1117865;20260831;0
241802;20260831;0
379601;20260831;0
878730;20260831;0
91732;20260831;0
1031693;20260831;0
1177116;20260831;0
1623417;20260831;0
1665197;20260831;0
1787880;20260831;0
268433;20260831;0
334887;20260831;0
626884;20260831;0
697479;20260831;0
698336;20260831;0
1144085;20260831;0
1364201;20260831;0
337230;20260831;0
1144608;20260831;0
1006351;20260831;0
167759;20260831;0
1207454;20260831;0
468645;20260831;0
1627621;20260831;0
1014392;20260831;0
1256730;20260831;0
1275251;20260831;0
14292;20260831;0
1479017;20260831;0
1526788;20260831;0
1645834;20260831;0
633666;20260831;0
79481;20260831;0
859109;20260831;0
905749;20260831;0
590676;20260831;0
228841;20260831;0
399385;20260831;0
586157;20260831;0
780480;20260831;0
202226;20260831;0
1555608;20260831;0
43125;20260831;0
1444519;20260831;0
1523902;20260831;0
876640;20260831;0
594886;20260831;0
1738162;20260831;0
164665;20260831;0
1435694;20260831;0
1173990;20260831;0
1212190;20260831;0
1506474;20260831;0
1052960;20260831;0
696785;20260831;0
669914;20260831;0
982120;20260831;0
503969;20260831;0
335500;20260831;0
381159;20260831;0
1398855;20260831;0
195109;20260831;0
806188;20260831;0
1688902;20260831;0
443852;20260831;0
448413;20260831;0
632667;20260831;0
1022958;20260831;0
778044;20260831;0
1661674;20260831;0
722911;20260831;0
806556;20260831;0
1518076;20260831;0
1362864;20260831;0
261026;20260831;0
411655;20260831;0
1219173;20260831;0
1018572;20260831;0
1168752;20260831;0
140895;20260831;0
1693898;20260831;0
436699;20260831;0
513125;20260831;0
728490;20260831;0
823285;20260831;0
852402;20260831;0
938657;20260831;0
960675;20260831;0
996574;20260831;0
1705115;20260831;0
23641;20260831;0
370663;20260831;0
1078741;20260831;0
1691939;20260831;0
235249;20260831;0
1295279;20260831;0
760502;20260831;0
19505;20260831;0
817096;20260831;0
317581;20260831;0
1226059;20260831;0
1592244;20260831;0
1644960;20260831;0
272457;20260831;0
566366;20260831;0
1099046;20260831;0
1157973;20260831;0
1212843;20260831;0
1783140;20260831;0
1513247;20260831;0
1411834;20260831;0
1423837;20260831;0
1717501;20260831;0
1203350;20260831;0
397298;20260831;0
867954;20260831;0
221673;20260831;0
1741271;20260831;0
1035825;20260831;0
1232341;20260831;0
1419667;20260831;0
1538809;20260831;0
349328;20260831;0
580224;20260831;0
883159;20260831;0
901264;20260831;0
964066;20260831;0
984923;20260831;0
965761;20260831;0
1738337;20260831;0
494726;20260831;0
264838;20260831;0
1423428;20260831;0
905153;20260831;0
1115224;20260831;0
1639637;20260831;0
709475;20260831;0
1319013;20260831;0
1535536;20260831;0
544943;20260831;0
949008;20260831;0
1097479;20260831;0
1567155;20260831;0
1596740;20260831;0
638886;20260831;0
898848;20260831;0
954690;20260831;0
1761810;20260831;0
516774;20260831;0
716782;20260831;0
902727;20260831;0
947577;20260831;0
102334;20260831;0
1185333;20260831;0
1705313;20260831;0
201158;20260831;0
448122;20260831;0
348318;20260831;0
386845;20260831;0
1054357;20260831;0
310966;20260831;0
669603;20260831;0
686992;20260831;0
348203;20260831;0
1492791;20260831;0
1440870;20260831;0
285159;20260831;0
615260;20260831;0
1496949;20260831;0
1071741;20260831;0
1772897;20260831;0
148809;20260831;0
1718810;20260831;0
794102;20260831;0
867086;20260831;0
978790;20260831;0
185815;20260831;0
759517;20260831;0
1245469;20260831;0
271026;20260831;0
314053;20260831;0
181281;20260831;0
1555323;20260831;0
799325;20260831;0
1003463;20260831;0
350937;20260831;0
1011922;20260831;0
245399;20260831;0
33142;20260831;0
67233;20260831;0
1149192;20260831;0
1545060;20260831;0
206407;20260831;0
515348;20260831;0
448250;20260831;0
336094;20260831;0
21322;20260831;0
1433459;20260831;0
51061;20260831;0
1169138;20260831;0
776314;20260831;0
1531924;20260831;0
1088342;20260831;0
484995;20260831;0
100762;20260831;0
783068;20260831;0
171984;20260831;0
571469;20260831;0
1558693;20260831;0
1740739;20260831;0
1204668;20260831;0
13314;20260831;0
1749043;20260831;0
455541;20260831;0
1472664;20260831;0
1435912;20260831;0
1586142;20260831;0
1629567;20260831;0
1712410;20260831;0
1737899;20260831;0
197780;20260831;0
332500;20260831;0
1388849;20260831;0
924120;20260831;0
864028;20260831;0
258570;20260831;0
72131;20260831;0
692839;20260831;0
386812;20260831;0
1337342;20260831;0
738173;20260831;0
1173976;20260831;0
1117135;20260831;0
127584;20260831;0
1359511;20260831;0
1368439;20260831;0
1520325;20260831;0
1529127;20260831;0
1532968;20260831;0
1676700;20260831;0
1708157;20260831;0
1715669;20260831;0
1731905;20260831;0
1754078;20260831;0
183688;20260831;0
206663;20260831;0
22846;20260831;0
420632;20260831;0
564553;20260831;0
564832;20260831;0
617473;20260831;0
620611;20260831;0
747051;20260831;0
778879;20260831;0
789042;20260831;0
813289;20260831;0
842233;20260831;0
950684;20260831;0
1026119;20260831;0
1076092;20260831;0
1090547;20260831;0
1132969;20260831;0
1217784;20260831;0
1239232;20260831;0
1354365;20260831;0
1382070;20260831;0
1451372;20260831;0
1479275;20260831;0
1657411;20260831;0
1673132;20260831;0
1757009;20260831;0
1763254;20260831;0
459593;20260831;0
628555;20260831;0
747249;20260831;0
748905;20260831;0
822561;20260831;0
918824;20260831;0
939345;20260831;0
582720;20260831;0
1569769;20260831;0
477283;20260831;0
254517;20260831;0
984384;20260831;0
1773077;20260831;0
54679;20260831;0
9797;20260831;0
941660;20260831;0
1600212;20260831;0
196782;20260831;0
511167;20260831;0
126471;20260831;0
413514;20260831;0
411241;20260831;0
1761389;20260831;0
297037;20260831;0
1133400;20260831;0
1179295;20260831;0
688289;20260831;0
691830;20260831;0
222889;20260831;0
503499;20260831;0
1515367;20260831;0
770461;20260831;0
859410;20260831;0
533470;20260831;0
824055;20260831;0
1410963;20260831;0
5828;20260831;0
1354377;20260831;0
1766478;20260831;0
280390;20260831;0
320467;20260831;0
1320712;20260831;0
1352778;20260831;0
699607;20260831;0
1387886;20260831;0
542969;20260831;0
60373;20260831;0
1680093;20260831;0
1651253;20260831;0
1061321;20260831;0
1627648;20260831;0
1352685;20260831;0
327922;20260831;0
692825;20260831;0
93078;20260831;0
1717121;20260831;0
1129502;20260831;0
1487942;20260831;0
556604;20260831;0
1199319;20260831;0
219089;20260831;0
704050;20260831;0
633995;20260831;0
1591446;20260831;0
179673;20260831;0
579985;20260831;0
1388083;20260831;0
1479966;20260831;0
1485419;20260831;0
1492564;20260831;0
1777343;20260831;0
1212395;20260831;0
1236985;20260831;0
1571328;20260831;0
1585476;20260831;0
1757221;20260831;0
204946;20260831;0
361717;20260831;0
439537;20260831;0
473686;20260831;0
694399;20260831;0
896770;20260831;0
1748176;20260831;0
1069960;20260831;0
602991;20260831;0
1570138;20260831;0
1116347;20260831;0
1328878;20260831;0
168771;20260831;0
1692293;20260831;0
172835;20260831;0
1754106;20260831;0
466107;20260831;0
614898;20260831;0
715483;20260831;0
757886;20260831;0
925890;20260831;0
990186;20260831;0
1034500;20260831;0
1090613;20260831;0
883028;20260831;0
492001;20260831;0
1153381;20260831;0
1455523;20260831;0
248047;20260831;0
719573;20260831;0
650829;20260831;0
248652;20260831;0
29509;20260831;0
1485403;20260831;0
1052716;20260831;0
1137068;20260831;0
406569;20260831;0
568112;20260831;0
1495539;20260831;0
707539;20260831;0
794074;20260831;0
889850;20260831;0
1579702;20260831;0
437983;20260831;0
1359415;20260831;0
1548108;20260831;0
1666258;20260831;0
968703;20260831;0
273751;20260831;0
930845;20260831;0
1036685;20260831;0
769242;20260831;0
1356095;20260831;0
1397982;20260831;0
245943;20260831;0
1267527;20260831;0
1615306;20260831;0
1656761;20260831;0
1686164;20260831;0
1749219;20260831;0
252288;20260831;0
630371;20260831;0
823521;20260831;0
569893;20260831;0
745586;20260831;0
283106;20260831;0
307295;20260831;0
728920;20260831;0
1177189;20260831;0
807699;20260831;0
1009312;20260831;0
1149933;20260831;0
1570027;20260831;0
1758823;20260831;0
401674;20260831;0
530050;20260831;0
752734;20260831;0
1266188;20260831;0
160966;20260831;0
547196;20260831;0
83359;20260831;0
1657529;20260831;0
430902;20260831;0
1400084;20260831;0
470912;20260831;0
1547008;20260831;0
1605673;20260831;0
286863;20260831;0
1037471;20260831;0
107924;20260831;0
1250364;20260831;0
1266001;20260831;0
1376501;20260831;0
1390776;20260831;0
139400;20260831;0
1461820;20260831;0
1494096;20260831;0
1727918;20260831;0
173521;20260831;0
189847;20260831;0
219258;20260831;0
238291;20260831;0
261008;20260831;0
328491;20260831;0
454596;20260831;0
531753;20260831;0
75649;20260831;0
947552;20260831;0
965839;20260831;0
98606;20260831;0
1295680;20260831;0
1431729;20260831;0
1498452;20260831;0
213003;20260831;0
767402;20260831;0
815831;20260831;0
870079;20260831;0
1703496;20260831;0
939820;20260831;0
5771;20260831;0
1347400;20260831;0
348190;20260831;0
599322;20260831;0
1202061;20260831;0
1751358;20260831;0
1001634;20260831;0
1054319;20260831;0
304328;20260831;0
701754;20260831;0
1353978;20260831;0
782343;20260831;0
997801;20260831;0
1348702;20260831;0
1203363;20260831;0
696223;20260831;0
97419;20260831;0
1621936;20260831;0
378254;20260831;0
1386272;20260831;0
1761657;20260831;0
721142;20260831;0
1166623;20260831;0
1054915;20260831;0
1752459;20260831;0
185585;20260831;0
1147938;20260831;0
1275299;20260831;0
229716;20260831;0
1260773;20260901;1
43366;20260901;1
1395559;20260901;1
1581030;20260901;1
1657548;20260901;1
1062285;20260901;1
1700257;20260901;1
442434;20260901;1
907933;20260901;1
956031;20260901;1
1702949;20260901;1
631782;20260901;1
1303678;20260901;1
218727;20260901;1
686278;20260901;1
366485;20260901;1
751858;20260901;1
1579104;20260901;1
304635;20260901;1
474650;20260901;1
972554;20260901;1
1018798;20260901;1
39478;20260901;1
584317;20260901;1
1050562;20260901;1
1111071;20260901;1
661095;20260901;1
1143120;20260901;1
190346;20260901;1
267269;20260901;1
1540789;20260901;1
1782338;20260901;1
842661;20260901;1
377263;20260901;1
1310181;20260901;1
1391147;20260901;1
333632;20260901;1
1051371;20260901;1
1042951;20260901;1
111702;20260901;1
1202661;20260901;1
1260840;20260901;1
131919;20260901;1
1418368;20260901;1
1587669;20260901;1
1690693;20260901;1
1743289;20260901;1
213711;20260901;1
220938;20260901;1
246208;20260901;1
32310;20260901;1
460462;20260901;1
461773;20260901;1
493300;20260901;1
803130;20260901;1
966689;20260901;1
1018860;20260901;1
1337189;20260901;1
594299;20260901;1
194608;20260901;1
1643776;20260901;1
1011860;20260901;1
339476;20260901;1
1669751;20260901;1
791087;20260901;1
219937;20260901;1
531063;20260901;1
20876;20260901;1
1195820;20260901;1
1315522;20260901;1
212673;20260901;1
451690;20260901;1
1494066;20260901;1
159887;20260901;1
312730;20260901;1
709862;20260901;1
1278294;20260901;1
13543;20260901;1
1453316;20260901;1
1667573;20260901;1
448823;20260901;1
621405;20260901;1
719560;20260901;1
929034;20260901;1
548594;20260901;1
1160892;20260901;1
1162487;20260901;1
94621;20260901;1
443882;20260901;1
575396;20260901;1
1140352;20260901;1
1645914;20260901;1
1648567;20260901;1
20516;20260901;1
37950;20260901;1
412019;20260901;1
73210;20260901;1
756518;20260901;1
764218;20260901;1
1015090;20260901;1
1553760;20260901;1
1606746;20260901;1
1698007;20260901;1
279113;20260901;1
422460;20260901;1
112137;20260901;1
1298506;20260901;1
1541150;20260901;1
1316049;20260901;1
425396;20260901;1
462500;20260901;1
638977;20260901;1
691405;20260901;1
414789;20260901;1
1598139;20260901;1
135267;20260901;1
424322;20260901;1
1686487;20260901;1
801606;20260901;1
1139023;20260901;1
1592810;20260901;1
355277;20260901;1
420425;20260901;1
4735;20260901;1
1000894;20260901;1
1437510;20260901;1
1252473;20260901;1
1455524;20260901;1
105433;20260901;1
1583187;20260901;1
884685;20260901;1
812555;20260901;1
1028946;20260901;1
1395511;20260901;1
1483321;20260901;1
1406831;20260901;1
1057510;20260901;1
1389222;20260901;1
5900;20260901;1
991018;20260901;1
1251849;20260901;1
588141;20260901;1
258130;20260901;1
1608824;20260901;1
644700;20260901;1
1406730;20260901;1
117364;20260901;1
1359590;20260901;1
833904;20260901;1
329639;20260901;1
1559218;20260901;1
1401613;20260901;1
1309652;20260901;1
1386789;20260901;1
1525100;20260901;1
1737464;20260901;1
322066;20260901;1
595359;20260901;1
734804;20260901;1
1085064;20260901;1
1232842;20260901;1
1460810;20260901;1
1615796;20260901;1
1739778;20260901;1
1744487;20260901;1
1759164;20260901;1
24035;20260901;1
606487;20260901;1
351195;20260901;1
202037;20260901;1
1675860;20260901;1
449790;20260901;1
1080977;20260901;1
314292;20260901;1
1306969;20260901;1
309270;20260901;1
360778;20260901;1
406923;20260901;1
629468;20260901;1
866101;20260901;1
20875;20260901;1
130146;20260901;1
512942;20260901;1
1325480;20260901;1
950085;20260901;1
573852;20260901;1
986338;20260901;1
622412;20260901;1
1613890;20260901;1
1002797;20260901;1
1383450;20260901;1
1655109;20260901;1
643187;20260901;1
72401;20260901;1
1777582;20260901;1
1604826;20260901;1
26525;20260901;1
374384;20260901;1
966106;20260901;1
399452;20260901;1
64504;20260901;1
211289;20260901;1
833482;20260901;1
1635403;20260901;1
1138197;20260901;1
1226485;20260901;1
1405048;20260901;1
140702;20260901;1
1713552;20260901;1
1136584;20260901;1
784851;20260901;1
889235;20260901;1
104278;20260901;1
1772416;20260901;1
224837;20260901;1
6876;20260901;1
1254129;20260901;1
380602;20260901;1
1073285;20260901;1
999518;20260901;1
1753262;20260901;1
1756572;20260901;1
195698;20260901;1
299015;20260901;1
51793;20260901;1
551364;20260901;1
87399;20260901;1
803029;20260901;1
1137703;20260901;1
476228;20260901;1
623140;20260901;1
1559574;20260901;1
1164622;20260901;1
482940;20260901;1
620572;20260901;1
877872;20260901;1
1631441;20260901;1
1148993;20260901;1
229156;20260901;1
1557090;20260901;1
1409386;20260901;1
910800;20260901;1
1039768;20260901;1
1106832;20260901;1
1402103;20260901;1
1530652;20260901;1
222405;20260901;1
416771;20260901;1
982427;20260901;1
245247;20260901;1
851522;20260901;1
1199911;20260901;1
261475;20260901;1
9167;20260901;1
1430823;20260901;1
602493;20260901;1
1135041;20260901;1
1140138;20260901;1
1272630;20260901;1
131822;20260901;1
1364716;20260901;1
1377636;20260901;1
1520594;20260901;1
1620132;20260901;1
172144;20260901;1
1743935;20260901;1
23461;20260901;1
257849;20260901;1
269834;20260901;1
456789;20260901;1
62884;20260901;1
646211;20260901;1
71048;20260901;1
781394;20260901;1
792965;20260901;1
810117;20260901;1
826377;20260901;1
842803;20260901;1
379473;20260901;1
186371;20260901;1
952699;20260901;1
134545;20260901;1
1639659;20260901;1
1023020;20260901;1
1129157;20260901;1
128720;20260901;1
439929;20260901;1
835782;20260901;1
971156;20260901;1
1333038;20260901;1
618651;20260901;1
1099797;20260901;1
1496876;20260901;1
1632913;20260901;1
554049;20260901;1
705447;20260901;1
755107;20260901;1
1336694;20260901;1
157993;20260901;1
179368;20260901;1
1245031;20260901;1
870433;20260901;1
636142;20260901;1
1002747;20260901;1
137373;20260901;1
1548436;20260901;1
1633267;20260901;1
637200;20260901;1
76763;20260901;1
1334897;20260901;1
1242958;20260901;1
1517551;20260901;1
56451;20260901;1
120297;20260901;1
1208406;20260901;1
275684;20260901;1
81564;20260901;1
1022012;20260901;1
400942;20260901;1
1662162;20260901;1
207149;20260901;1
384623;20260901;1
1169927;20260901;1
824853;20260901;1
157630;20260901;1
769238;20260901;1
665309;20260901;1
1398983;20260901;1
1762008;20260901;1
854172;20260901;1
10142;20260901;1
149209;20260901;1
189051;20260901;1
950809;20260901;1
1230139;20260901;1
261146;20260901;1
126763;20260901;1
1614199;20260901;1
1243045;20260901;1
1291531;20260901;1
13700;20260901;1
1488002;20260901;1
1675498;20260901;1
1725160;20260901;1
1778243;20260901;1
680446;20260901;1
689166;20260901;1
13967;20260901;1
317631;20260901;1
1452739;20260901;1
50394;20260901;1
418683;20260901;1
277259;20260901;1
1591725;20260901;1
399227;20260901;1
1581949;20260901;1
127543;20260901;1
1637;20260901;1
1623663;20260901;1
1447014;20260901;1
371109;20260901;1
516022;20260901;1
1025879;20260901;1
1685341;20260901;1
40237;20260901;1
1107418;20260901;1
1594571;20260901;1
572726;20260901;1
763061;20260901;1
1257563;20260901;1
991149;20260901;1
1351588;20260901;1
1624341;20260901;1
1697483;20260901;1
1723004;20260901;1
995623;20260901;1
6065;20260901;1
1154018;20260901;1
438797;20260901;1
676947;20260901;1
849852;20260901;1
570504;20260901;1
1010954;20260901;1
1276296;20260901;1
1322359;20260901;1
1726397;20260901;1
1392628;20260901;1
1442238;20260901;1
993809;20260901;1
1578519;20260901;1
635764;20260901;1
1163756;20260901;1
1033667;20260901;1
1090267;20260901;1
1334356;20260901;1
1341508;20260901;1
1488056;20260901;1
1491350;20260901;1
1570072;20260901;1
1729740;20260901;1
32377;20260901;1
663789;20260901;1
897048;20260901;1
936973;20260901;1
953113;20260901;1
916090;20260901;1
593158;20260901;1
641664;20260901;1
825143;20260901;1
417203;20260901;1
188568;20260901;1
1584057;20260901;1
1627216;20260901;1
235178;20260901;1
197727;20260901;1
1134044;20260901;1
492750;20260901;1
820457;20260901;1
1771329;20260901;1
1263811;20260901;1
1787176;20260901;1
527599;20260901;1
527904;20260901;1
881944;20260901;1
7123;20260901;1
1352841;20260901;1
1627669;20260901;1
175612;20260901;1
1181513;20260901;1
692951;20260901;1
941267;20260901;1
753149;20260901;1
1084201;20260901;1
1262523;20260901;1
235792;20260901;1
1290980;20260901;1
1348406;20260901;1
1252113;20260901;1
75011;20260901;1
1044996;20260901;1
255010;20260901;1
1196621;20260901;1
923452;20260901;1
250333;20260901;1
301900;20260901;1
678430;20260901;1
169177;20260901;1
1113599;20260901;1
1266986;20260901;1
1458232;20260901;1
100034;20260901;1
1020396;20260901;1
1437125;20260901;1
1499672;20260901;1
1507182;20260901;1
1782136;20260901;1
699312;20260901;1
1057136;20260901;1
391513;20260901;1
1322945;20260901;1
1046137;20260901;1
614968;20260901;1
768860;20260901;1
950854;20260901;1
159870;20260901;1
700991;20260901;1
1446509;20260901;1
359741;20260901;1
643885;20260901;1
1145223;20260901;1
389187;20260901;1
759074;20260901;1
1228622;20260901;1
1226508;20260901;1
470232;20260901;1
1031210;20260901;1
1270392;20260901;1
172284;20260901;1
729969;20260901;1
1438859;20260901;1
1548576;20260901;1
384244;20260901;1
1071475;20260901;1
444031;20260901;1
1006684;20260901;1
33796;20260901;1
1780338;20260901;1
199580;20260901;1
213152;20260901;1
1333757;20260901;1
1187045;20260901;1
1178431;20260901;1
1541590;20260901;1
191369;20260901;1
1575598;20260901;1
1670417;20260901;1
1784234;20260901;1
452657;20260901;1
1027496;20260901;1
1348854;20260901;1
1438884;20260901;1
1591569;20260901;1
401743;20260901;1
663004;20260901;1
422150;20260901;1
536905;20260901;1
1672386;20260901;1
1722776;20260901;1
1011223;20260901;1
339295;20260901;1
1082934;20260901;1
1594800;20260901;1
1196046;20260901;1
1617304;20260901;1
936663;20260901;1
792758;20260901;1
1740294;20260901;1
1667089;20260901;1
1277071;20260901;1
728562;20260901;1
1416607;20260901;1
87564;20260901;1
508002;20260901;1
411323;20260901;1
985309;20260901;1
1343922;20260901;1
1368974;20260901;1
133844;20260901;1
1724847;20260901;1
612254;20260901;1
1017623;20260901;1
1229697;20260901;1
1686498;20260901;1
1735020;20260901;1
175521;20260901;1
312890;20260901;1
699125;20260901;1
85433;20260901;1
92771;20260901;1
189375;20260901;1
661218;20260901;1
874968;20260901;1
964355;20260901;1
1372859;20260901;1
756752;20260901;1
1320798;20260901;1
31025;20260901;1
303750;20260901;1
720341;20260901;1
175681;20260901;1
372338;20260901;1
921260;20260901;1
1298237;20260901;1
107;20260901;1
203962;20260901;1
1402289;20260901;1
153917;20260901;1
943985;20260901;1
89658;20260901;1
827982;20260901;1
580657;20260901;1
952742;20260901;1
198444;20260901;1
1007831;20260901;1
1221379;20260901;1
786631;20260901;1
208288;20260901;1
701416;20260901;1
525706;20260901;1
653751;20260901;1
1507301;20260901;1
350701;20260901;1
375847;20260901;1
828416;20260901;1
1087052;20260901;1
1197442;20260901;1
1362682;20260901;1
1410220;20260901;1
1603658;20260901;1
2119;20260901;1
356088;20260901;1
49323;20260901;1
1222277;20260901;1
1257021;20260901;1
1117865;20260901;1
241802;20260901;1
379601;20260901;1
878730;20260901;1
91732;20260901;1
1031693;20260901;1
1177116;20260901;1
1623417;20260901;1
1665197;20260901;1
1787880;20260901;1
268433;20260901;1
334887;20260901;1
626884;20260901;1
697479;20260901;1
698336;20260901;1
1144085;20260901;1
1364201;20260901;1
337230;20260901;1
1144608;20260901;1
32535;20260901;1
167759;20260901;1
1207454;20260901;1
304240;20260901;1
381867;20260901;1
427587;20260901;1
824884;20260901;1
947353;20260901;1
1093265;20260901;1
136701;20260901;1
1388762;20260901;1
1473500;20260901;1
1667489;20260901;1
1673679;20260901;1
1736823;20260901;1
597994;20260901;1
617201;20260901;1
1014392;20260901;1
728439;20260901;1
1450022;20260901;1
780480;20260901;1
202226;20260901;1
664807;20260901;1
55044;20260901;1
1444519;20260901;1
829119;20260901;1
876640;20260901;1
1359818;20260901;1
433886;20260901;1
1738162;20260901;1
164665;20260901;1
1435694;20260901;1
916291;20260901;1
1173990;20260901;1
1052960;20260901;1
696785;20260901;1
669914;20260901;1
982120;20260901;1
503969;20260901;1
335500;20260901;1
381159;20260901;1
1398855;20260901;1
195109;20260901;1
806188;20260901;1
1688902;20260901;1
841585;20260901;1
443852;20260901;1
448413;20260901;1
1022958;20260901;1
778044;20260901;1
714007;20260901;1
1131672;20260901;1
1247003;20260901;1
1661674;20260901;1
722911;20260901;1
806556;20260901;1
307893;20260901;1
1116972;20260901;1
1302597;20260901;1
1315631;20260901;1
1583868;20260901;1
225484;20260901;1
300545;20260901;1
847289;20260901;1
453288;20260901;1
1114600;20260901;1
296203;20260901;1
240299;20260901;1
1615808;20260901;1
1290044;20260901;1
1569861;20260901;1
1572895;20260901;1
1575411;20260901;1
1777779;20260901;1
325382;20260901;1
382295;20260901;1
385813;20260901;1
424944;20260901;1
484948;20260901;1
554403;20260901;1
580916;20260901;1
314941;20260901;1
235249;20260901;1
1295279;20260901;1
1044004;20260901;1
19505;20260901;1
817096;20260901;1
317581;20260901;1
1226059;20260901;1
1592244;20260901;1
1644960;20260901;1
272457;20260901;1
566366;20260901;1
1179008;20260901;1
667499;20260901;1
1099046;20260901;1
1212843;20260901;1
1783140;20260901;1
1513247;20260901;1
1423837;20260901;1
1583949;20260901;1
1203350;20260901;1
1719058;20260901;1
313031;20260901;1
867954;20260901;1
221673;20260901;1
483437;20260901;1
1741271;20260901;1
1035825;20260901;1
1232341;20260901;1
1419667;20260901;1
1538809;20260901;1
349328;20260901;1
580224;20260901;1
883159;20260901;1
901264;20260901;1
964066;20260901;1
984923;20260901;1
965761;20260901;1
1738337;20260901;1
494726;20260901;1
264838;20260901;1
905153;20260901;1
1369267;20260901;1
1458191;20260901;1
212342;20260901;1
563728;20260901;1
584257;20260901;1
648317;20260901;1
922917;20260901;1
957005;20260901;1
581399;20260901;1
1115224;20260901;1
1639637;20260901;1
709475;20260901;1
1319013;20260901;1
1535536;20260901;1
544943;20260901;1
949008;20260901;1
1097479;20260901;1
1567155;20260901;1
1596740;20260901;1
638886;20260901;1
898848;20260901;1
954690;20260901;1
1761810;20260901;1
516774;20260901;1
716782;20260901;1
902727;20260901;1
947577;20260901;1
1185333;20260901;1
1705313;20260901;1
201158;20260901;1
448122;20260901;1
348318;20260901;1
1054357;20260901;1
310966;20260901;1
669603;20260901;1
686992;20260901;1
1492791;20260901;1
1440870;20260901;1
285159;20260901;1
615260;20260901;1
1496949;20260901;1
1682147;20260901;1
1071741;20260901;1
1772897;20260901;1
148809;20260901;1
1718810;20260901;1
794102;20260901;1
867086;20260901;1
1010622;20260901;1
139792;20260901;1
897541;20260901;1
1245469;20260901;1
271026;20260901;1
1305522;20260901;1
181281;20260901;1
1555323;20260901;1
651280;20260901;1
350937;20260901;1
1011922;20260901;1
245399;20260901;1
33142;20260901;1
67233;20260901;1
260153;20260901;1
570842;20260901;1
1149192;20260901;1
206407;20260901;1
448250;20260901;1
336094;20260901;1
21322;20260901;1
1433459;20260901;1
1169138;20260901;1
776314;20260901;1
1531924;20260901;1
1088342;20260901;1
484995;20260901;1
100762;20260901;1
783068;20260901;1
572950;20260901;1
1105181;20260901;1
171984;20260901;1
571469;20260901;1
1558693;20260901;1
1740739;20260901;1
1204668;20260901;1
13314;20260901;1
1749043;20260901;1
455541;20260901;1
1472664;20260901;1
1435912;20260901;1
1586142;20260901;1
1629567;20260901;1
1712410;20260901;1
1737899;20260901;1
197780;20260901;1
332500;20260901;1
1388849;20260901;1
924120;20260901;1
864028;20260901;1
258570;20260901;1
72131;20260901;1
692839;20260901;1
475636;20260901;1
963857;20260901;1
1023960;20260901;1
1035310;20260901;1
1062245;20260901;1
1063241;20260901;1
11081;20260901;1
1165731;20260901;1
1216478;20260901;1
1487068;20260901;1
1567612;20260901;1
1691591;20260901;1
1737455;20260901;1
296109;20260901;1
552646;20260901;1
613503;20260901;1
621001;20260901;1
92663;20260901;1
974666;20260901;1
386812;20260901;1
1069132;20260901;1
1141840;20260901;1
12042;20260901;1
1396619;20260901;1
561326;20260901;1
612664;20260901;1
1532431;20260901;1
1783654;20260901;1
682424;20260901;1
731081;20260901;1
1045349;20260901;1
1173976;20260901;1
1354617;20260901;1
1366454;20260901;1
1411639;20260901;1
1787029;20260901;1
45138;20260901;1
233929;20260901;1
285473;20260901;1
1664584;20260901;1
629019;20260901;1
402632;20260901;1
1698345;20260901;1
582720;20260901;1
1648260;20260901;1
569240;20260901;1
1290529;20260901;1
134694;20260901;1
1621975;20260901;1
736966;20260901;1
899623;20260901;1
1169091;20260901;1
1260884;20260901;1
477283;20260901;1
254517;20260901;1
984384;20260901;1
1773077;20260901;1
54679;20260901;1
9797;20260901;1
941660;20260901;1
1600212;20260901;1
196782;20260901;1
511167;20260901;1
126471;20260901;1
413514;20260901;1
411241;20260901;1
1761389;20260901;1
297037;20260901;1
1133400;20260901;1
1179295;20260901;1
688289;20260901;1
691830;20260901;1
222889;20260901;1
503499;20260901;1
1515367;20260901;1
770461;20260901;1
859410;20260901;1
533470;20260901;1
824055;20260901;1
1410963;20260901;1
5828;20260901;1
1354377;20260901;1
1638246;20260901;1
1766478;20260901;1
280390;20260901;1
1320712;20260901;1
1352778;20260901;1
699607;20260901;1
1387886;20260901;1
542969;20260901;1
60373;20260901;1
1680093;20260901;1
1651253;20260901;1
1061321;20260901;1
1627648;20260901;1
1352685;20260901;1
327922;20260901;1
692825;20260901;1
93078;20260901;1
951557;20260901;1
1129502;20260901;1
1487942;20260901;1
556604;20260901;1
1199319;20260901;1
219089;20260901;1
704050;20260901;1
633995;20260901;1
1591446;20260901;1
179673;20260901;1
579985;20260901;1
145080;20260901;1
165751;20260901;1
1711804;20260901;1
168242;20260901;1
560276;20260901;1
537766;20260901;1
800116;20260901;1
1702019;20260901;1
1517224;20260901;1
533371;20260901;1
1311113;20260901;1
1780604;20260901;1
114305;20260901;1
329955;20260901;1
339197;20260901;1
60564;20260901;1
66657;20260901;1
896214;20260901;1
1748176;20260901;1
1069960;20260901;1
602991;20260901;1
1116347;20260901;1
1328878;20260901;1
168771;20260901;1
1692293;20260901;1
172835;20260901;1
1754106;20260901;1
466107;20260901;1
614898;20260901;1
715483;20260901;1
757886;20260901;1
925890;20260901;1
990186;20260901;1
733502;20260901;1
1090613;20260901;1
883028;20260901;1
116943;20260901;1
1273694;20260901;1
1481747;20260901;1
835422;20260901;1
1268547;20260901;1
1153381;20260901;1
1455523;20260901;1
248047;20260901;1
719573;20260901;1
650829;20260901;1
1374140;20260901;1
26100;20260901;1
248652;20260901;1
29509;20260901;1
1485403;20260901;1
1052716;20260901;1
1495539;20260901;1
707539;20260901;1
794074;20260901;1
1623962;20260901;1
1359415;20260901;1
1666258;20260901;1
968703;20260901;1
273751;20260901;1
930845;20260901;1
769242;20260901;1
1356095;20260901;1
1397982;20260901;1
245943;20260901;1
1267527;20260901;1
1615306;20260901;1
1656761;20260901;1
1686164;20260901;1
1749219;20260901;1
252288;20260901;1
630371;20260901;1
823521;20260901;1
569893;20260901;1
745586;20260901;1
311132;20260901;1
283106;20260901;1
307295;20260901;1
728920;20260901;1
1177189;20260901;1
807699;20260901;1
1009312;20260901;1
1149933;20260901;1
1570027;20260901;1
1758823;20260901;1
401674;20260901;1
530050;20260901;1
752734;20260901;1
1266188;20260901;1
160966;20260901;1
547196;20260901;1
83359;20260901;1
1657529;20260901;1
430902;20260901;1
1400084;20260901;1
470912;20260901;1
255798;20260901;1
1547008;20260901;1
1605673;20260901;1
286863;20260901;1
353260;20260901;1
1460773;20260901;1
1037471;20260901;1
107924;20260901;1
1250364;20260901;1
1266001;20260901;1
1376501;20260901;1
1390776;20260901;1
139400;20260901;1
1461820;20260901;1
1494096;20260901;1
1727918;20260901;1
173521;20260901;1
189847;20260901;1
219258;20260901;1
238291;20260901;1
261008;20260901;1
328491;20260901;1
454596;20260901;1
531753;20260901;1
75649;20260901;1
947552;20260901;1
965839;20260901;1
98606;20260901;1
1295680;20260901;1
1431729;20260901;1
1498452;20260901;1
213003;20260901;1
767402;20260901;1
815831;20260901;1
870079;20260901;1
1703496;20260901;1
939820;20260901;1
5771;20260901;1
1347400;20260901;1
348190;20260901;1
599322;20260901;1
1202061;20260901;1
1421842;20260901;1
1001634;20260901;1
1054319;20260901;1
304328;20260901;1
1353978;20260901;1
782343;20260901;1
997801;20260901;1
1203363;20260901;1
696223;20260901;1
97419;20260901;1
1621936;20260901;1
378254;20260901;1
969323;20260901;1
1386272;20260901;1
1761657;20260901;1
721142;20260901;1
1054915;20260901;1
1752459;20260901;1
185585;20260901;1
1147938;20260901;1
1275299;20260901;1
229716;20260901;1
43366;20260902;2
1395559;20260902;2
1581030;20260902;2
1657548;20260902;2
415431;20260902;2
1062285;20260902;2
1700257;20260902;2
442434;20260902;2
907933;20260902;2
956031;20260902;2
1702949;20260902;2
1303678;20260902;2
218727;20260902;2
686278;20260902;2
751858;20260902;2
1579104;20260902;2
304635;20260902;2
474650;20260902;2
972554;20260902;2
1018798;20260902;2
584317;20260902;2
1050562;20260902;2
1111071;20260902;2
661095;20260902;2
1192936;20260902;2
1143120;20260902;2
190346;20260902;2
267269;20260902;2
461655;20260902;2
1782338;20260902;2
1500985;20260902;2
377263;20260902;2
1310181;20260902;2
1391147;20260902;2
333632;20260902;2
1042951;20260902;2
111702;20260902;2
1202661;20260902;2
1260840;20260902;2
131919;20260902;2
1418368;20260902;2
1587669;20260902;2
1690693;20260902;2
1743289;20260902;2
213711;20260902;2
220938;20260902;2
246208;20260902;2
32310;20260902;2
460462;20260902;2
461773;20260902;2
493300;20260902;2
803130;20260902;2
966689;20260902;2
1018860;20260902;2
194608;20260902;2
1112540;20260902;2
1316012;20260902;2
1643776;20260902;2
1011860;20260902;2
339476;20260902;2
1669751;20260902;2
1563746;20260902;2
791087;20260902;2
219937;20260902;2
531063;20260902;2
20876;20260902;2
1195820;20260902;2
1315522;20260902;2
212673;20260902;2
451690;20260902;2
1494066;20260902;2
159887;20260902;2
312730;20260902;2
709862;20260902;2
1278294;20260902;2
13543;20260902;2
1453316;20260902;2
1667573;20260902;2
448823;20260902;2
621405;20260902;2
719560;20260902;2
929034;20260902;2
548594;20260902;2
1160892;20260902;2
1162487;20260902;2
94621;20260902;2
443882;20260902;2
575396;20260902;2
1140352;20260902;2
1645914;20260902;2
1648567;20260902;2
20516;20260902;2
37950;20260902;2
412019;20260902;2
73210;20260902;2
756518;20260902;2
764218;20260902;2
1015090;20260902;2
1553760;20260902;2
1606746;20260902;2
1698007;20260902;2
279113;20260902;2
422460;20260902;2
112137;20260902;2
1298506;20260902;2
1316049;20260902;2
425396;20260902;2
462500;20260902;2
638977;20260902;2
691405;20260902;2
414789;20260902;2
1358832;20260902;2
424322;20260902;2
1686487;20260902;2
1446836;20260902;2
1550509;20260902;2
801606;20260902;2
1139023;20260902;2
1592810;20260902;2
355277;20260902;2
420425;20260902;2
4735;20260902;2
1000894;20260902;2
1437510;20260902;2
1252473;20260902;2
1455524;20260902;2
105433;20260902;2
1583187;20260902;2
884685;20260902;2
812555;20260902;2
1028946;20260902;2
1395511;20260902;2
1483321;20260902;2
1406831;20260902;2
1057510;20260902;2
1389222;20260902;2
5900;20260902;2
991018;20260902;2
1251849;20260902;2
588141;20260902;2
258130;20260902;2
1608824;20260902;2
644700;20260902;2
1029800;20260902;2
117364;20260902;2
1359590;20260902;2
833904;20260902;2
329639;20260902;2
1559218;20260902;2
1401613;20260902;2
1309652;20260902;2
1386789;20260902;2
1525100;20260902;2
1737464;20260902;2
322066;20260902;2
595359;20260902;2
734804;20260902;2
1085064;20260902;2
1232842;20260902;2
1460810;20260902;2
1615796;20260902;2
1739778;20260902;2
1744487;20260902;2
1759164;20260902;2
24035;20260902;2
606487;20260902;2
351195;20260902;2
202037;20260902;2
1675860;20260902;2
449790;20260902;2
1080977;20260902;2
314292;20260902;2
1306969;20260902;2
309270;20260902;2
360778;20260902;2
406923;20260902;2
629468;20260902;2
866101;20260902;2
20875;20260902;2
130146;20260902;2
512942;20260902;2
1325480;20260902;2
243109;20260902;2
950085;20260902;2
986338;20260902;2
622412;20260902;2
1613890;20260902;2
1002797;20260902;2
1383450;20260902;2
1655109;20260902;2
643187;20260902;2
72401;20260902;2
1777582;20260902;2
1604826;20260902;2
26525;20260902;2
374384;20260902;2
966106;20260902;2
399452;20260902;2
64504;20260902;2
211289;20260902;2
833482;20260902;2
1635403;20260902;2
1138197;20260902;2
1226485;20260902;2
1405048;20260902;2
140702;20260902;2
1713552;20260902;2
889235;20260902;2
1681604;20260902;2
796422;20260902;2
104278;20260902;2
1772416;20260902;2
224837;20260902;2
6876;20260902;2
1254129;20260902;2
380602;20260902;2
1073285;20260902;2
1753262;20260902;2
1756572;20260902;2
195698;20260902;2
299015;20260902;2
51793;20260902;2
551364;20260902;2
87399;20260902;2
803029;20260902;2
1137703;20260902;2
476228;20260902;2
960236;20260902;2
623140;20260902;2
1559574;20260902;2
1164622;20260902;2
482940;20260902;2
620572;20260902;2
877872;20260902;2
1631441;20260902;2
1148993;20260902;2
229156;20260902;2
1557090;20260902;2
1409386;20260902;2
910800;20260902;2
1039768;20260902;2
1106832;20260902;2
1402103;20260902;2
1530652;20260902;2
222405;20260902;2
416771;20260902;2
982427;20260902;2
245247;20260902;2
851522;20260902;2
1199911;20260902;2
261475;20260902;2
9167;20260902;2
1430823;20260902;2
602493;20260902;2
1135041;20260902;2
1140138;20260902;2
1272630;20260902;2
131822;20260902;2
1364716;20260902;2
1377636;20260902;2
1520594;20260902;2
1620132;20260902;2
172144;20260902;2
1743935;20260902;2
23461;20260902;2
257849;20260902;2
269834;20260902;2
456789;20260902;2
62884;20260902;2
646211;20260902;2
71048;20260902;2
781394;20260902;2
792965;20260902;2
810117;20260902;2
826377;20260902;2
842803;20260902;2
379473;20260902;2
186371;20260902;2
134545;20260902;2
335765;20260902;2
1639659;20260902;2
1023020;20260902;2
1129157;20260902;2
128720;20260902;2
439929;20260902;2
835782;20260902;2
971156;20260902;2
1333038;20260902;2
618651;20260902;2
1099797;20260902;2
1496876;20260902;2
1632913;20260902;2
554049;20260902;2
705447;20260902;2
755107;20260902;2
1336694;20260902;2
157993;20260902;2
32934;20260902;2
1245031;20260902;2
870433;20260902;2
636142;20260902;2
1002747;20260902;2
137373;20260902;2
1548436;20260902;2
1633267;20260902;2
637200;20260902;2
76763;20260902;2
1334897;20260902;2
1242958;20260902;2
1517551;20260902;2
56451;20260902;2
120297;20260902;2
1208406;20260902;2
275684;20260902;2
81564;20260902;2
1022012;20260902;2
400942;20260902;2
1662162;20260902;2
207149;20260902;2
384623;20260902;2
1169927;20260902;2
824853;20260902;2
665309;20260902;2
265927;20260902;2
569338;20260902;2
1398983;20260902;2
1762008;20260902;2
854172;20260902;2
10142;20260902;2
149209;20260902;2
189051;20260902;2
950809;20260902;2
1230139;20260902;2
261146;20260902;2
126763;20260902;2
1614199;20260902;2
1243045;20260902;2
1291531;20260902;2
13700;20260902;2
1488002;20260902;2
1675498;20260902;2
1725160;20260902;2
1778243;20260902;2
680446;20260902;2
689166;20260902;2
1498394;20260902;2
317631;20260902;2
1452739;20260902;2
50394;20260902;2
418683;20260902;2
277259;20260902;2
1591725;20260902;2
399227;20260902;2
1581949;20260902;2
127543;20260902;2
1637;20260902;2
1623663;20260902;2
1447014;20260902;2
371109;20260902;2
516022;20260902;2
1025879;20260902;2
1685341;20260902;2
40237;20260902;2
1257563;20260902;2
129138;20260902;2
1583633;20260902;2
991149;20260902;2
1351588;20260902;2
1624341;20260902;2
1697483;20260902;2
1723004;20260902;2
995623;20260902;2
6065;20260902;2
1154018;20260902;2
1234426;20260902;2
438797;20260902;2
676947;20260902;2
849852;20260902;2
1010954;20260902;2
1276296;20260902;2
1322359;20260902;2
1726397;20260902;2
1392628;20260902;2
1442238;20260902;2
993809;20260902;2
1578519;20260902;2
635764;20260902;2
1163756;20260902;2
1033667;20260902;2
1090267;20260902;2
1334356;20260902;2
1341508;20260902;2
1488056;20260902;2
1491350;20260902;2
1570072;20260902;2
1729740;20260902;2
32377;20260902;2
663789;20260902;2
897048;20260902;2
936973;20260902;2
953113;20260902;2
916090;20260902;2
1395051;20260902;2
593158;20260902;2
641664;20260902;2
825143;20260902;2
417203;20260902;2
188568;20260902;2
1584057;20260902;2
1627216;20260902;2
235178;20260902;2
197727;20260902;2
492750;20260902;2
820457;20260902;2
1771329;20260902;2
1263811;20260902;2
1787176;20260902;2
527599;20260902;2
527904;20260902;2
881944;20260902;2
7123;20260902;2
472010;20260902;2
1627669;20260902;2
175612;20260902;2
1181513;20260902;2
692951;20260902;2
941267;20260902;2
1084201;20260902;2
1262523;20260902;2
1486298;20260902;2
235792;20260902;2
1290980;20260902;2
1348406;20260902;2
1252113;20260902;2
75011;20260902;2
1044996;20260902;2
255010;20260902;2
1196621;20260902;2
923452;20260902;2
250333;20260902;2
301900;20260902;2
678430;20260902;2
169177;20260902;2
1113599;20260902;2
1266986;20260902;2
1458232;20260902;2
100034;20260902;2
1020396;20260902;2
1437125;20260902;2
1499672;20260902;2
1507182;20260902;2
1782136;20260902;2
699312;20260902;2
1057136;20260902;2
1763021;20260902;2
887427;20260902;2
1046137;20260902;2
614968;20260902;2
768860;20260902;2
950854;20260902;2
159870;20260902;2
700991;20260902;2
1446509;20260902;2
359741;20260902;2
643885;20260902;2
1145223;20260902;2
389187;20260902;2
759074;20260902;2
1228622;20260902;2
470232;20260902;2
1031210;20260902;2
224165;20260902;2
1270392;20260902;2
172284;20260902;2
729969;20260902;2
1438859;20260902;2
1548576;20260902;2
384244;20260902;2
1071475;20260902;2
444031;20260902;2
1006684;20260902;2
33796;20260902;2
1780338;20260902;2
199580;20260902;2
213152;20260902;2
1333757;20260902;2
1187045;20260902;2
1178431;20260902;2
1541590;20260902;2
191369;20260902;2
1575598;20260902;2
1670417;20260902;2
1784234;20260902;2
452657;20260902;2
1027496;20260902;2
1348854;20260902;2
1438884;20260902;2
1591569;20260902;2
401743;20260902;2
663004;20260902;2
422150;20260902;2
536905;20260902;2
1672386;20260902;2
1722776;20260902;2
1011223;20260902;2
339295;20260902;2
1082934;20260902;2
1594800;20260902;2
1196046;20260902;2
1617304;20260902;2
936663;20260902;2
1740294;20260902;2
1667089;20260902;2
1277071;20260902;2
728562;20260902;2
508002;20260902;2
1054514;20260902;2
165399;20260902;2
1671499;20260902;2
294103;20260902;2
767943;20260902;2
985309;20260902;2
266941;20260902;2
363401;20260902;2
772800;20260902;2
1343922;20260902;2
1179386;20260902;2
163518;20260902;2
1317959;20260902;2
1585505;20260902;2
1303479;20260902;2
1368974;20260902;2
133844;20260902;2
1724847;20260902;2
612254;20260902;2
189375;20260902;2
661218;20260902;2
874968;20260902;2
964355;20260902;2
1372859;20260902;2
756752;20260902;2
1320798;20260902;2
1778345;20260902;2
31025;20260902;2
303750;20260902;2
720341;20260902;2
175681;20260902;2
1536864;20260902;2
372338;20260902;2
921260;20260902;2
1298237;20260902;2
107;20260902;2
203962;20260902;2
1402289;20260902;2
153917;20260902;2
89658;20260902;2
827982;20260902;2
580657;20260902;2
952742;20260902;2
198444;20260902;2
1007831;20260902;2
1221379;20260902;2
786631;20260902;2
208288;20260902;2
701416;20260902;2
525706;20260902;2
653751;20260902;2
350701;20260902;2
375847;20260902;2
828416;20260902;2
1087052;20260902;2
1197442;20260902;2
1362682;20260902;2
1410220;20260902;2
1603658;20260902;2
2119;20260902;2
356088;20260902;2
49323;20260902;2
1222277;20260902;2
1257021;20260902;2
1117865;20260902;2
241802;20260902;2
379601;20260902;2
878730;20260902;2
91732;20260902;2
1031693;20260902;2
1177116;20260902;2
1623417;20260902;2
1665197;20260902;2
1787880;20260902;2
268433;20260902;2
334887;20260902;2
626884;20260902;2
697479;20260902;2
698336;20260902;2
1144085;20260902;2
1364201;20260902;2
337230;20260902;2
1144608;20260902;2
264598;20260902;2
167759;20260902;2
1207454;20260902;2
304240;20260902;2
381867;20260902;2
427587;20260902;2
824884;20260902;2
947353;20260902;2
270314;20260902;2
1093265;20260902;2
136701;20260902;2
1388762;20260902;2
1473500;20260902;2
1667489;20260902;2
1673679;20260902;2
1736823;20260902;2
597994;20260902;2
617201;20260902;2
1014392;20260902;2
1450022;20260902;2
780480;20260902;2
202226;20260902;2
1555608;20260902;2
43125;20260902;2
1444519;20260902;2
829119;20260902;2
876640;20260902;2
1359818;20260902;2
433886;20260902;2
1738162;20260902;2
164665;20260902;2
1435694;20260902;2
1173990;20260902;2
1052960;20260902;2
696785;20260902;2
1528698;20260902;2
669914;20260902;2
982120;20260902;2
503969;20260902;2
335500;20260902;2
381159;20260902;2
1398855;20260902;2
195109;20260902;2
806188;20260902;2
1688902;20260902;2
443852;20260902;2
448413;20260902;2
632667;20260902;2
1022958;20260902;2
778044;20260902;2
714007;20260902;2
1131672;20260902;2
1247003;20260902;2
1661674;20260902;2
722911;20260902;2
806556;20260902;2
307893;20260902;2
1116972;20260902;2
1302597;20260902;2
1315631;20260902;2
1583868;20260902;2
225484;20260902;2
300545;20260902;2
1518076;20260902;2
453288;20260902;2
1114600;20260902;2
296203;20260902;2
240299;20260902;2
1615808;20260902;2
1290044;20260902;2
1569861;20260902;2
1572895;20260902;2
1575411;20260902;2
1777779;20260902;2
325382;20260902;2
382295;20260902;2
385813;20260902;2
424944;20260902;2
484948;20260902;2
554403;20260902;2
580916;20260902;2
314941;20260902;2
235249;20260902;2
1295279;20260902;2
1044004;20260902;2
19505;20260902;2
817096;20260902;2
317581;20260902;2
1226059;20260902;2
1592244;20260902;2
1644960;20260902;2
272457;20260902;2
566366;20260902;2
1179008;20260902;2
1099046;20260902;2
1157973;20260902;2
1212843;20260902;2
1783140;20260902;2
1513247;20260902;2
1717501;20260902;2
192466;20260902;2
1719058;20260902;2
313031;20260902;2
604965;20260902;2
867954;20260902;2
483437;20260902;2
1741271;20260902;2
1035825;20260902;2
1232341;20260902;2
1419667;20260902;2
1538809;20260902;2
349328;20260902;2
580224;20260902;2
883159;20260902;2
901264;20260902;2
964066;20260902;2
984923;20260902;2
965761;20260902;2
791960;20260902;2
494726;20260902;2
264838;20260902;2
905153;20260902;2
1369267;20260902;2
1458191;20260902;2
212342;20260902;2
563728;20260902;2
584257;20260902;2
648317;20260902;2
922917;20260902;2
957005;20260902;2
581399;20260902;2
1115224;20260902;2
1639637;20260902;2
709475;20260902;2
1319013;20260902;2
979993;20260902;2
949008;20260902;2
1567155;20260902;2
1596740;20260902;2
638886;20260902;2
898848;20260902;2
954690;20260902;2
1761810;20260902;2
516774;20260902;2
716782;20260902;2
902727;20260902;2
947577;20260902;2
1185333;20260902;2
1705313;20260902;2
201158;20260902;2
448122;20260902;2
348318;20260902;2
1054357;20260902;2
310966;20260902;2
669603;20260902;2
511996;20260902;2
759922;20260902;2
686992;20260902;2
1440870;20260902;2
285159;20260902;2
615260;20260902;2
1682147;20260902;2
1772897;20260902;2
148809;20260902;2
1718810;20260902;2
794102;20260902;2
867086;20260902;2
465726;20260902;2
1010622;20260902;2
185815;20260902;2
897541;20260902;2
1245469;20260902;2
271026;20260902;2
1305522;20260902;2
181281;20260902;2
1555323;20260902;2
651280;20260902;2
350937;20260902;2
1011922;20260902;2
245399;20260902;2
33142;20260902;2
67233;20260902;2
570842;20260902;2
206407;20260902;2
515348;20260902;2
448250;20260902;2
1281399;20260902;2
21322;20260902;2
1433459;20260902;2
1169138;20260902;2
776314;20260902;2
1531924;20260902;2
1088342;20260902;2
484995;20260902;2
100762;20260902;2
783068;20260902;2
581552;20260902;2
572950;20260902;2
1105181;20260902;2
171984;20260902;2
571469;20260902;2
1558693;20260902;2
1740739;20260902;2
1204668;20260902;2
13314;20260902;2
1749043;20260902;2
455541;20260902;2
1472664;20260902;2
1435912;20260902;2
1586142;20260902;2
1629567;20260902;2
1712410;20260902;2
1737899;20260902;2
197780;20260902;2
332500;20260902;2
1388849;20260902;2
924120;20260902;2
864028;20260902;2
258570;20260902;2
72131;20260902;2
692839;20260902;2
475636;20260902;2
963857;20260902;2
1023960;20260902;2
1035310;20260902;2
1062245;20260902;2
1063241;20260902;2
11081;20260902;2
1165731;20260902;2
1216478;20260902;2
1487068;20260902;2
1567612;20260902;2
1691591;20260902;2
1737455;20260902;2
296109;20260902;2
552646;20260902;2
613503;20260902;2
621001;20260902;2
92663;20260902;2
974666;20260902;2
386812;20260902;2
1069132;20260902;2
1141840;20260902;2
12042;20260902;2
1396619;20260902;2
561326;20260902;2
612664;20260902;2
1532431;20260902;2
1783654;20260902;2
682424;20260902;2
731081;20260902;2
1045349;20260902;2
1173976;20260902;2
1354617;20260902;2
1366454;20260902;2
1411639;20260902;2
1787029;20260902;2
45138;20260902;2
233929;20260902;2
285473;20260902;2
1664584;20260902;2
402632;20260902;2
1698345;20260902;2
582720;20260902;2
591921;20260902;2
1648260;20260902;2
569240;20260902;2
1290529;20260902;2
134694;20260902;2
1621975;20260902;2
736966;20260902;2
899623;20260902;2
1169091;20260902;2
1260884;20260902;2
477283;20260902;2
254517;20260902;2
984384;20260902;2
1773077;20260902;2
54679;20260902;2
9797;20260902;2
941660;20260902;2
1600212;20260902;2
196782;20260902;2
511167;20260902;2
126471;20260902;2
413514;20260902;2
411241;20260902;2
1761389;20260902;2
297037;20260902;2
1133400;20260902;2
1179295;20260902;2
688289;20260902;2
691830;20260902;2
222889;20260902;2
503499;20260902;2
1515367;20260902;2
770461;20260902;2
859410;20260902;2
533470;20260902;2
824055;20260902;2
1410963;20260902;2
5828;20260902;2
1354377;20260902;2
1638246;20260902;2
1766478;20260902;2
280390;20260902;2
1320712;20260902;2
1352778;20260902;2
699607;20260902;2
1387886;20260902;2
542969;20260902;2
60373;20260902;2
1680093;20260902;2
1651253;20260902;2
753292;20260902;2
1061321;20260902;2
1627648;20260902;2
1352685;20260902;2
327922;20260902;2
692825;20260902;2
93078;20260902;2
951557;20260902;2
1129502;20260902;2
1487942;20260902;2
1199319;20260902;2
219089;20260902;2
704050;20260902;2
633995;20260902;2
1591446;20260902;2
179673;20260902;2
579985;20260902;2
145080;20260902;2
165751;20260902;2
1711804;20260902;2
168242;20260902;2
560276;20260902;2
537766;20260902;2
800116;20260902;2
1702019;20260902;2
1517224;20260902;2
533371;20260902;2
1311113;20260902;2
1780604;20260902;2
114305;20260902;2
329955;20260902;2
339197;20260902;2
60564;20260902;2
66657;20260902;2
896214;20260902;2
1748176;20260902;2
1069960;20260902;2
602991;20260902;2
1116347;20260902;2
1328878;20260902;2
168771;20260902;2
1692293;20260902;2
172835;20260902;2
1754106;20260902;2
466107;20260902;2
614898;20260902;2
715483;20260902;2
757886;20260902;2
925890;20260902;2
990186;20260902;2
733502;20260902;2
1090613;20260902;2
883028;20260902;2
116943;20260902;2
1273694;20260902;2
1481747;20260902;2
835422;20260902;2
1153381;20260902;2
1455523;20260902;2
248047;20260902;2
719573;20260902;2
650829;20260902;2
770785;20260902;2
909457;20260902;2
248652;20260902;2
29509;20260902;2
1052716;20260902;2
1495539;20260902;2
707539;20260902;2
794074;20260902;2
889850;20260902;2
967070;20260902;2
1623962;20260902;2
1359415;20260902;2
1666258;20260902;2
968703;20260902;2
273751;20260902;2
930845;20260902;2
769242;20260902;2
1356095;20260902;2
1397982;20260902;2
245943;20260902;2
1267527;20260902;2
1615306;20260902;2
1656761;20260902;2
1686164;20260902;2
1749219;20260902;2
252288;20260902;2
630371;20260902;2
823521;20260902;2
569893;20260902;2
745586;20260902;2
311132;20260902;2
283106;20260902;2
307295;20260902;2
728920;20260902;2
1177189;20260902;2
807699;20260902;2
1009312;20260902;2
1149933;20260902;2
1570027;20260902;2
1758823;20260902;2
401674;20260902;2
530050;20260902;2
752734;20260902;2
1266188;20260902;2
160966;20260902;2
547196;20260902;2
83359;20260902;2
1657529;20260902;2
430902;20260902;2
1400084;20260902;2
470912;20260902;2
1547008;20260902;2
1605673;20260902;2
286863;20260902;2
353260;20260902;2
1460773;20260902;2
1037471;20260902;2
107924;20260902;2
1250364;20260902;2
1266001;20260902;2
1376501;20260902;2
1390776;20260902;2
139400;20260902;2
1461820;20260902;2
1494096;20260902;2
1727918;20260902;2
173521;20260902;2
189847;20260902;2
219258;20260902;2
238291;20260902;2
261008;20260902;2
328491;20260902;2
454596;20260902;2
531753;20260902;2
75649;20260902;2
947552;20260902;2
965839;20260902;2
98606;20260902;2
1295680;20260902;2
1431729;20260902;2
1498452;20260902;2
213003;20260902;2
767402;20260902;2
815831;20260902;2
870079;20260902;2
1703496;20260902;2
939820;20260902;2
5771;20260902;2
1347400;20260902;2
348190;20260902;2
599322;20260902;2
1202061;20260902;2
1751358;20260902;2
1001634;20260902;2
1054319;20260902;2
304328;20260902;2
1353978;20260902;2
782343;20260902;2
997801;20260902;2
1203363;20260902;2
696223;20260902;2
97419;20260902;2
1621936;20260902;2
378254;20260902;2
969323;20260902;2
1386272;20260902;2
1761657;20260902;2
721142;20260902;2
1054915;20260902;2
1752459;20260902;2
185585;20260902;2
1147938;20260902;2
1275299;20260902;2
229716;20260902;2
43366;20260903;3
1395559;20260903;3
1581030;20260903;3
1657548;20260903;3
1062285;20260903;3
1700257;20260903;3
442434;20260903;3
907933;20260903;3
956031;20260903;3
1702949;20260903;3
631782;20260903;3
1303678;20260903;3
218727;20260903;3
686278;20260903;3
751858;20260903;3
1579104;20260903;3
304635;20260903;3
474650;20260903;3
972554;20260903;3
1018798;20260903;3
584317;20260903;3
1050562;20260903;3
903742;20260903;3
1192936;20260903;3
1315292;20260903;3
1143120;20260903;3
190346;20260903;3
267269;20260903;3
461655;20260903;3
1782338;20260903;3
1500985;20260903;3
377263;20260903;3
1310181;20260903;3
1391147;20260903;3
333632;20260903;3
1042951;20260903;3
111702;20260903;3
1202661;20260903;3
1260840;20260903;3
131919;20260903;3
1418368;20260903;3
1587669;20260903;3
1690693;20260903;3
1743289;20260903;3
213711;20260903;3
220938;20260903;3
246208;20260903;3
32310;20260903;3
460462;20260903;3
461773;20260903;3
493300;20260903;3
803130;20260903;3
966689;20260903;3
1018860;20260903;3
194608;20260903;3
1643776;20260903;3
1011860;20260903;3
339476;20260903;3
1563746;20260903;3
1531114;20260903;3
1583915;20260903;3
439426;20260903;3
791087;20260903;3
219937;20260903;3
531063;20260903;3
20876;20260903;3
1195820;20260903;3
1315522;20260903;3
212673;20260903;3
451690;20260903;3
1494066;20260903;3
159887;20260903;3
312730;20260903;3
709862;20260903;3
1278294;20260903;3
13543;20260903;3
1453316;20260903;3
1667573;20260903;3
448823;20260903;3
621405;20260903;3
719560;20260903;3
929034;20260903;3
548594;20260903;3
1160892;20260903;3
1162487;20260903;3
94621;20260903;3
443882;20260903;3
575396;20260903;3
1140352;20260903;3
1645914;20260903;3
1648567;20260903;3
20516;20260903;3
37950;20260903;3
412019;20260903;3
73210;20260903;3
756518;20260903;3
764218;20260903;3
1015090;20260903;3
1553760;20260903;3
12827;20260903;3
1606746;20260903;3
1698007;20260903;3
279113;20260903;3
422460;20260903;3
112137;20260903;3
1298506;20260903;3
1316049;20260903;3
425396;20260903;3
462500;20260903;3
638977;20260903;3
691405;20260903;3
1598139;20260903;3
424322;20260903;3
1446836;20260903;3
1550509;20260903;3
30747;20260903;3
801606;20260903;3
1139023;20260903;3
1592810;20260903;3
355277;20260903;3
420425;20260903;3
4735;20260903;3
1000894;20260903;3
1437510;20260903;3
1252473;20260903;3
1455524;20260903;3
105433;20260903;3
1583187;20260903;3
884685;20260903;3
812555;20260903;3
1028946;20260903;3
1395511;20260903;3
1483321;20260903;3
1406831;20260903;3
1057510;20260903;3
1389222;20260903;3
5900;20260903;3
991018;20260903;3
1251849;20260903;3
588141;20260903;3
258130;20260903;3
1608824;20260903;3
1406730;20260903;3
117364;20260903;3
1359590;20260903;3
833904;20260903;3
1559218;20260903;3
1561136;20260903;3
313204;20260903;3
1401613;20260903;3
1309652;20260903;3
1386789;20260903;3
1525100;20260903;3
1737464;20260903;3
322066;20260903;3
595359;20260903;3
734804;20260903;3
1085064;20260903;3
1232842;20260903;3
1460810;20260903;3
1615796;20260903;3
1739778;20260903;3
1744487;20260903;3
1759164;20260903;3
24035;20260903;3
606487;20260903;3
351195;20260903;3
202037;20260903;3
1675860;20260903;3
449790;20260903;3
1080977;20260903;3
314292;20260903;3
1306969;20260903;3
309270;20260903;3
360778;20260903;3
406923;20260903;3
629468;20260903;3
866101;20260903;3
20875;20260903;3
130146;20260903;3
512942;20260903;3
1325480;20260903;3
950085;20260903;3
573852;20260903;3
986338;20260903;3
622412;20260903;3
1613890;20260903;3
1002797;20260903;3
1383450;20260903;3
1655109;20260903;3
643187;20260903;3
72401;20260903;3
1777582;20260903;3
1604826;20260903;3
26525;20260903;3
374384;20260903;3
966106;20260903;3
399452;20260903;3
64504;20260903;3
211289;20260903;3
833482;20260903;3
1635403;20260903;3
1138197;20260903;3
1226485;20260903;3
1405048;20260903;3
140702;20260903;3
1713552;20260903;3
1136584;20260903;3
784851;20260903;3
889235;20260903;3
104278;20260903;3
1772416;20260903;3
224837;20260903;3
6876;20260903;3
1254129;20260903;3
380602;20260903;3
555253;20260903;3
1073285;20260903;3
1753262;20260903;3
1756572;20260903;3
195698;20260903;3
299015;20260903;3
51793;20260903;3
551364;20260903;3
87399;20260903;3
803029;20260903;3
1137703;20260903;3
960236;20260903;3
623140;20260903;3
1559574;20260903;3
1164622;20260903;3
482940;20260903;3
1631441;20260903;3
1148993;20260903;3
229156;20260903;3
115610;20260903;3
1318730;20260903;3
1557090;20260903;3
1409386;20260903;3
910800;20260903;3
1039768;20260903;3
1106832;20260903;3
1402103;20260903;3
1530652;20260903;3
222405;20260903;3
416771;20260903;3
982427;20260903;3
245247;20260903;3
851522;20260903;3
1199911;20260903;3
261475;20260903;3
9167;20260903;3
1430823;20260903;3
1135041;20260903;3
1140138;20260903;3
1272630;20260903;3
131822;20260903;3
1364716;20260903;3
1377636;20260903;3
1520594;20260903;3
1620132;20260903;3
172144;20260903;3
1743935;20260903;3
23461;20260903;3
257849;20260903;3
269834;20260903;3
456789;20260903;3
62884;20260903;3
646211;20260903;3
71048;20260903;3
781394;20260903;3
792965;20260903;3
810117;20260903;3
826377;20260903;3
842803;20260903;3
134545;20260903;3
1639659;20260903;3
1023020;20260903;3
1275971;20260903;3
1340574;20260903;3
589295;20260903;3
801011;20260903;3
1129157;20260903;3
128720;20260903;3
439929;20260903;3
835782;20260903;3
971156;20260903;3
1333038;20260903;3
618651;20260903;3
137125;20260903;3
1099797;20260903;3
1496876;20260903;3
1632913;20260903;3
554049;20260903;3
705447;20260903;3
755107;20260903;3
157993;20260903;3
198771;20260903;3
1245031;20260903;3
870433;20260903;3
460269;20260903;3
1002747;20260903;3
137373;20260903;3
1548436;20260903;3
1633267;20260903;3
637200;20260903;3
76763;20260903;3
1334897;20260903;3
1242958;20260903;3
1517551;20260903;3
56451;20260903;3
120297;20260903;3
1208406;20260903;3
275684;20260903;3
81564;20260903;3
1022012;20260903;3
400942;20260903;3
1169927;20260903;3
824853;20260903;3
530519;20260903;3
665309;20260903;3
1398983;20260903;3
1762008;20260903;3
938257;20260903;3
854172;20260903;3
1644943;20260903;3
962933;20260903;3
10142;20260903;3
149209;20260903;3
189051;20260903;3
950809;20260903;3
1431537;20260903;3
1230139;20260903;3
261146;20260903;3
126763;20260903;3
1614199;20260903;3
1243045;20260903;3
1291531;20260903;3
13700;20260903;3
1488002;20260903;3
1675498;20260903;3
1725160;20260903;3
1778243;20260903;3
680446;20260903;3
689166;20260903;3
13967;20260903;3
317631;20260903;3
1452739;20260903;3
50394;20260903;3
418683;20260903;3
277259;20260903;3
1591725;20260903;3
399227;20260903;3
1581949;20260903;3
127543;20260903;3
1637;20260903;3
1623663;20260903;3
1447014;20260903;3
371109;20260903;3
516022;20260903;3
1257563;20260903;3
991149;20260903;3
1351588;20260903;3
1624341;20260903;3
1697483;20260903;3
1723004;20260903;3
995623;20260903;3
6065;20260903;3
1154018;20260903;3
1234426;20260903;3
676947;20260903;3
1217769;20260903;3
1224950;20260903;3
1249958;20260903;3
636651;20260903;3
665030;20260903;3
843221;20260903;3
914973;20260903;3
849852;20260903;3
1010954;20260903;3
1276296;20260903;3
1322359;20260903;3
1726397;20260903;3
1392628;20260903;3
1442238;20260903;3
993809;20260903;3
1033667;20260903;3
1090267;20260903;3
1334356;20260903;3
1341508;20260903;3
1488056;20260903;3
1491350;20260903;3
1570072;20260903;3
1729740;20260903;3
32377;20260903;3
663789;20260903;3
897048;20260903;3
936973;20260903;3
1190961;20260903;3
126368;20260903;3
1369697;20260903;3
953113;20260903;3
916090;20260903;3
1395051;20260903;3
593158;20260903;3
641664;20260903;3
825143;20260903;3
417203;20260903;3
188568;20260903;3
1584057;20260903;3
1627216;20260903;3
235178;20260903;3
197727;20260903;3
492750;20260903;3
820457;20260903;3
1771329;20260903;3
1263811;20260903;3
1787176;20260903;3
527599;20260903;3
527904;20260903;3
881944;20260903;3
7123;20260903;3
1627669;20260903;3
175612;20260903;3
1181513;20260903;3
692951;20260903;3
941267;20260903;3
753149;20260903;3
1084201;20260903;3
1262523;20260903;3
1486298;20260903;3
235792;20260903;3
1290980;20260903;3
1348406;20260903;3
1252113;20260903;3
75011;20260903;3
1044996;20260903;3
255010;20260903;3
1196621;20260903;3
923452;20260903;3
250333;20260903;3
301900;20260903;3
678430;20260903;3
169177;20260903;3
1113599;20260903;3
1266986;20260903;3
1458232;20260903;3
100034;20260903;3
1020396;20260903;3
1437125;20260903;3
1499672;20260903;3
1507182;20260903;3
1782136;20260903;3
699312;20260903;3
1322945;20260903;3
1095049;20260903;3
887427;20260903;3
1046137;20260903;3
614968;20260903;3
768860;20260903;3
950854;20260903;3
159870;20260903;3
700991;20260903;3
1446509;20260903;3
359741;20260903;3
643885;20260903;3
1145223;20260903;3
389187;20260903;3
759074;20260903;3
1228622;20260903;3
224165;20260903;3
1270392;20260903;3
172284;20260903;3
729969;20260903;3
1438859;20260903;3
1548576;20260903;3
384244;20260903;3
1071475;20260903;3
1068802;20260903;3
311124;20260903;3
444031;20260903;3
1006684;20260903;3
33796;20260903;3
1780338;20260903;3
199580;20260903;3
213152;20260903;3
1333757;20260903;3
1187045;20260903;3
1178431;20260903;3
1541590;20260903;3
191369;20260903;3
1575598;20260903;3
1670417;20260903;3
1784234;20260903;3
452657;20260903;3
1027496;20260903;3
1348854;20260903;3
1438884;20260903;3
1591569;20260903;3
401743;20260903;3
663004;20260903;3
422150;20260903;3
536905;20260903;3
1672386;20260903;3
1722776;20260903;3
1011223;20260903;3
339295;20260903;3
1082934;20260903;3
1196046;20260903;3
1617304;20260903;3
936663;20260903;3
1740294;20260903;3
1667089;20260903;3
1277071;20260903;3
728562;20260903;3
1536231;20260903;3
508002;20260903;3
411323;20260903;3
767943;20260903;3
985309;20260903;3
375693;20260903;3
266941;20260903;3
363401;20260903;3
772800;20260903;3
1343922;20260903;3
1179386;20260903;3
163518;20260903;3
1585505;20260903;3
1303479;20260903;3
461266;20260903;3
545396;20260903;3
11865;20260903;3
1368974;20260903;3
133844;20260903;3
1724847;20260903;3
612254;20260903;3
189375;20260903;3
661218;20260903;3
874968;20260903;3
964355;20260903;3
1372859;20260903;3
1320798;20260903;3
1778345;20260903;3
31025;20260903;3
772003;20260903;3
303750;20260903;3
720341;20260903;3
175681;20260903;3
1536864;20260903;3
372338;20260903;3
921260;20260903;3
107;20260903;3
203962;20260903;3
1402289;20260903;3
153917;20260903;3
89658;20260903;3
827982;20260903;3
952742;20260903;3
198444;20260903;3
1007831;20260903;3
1221379;20260903;3
786631;20260903;3
208288;20260903;3
701416;20260903;3
525706;20260903;3
653751;20260903;3
350701;20260903;3
375847;20260903;3
161401;20260903;3
1087052;20260903;3
1197442;20260903;3
1362682;20260903;3
1410220;20260903;3
1603658;20260903;3
2119;20260903;3
356088;20260903;3
49323;20260903;3
1222277;20260903;3
1257021;20260903;3
1117865;20260903;3
241802;20260903;3
379601;20260903;3
878730;20260903;3
91732;20260903;3
1031693;20260903;3
1177116;20260903;3
1623417;20260903;3
1665197;20260903;3
1787880;20260903;3
268433;20260903;3
334887;20260903;3
626884;20260903;3
697479;20260903;3
698336;20260903;3
1144085;20260903;3
1364201;20260903;3
337230;20260903;3
1144608;20260903;3
1006351;20260903;3
167759;20260903;3
1207454;20260903;3
304240;20260903;3
381867;20260903;3
427587;20260903;3
824884;20260903;3
947353;20260903;3
270314;20260903;3
1093265;20260903;3
136701;20260903;3
1388762;20260903;3
1473500;20260903;3
1667489;20260903;3
1673679;20260903;3
1736823;20260903;3
597994;20260903;3
617201;20260903;3
1014392;20260903;3
1450022;20260903;3
780480;20260903;3
202226;20260903;3
1555608;20260903;3
664807;20260903;3
43125;20260903;3
1444519;20260903;3
829119;20260903;3
876640;20260903;3
433886;20260903;3
1738162;20260903;3
164665;20260903;3
1435694;20260903;3
1173990;20260903;3
1052960;20260903;3
696785;20260903;3
1528698;20260903;3
63542;20260903;3
669914;20260903;3
982120;20260903;3
503969;20260903;3
335500;20260903;3
381159;20260903;3
1398855;20260903;3
195109;20260903;3
806188;20260903;3
1688902;20260903;3
443852;20260903;3
448413;20260903;3
632667;20260903;3
1022958;20260903;3
778044;20260903;3
714007;20260903;3
1131672;20260903;3
1247003;20260903;3
1661674;20260903;3
722911;20260903;3
806556;20260903;3
307893;20260903;3
166361;20260903;3
1116972;20260903;3
1302597;20260903;3
1315631;20260903;3
1583868;20260903;3
225484;20260903;3
300545;20260903;3
847289;20260903;3
1213625;20260903;3
296203;20260903;3
240299;20260903;3
1290044;20260903;3
1262101;20260903;3
1569861;20260903;3
1572895;20260903;3
1575411;20260903;3
1777779;20260903;3
325382;20260903;3
382295;20260903;3
385813;20260903;3
424944;20260903;3
484948;20260903;3
554403;20260903;3
580916;20260903;3
314941;20260903;3
235249;20260903;3
1295279;20260903;3
1044004;20260903;3
19505;20260903;3
1192544;20260903;3
413976;20260903;3
1226059;20260903;3
1592244;20260903;3
1644960;20260903;3
272457;20260903;3
566366;20260903;3
1179008;20260903;3
667499;20260903;3
1099046;20260903;3
1212843;20260903;3
1783140;20260903;3
1513247;20260903;3
1411834;20260903;3
1717501;20260903;3
923060;20260903;3
192466;20260903;3
1719058;20260903;3
313031;20260903;3
100003;20260903;3
867954;20260903;3
483437;20260903;3
1741271;20260903;3
1035825;20260903;3
1232341;20260903;3
1419667;20260903;3
1538809;20260903;3
349328;20260903;3
580224;20260903;3
883159;20260903;3
901264;20260903;3
964066;20260903;3
984923;20260903;3
965761;20260903;3
1738337;20260903;3
264838;20260903;3
905153;20260903;3
44871;20260903;3
1369267;20260903;3
1458191;20260903;3
212342;20260903;3
563728;20260903;3
584257;20260903;3
648317;20260903;3
922917;20260903;3
957005;20260903;3
963718;20260903;3
1115224;20260903;3
1639637;20260903;3
709475;20260903;3
1319013;20260903;3
544943;20260903;3
949008;20260903;3
1567155;20260903;3
1596740;20260903;3
638886;20260903;3
898848;20260903;3
954690;20260903;3
1761810;20260903;3
516774;20260903;3
716782;20260903;3
902727;20260903;3
947577;20260903;3
102334;20260903;3
1185333;20260903;3
1705313;20260903;3
201158;20260903;3
448122;20260903;3
348318;20260903;3
386845;20260903;3
1054357;20260903;3
310966;20260903;3
669603;20260903;3
511996;20260903;3
759922;20260903;3
686992;20260903;3
1440870;20260903;3
285159;20260903;3
615260;20260903;3
148809;20260903;3
1718810;20260903;3
794102;20260903;3
867086;20260903;3
465726;20260903;3
1496965;20260903;3
1565258;20260903;3
490132;20260903;3
1441582;20260903;3
243690;20260903;3
271026;20260903;3
1305522;20260903;3
181281;20260903;3
1555323;20260903;3
651280;20260903;3
1003463;20260903;3
350937;20260903;3
1011922;20260903;3
245399;20260903;3
33142;20260903;3
67233;20260903;3
206407;20260903;3
515348;20260903;3
448250;20260903;3
336094;20260903;3
1433459;20260903;3
695488;20260903;3
51061;20260903;3
1169138;20260903;3
758968;20260903;3
1531924;20260903;3
1088342;20260903;3
484995;20260903;3
100762;20260903;3
783068;20260903;3
581552;20260903;3
572950;20260903;3
171984;20260903;3
571469;20260903;3
1558693;20260903;3
1740739;20260903;3
1204668;20260903;3
13314;20260903;3
1749043;20260903;3
455541;20260903;3
1472664;20260903;3
1435912;20260903;3
1586142;20260903;3
1629567;20260903;3
1712410;20260903;3
1737899;20260903;3
197780;20260903;3
68038;20260903;3
1388849;20260903;3
924120;20260903;3
864028;20260903;3
258570;20260903;3
72131;20260903;3
692839;20260903;3
1370861;20260903;3
475636;20260903;3
963857;20260903;3
1023960;20260903;3
1035310;20260903;3
1062245;20260903;3
1063241;20260903;3
11081;20260903;3
1165731;20260903;3
1216478;20260903;3
1487068;20260903;3
1567612;20260903;3
1691591;20260903;3
1737455;20260903;3
296109;20260903;3
552646;20260903;3
613503;20260903;3
621001;20260903;3
92663;20260903;3
974666;20260903;3
386812;20260903;3
1069132;20260903;3
1141840;20260903;3
12042;20260903;3
1396619;20260903;3
561326;20260903;3
612664;20260903;3
1532431;20260903;3
1783654;20260903;3
682424;20260903;3
731081;20260903;3
1045349;20260903;3
1173976;20260903;3
233929;20260903;3
285473;20260903;3
1664584;20260903;3
402632;20260903;3
1698345;20260903;3
582720;20260903;3
591921;20260903;3
889261;20260903;3
1281008;20260903;3
1631480;20260903;3
1732171;20260903;3
718853;20260903;3
1648260;20260903;3
569240;20260903;3
1290529;20260903;3
134694;20260903;3
1621975;20260903;3
736966;20260903;3
899623;20260903;3
1169091;20260903;3
1260884;20260903;3
477283;20260903;3
254517;20260903;3
984384;20260903;3
1773077;20260903;3
54679;20260903;3
9797;20260903;3
941660;20260903;3
1600212;20260903;3
196782;20260903;3
511167;20260903;3
126471;20260903;3
413514;20260903;3
411241;20260903;3
1761389;20260903;3
297037;20260903;3
1577640;20260903;3
1133400;20260903;3
1179295;20260903;3
688289;20260903;3
691830;20260903;3
222889;20260903;3
1515367;20260903;3
770461;20260903;3
859410;20260903;3
533470;20260903;3
824055;20260903;3
1410963;20260903;3
5828;20260903;3
1354377;20260903;3
1638246;20260903;3
1766478;20260903;3
280390;20260903;3
1320712;20260903;3
1352778;20260903;3
699607;20260903;3
1387886;20260903;3
542969;20260903;3
60373;20260903;3
1680093;20260903;3
1651253;20260903;3
1061321;20260903;3
1627648;20260903;3
1352685;20260903;3
327922;20260903;3
692825;20260903;3
93078;20260903;3
951557;20260903;3
1129502;20260903;3
1487942;20260903;3
556604;20260903;3
1199319;20260903;3
219089;20260903;3
704050;20260903;3
633995;20260903;3
1591446;20260903;3
179673;20260903;3
579985;20260903;3
145080;20260903;3
165751;20260903;3
1711804;20260903;3
168242;20260903;3
560276;20260903;3
537766;20260903;3
800116;20260903;3
1702019;20260903;3
533371;20260903;3
1311113;20260903;3
1780604;20260903;3
114305;20260903;3
329955;20260903;3
339197;20260903;3
60564;20260903;3
276572;20260903;3
66657;20260903;3
896214;20260903;3
1748176;20260903;3
1069960;20260903;3
602991;20260903;3
1116347;20260903;3
1328878;20260903;3
168771;20260903;3
1692293;20260903;3
172835;20260903;3
1754106;20260903;3
466107;20260903;3
614898;20260903;3
715483;20260903;3
757886;20260903;3
925890;20260903;3
990186;20260903;3
733502;20260903;3
407326;20260903;3
1090613;20260903;3
883028;20260903;3
116943;20260903;3
1273694;20260903;3
1481747;20260903;3
1268547;20260903;3
1153381;20260903;3
1455523;20260903;3
248047;20260903;3
719573;20260903;3
650829;20260903;3
248652;20260903;3
1052716;20260903;3
1495539;20260903;3
707539;20260903;3
794074;20260903;3
889850;20260903;3
967070;20260903;3
1446612;20260903;3
92737;20260903;3
1623962;20260903;3
1359415;20260903;3
1666258;20260903;3
968703;20260903;3
273751;20260903;3
930845;20260903;3
769242;20260903;3
1356095;20260903;3
1397982;20260903;3
245943;20260903;3
1267527;20260903;3
1615306;20260903;3
1656761;20260903;3
1686164;20260903;3
1749219;20260903;3
252288;20260903;3
630371;20260903;3
823521;20260903;3
569893;20260903;3
745586;20260903;3
311132;20260903;3
283106;20260903;3
307295;20260903;3
728920;20260903;3
1177189;20260903;3
807699;20260903;3
1009312;20260903;3
1149933;20260903;3
1570027;20260903;3
1758823;20260903;3
401674;20260903;3
530050;20260903;3
752734;20260903;3
1266188;20260903;3
160966;20260903;3
547196;20260903;3
83359;20260903;3
1657529;20260903;3
430902;20260903;3
1400084;20260903;3
470912;20260903;3
1547008;20260903;3
1605673;20260903;3
286863;20260903;3
353260;20260903;3
1460773;20260903;3
1037471;20260903;3
107924;20260903;3
1250364;20260903;3
1266001;20260903;3
1376501;20260903;3
1390776;20260903;3
139400;20260903;3
1461820;20260903;3
1494096;20260903;3
1727918;20260903;3
173521;20260903;3
189847;20260903;3
219258;20260903;3
238291;20260903;3
261008;20260903;3
328491;20260903;3
454596;20260903;3
531753;20260903;3
75649;20260903;3
947552;20260903;3
965839;20260903;3
98606;20260903;3
1295680;20260903;3
1431729;20260903;3
1498452;20260903;3
213003;20260903;3
767402;20260903;3
815831;20260903;3
870079;20260903;3
1703496;20260903;3
939820;20260903;3
5771;20260903;3
1347400;20260903;3
348190;20260903;3
576717;20260903;3
599322;20260903;3
1202061;20260903;3
1001634;20260903;3
1054319;20260903;3
1353978;20260903;3
782343;20260903;3
997801;20260903;3
1203363;20260903;3
696223;20260903;3
97419;20260903;3
1621936;20260903;3
74547;20260903;3
378254;20260903;3
969323;20260903;3
1386272;20260903;3
1761657;20260903;3
721142;20260903;3
1054915;20260903;3
1752459;20260903;3
185585;20260903;3
1147938;20260903;3
1275299;20260903;3
229716;20260903;3
1260773;20260904;4
43366;20260904;4
1081540;20260904;4
1395559;20260904;4
1581030;20260904;4
1657548;20260904;4
1062285;20260904;4
1700257;20260904;4
442434;20260904;4
907933;20260904;4
956031;20260904;4
1702949;20260904;4
631782;20260904;4
1303678;20260904;4
218727;20260904;4
686278;20260904;4
1579104;20260904;4
304635;20260904;4
474650;20260904;4
972554;20260904;4
1018798;20260904;4
584317;20260904;4
1111071;20260904;4
903742;20260904;4
759821;20260904;4
909621;20260904;4
1382238;20260904;4
1143120;20260904;4
190346;20260904;4
267269;20260904;4
461655;20260904;4
1540789;20260904;4
1782338;20260904;4
377263;20260904;4
1310181;20260904;4
1391147;20260904;4
333632;20260904;4
1517381;20260904;4
1042951;20260904;4
111702;20260904;4
1202661;20260904;4
1260840;20260904;4
131919;20260904;4
1418368;20260904;4
1587669;20260904;4
1690693;20260904;4
1743289;20260904;4
213711;20260904;4
220938;20260904;4
246208;20260904;4
32310;20260904;4
460462;20260904;4
461773;20260904;4
493300;20260904;4
803130;20260904;4
966689;20260904;4
1018860;20260904;4
194608;20260904;4
1643776;20260904;4
1011860;20260904;4
339476;20260904;4
1669751;20260904;4
1563746;20260904;4
1100511;20260904;4
791087;20260904;4
219937;20260904;4
531063;20260904;4
20876;20260904;4
1195820;20260904;4
1315522;20260904;4
212673;20260904;4
451690;20260904;4
1494066;20260904;4
159887;20260904;4
312730;20260904;4
709862;20260904;4
1278294;20260904;4
13543;20260904;4
1453316;20260904;4
1667573;20260904;4
448823;20260904;4
621405;20260904;4
719560;20260904;4
929034;20260904;4
548594;20260904;4
1160892;20260904;4
1162487;20260904;4
94621;20260904;4
443882;20260904;4
575396;20260904;4
1015090;20260904;4
1553760;20260904;4
627629;20260904;4
859370;20260904;4
12827;20260904;4
1606746;20260904;4
1698007;20260904;4
279113;20260904;4
422460;20260904;4
112137;20260904;4
1298506;20260904;4
777352;20260904;4
1316049;20260904;4
425396;20260904;4
462500;20260904;4
798469;20260904;4
424322;20260904;4
1686487;20260904;4
1601499;20260904;4
1244745;20260904;4
1338316;20260904;4
1548159;20260904;4
1609597;20260904;4
1711728;20260904;4
1741934;20260904;4
389991;20260904;4
465419;20260904;4
559722;20260904;4
968575;20260904;4
1139023;20260904;4
1592810;20260904;4
355277;20260904;4
420425;20260904;4
4735;20260904;4
1000894;20260904;4
338680;20260904;4
1437510;20260904;4
1252473;20260904;4
1455524;20260904;4
105433;20260904;4
1583187;20260904;4
884685;20260904;4
324225;20260904;4
812555;20260904;4
1028946;20260904;4
1483321;20260904;4
1406831;20260904;4
1596853;20260904;4
1057510;20260904;4
1389222;20260904;4
5900;20260904;4
991018;20260904;4
1251849;20260904;4
588141;20260904;4
258130;20260904;4
1608824;20260904;4
644700;20260904;4
1406730;20260904;4
117364;20260904;4
1359590;20260904;4
833904;20260904;4
329639;20260904;4
1373571;20260904;4
1401613;20260904;4
1309652;20260904;4
1386789;20260904;4
1525100;20260904;4
1737464;20260904;4
322066;20260904;4
595359;20260904;4
734804;20260904;4
1085064;20260904;4
1232842;20260904;4
1460810;20260904;4
1615796;20260904;4
1739778;20260904;4
1744487;20260904;4
1759164;20260904;4
24035;20260904;4
606487;20260904;4
351195;20260904;4
202037;20260904;4
1675860;20260904;4
385540;20260904;4
449790;20260904;4
1080977;20260904;4
314292;20260904;4
1306969;20260904;4
309270;20260904;4
360778;20260904;4
406923;20260904;4
629468;20260904;4
866101;20260904;4
20875;20260904;4
130146;20260904;4
1325480;20260904;4
950085;20260904;4
573852;20260904;4
986338;20260904;4
622412;20260904;4
483802;20260904;4
1613890;20260904;4
1002797;20260904;4
1383450;20260904;4
1655109;20260904;4
643187;20260904;4
72401;20260904;4
1604826;20260904;4
374384;20260904;4
399452;20260904;4
64504;20260904;4
211289;20260904;4
833482;20260904;4
1635403;20260904;4
272224;20260904;4
1138197;20260904;4
1226485;20260904;4
1405048;20260904;4
140702;20260904;4
1713552;20260904;4
1182167;20260904;4
1136584;20260904;4
784851;20260904;4
104278;20260904;4
1772416;20260904;4
224837;20260904;4
6876;20260904;4
1254129;20260904;4
380602;20260904;4
189347;20260904;4
1073285;20260904;4
1753262;20260904;4
1756572;20260904;4
195698;20260904;4
299015;20260904;4
51793;20260904;4
551364;20260904;4
87399;20260904;4
803029;20260904;4
119100;20260904;4
1137703;20260904;4
960236;20260904;4
1636116;20260904;4
1559702;20260904;4
1164622;20260904;4
482940;20260904;4
620572;20260904;4
1631441;20260904;4
1148993;20260904;4
479604;20260904;4
229156;20260904;4
918265;20260904;4
1557090;20260904;4
1039768;20260904;4
1106832;20260904;4
1402103;20260904;4
1530652;20260904;4
222405;20260904;4
416771;20260904;4
982427;20260904;4
448498;20260904;4
245247;20260904;4
851522;20260904;4
1199911;20260904;4
261475;20260904;4
9167;20260904;4
1430823;20260904;4
602493;20260904;4
1135041;20260904;4
1140138;20260904;4
1272630;20260904;4
131822;20260904;4
1364716;20260904;4
1377636;20260904;4
1520594;20260904;4
1620132;20260904;4
172144;20260904;4
1743935;20260904;4
23461;20260904;4
257849;20260904;4
269834;20260904;4
456789;20260904;4
62884;20260904;4
646211;20260904;4
71048;20260904;4
781394;20260904;4
792965;20260904;4
810117;20260904;4
826377;20260904;4
842803;20260904;4
1431243;20260904;4
134545;20260904;4
1639659;20260904;4
1023020;20260904;4
1412675;20260904;4
678541;20260904;4
1129157;20260904;4
128720;20260904;4
439929;20260904;4
835782;20260904;4
971156;20260904;4
1333038;20260904;4
618651;20260904;4
1099797;20260904;4
1496876;20260904;4
1632913;20260904;4
554049;20260904;4
705447;20260904;4
755107;20260904;4
157993;20260904;4
9189;20260904;4
313380;20260904;4
1245031;20260904;4
870433;20260904;4
460269;20260904;4
1002747;20260904;4
137373;20260904;4
1548436;20260904;4
1633267;20260904;4
637200;20260904;4
76763;20260904;4
1334897;20260904;4
1242958;20260904;4
1517551;20260904;4
56451;20260904;4
1404317;20260904;4
120297;20260904;4
1208406;20260904;4
275684;20260904;4
81564;20260904;4
1022012;20260904;4
400942;20260904;4
1169927;20260904;4
824853;20260904;4
530519;20260904;4
665309;20260904;4
1398983;20260904;4
1762008;20260904;4
938257;20260904;4
10142;20260904;4
149209;20260904;4
189051;20260904;4
950809;20260904;4
1273152;20260904;4
226693;20260904;4
1431537;20260904;4
1230139;20260904;4
261146;20260904;4
126763;20260904;4
1614199;20260904;4
1243045;20260904;4
1291531;20260904;4
13700;20260904;4
1488002;20260904;4
1675498;20260904;4
1725160;20260904;4
1778243;20260904;4
680446;20260904;4
689166;20260904;4
13967;20260904;4
50394;20260904;4
277259;20260904;4
1591725;20260904;4
399227;20260904;4
1641881;20260904;4
1581949;20260904;4
97571;20260904;4
127543;20260904;4
1637;20260904;4
411195;20260904;4
1447014;20260904;4
516022;20260904;4
1171353;20260904;4
1257563;20260904;4
991149;20260904;4
1351588;20260904;4
1624341;20260904;4
1697483;20260904;4
1723004;20260904;4
995623;20260904;4
6065;20260904;4
1154018;20260904;4
1234426;20260904;4
1035379;20260904;4
1244401;20260904;4
419256;20260904;4
612286;20260904;4
659506;20260904;4
944059;20260904;4
987859;20260904;4
849852;20260904;4
1558704;20260904;4
1010954;20260904;4
1276296;20260904;4
1322359;20260904;4
1726397;20260904;4
993809;20260904;4
1033667;20260904;4
1090267;20260904;4
1334356;20260904;4
1341508;20260904;4
1488056;20260904;4
1491350;20260904;4
1570072;20260904;4
1729740;20260904;4
32377;20260904;4
663789;20260904;4
897048;20260904;4
936973;20260904;4
953113;20260904;4
1000047;20260904;4
1027646;20260904;4
1632605;20260904;4
1731915;20260904;4
303706;20260904;4
916090;20260904;4
593158;20260904;4
641664;20260904;4
825143;20260904;4
417203;20260904;4
188568;20260904;4
1584057;20260904;4
1627216;20260904;4
235178;20260904;4
197727;20260904;4
492750;20260904;4
775051;20260904;4
820457;20260904;4
1771329;20260904;4
1263811;20260904;4
1787176;20260904;4
527599;20260904;4
527904;20260904;4
881944;20260904;4
7123;20260904;4
1627669;20260904;4
175612;20260904;4
1181513;20260904;4
692951;20260904;4
941267;20260904;4
753149;20260904;4
1084201;20260904;4
1262523;20260904;4
1486298;20260904;4
235792;20260904;4
1290980;20260904;4
1348406;20260904;4
1252113;20260904;4
75011;20260904;4
1044996;20260904;4
255010;20260904;4
1196621;20260904;4
923452;20260904;4
250333;20260904;4
301900;20260904;4
678430;20260904;4
116235;20260904;4
1787695;20260904;4
100034;20260904;4
1020396;20260904;4
1437125;20260904;4
1499672;20260904;4
1507182;20260904;4
1782136;20260904;4
699312;20260904;4
1095049;20260904;4
1071537;20260904;4
899534;20260904;4
1633986;20260904;4
1046137;20260904;4
614968;20260904;4
768860;20260904;4
950854;20260904;4
159870;20260904;4
700991;20260904;4
1446509;20260904;4
359741;20260904;4
1708270;20260904;4
1145223;20260904;4
389187;20260904;4
759074;20260904;4
1228622;20260904;4
470232;20260904;4
224165;20260904;4
1270392;20260904;4
172284;20260904;4
729969;20260904;4
1438859;20260904;4
1548576;20260904;4
384244;20260904;4
1071475;20260904;4
1222038;20260904;4
444031;20260904;4
1006684;20260904;4
33796;20260904;4
1780338;20260904;4
199580;20260904;4
213152;20260904;4
1333757;20260904;4
1187045;20260904;4
1178431;20260904;4
1541590;20260904;4
191369;20260904;4
1575598;20260904;4
1670417;20260904;4
1784234;20260904;4
452657;20260904;4
1027496;20260904;4
1348854;20260904;4
1438884;20260904;4
1591569;20260904;4
401743;20260904;4
663004;20260904;4
422150;20260904;4
536905;20260904;4
1672386;20260904;4
1722776;20260904;4
1011223;20260904;4
339295;20260904;4
1082934;20260904;4
1594800;20260904;4
1196046;20260904;4
1617304;20260904;4
936663;20260904;4
1740294;20260904;4
1667089;20260904;4
1277071;20260904;4
728562;20260904;4
1536231;20260904;4
767943;20260904;4
985309;20260904;4
266941;20260904;4
363401;20260904;4
772800;20260904;4
719497;20260904;4
1343922;20260904;4
1179386;20260904;4
163518;20260904;4
1317959;20260904;4
1585505;20260904;4
1303479;20260904;4
436302;20260904;4
66162;20260904;4
743393;20260904;4
1368974;20260904;4
133844;20260904;4
1724847;20260904;4
612254;20260904;4
189375;20260904;4
661218;20260904;4
874968;20260904;4
964355;20260904;4
1320798;20260904;4
31025;20260904;4
303750;20260904;4
720341;20260904;4
175681;20260904;4
1536864;20260904;4
372338;20260904;4
921260;20260904;4
1298237;20260904;4
107;20260904;4
203962;20260904;4
1402289;20260904;4
153917;20260904;4
89658;20260904;4
827982;20260904;4
580657;20260904;4
952742;20260904;4
198444;20260904;4
1007831;20260904;4
1221379;20260904;4
786631;20260904;4
208288;20260904;4
701416;20260904;4
525706;20260904;4
653751;20260904;4
350701;20260904;4
375847;20260904;4
1628912;20260904;4
1087052;20260904;4
1197442;20260904;4
1362682;20260904;4
1410220;20260904;4
1603658;20260904;4
2119;20260904;4
356088;20260904;4
49323;20260904;4
1386565;20260904;4
1222277;20260904;4
1257021;20260904;4
1117865;20260904;4
241802;20260904;4
379601;20260904;4
878730;20260904;4
91732;20260904;4
1031693;20260904;4
1177116;20260904;4
1623417;20260904;4
1665197;20260904;4
1787880;20260904;4
268433;20260904;4
334887;20260904;4
626884;20260904;4
697479;20260904;4
698336;20260904;4
1364201;20260904;4
337230;20260904;4
1144608;20260904;4
1006351;20260904;4
167759;20260904;4
1296199;20260904;4
1207454;20260904;4
1375629;20260904;4
270314;20260904;4
1093265;20260904;4
136701;20260904;4
1388762;20260904;4
1473500;20260904;4
1667489;20260904;4
1673679;20260904;4
1736823;20260904;4
597994;20260904;4
617201;20260904;4
1337964;20260904;4
448492;20260904;4
1450022;20260904;4
329438;20260904;4
505393;20260904;4
614588;20260904;4
780480;20260904;4
202226;20260904;4
1555608;20260904;4
43125;20260904;4
1084176;20260904;4
1444519;20260904;4
829119;20260904;4
876640;20260904;4
164665;20260904;4
1435694;20260904;4
916291;20260904;4
1173990;20260904;4
1052960;20260904;4
696785;20260904;4
1317940;20260904;4
655593;20260904;4
669914;20260904;4
982120;20260904;4
503969;20260904;4
335500;20260904;4
381159;20260904;4
1398855;20260904;4
195109;20260904;4
806188;20260904;4
1688902;20260904;4
841585;20260904;4
443852;20260904;4
448413;20260904;4
1022958;20260904;4
778044;20260904;4
714007;20260904;4
1131672;20260904;4
1247003;20260904;4
1661674;20260904;4
722911;20260904;4
806556;20260904;4
307893;20260904;4
1116972;20260904;4
1302597;20260904;4
1315631;20260904;4
1583868;20260904;4
225484;20260904;4
300545;20260904;4
1518076;20260904;4
453288;20260904;4
241251;20260904;4
296203;20260904;4
1734174;20260904;4
1290044;20260904;4
1262101;20260904;4
1516808;20260904;4
1569861;20260904;4
1572895;20260904;4
1575411;20260904;4
1777779;20260904;4
325382;20260904;4
382295;20260904;4
385813;20260904;4
424944;20260904;4
484948;20260904;4
554403;20260904;4
580916;20260904;4
314941;20260904;4
1114577;20260904;4
1295279;20260904;4
1044004;20260904;4
19505;20260904;4
1192544;20260904;4
413976;20260904;4
1226059;20260904;4
1592244;20260904;4
1644960;20260904;4
272457;20260904;4
566366;20260904;4
1179008;20260904;4
1099046;20260904;4
1157973;20260904;4
1212843;20260904;4
1783140;20260904;4
1215980;20260904;4
1187736;20260904;4
1777244;20260904;4
455273;20260904;4
1203350;20260904;4
1719058;20260904;4
313031;20260904;4
100003;20260904;4
867954;20260904;4
847148;20260904;4
1741271;20260904;4
965761;20260904;4
623239;20260904;4
93562;20260904;4
268530;20260904;4
791974;20260904;4
956468;20260904;4
494726;20260904;4
1514138;20260904;4
264838;20260904;4
568161;20260904;4
61621;20260904;4
730561;20260904;4
428783;20260904;4
1102237;20260904;4
1108035;20260904;4
1369267;20260904;4
1458191;20260904;4
212342;20260904;4
563728;20260904;4
584257;20260904;4
648317;20260904;4
922917;20260904;4
957005;20260904;4
928625;20260904;4
1115224;20260904;4
1639637;20260904;4
709475;20260904;4
1319013;20260904;4
1535536;20260904;4
544943;20260904;4
318977;20260904;4
949008;20260904;4
1567155;20260904;4
1596740;20260904;4
638886;20260904;4
898848;20260904;4
1303786;20260904;4
1761810;20260904;4
516774;20260904;4
716782;20260904;4
902727;20260904;4
947577;20260904;4
102334;20260904;4
1185333;20260904;4
1705313;20260904;4
201158;20260904;4
448122;20260904;4
1142507;20260904;4
1620862;20260904;4
1054357;20260904;4
511996;20260904;4
759922;20260904;4
686992;20260904;4
1440870;20260904;4
285159;20260904;4
615260;20260904;4
148809;20260904;4
1718810;20260904;4
794102;20260904;4
867086;20260904;4
126710;20260904;4
506610;20260904;4
699734;20260904;4
736859;20260904;4
862274;20260904;4
1010622;20260904;4
1598090;20260904;4
1441582;20260904;4
243690;20260904;4
271026;20260904;4
1305522;20260904;4
181281;20260904;4
1555323;20260904;4
799325;20260904;4
1003463;20260904;4
1723094;20260904;4
350937;20260904;4
1011922;20260904;4
245399;20260904;4
33142;20260904;4
67233;20260904;4
1207685;20260904;4
938351;20260904;4
1545060;20260904;4
206407;20260904;4
515348;20260904;4
1281399;20260904;4
21322;20260904;4
51061;20260904;4
1169138;20260904;4
758968;20260904;4
1531924;20260904;4
1088342;20260904;4
484995;20260904;4
100762;20260904;4
783068;20260904;4
171984;20260904;4
571469;20260904;4
1558693;20260904;4
1740739;20260904;4
1204668;20260904;4
13314;20260904;4
1749043;20260904;4
455541;20260904;4
1472664;20260904;4
1435912;20260904;4
1586142;20260904;4
1629567;20260904;4
1712410;20260904;4
1737899;20260904;4
197780;20260904;4
1235422;20260904;4
1388849;20260904;4
924120;20260904;4
864028;20260904;4
258570;20260904;4
72131;20260904;4
692839;20260904;4
771757;20260904;4
1023960;20260904;4
1035310;20260904;4
1062245;20260904;4
1063241;20260904;4
11081;20260904;4
1165731;20260904;4
1216478;20260904;4
1487068;20260904;4
1567612;20260904;4
1691591;20260904;4
1737455;20260904;4
296109;20260904;4
552646;20260904;4
613503;20260904;4
621001;20260904;4
92663;20260904;4
974666;20260904;4
1069132;20260904;4
1141840;20260904;4
12042;20260904;4
1396619;20260904;4
561326;20260904;4
612664;20260904;4
1532431;20260904;4
1783654;20260904;4
682424;20260904;4
731081;20260904;4
1045349;20260904;4
1173976;20260904;4
233929;20260904;4
1664584;20260904;4
1229268;20260904;4
402632;20260904;4
1698345;20260904;4
582720;20260904;4
1648260;20260904;4
569240;20260904;4
104786;20260904;4
1147220;20260904;4
152369;20260904;4
1762649;20260904;4
234410;20260904;4
287537;20260904;4
340894;20260904;4
480226;20260904;4
632306;20260904;4
802277;20260904;4
1290529;20260904;4
134694;20260904;4
1621975;20260904;4
736966;20260904;4
899623;20260904;4
1362736;20260904;4
1169091;20260904;4
477283;20260904;4
254517;20260904;4
984384;20260904;4
1773077;20260904;4
54679;20260904;4
309659;20260904;4
9797;20260904;4
588786;20260904;4
941660;20260904;4
1600212;20260904;4
511167;20260904;4
413514;20260904;4
411241;20260904;4
1761389;20260904;4
297037;20260904;4
1577640;20260904;4
1133400;20260904;4
1179295;20260904;4
688289;20260904;4
691830;20260904;4
222889;20260904;4
1114784;20260904;4
1515367;20260904;4
770461;20260904;4
859410;20260904;4
824055;20260904;4
1410963;20260904;4
5828;20260904;4
1354377;20260904;4
1638246;20260904;4
1766478;20260904;4
280390;20260904;4
1320712;20260904;4
1352778;20260904;4
699607;20260904;4
1387886;20260904;4
542969;20260904;4
156539;20260904;4
60373;20260904;4
1680093;20260904;4
1651253;20260904;4
1061321;20260904;4
1627648;20260904;4
1352685;20260904;4
327922;20260904;4
692825;20260904;4
93078;20260904;4
1129502;20260904;4
1487942;20260904;4
556604;20260904;4
1199319;20260904;4
219089;20260904;4
704050;20260904;4
633995;20260904;4
1591446;20260904;4
179673;20260904;4
579985;20260904;4
145080;20260904;4
165751;20260904;4
1711804;20260904;4
1401232;20260904;4
168242;20260904;4
560276;20260904;4
537766;20260904;4
1517224;20260904;4
533371;20260904;4
1311113;20260904;4
116656;20260904;4
1780604;20260904;4
114305;20260904;4
329955;20260904;4
339197;20260904;4
60564;20260904;4
66657;20260904;4
896214;20260904;4
1748176;20260904;4
1069960;20260904;4
602991;20260904;4
1116347;20260904;4
1328878;20260904;4
168771;20260904;4
1692293;20260904;4
172835;20260904;4
1754106;20260904;4
466107;20260904;4
614898;20260904;4
715483;20260904;4
757886;20260904;4
925890;20260904;4
990186;20260904;4
1034500;20260904;4
1090613;20260904;4
883028;20260904;4
116943;20260904;4
1273694;20260904;4
1481747;20260904;4
1268547;20260904;4
1153381;20260904;4
1455523;20260904;4
248047;20260904;4
719573;20260904;4
659531;20260904;4
650829;20260904;4
248652;20260904;4
1052716;20260904;4
1495539;20260904;4
707539;20260904;4
794074;20260904;4
967070;20260904;4
1574402;20260904;4
532897;20260904;4
635006;20260904;4
584159;20260904;4
1623962;20260904;4
1666258;20260904;4
968703;20260904;4
479323;20260904;4
273751;20260904;4
930845;20260904;4
1036685;20260904;4
769242;20260904;4
1356095;20260904;4
1397982;20260904;4
245943;20260904;4
1267527;20260904;4
1615306;20260904;4
1656761;20260904;4
1686164;20260904;4
1749219;20260904;4
252288;20260904;4
630371;20260904;4
823521;20260904;4
760709;20260904;4
283106;20260904;4
307295;20260904;4
728920;20260904;4
1177189;20260904;4
807699;20260904;4
1739435;20260904;4
1009312;20260904;4
1149933;20260904;4
1570027;20260904;4
1758823;20260904;4
401674;20260904;4
530050;20260904;4
752734;20260904;4
1266188;20260904;4
160966;20260904;4
547196;20260904;4
83359;20260904;4
1657529;20260904;4
430902;20260904;4
1400084;20260904;4
470912;20260904;4
1547008;20260904;4
1605673;20260904;4
286863;20260904;4
1037471;20260904;4
107924;20260904;4
1250364;20260904;4
1266001;20260904;4
1376501;20260904;4
1390776;20260904;4
139400;20260904;4
1461820;20260904;4
1494096;20260904;4
1727918;20260904;4
173521;20260904;4
189847;20260904;4
219258;20260904;4
238291;20260904;4
261008;20260904;4
328491;20260904;4
454596;20260904;4
531753;20260904;4
75649;20260904;4
947552;20260904;4
965839;20260904;4
98606;20260904;4
1295680;20260904;4
1431729;20260904;4
1498452;20260904;4
213003;20260904;4
767402;20260904;4
815831;20260904;4
870079;20260904;4
1703496;20260904;4
939820;20260904;4
5771;20260904;4
1347400;20260904;4
348190;20260904;4
576717;20260904;4
599322;20260904;4
1202061;20260904;4
1353978;20260904;4
782343;20260904;4
997801;20260904;4
1188108;20260904;4
1704255;20260904;4
1203363;20260904;4
696223;20260904;4
97419;20260904;4
1621936;20260904;4
74547;20260904;4
378254;20260904;4
969323;20260904;4
1386272;20260904;4
1761657;20260904;4
721142;20260904;4
1054915;20260904;4
1752459;20260904;4
185585;20260904;4
1147938;20260904;4
1275299;20260904;4
229716;20260904;4
601618;20260904;4
70541;20260904;4
1260773;20260905;5
43366;20260905;5
1081540;20260905;5
1395559;20260905;5
1581030;20260905;5
1657548;20260905;5
1062285;20260905;5
1700257;20260905;5
442434;20260905;5
907933;20260905;5
956031;20260905;5
1702949;20260905;5
631782;20260905;5
1303678;20260905;5
218727;20260905;5
686278;20260905;5
1194168;20260905;5
1338215;20260905;5
612710;20260905;5
848083;20260905;5
923384;20260905;5
1091118;20260905;5
554752;20260905;5
1031582;20260905;5
1492229;20260905;5
870116;20260905;5
973316;20260905;5
345193;20260905;5
1249527;20260905;5
1382238;20260905;5
1033452;20260905;5
1782338;20260905;5
1500985;20260905;5
1215926;20260905;5
1322590;20260905;5
1602055;20260905;5
1310181;20260905;5
1391147;20260905;5
333632;20260905;5
1517381;20260905;5
374998;20260905;5
1042951;20260905;5
111702;20260905;5
1202661;20260905;5
1260840;20260905;5
131919;20260905;5
1418368;20260905;5
1587669;20260905;5
1690693;20260905;5
1743289;20260905;5
213711;20260905;5
220938;20260905;5
246208;20260905;5
32310;20260905;5
460462;20260905;5
461773;20260905;5
493300;20260905;5
803130;20260905;5
966689;20260905;5
1018860;20260905;5
194608;20260905;5
1643776;20260905;5
1346279;20260905;5
1669751;20260905;5
1211372;20260905;5
219937;20260905;5
531063;20260905;5
371020;20260905;5
1195820;20260905;5
1315522;20260905;5
960788;20260905;5
1409119;20260905;5
1629989;20260905;5
526075;20260905;5
451690;20260905;5
1494066;20260905;5
159887;20260905;5
312730;20260905;5
831170;20260905;5
1231579;20260905;5
117503;20260905;5
128236;20260905;5
273429;20260905;5
1160892;20260905;5
1162487;20260905;5
765056;20260905;5
575396;20260905;5
1751014;20260905;5
19888;20260905;5
1407811;20260905;5
1032980;20260905;5
11766;20260905;5
163265;20260905;5
272146;20260905;5
284115;20260905;5
334886;20260905;5
423985;20260905;5
45642;20260905;5
495660;20260905;5
54963;20260905;5
651524;20260905;5
672882;20260905;5
792702;20260905;5
942302;20260905;5
989713;20260905;5
1398820;20260905;5
647611;20260905;5
1309926;20260905;5
1513316;20260905;5
26744;20260905;5
400734;20260905;5
1213055;20260905;5
1037448;20260905;5
1045066;20260905;5
960130;20260905;5
1337801;20260905;5
1207763;20260905;5
1139023;20260905;5
1592810;20260905;5
355277;20260905;5
420425;20260905;5
4735;20260905;5
1290773;20260905;5
22702;20260905;5
1000894;20260905;5
255955;20260905;5
338680;20260905;5
1252473;20260905;5
1455524;20260905;5
105433;20260905;5
1583187;20260905;5
1470122;20260905;5
958209;20260905;5
324225;20260905;5
1028946;20260905;5
1057510;20260905;5
311119;20260905;5
1389222;20260905;5
5900;20260905;5
1195709;20260905;5
271253;20260905;5
893596;20260905;5
991018;20260905;5
1251849;20260905;5
588141;20260905;5
258130;20260905;5
1524404;20260905;5
524668;20260905;5
644700;20260905;5
1155144;20260905;5
1554959;20260905;5
972891;20260905;5
1399864;20260905;5
1085064;20260905;5
1232842;20260905;5
1460810;20260905;5
1615796;20260905;5
1739778;20260905;5
1744487;20260905;5
1759164;20260905;5
24035;20260905;5
606487;20260905;5
351195;20260905;5
1150353;20260905;5
1364723;20260905;5
167128;20260905;5
202037;20260905;5
1675860;20260905;5
385540;20260905;5
1080977;20260905;5
314292;20260905;5
1306969;20260905;5
309270;20260905;5
360778;20260905;5
406923;20260905;5
629468;20260905;5
866101;20260905;5
20875;20260905;5
130146;20260905;5
1325480;20260905;5
950085;20260905;5
986338;20260905;5
1354901;20260905;5
268700;20260905;5
1203208;20260905;5
1613890;20260905;5
1604826;20260905;5
1099135;20260905;5
256600;20260905;5
263631;20260905;5
399452;20260905;5
64504;20260905;5
1440549;20260905;5
849620;20260905;5
211289;20260905;5
833482;20260905;5
1260055;20260905;5
1328113;20260905;5
201810;20260905;5
356347;20260905;5
872810;20260905;5
1603122;20260905;5
272224;20260905;5
702592;20260905;5
1138197;20260905;5
1226485;20260905;5
1405048;20260905;5
140702;20260905;5
1713552;20260905;5
1182167;20260905;5
1254129;20260905;5
380602;20260905;5
189347;20260905;5
15354;20260905;5
227266;20260905;5
119100;20260905;5
1137703;20260905;5
1016844;20260905;5
111603;20260905;5
1344736;20260905;5
1528029;20260905;5
1567321;20260905;5
417274;20260905;5
930899;20260905;5
1665805;20260905;5
1709531;20260905;5
960236;20260905;5
1340024;20260905;5
1268188;20260905;5
1631441;20260905;5
479604;20260905;5
918265;20260905;5
1557090;20260905;5
1409386;20260905;5
902287;20260905;5
1039768;20260905;5
1106832;20260905;5
1402103;20260905;5
1530652;20260905;5
222405;20260905;5
416771;20260905;5
982427;20260905;5
448498;20260905;5
245247;20260905;5
851522;20260905;5
1283838;20260905;5
1380533;20260905;5
713068;20260905;5
827124;20260905;5
897633;20260905;5
977894;20260905;5
936526;20260905;5
873072;20260905;5
1431243;20260905;5
1256137;20260905;5
219375;20260905;5
811318;20260905;5
1693804;20260905;5
266166;20260905;5
824625;20260905;5
880598;20260905;5
884106;20260905;5
1243805;20260905;5
1574204;20260905;5
892811;20260905;5
889074;20260905;5
1129157;20260905;5
27217;20260905;5
202058;20260905;5
926861;20260905;5
1022350;20260905;5
1581877;20260905;5
1099797;20260905;5
1496876;20260905;5
1632913;20260905;5
554049;20260905;5
705447;20260905;5
755107;20260905;5
1029633;20260905;5
464037;20260905;5
1039476;20260905;5
659740;20260905;5
1300793;20260905;5
1602501;20260905;5
915201;20260905;5
1111231;20260905;5
108007;20260905;5
19239;20260905;5
1625949;20260905;5
76763;20260905;5
1334897;20260905;5
1242958;20260905;5
1517551;20260905;5
1179623;20260905;5
1288426;20260905;5
95277;20260905;5
56451;20260905;5
29144;20260905;5
989042;20260905;5
120297;20260905;5
1208406;20260905;5
275684;20260905;5
81564;20260905;5
1169927;20260905;5
1017060;20260905;5
1028985;20260905;5
1367903;20260905;5
1726901;20260905;5
246608;20260905;5
474827;20260905;5
692865;20260905;5
83573;20260905;5
665309;20260905;5
1762008;20260905;5
938257;20260905;5
1005029;20260905;5
126763;20260905;5
1614199;20260905;5
1243045;20260905;5
1291531;20260905;5
13700;20260905;5
1488002;20260905;5
1675498;20260905;5
1725160;20260905;5
1778243;20260905;5
680446;20260905;5
689166;20260905;5
13967;20260905;5
1756700;20260905;5
534846;20260905;5
847044;20260905;5
418683;20260905;5
277259;20260905;5
399227;20260905;5
1581949;20260905;5
1447014;20260905;5
1146781;20260905;5
1640105;20260905;5
261147;20260905;5
295018;20260905;5
371109;20260905;5
516022;20260905;5
94558;20260905;5
1171353;20260905;5
1257563;20260905;5
1351588;20260905;5
1624341;20260905;5
1697483;20260905;5
1723004;20260905;5
995623;20260905;5
6065;20260905;5
1576667;20260905;5
1154018;20260905;5
16791;20260905;5
1234426;20260905;5
849852;20260905;5
117378;20260905;5
1558704;20260905;5
1010954;20260905;5
1276296;20260905;5
1322359;20260905;5
1726397;20260905;5
1119009;20260905;5
1488863;20260905;5
175235;20260905;5
1125019;20260905;5
1310033;20260905;5
1695628;20260905;5
782018;20260905;5
869402;20260905;5
1136518;20260905;5
1139175;20260905;5
751960;20260905;5
1428845;20260905;5
1736074;20260905;5
180400;20260905;5
1517225;20260905;5
953113;20260905;5
402220;20260905;5
1052509;20260905;5
787142;20260905;5
364117;20260905;5
782625;20260905;5
417203;20260905;5
1584057;20260905;5
1627216;20260905;5
235178;20260905;5
197727;20260905;5
1406107;20260905;5
170516;20260905;5
492750;20260905;5
494898;20260905;5
1263811;20260905;5
1787176;20260905;5
527599;20260905;5
527904;20260905;5
881944;20260905;5
7123;20260905;5
1627669;20260905;5
175612;20260905;5
1290108;20260905;5
1181513;20260905;5
692951;20260905;5
1415894;20260905;5
164099;20260905;5
753149;20260905;5
1084201;20260905;5
1262523;20260905;5
235792;20260905;5
1290980;20260905;5
1348406;20260905;5
1305395;20260905;5
1659980;20260905;5
507024;20260905;5
847629;20260905;5
1309969;20260905;5
522552;20260905;5
1521644;20260905;5
254672;20260905;5
58608;20260905;5
964155;20260905;5
588352;20260905;5
1130684;20260905;5
189757;20260905;5
939750;20260905;5
762982;20260905;5
1046137;20260905;5
614968;20260905;5
768860;20260905;5
950854;20260905;5
188995;20260905;5
1031420;20260905;5
1113775;20260905;5
1528337;20260905;5
1539741;20260905;5
314215;20260905;5
441126;20260905;5
933912;20260905;5
1668233;20260905;5
249608;20260905;5
580851;20260905;5
1708270;20260905;5
1118132;20260905;5
1629119;20260905;5
1665117;20260905;5
1737263;20260905;5
480455;20260905;5
224165;20260905;5
1604346;20260905;5
1006684;20260905;5
33796;20260905;5
1780338;20260905;5
199580;20260905;5
213152;20260905;5
1333757;20260905;5
1178431;20260905;5
603327;20260905;5
434717;20260905;5
1541590;20260905;5
191369;20260905;5
1575598;20260905;5
1670417;20260905;5
1784234;20260905;5
452657;20260905;5
1027496;20260905;5
1348854;20260905;5
1438884;20260905;5
1591569;20260905;5
401743;20260905;5
663004;20260905;5
466797;20260905;5
536905;20260905;5
1042684;20260905;5
149620;20260905;5
870553;20260905;5
1672386;20260905;5
1722776;20260905;5
1011223;20260905;5
339295;20260905;5
1195556;20260905;5
1215950;20260905;5
1594800;20260905;5
936663;20260905;5
1667089;20260905;5
1277071;20260905;5
728562;20260905;5
1536231;20260905;5
767943;20260905;5
1771743;20260905;5
266941;20260905;5
363401;20260905;5
772800;20260905;5
1030019;20260905;5
1094587;20260905;5
1122531;20260905;5
1418150;20260905;5
1343922;20260905;5
391332;20260905;5
1585505;20260905;5
1303479;20260905;5
133844;20260905;5
1724847;20260905;5
612254;20260905;5
523547;20260905;5
964355;20260905;5
756752;20260905;5
1320798;20260905;5
31025;20260905;5
1115812;20260905;5
1325685;20260905;5
206827;20260905;5
664796;20260905;5
104391;20260905;5
219418;20260905;5
901062;20260905;5
254553;20260905;5
1047057;20260905;5
1150656;20260905;5
1177579;20260905;5
1271153;20260905;5
1418016;20260905;5
164860;20260905;5
256908;20260905;5
334625;20260905;5
434088;20260905;5
471438;20260905;5
497618;20260905;5
774791;20260905;5
653751;20260905;5
500697;20260905;5
407447;20260905;5
890899;20260905;5
116094;20260905;5
350701;20260905;5
1628912;20260905;5
732592;20260905;5
1305998;20260905;5
1011030;20260905;5
1001008;20260905;5
1367329;20260905;5
1222277;20260905;5
1257021;20260905;5
1251746;20260905;5
878730;20260905;5
91732;20260905;5
974974;20260905;5
1031693;20260905;5
1177116;20260905;5
1623417;20260905;5
1665197;20260905;5
1787880;20260905;5
268433;20260905;5
334887;20260905;5
626884;20260905;5
697479;20260905;5
698336;20260905;5
1144085;20260905;5
1179882;20260905;5
1589067;20260905;5
337230;20260905;5
1144608;20260905;5
1207454;20260905;5
1189431;20260905;5
127375;20260905;5
1295953;20260905;5
163298;20260905;5
1662224;20260905;5
1761347;20260905;5
632087;20260905;5
757630;20260905;5
1375629;20260905;5
1337964;20260905;5
448492;20260905;5
844182;20260905;5
232169;20260905;5
1450022;20260905;5
1776388;20260905;5
780480;20260905;5
202226;20260905;5
1555608;20260905;5
43125;20260905;5
1146338;20260905;5
136781;20260905;5
1498564;20260905;5
1642809;20260905;5
209471;20260905;5
46342;20260905;5
1459564;20260905;5
1652641;20260905;5
325387;20260905;5
480826;20260905;5
555154;20260905;5
779564;20260905;5
925392;20260905;5
328749;20260905;5
1358698;20260905;5
407943;20260905;5
1398855;20260905;5
195109;20260905;5
806188;20260905;5
441295;20260905;5
443852;20260905;5
348724;20260905;5
490394;20260905;5
714007;20260905;5
1479429;20260905;5
1131672;20260905;5
1247003;20260905;5
1661674;20260905;5
722911;20260905;5
806556;20260905;5
307893;20260905;5
1116972;20260905;5
1302597;20260905;5
1315631;20260905;5
1583868;20260905;5
225484;20260905;5
300545;20260905;5
453288;20260905;5
1350042;20260905;5
720181;20260905;5
1262101;20260905;5
1569861;20260905;5
1572895;20260905;5
1575411;20260905;5
1777779;20260905;5
325382;20260905;5
382295;20260905;5
385813;20260905;5
424944;20260905;5
484948;20260905;5
554403;20260905;5
580916;20260905;5
314941;20260905;5
65026;20260905;5
1074439;20260905;5
1564920;20260905;5
1296630;20260905;5
1044048;20260905;5
1569737;20260905;5
1570959;20260905;5
879171;20260905;5
1226059;20260905;5
1592244;20260905;5
1644960;20260905;5
272457;20260905;5
566366;20260905;5
936354;20260905;5
1179008;20260905;5
1099046;20260905;5
1212843;20260905;5
1783140;20260905;5
1622190;20260905;5
1187736;20260905;5
1777244;20260905;5
254735;20260905;5
684861;20260905;5
772806;20260905;5
270130;20260905;5
926940;20260905;5
972516;20260905;5
1221700;20260905;5
1745447;20260905;5
1022743;20260905;5
1412566;20260905;5
1443476;20260905;5
410282;20260905;5
1243441;20260905;5
93562;20260905;5
1300168;20260905;5
24735;20260905;5
1246439;20260905;5
1787298;20260905;5
791974;20260905;5
956468;20260905;5
1514138;20260905;5
964942;20260905;5
1550511;20260905;5
868155;20260905;5
1198976;20260905;5
1506663;20260905;5
804917;20260905;5
907287;20260905;5
1125885;20260905;5
1250096;20260905;5
1440093;20260905;5
1474834;20260905;5
1605479;20260905;5
614127;20260905;5
678491;20260905;5
740614;20260905;5
1319013;20260905;5
1535536;20260905;5
544943;20260905;5
318977;20260905;5
949008;20260905;5
1567155;20260905;5
1596740;20260905;5
638886;20260905;5
898848;20260905;5
1118986;20260905;5
1185068;20260905;5
261071;20260905;5
800029;20260905;5
1161413;20260905;5
1707381;20260905;5
104674;20260905;5
1761810;20260905;5
516774;20260905;5
716782;20260905;5
902727;20260905;5
947577;20260905;5
1023972;20260905;5
348318;20260905;5
1750615;20260905;5
691921;20260905;5
1323105;20260905;5
898143;20260905;5
754067;20260905;5
1440870;20260905;5
285159;20260905;5
615260;20260905;5
1080813;20260905;5
868909;20260905;5
719136;20260905;5
228906;20260905;5
549677;20260905;5
1355394;20260905;5
1442581;20260905;5
76303;20260905;5
1598090;20260905;5
1441582;20260905;5
243690;20260905;5
271026;20260905;5
314053;20260905;5
181281;20260905;5
1555323;20260905;5
1003463;20260905;5
1101583;20260905;5
1723094;20260905;5
350937;20260905;5
811424;20260905;5
126003;20260905;5
1381904;20260905;5
1311240;20260905;5
884853;20260905;5
515348;20260905;5
448250;20260905;5
1281399;20260905;5
1316974;20260905;5
1787344;20260905;5
942813;20260905;5
1440975;20260905;5
939469;20260905;5
1038242;20260905;5
1392572;20260905;5
1641023;20260905;5
185704;20260905;5
993167;20260905;5
747984;20260905;5
171984;20260905;5
571469;20260905;5
1740739;20260905;5
80098;20260905;5
1204668;20260905;5
13314;20260905;5
1749043;20260905;5
455541;20260905;5
1472664;20260905;5
934346;20260905;5
1435912;20260905;5
1586142;20260905;5
1629567;20260905;5
1712410;20260905;5
1737899;20260905;5
197780;20260905;5
864028;20260905;5
727439;20260905;5
632932;20260905;5
1405598;20260905;5
72131;20260905;5
1424643;20260905;5
975125;20260905;5
1131542;20260905;5
1069132;20260905;5
1141840;20260905;5
12042;20260905;5
1396619;20260905;5
561326;20260905;5
612664;20260905;5
1384569;20260905;5
1180117;20260905;5
125485;20260905;5
1349783;20260905;5
1401260;20260905;5
1492722;20260905;5
157673;20260905;5
1667774;20260905;5
1681953;20260905;5
1685834;20260905;5
1694481;20260905;5
1759794;20260905;5
264964;20260905;5
292032;20260905;5
301411;20260905;5
361497;20260905;5
576020;20260905;5
68228;20260905;5
734350;20260905;5
907187;20260905;5
738173;20260905;5
1173976;20260905;5
1528240;20260905;5
964675;20260905;5
847555;20260905;5
858451;20260905;5
213474;20260905;5
958138;20260905;5
1779886;20260905;5
1444391;20260905;5
1228593;20260905;5
1461492;20260905;5
1166698;20260905;5
1206213;20260905;5
1504649;20260905;5
1290529;20260905;5
134694;20260905;5
1621975;20260905;5
736966;20260905;5
899623;20260905;5
1456918;20260905;5
1362736;20260905;5
1169091;20260905;5
1662779;20260905;5
392652;20260905;5
716123;20260905;5
883878;20260905;5
309659;20260905;5
1634143;20260905;5
588786;20260905;5
941660;20260905;5
1616994;20260905;5
222889;20260905;5
1114784;20260905;5
180858;20260905;5
513103;20260905;5
892864;20260905;5
640319;20260905;5
856103;20260905;5
1594490;20260905;5
1354377;20260905;5
1135919;20260905;5
985231;20260905;5
1704983;20260905;5
1352778;20260905;5
699607;20260905;5
1387886;20260905;5
542969;20260905;5
156539;20260905;5
1680093;20260905;5
1651253;20260905;5
1061321;20260905;5
1627648;20260905;5
1352685;20260905;5
327922;20260905;5
692825;20260905;5
93078;20260905;5
1129502;20260905;5
1487942;20260905;5
1199319;20260905;5
219089;20260905;5
704050;20260905;5
633995;20260905;5
1591446;20260905;5
179673;20260905;5
579985;20260905;5
1069003;20260905;5
1116663;20260905;5
1361501;20260905;5
1443470;20260905;5
1577690;20260905;5
175390;20260905;5
433810;20260905;5
533371;20260905;5
1247170;20260905;5
1782133;20260905;5
628307;20260905;5
799941;20260905;5
912980;20260905;5
451514;20260905;5
1198971;20260905;5
1448618;20260905;5
66657;20260905;5
896214;20260905;5
1748176;20260905;5
1069960;20260905;5
602991;20260905;5
1181375;20260905;5
1687166;20260905;5
236632;20260905;5
27301;20260905;5
274462;20260905;5
113519;20260905;5
1262411;20260905;5
1268221;20260905;5
1410545;20260905;5
1444783;20260905;5
1450339;20260905;5
166433;20260905;5
167063;20260905;5
177004;20260905;5
222515;20260905;5
234954;20260905;5
504862;20260905;5
668026;20260905;5
804283;20260905;5
822573;20260905;5
854986;20260905;5
86971;20260905;5
871413;20260905;5
948578;20260905;5
974494;20260905;5
446979;20260905;5
784830;20260905;5
691766;20260905;5
1318375;20260905;5
1581158;20260905;5
1730653;20260905;5
410415;20260905;5
589077;20260905;5
1052396;20260905;5
1372944;20260905;5
880244;20260905;5
1623962;20260905;5
479323;20260905;5
561977;20260905;5
769242;20260905;5
1356095;20260905;5
1397982;20260905;5
245943;20260905;5
1267527;20260905;5
1615306;20260905;5
1656761;20260905;5
1686164;20260905;5
1749219;20260905;5
252288;20260905;5
630371;20260905;5
823521;20260905;5
760709;20260905;5
695060;20260905;5
582819;20260905;5
817626;20260905;5
1097894;20260905;5
1185123;20260905;5
1635181;20260905;5
1716268;20260905;5
1772737;20260905;5
2082;20260905;5
410626;20260905;5
487148;20260905;5
506518;20260905;5
614092;20260905;5
1270698;20260905;5
756101;20260905;5
799575;20260905;5
730779;20260905;5
1657529;20260905;5
430902;20260905;5
1468045;20260905;5
174686;20260905;5
694747;20260905;5
1400084;20260905;5
470912;20260905;5
1037471;20260905;5
107924;20260905;5
1250364;20260905;5
1266001;20260905;5
1376501;20260905;5
1390776;20260905;5
139400;20260905;5
1461820;20260905;5
1494096;20260905;5
1727918;20260905;5
173521;20260905;5
189847;20260905;5
219258;20260905;5
238291;20260905;5
261008;20260905;5
328491;20260905;5
454596;20260905;5
531753;20260905;5
75649;20260905;5
947552;20260905;5
965839;20260905;5
98606;20260905;5
1295680;20260905;5
1431729;20260905;5
1498452;20260905;5
213003;20260905;5
767402;20260905;5
815831;20260905;5
1167077;20260905;5
1263710;20260905;5
924828;20260905;5
576717;20260905;5
1202061;20260905;5
352326;20260905;5
42509;20260905;5
89260;20260905;5
320792;20260905;5
1753043;20260905;5
1318759;20260905;5
221742;20260905;5
574015;20260905;5
1677272;20260905;5
1065217;20260905;5
1112229;20260905;5
1621936;20260905;5
1422353;20260905;5
1206940;20260905;5
83351;20260905;5
1054915;20260905;5
1752459;20260905;5
185585;20260905;5
1147938;20260905;5
1275299;20260905;5
229716;20260905;5
688487;20260905;5
974930;20260905;5
1684762;20260905;5
800182;20260905;5
180452;20260905;5
554190;20260905;5
1747653;20260905;5
1480796;20260905;5
1383041;20260905;5
39163;20260905;5
752686;20260905;5
979834;20260905;5
301634;20260905;5
567755;20260905;5
1152012;20260905;5
1418931;20260905;5
1260773;20260906;6
43366;20260906;6
1081540;20260906;6
1395559;20260906;6
1581030;20260906;6
1657548;20260906;6
1062285;20260906;6
1700257;20260906;6
442434;20260906;6
907933;20260906;6
956031;20260906;6
1702949;20260906;6
631782;20260906;6
1303678;20260906;6
218727;20260906;6
686278;20260906;6
1570278;20260906;6
886312;20260906;6
612710;20260906;6
848083;20260906;6
923384;20260906;6
1091118;20260906;6
554752;20260906;6
1031582;20260906;6
1492229;20260906;6
870116;20260906;6
345193;20260906;6
284109;20260906;6
1249527;20260906;6
1382238;20260906;6
461655;20260906;6
1782338;20260906;6
1500985;20260906;6
1310181;20260906;6
1391147;20260906;6
333632;20260906;6
374998;20260906;6
1051371;20260906;6
1042951;20260906;6
111702;20260906;6
1202661;20260906;6
1260840;20260906;6
131919;20260906;6
1418368;20260906;6
1587669;20260906;6
1690693;20260906;6
1743289;20260906;6
213711;20260906;6
220938;20260906;6
246208;20260906;6
32310;20260906;6
460462;20260906;6
461773;20260906;6
493300;20260906;6
803130;20260906;6
966689;20260906;6
1018860;20260906;6
194608;20260906;6
1643776;20260906;6
1346279;20260906;6
1011860;20260906;6
339476;20260906;6
1669751;20260906;6
1563746;20260906;6
1211372;20260906;6
219937;20260906;6
531063;20260906;6
371020;20260906;6
1195820;20260906;6
1315522;20260906;6
960788;20260906;6
1409119;20260906;6
1629989;20260906;6
526075;20260906;6
1494066;20260906;6
159887;20260906;6
312730;20260906;6
63063;20260906;6
831170;20260906;6
1231579;20260906;6
117503;20260906;6
273429;20260906;6
548594;20260906;6
1160892;20260906;6
1162487;20260906;6
94621;20260906;6
765056;20260906;6
575396;20260906;6
1166516;20260906;6
1489226;20260906;6
1751014;20260906;6
1407811;20260906;6
1032980;20260906;6
11766;20260906;6
163265;20260906;6
272146;20260906;6
284115;20260906;6
334886;20260906;6
423985;20260906;6
45642;20260906;6
495660;20260906;6
54963;20260906;6
651524;20260906;6
672882;20260906;6
792702;20260906;6
942302;20260906;6
989713;20260906;6
1398820;20260906;6
647611;20260906;6
1309926;20260906;6
1440214;20260906;6
1513316;20260906;6
26744;20260906;6
400734;20260906;6
1037448;20260906;6
1337801;20260906;6
1207763;20260906;6
1139023;20260906;6
1592810;20260906;6
355277;20260906;6
420425;20260906;6
4735;20260906;6
1290773;20260906;6
22702;20260906;6
1000894;20260906;6
255955;20260906;6
1252473;20260906;6
1455524;20260906;6
105433;20260906;6
1583187;20260906;6
1151276;20260906;6
958209;20260906;6
1131188;20260906;6
1395511;20260906;6
1389222;20260906;6
5900;20260906;6
1251849;20260906;6
588141;20260906;6
1524404;20260906;6
524668;20260906;6
644700;20260906;6
1420917;20260906;6
680888;20260906;6
1406730;20260906;6
167943;20260906;6
1155144;20260906;6
1554959;20260906;6
972891;20260906;6
479779;20260906;6
1680498;20260906;6
1401613;20260906;6
1085064;20260906;6
1232842;20260906;6
1460810;20260906;6
1615796;20260906;6
1739778;20260906;6
1744487;20260906;6
1759164;20260906;6
24035;20260906;6
606487;20260906;6
351195;20260906;6
1150353;20260906;6
1364723;20260906;6
167128;20260906;6
202037;20260906;6
1675860;20260906;6
449790;20260906;6
1080977;20260906;6
314292;20260906;6
1306969;20260906;6
309270;20260906;6
360778;20260906;6
406923;20260906;6
629468;20260906;6
866101;20260906;6
130146;20260906;6
1556904;20260906;6
950085;20260906;6
573852;20260906;6
986338;20260906;6
1613890;20260906;6
605202;20260906;6
1604826;20260906;6
1099135;20260906;6
256600;20260906;6
263631;20260906;6
1317988;20260906;6
1353853;20260906;6
509558;20260906;6
399452;20260906;6
64504;20260906;6
849620;20260906;6
211289;20260906;6
833482;20260906;6
1260055;20260906;6
1328113;20260906;6
201810;20260906;6
356347;20260906;6
872810;20260906;6
1603122;20260906;6
1635403;20260906;6
272224;20260906;6
1138197;20260906;6
1226485;20260906;6
1405048;20260906;6
140702;20260906;6
1713552;20260906;6
1182167;20260906;6
1254129;20260906;6
380602;20260906;6
189347;20260906;6
1444618;20260906;6
1593765;20260906;6
483667;20260906;6
15354;20260906;6
227266;20260906;6
1256423;20260906;6
510339;20260906;6
137040;20260906;6
1137703;20260906;6
1016844;20260906;6
111603;20260906;6
1344736;20260906;6
1528029;20260906;6
1567321;20260906;6
417274;20260906;6
930899;20260906;6
960236;20260906;6
1340024;20260906;6
466444;20260906;6
1409386;20260906;6
902287;20260906;6
1039768;20260906;6
1106832;20260906;6
1402103;20260906;6
1530652;20260906;6
222405;20260906;6
416771;20260906;6
982427;20260906;6
448498;20260906;6
245247;20260906;6
851522;20260906;6
85415;20260906;6
1283838;20260906;6
1380533;20260906;6
713068;20260906;6
936526;20260906;6
602493;20260906;6
186371;20260906;6
1693804;20260906;6
266166;20260906;6
824625;20260906;6
880598;20260906;6
884106;20260906;6
634172;20260906;6
697345;20260906;6
1690853;20260906;6
1243805;20260906;6
1574204;20260906;6
865296;20260906;6
892811;20260906;6
1023020;20260906;6
73954;20260906;6
1516837;20260906;6
1129157;20260906;6
202058;20260906;6
926861;20260906;6
1047486;20260906;6
1022350;20260906;6
1581877;20260906;6
137125;20260906;6
1099797;20260906;6
1496876;20260906;6
1632913;20260906;6
554049;20260906;6
705447;20260906;6
755107;20260906;6
464037;20260906;6
659740;20260906;6
1300793;20260906;6
1602501;20260906;6
915201;20260906;6
1111231;20260906;6
108007;20260906;6
19239;20260906;6
1625949;20260906;6
76763;20260906;6
1334897;20260906;6
1242958;20260906;6
1517551;20260906;6
1411968;20260906;6
908975;20260906;6
56451;20260906;6
29144;20260906;6
989042;20260906;6
1404317;20260906;6
120297;20260906;6
1208406;20260906;6
275684;20260906;6
81564;20260906;6
1169927;20260906;6
1017060;20260906;6
1028985;20260906;6
1367903;20260906;6
1726901;20260906;6
246608;20260906;6
474827;20260906;6
692865;20260906;6
83573;20260906;6
665309;20260906;6
1762008;20260906;6
938257;20260906;6
240504;20260906;6
264816;20260906;6
126763;20260906;6
1614199;20260906;6
1243045;20260906;6
1291531;20260906;6
13700;20260906;6
1488002;20260906;6
1675498;20260906;6
1725160;20260906;6
1778243;20260906;6
680446;20260906;6
689166;20260906;6
13967;20260906;6
1756700;20260906;6
534846;20260906;6
847044;20260906;6
317631;20260906;6
1452739;20260906;6
418683;20260906;6
277259;20260906;6
1591725;20260906;6
399227;20260906;6
1581949;20260906;6
627380;20260906;6
696801;20260906;6
85388;20260906;6
986185;20260906;6
1447014;20260906;6
371109;20260906;6
516022;20260906;6
94558;20260906;6
1257563;20260906;6
572842;20260906;6
1351588;20260906;6
1624341;20260906;6
1697483;20260906;6
1723004;20260906;6
995623;20260906;6
6065;20260906;6
1576667;20260906;6
1154018;20260906;6
16791;20260906;6
1234426;20260906;6
676947;20260906;6
849852;20260906;6
1558704;20260906;6
1010954;20260906;6
1276296;20260906;6
1322359;20260906;6
1726397;20260906;6
1078137;20260906;6
305275;20260906;6
679046;20260906;6
708341;20260906;6
906648;20260906;6
1125019;20260906;6
1310033;20260906;6
1695628;20260906;6
782018;20260906;6
869402;20260906;6
1428845;20260906;6
1375492;20260906;6
180400;20260906;6
1470274;20260906;6
1517225;20260906;6
953113;20260906;6
1006284;20260906;6
1052509;20260906;6
787142;20260906;6
364117;20260906;6
1395051;20260906;6
1584057;20260906;6
1627216;20260906;6
235178;20260906;6
197727;20260906;6
1406107;20260906;6
1004224;20260906;6
1212721;20260906;6
313728;20260906;6
492750;20260906;6
1171915;20260906;6
820457;20260906;6
1771329;20260906;6
494898;20260906;6
1263811;20260906;6
1787176;20260906;6
527599;20260906;6
527904;20260906;6
881944;20260906;6
7123;20260906;6
1627669;20260906;6
175612;20260906;6
1181513;20260906;6
1415894;20260906;6
372991;20260906;6
164099;20260906;6
909239;20260906;6
753149;20260906;6
1486298;20260906;6
235792;20260906;6
1290980;20260906;6
1348406;20260906;6
1305395;20260906;6
1659980;20260906;6
507024;20260906;6
847629;20260906;6
1521644;20260906;6
1610366;20260906;6
392393;20260906;6
653863;20260906;6
775716;20260906;6
975210;20260906;6
254672;20260906;6
58608;20260906;6
964155;20260906;6
588352;20260906;6
762982;20260906;6
1046137;20260906;6
614968;20260906;6
768860;20260906;6
950854;20260906;6
1295559;20260906;6
1384496;20260906;6
336074;20260906;6
377079;20260906;6
771931;20260906;6
802147;20260906;6
1668233;20260906;6
249608;20260906;6
729934;20260906;6
1118132;20260906;6
1629119;20260906;6
1665117;20260906;6
1737263;20260906;6
480455;20260906;6
1010508;20260906;6
1548743;20260906;6
224165;20260906;6
1604346;20260906;6
1201282;20260906;6
1006684;20260906;6
33796;20260906;6
1780338;20260906;6
199580;20260906;6
213152;20260906;6
1333757;20260906;6
1178431;20260906;6
603327;20260906;6
434717;20260906;6
1541590;20260906;6
1575598;20260906;6
1670417;20260906;6
1784234;20260906;6
452657;20260906;6
1027496;20260906;6
1348854;20260906;6
1438884;20260906;6
1591569;20260906;6
401743;20260906;6
663004;20260906;6
422150;20260906;6
536905;20260906;6
1409893;20260906;6
816222;20260906;6
1672386;20260906;6
1722776;20260906;6
1011223;20260906;6
339295;20260906;6
1195556;20260906;6
1215950;20260906;6
1594800;20260906;6
936663;20260906;6
792758;20260906;6
1667089;20260906;6
1277071;20260906;6
767943;20260906;6
1771743;20260906;6
266941;20260906;6
363401;20260906;6
772800;20260906;6
1030019;20260906;6
1094587;20260906;6
1122531;20260906;6
1418150;20260906;6
1343922;20260906;6
391332;20260906;6
205378;20260906;6
1585505;20260906;6
1303479;20260906;6
1140886;20260906;6
133844;20260906;6
1724847;20260906;6
612254;20260906;6
523547;20260906;6
964355;20260906;6
756752;20260906;6
1320798;20260906;6
31025;20260906;6
201182;20260906;6
29349;20260906;6
517257;20260906;6
1115812;20260906;6
104391;20260906;6
219418;20260906;6
901062;20260906;6
254553;20260906;6
1047057;20260906;6
1150656;20260906;6
1177579;20260906;6
1271153;20260906;6
1418016;20260906;6
164860;20260906;6
256908;20260906;6
334625;20260906;6
434088;20260906;6
471438;20260906;6
497618;20260906;6
774791;20260906;6
653751;20260906;6
500697;20260906;6
407447;20260906;6
1507301;20260906;6
890899;20260906;6
116094;20260906;6
974732;20260906;6
732592;20260906;6
1305998;20260906;6
1011030;20260906;6
1367329;20260906;6
1222277;20260906;6
1257021;20260906;6
1117865;20260906;6
241802;20260906;6
1251746;20260906;6
878730;20260906;6
91732;20260906;6
207526;20260906;6
974974;20260906;6
1031693;20260906;6
1177116;20260906;6
1623417;20260906;6
1665197;20260906;6
1787880;20260906;6
268433;20260906;6
334887;20260906;6
626884;20260906;6
697479;20260906;6
698336;20260906;6
1144085;20260906;6
1589067;20260906;6
337230;20260906;6
1144608;20260906;6
1207454;20260906;6
1189431;20260906;6
127375;20260906;6
1295953;20260906;6
163298;20260906;6
1662224;20260906;6
1761347;20260906;6
632087;20260906;6
757630;20260906;6
1375629;20260906;6
1337964;20260906;6
448492;20260906;6
844182;20260906;6
232169;20260906;6
1776388;20260906;6
780480;20260906;6
202226;20260906;6
136781;20260906;6
1498564;20260906;6
1642809;20260906;6
1459564;20260906;6
1652641;20260906;6
325387;20260906;6
480826;20260906;6
555154;20260906;6
779564;20260906;6
925392;20260906;6
650529;20260906;6
105328;20260906;6
195109;20260906;6
806188;20260906;6
441295;20260906;6
1688902;20260906;6
443852;20260906;6
127596;20260906;6
918472;20260906;6
448413;20260906;6
632667;20260906;6
778044;20260906;6
1499754;20260906;6
714007;20260906;6
1131672;20260906;6
1247003;20260906;6
1661674;20260906;6
722911;20260906;6
806556;20260906;6
307893;20260906;6
1116972;20260906;6
1302597;20260906;6
1315631;20260906;6
1583868;20260906;6
225484;20260906;6
300545;20260906;6
847289;20260906;6
307429;20260906;6
979671;20260906;6
296203;20260906;6
1615808;20260906;6
1516808;20260906;6
1569861;20260906;6
1572895;20260906;6
1575411;20260906;6
1777779;20260906;6
325382;20260906;6
382295;20260906;6
385813;20260906;6
424944;20260906;6
484948;20260906;6
554403;20260906;6
580916;20260906;6
314941;20260906;6
65026;20260906;6
1074439;20260906;6
1564920;20260906;6
1296630;20260906;6
1044048;20260906;6
1569737;20260906;6
1226059;20260906;6
1592244;20260906;6
1644960;20260906;6
272457;20260906;6
566366;20260906;6
1179008;20260906;6
667499;20260906;6
1099046;20260906;6
1212843;20260906;6
1783140;20260906;6
1697423;20260906;6
590312;20260906;6
1046103;20260906;6
233025;20260906;6
556301;20260906;6
972516;20260906;6
1221700;20260906;6
13061;20260906;6
1522433;20260906;6
1022743;20260906;6
873398;20260906;6
1412566;20260906;6
1443476;20260906;6
410282;20260906;6
93562;20260906;6
1300168;20260906;6
24735;20260906;6
335480;20260906;6
1246439;20260906;6
1787298;20260906;6
791974;20260906;6
956468;20260906;6
1514138;20260906;6
964942;20260906;6
1550511;20260906;6
868155;20260906;6
1198976;20260906;6
1506663;20260906;6
804917;20260906;6
907287;20260906;6
1125885;20260906;6
1250096;20260906;6
1440093;20260906;6
1474834;20260906;6
1605479;20260906;6
614127;20260906;6
678491;20260906;6
740614;20260906;6
1319013;20260906;6
1535536;20260906;6
544943;20260906;6
318977;20260906;6
949008;20260906;6
1567155;20260906;6
1596740;20260906;6
638886;20260906;6
898848;20260906;6
1061931;20260906;6
1161413;20260906;6
1707381;20260906;6
1097458;20260906;6
104674;20260906;6
1761810;20260906;6
516774;20260906;6
716782;20260906;6
902727;20260906;6
947577;20260906;6
1473410;20260906;6
1023972;20260906;6
1605216;20260906;6
348318;20260906;6
1298426;20260906;6
568417;20260906;6
1323105;20260906;6
898143;20260906;6
754067;20260906;6
1440870;20260906;6
285159;20260906;6
615260;20260906;6
600566;20260906;6
719136;20260906;6
228906;20260906;6
806021;20260906;6
549677;20260906;6
1355394;20260906;6
1442581;20260906;6
76303;20260906;6
139792;20260906;6
185815;20260906;6
1441582;20260906;6
243690;20260906;6
271026;20260906;6
314053;20260906;6
181281;20260906;6
1555323;20260906;6
105800;20260906;6
1142408;20260906;6
1279906;20260906;6
1594890;20260906;6
1775933;20260906;6
289953;20260906;6
387185;20260906;6
418654;20260906;6
803205;20260906;6
808378;20260906;6
894865;20260906;6
811424;20260906;6
691005;20260906;6
1698393;20260906;6
1381904;20260906;6
316877;20260906;6
857351;20260906;6
884853;20260906;6
1281399;20260906;6
695488;20260906;6
59543;20260906;6
125037;20260906;6
939469;20260906;6
171984;20260906;6
571469;20260906;6
1740739;20260906;6
80098;20260906;6
1204668;20260906;6
13314;20260906;6
1749043;20260906;6
455541;20260906;6
530463;20260906;6
1472664;20260906;6
1435912;20260906;6
1586142;20260906;6
1629567;20260906;6
1712410;20260906;6
1737899;20260906;6
197780;20260906;6
1388849;20260906;6
924120;20260906;6
1405598;20260906;6
224874;20260906;6
72131;20260906;6
1177259;20260906;6
1360659;20260906;6
1500147;20260906;6
1747730;20260906;6
208354;20260906;6
1133863;20260906;6
1131542;20260906;6
1069132;20260906;6
1141840;20260906;6
12042;20260906;6
1396619;20260906;6
561326;20260906;6
612664;20260906;6
1384569;20260906;6
1180117;20260906;6
125485;20260906;6
1349783;20260906;6
1401260;20260906;6
1492722;20260906;6
157673;20260906;6
1667774;20260906;6
1681953;20260906;6
1685834;20260906;6
1694481;20260906;6
1759794;20260906;6
264964;20260906;6
292032;20260906;6
301411;20260906;6
361497;20260906;6
576020;20260906;6
68228;20260906;6
734350;20260906;6
907187;20260906;6
738173;20260906;6
489845;20260906;6
858451;20260906;6
213474;20260906;6
1660667;20260906;6
925062;20260906;6
1779886;20260906;6
1444391;20260906;6
1228593;20260906;6
1461492;20260906;6
1290529;20260906;6
134694;20260906;6
1621975;20260906;6
736966;20260906;6
899623;20260906;6
1362736;20260906;6
1248870;20260906;6
1662779;20260906;6
392652;20260906;6
716123;20260906;6
883878;20260906;6
309659;20260906;6
1634143;20260906;6
588786;20260906;6
401404;20260906;6
1616994;20260906;6
1114784;20260906;6
640319;20260906;6
856103;20260906;6
1323455;20260906;6
304079;20260906;6
1410963;20260906;6
1000979;20260906;6
1481232;20260906;6
1320712;20260906;6
1352778;20260906;6
699607;20260906;6
1173926;20260906;6
1387886;20260906;6
542969;20260906;6
60373;20260906;6
1680093;20260906;6
1061321;20260906;6
1627648;20260906;6
327922;20260906;6
692825;20260906;6
93078;20260906;6
1129502;20260906;6
1487942;20260906;6
556604;20260906;6
1199319;20260906;6
219089;20260906;6
704050;20260906;6
633995;20260906;6
1591446;20260906;6
179673;20260906;6
579985;20260906;6
1069003;20260906;6
1116663;20260906;6
1361501;20260906;6
1443470;20260906;6
1577690;20260906;6
175390;20260906;6
433810;20260906;6
533371;20260906;6
1247170;20260906;6
1782133;20260906;6
628307;20260906;6
799941;20260906;6
912980;20260906;6
451514;20260906;6
1198971;20260906;6
1448618;20260906;6
66657;20260906;6
896214;20260906;6
1748176;20260906;6
1069960;20260906;6
602991;20260906;6
149415;20260906;6
1623219;20260906;6
90072;20260906;6
113519;20260906;6
1262411;20260906;6
1268221;20260906;6
1410545;20260906;6
1444783;20260906;6
1450339;20260906;6
166433;20260906;6
167063;20260906;6
177004;20260906;6
222515;20260906;6
234954;20260906;6
504862;20260906;6
668026;20260906;6
804283;20260906;6
822573;20260906;6
854986;20260906;6
86971;20260906;6
871413;20260906;6
948578;20260906;6
974494;20260906;6
446979;20260906;6
784830;20260906;6
1657317;20260906;6
691766;20260906;6
1318375;20260906;6
1581158;20260906;6
1730653;20260906;6
410415;20260906;6
589077;20260906;6
1788150;20260906;6
253584;20260906;6
336044;20260906;6
914481;20260906;6
251749;20260906;6
769242;20260906;6
1267527;20260906;6
1615306;20260906;6
1656761;20260906;6
1686164;20260906;6
1749219;20260906;6
252288;20260906;6
630371;20260906;6
823521;20260906;6
760709;20260906;6
582819;20260906;6
817626;20260906;6
283106;20260906;6
1077287;20260906;6
929807;20260906;6
1097894;20260906;6
1185123;20260906;6
1635181;20260906;6
1716268;20260906;6
1772737;20260906;6
2082;20260906;6
410626;20260906;6
487148;20260906;6
506518;20260906;6
1270698;20260906;6
756101;20260906;6
799575;20260906;6
1519390;20260906;6
1055756;20260906;6
1468045;20260906;6
174686;20260906;6
694747;20260906;6
1400084;20260906;6
470912;20260906;6
1037471;20260906;6
107924;20260906;6
1250364;20260906;6
1266001;20260906;6
1376501;20260906;6
1390776;20260906;6
139400;20260906;6
1461820;20260906;6
1494096;20260906;6
1727918;20260906;6
173521;20260906;6
189847;20260906;6
219258;20260906;6
238291;20260906;6
261008;20260906;6
328491;20260906;6
454596;20260906;6
531753;20260906;6
75649;20260906;6
947552;20260906;6
965839;20260906;6
98606;20260906;6
1295680;20260906;6
1431729;20260906;6
1498452;20260906;6
213003;20260906;6
767402;20260906;6
815831;20260906;6
650248;20260906;6
907752;20260906;6
924828;20260906;6
576717;20260906;6
1202061;20260906;6
352326;20260906;6
42509;20260906;6
89260;20260906;6
939626;20260906;6
1753043;20260906;6
1318759;20260906;6
221742;20260906;6
574015;20260906;6
1677272;20260906;6
1065217;20260906;6
1112229;20260906;6
1621936;20260906;6
430385;20260906;6
1054915;20260906;6
1752459;20260906;6
185585;20260906;6
1147938;20260906;6
1275299;20260906;6
229716;20260906;6
688487;20260906;6
974930;20260906;6
1684762;20260906;6
800182;20260906;6
180452;20260906;6
554190;20260906;6
1747653;20260906;6
1480796;20260906;6
1000714;20260906;6
737459;20260906;6
1383041;20260906;6
39163;20260906;6
979834;20260906;6
790136;20260906;6
301634;20260906;6
1152012;20260906;6
1418931;20260906;6
318106;20260906;6
1260773;20260907;0
1659588;20260907;0
43366;20260907;0
1081540;20260907;0
1395559;20260907;0
1780524;20260907;0
1581030;20260907;0
1657548;20260907;0
1062285;20260907;0
1700257;20260907;0
442434;20260907;0
907933;20260907;0
956031;20260907;0
631782;20260907;0
1303678;20260907;0
218727;20260907;0
135772;20260907;0
1579104;20260907;0
304635;20260907;0
474650;20260907;0
972554;20260907;0
1734094;20260907;0
549727;20260907;0
1050562;20260907;0
1111071;20260907;0
661095;20260907;0
985952;20260907;0
1143120;20260907;0
190346;20260907;0
267269;20260907;0
671511;20260907;0
1782338;20260907;0
1500985;20260907;0
377263;20260907;0
1310181;20260907;0
1391147;20260907;0
333632;20260907;0
374998;20260907;0
1051371;20260907;0
1042951;20260907;0
111702;20260907;0
1202661;20260907;0
1260840;20260907;0
131919;20260907;0
1418368;20260907;0
1587669;20260907;0
1690693;20260907;0
1743289;20260907;0
213711;20260907;0
220938;20260907;0
246208;20260907;0
32310;20260907;0
460462;20260907;0
461773;20260907;0
493300;20260907;0
803130;20260907;0
966689;20260907;0
1018860;20260907;0
194608;20260907;0
1643776;20260907;0
1011860;20260907;0
339476;20260907;0
1669751;20260907;0
1563746;20260907;0
791087;20260907;0
1368803;20260907;0
23589;20260907;0
20876;20260907;0
1195820;20260907;0
1315522;20260907;0
726298;20260907;0
526075;20260907;0
451690;20260907;0
1494066;20260907;0
159887;20260907;0
312730;20260907;0
990438;20260907;0
1025814;20260907;0
129423;20260907;0
1456946;20260907;0
117503;20260907;0
273429;20260907;0
548594;20260907;0
248988;20260907;0
1160892;20260907;0
1162487;20260907;0
94621;20260907;0
765056;20260907;0
280738;20260907;0
575396;20260907;0
1751014;20260907;0
1015090;20260907;0
1553760;20260907;0
21033;20260907;0
1013946;20260907;0
1130680;20260907;0
126446;20260907;0
1271946;20260907;0
1713388;20260907;0
1740459;20260907;0
1757257;20260907;0
347823;20260907;0
937623;20260907;0
951947;20260907;0
1606746;20260907;0
1698007;20260907;0
279113;20260907;0
422460;20260907;0
1316049;20260907;0
425396;20260907;0
462500;20260907;0
638977;20260907;0
691405;20260907;0
1217027;20260907;0
1347831;20260907;0
424322;20260907;0
1686487;20260907;0
1213055;20260907;0
801606;20260907;0
1139023;20260907;0
1592810;20260907;0
355277;20260907;0
420425;20260907;0
4735;20260907;0
1290773;20260907;0
22702;20260907;0
1000894;20260907;0
1252473;20260907;0
1455524;20260907;0
105433;20260907;0
1583187;20260907;0
1151276;20260907;0
41858;20260907;0
1395511;20260907;0
1483321;20260907;0
1057510;20260907;0
1389222;20260907;0
5900;20260907;0
991018;20260907;0
1251849;20260907;0
588141;20260907;0
258130;20260907;0
644700;20260907;0
1406730;20260907;0
1155144;20260907;0
1554959;20260907;0
972891;20260907;0
117364;20260907;0
1359590;20260907;0
833904;20260907;0
329639;20260907;0
308061;20260907;0
1401613;20260907;0
1386789;20260907;0
1525100;20260907;0
1737464;20260907;0
322066;20260907;0
595359;20260907;0
734804;20260907;0
1085064;20260907;0
1232842;20260907;0
1460810;20260907;0
1615796;20260907;0
1739778;20260907;0
1744487;20260907;0
1759164;20260907;0
24035;20260907;0
606487;20260907;0
351195;20260907;0
202037;20260907;0
1675860;20260907;0
449790;20260907;0
1080977;20260907;0
314292;20260907;0
1306969;20260907;0
309270;20260907;0
360778;20260907;0
406923;20260907;0
629468;20260907;0
866101;20260907;0
20875;20260907;0
130146;20260907;0
512942;20260907;0
1325480;20260907;0
950085;20260907;0
573852;20260907;0
986338;20260907;0
622412;20260907;0
1613890;20260907;0
1002797;20260907;0
1383450;20260907;0
1655109;20260907;0
643187;20260907;0
72401;20260907;0
1777582;20260907;0
1604826;20260907;0
26525;20260907;0
374384;20260907;0
966106;20260907;0
399452;20260907;0
64504;20260907;0
211289;20260907;0
833482;20260907;0
1635403;20260907;0
1138197;20260907;0
1226485;20260907;0
1405048;20260907;0
140702;20260907;0
1713552;20260907;0
1136584;20260907;0
784851;20260907;0
889235;20260907;0
104278;20260907;0
1772416;20260907;0
224837;20260907;0
6876;20260907;0
1254129;20260907;0
380602;20260907;0
1444618;20260907;0
1073285;20260907;0
1753262;20260907;0
1756572;20260907;0
195698;20260907;0
299015;20260907;0
51793;20260907;0
551364;20260907;0
87399;20260907;0
1137703;20260907;0
1478878;20260907;0
156898;20260907;0
336736;20260907;0
623140;20260907;0
1559702;20260907;0
1122440;20260907;0
976106;20260907;0
482940;20260907;0
1631441;20260907;0
670958;20260907;0
466444;20260907;0
229156;20260907;0
1557090;20260907;0
1039768;20260907;0
1106832;20260907;0
1402103;20260907;0
1530652;20260907;0
222405;20260907;0
416771;20260907;0
982427;20260907;0
448498;20260907;0
1283838;20260907;0
1380533;20260907;0
713068;20260907;0
1430823;20260907;0
936526;20260907;0
534512;20260907;0
602493;20260907;0
1043219;20260907;0
1587797;20260907;0
1574204;20260907;0
1639659;20260907;0
865296;20260907;0
1023020;20260907;0
73954;20260907;0
889074;20260907;0
517097;20260907;0
613263;20260907;0
1516837;20260907;0
1129157;20260907;0
1356407;20260907;0
1696434;20260907;0
244318;20260907;0
419468;20260907;0
937213;20260907;0
128720;20260907;0
439929;20260907;0
835782;20260907;0
971156;20260907;0
1333038;20260907;0
618651;20260907;0
137125;20260907;0
1099797;20260907;0
1496876;20260907;0
1632913;20260907;0
554049;20260907;0
705447;20260907;0
755107;20260907;0
1292428;20260907;0
1397171;20260907;0
157993;20260907;0
313380;20260907;0
659740;20260907;0
1300793;20260907;0
1245031;20260907;0
870433;20260907;0
805586;20260907;0
316388;20260907;0
1136905;20260907;0
1334897;20260907;0
814640;20260907;0
1242958;20260907;0
56451;20260907;0
120297;20260907;0
1208406;20260907;0
275684;20260907;0
81564;20260907;0
1022012;20260907;0
400942;20260907;0
1169927;20260907;0
824853;20260907;0
530519;20260907;0
1259222;20260907;0
1741443;20260907;0
665309;20260907;0
624522;20260907;0
1398983;20260907;0
1762008;20260907;0
938257;20260907;0
10142;20260907;0
149209;20260907;0
189051;20260907;0
950809;20260907;0
1431537;20260907;0
240504;20260907;0
264816;20260907;0
1230139;20260907;0
1105949;20260907;0
1310688;20260907;0
232598;20260907;0
261146;20260907;0
1243045;20260907;0
1291531;20260907;0
13700;20260907;0
1488002;20260907;0
1675498;20260907;0
1725160;20260907;0
1778243;20260907;0
680446;20260907;0
689166;20260907;0
198046;20260907;0
244150;20260907;0
1452739;20260907;0
50394;20260907;0
418683;20260907;0
277259;20260907;0
1591725;20260907;0
399227;20260907;0
127543;20260907;0
1637;20260907;0
371109;20260907;0
516022;20260907;0
94558;20260907;0
1155989;20260907;0
1367158;20260907;0
304259;20260907;0
763129;20260907;0
987469;20260907;0
1285272;20260907;0
1398485;20260907;0
1489691;20260907;0
426521;20260907;0
439790;20260907;0
454648;20260907;0
561160;20260907;0
89228;20260907;0
1257563;20260907;0
991149;20260907;0
6065;20260907;0
1154018;20260907;0
1234426;20260907;0
849852;20260907;0
354649;20260907;0
1010954;20260907;0
1276296;20260907;0
1322359;20260907;0
1726397;20260907;0
782018;20260907;0
869402;20260907;0
1136518;20260907;0
1139175;20260907;0
751960;20260907;0
1428845;20260907;0
143753;20260907;0
1155187;20260907;0
14527;20260907;0
690960;20260907;0
1284247;20260907;0
1450911;20260907;0
754476;20260907;0
1364169;20260907;0
1581467;20260907;0
262069;20260907;0
1146634;20260907;0
1006284;20260907;0
1052509;20260907;0
787142;20260907;0
593158;20260907;0
641664;20260907;0
825143;20260907;0
417203;20260907;0
188568;20260907;0
1584057;20260907;0
1627216;20260907;0
235178;20260907;0
197727;20260907;0
852522;20260907;0
1244551;20260907;0
287009;20260907;0
1263811;20260907;0
1787176;20260907;0
527599;20260907;0
527904;20260907;0
881944;20260907;0
7123;20260907;0
1700166;20260907;0
311771;20260907;0
1627669;20260907;0
692951;20260907;0
779634;20260907;0
941267;20260907;0
909239;20260907;0
753149;20260907;0
1084201;20260907;0
1486298;20260907;0
235792;20260907;0
1290980;20260907;0
1348406;20260907;0
1252113;20260907;0
75011;20260907;0
1305395;20260907;0
1659980;20260907;0
1417033;20260907;0
507024;20260907;0
847629;20260907;0
1027899;20260907;0
11398;20260907;0
1426594;20260907;0
1459066;20260907;0
1733774;20260907;0
301935;20260907;0
56252;20260907;0
1130684;20260907;0
189757;20260907;0
939750;20260907;0
1046137;20260907;0
614968;20260907;0
768860;20260907;0
950854;20260907;0
1446509;20260907;0
359741;20260907;0
128096;20260907;0
1145223;20260907;0
389187;20260907;0
759074;20260907;0
413047;20260907;0
228993;20260907;0
470232;20260907;0
456946;20260907;0
384244;20260907;0
1071475;20260907;0
444031;20260907;0
1054570;20260907;0
1339826;20260907;0
1395394;20260907;0
1397248;20260907;0
20166;20260907;0
434387;20260907;0
543933;20260907;0
1006684;20260907;0
33796;20260907;0
1780338;20260907;0
199580;20260907;0
213152;20260907;0
1333757;20260907;0
1178431;20260907;0
603327;20260907;0
1541590;20260907;0
191369;20260907;0
1575598;20260907;0
1670417;20260907;0
1784234;20260907;0
452657;20260907;0
1027496;20260907;0
1348854;20260907;0
1438884;20260907;0
1591569;20260907;0
401743;20260907;0
663004;20260907;0
422150;20260907;0
465429;20260907;0
1672386;20260907;0
1722776;20260907;0
1011223;20260907;0
339295;20260907;0
1082934;20260907;0
1594800;20260907;0
1196046;20260907;0
1617304;20260907;0
936663;20260907;0
792758;20260907;0
1740294;20260907;0
1667089;20260907;0
1277071;20260907;0
728562;20260907;0
679758;20260907;0
749097;20260907;0
1377987;20260907;0
767943;20260907;0
266941;20260907;0
363401;20260907;0
772800;20260907;0
1343922;20260907;0
1179386;20260907;0
163518;20260907;0
1317959;20260907;0
1585505;20260907;0
1303479;20260907;0
1368974;20260907;0
133844;20260907;0
1724847;20260907;0
612254;20260907;0
523547;20260907;0
126719;20260907;0
189375;20260907;0
661218;20260907;0
874968;20260907;0
964355;20260907;0
1372859;20260907;0
1320798;20260907;0
31025;20260907;0
772003;20260907;0
1115812;20260907;0
303750;20260907;0
720341;20260907;0
175681;20260907;0
372338;20260907;0
921260;20260907;0
1298237;20260907;0
945329;20260907;0
107;20260907;0
203962;20260907;0
1402289;20260907;0
153917;20260907;0
254553;20260907;0
89658;20260907;0
827982;20260907;0
580657;20260907;0
952742;20260907;0
1007831;20260907;0
1221379;20260907;0
786631;20260907;0
208288;20260907;0
1256771;20260907;0
653751;20260907;0
1043301;20260907;0
116094;20260907;0
350701;20260907;0
1689401;20260907;0
1664773;20260907;0
176018;20260907;0
270933;20260907;0
1011030;20260907;0
1367329;20260907;0
1483333;20260907;0
1222277;20260907;0
1257021;20260907;0
1117865;20260907;0
241802;20260907;0
1251746;20260907;0
300044;20260907;0
878730;20260907;0
91732;20260907;0
1031693;20260907;0
1177116;20260907;0
1623417;20260907;0
1665197;20260907;0
1787880;20260907;0
268433;20260907;0
334887;20260907;0
626884;20260907;0
697479;20260907;0
698336;20260907;0
1144085;20260907;0
1179882;20260907;0
1364201;20260907;0
337230;20260907;0
1228288;20260907;0
1144608;20260907;0
1207454;20260907;0
1189431;20260907;0
127375;20260907;0
1295953;20260907;0
163298;20260907;0
1662224;20260907;0
1761347;20260907;0
632087;20260907;0
757630;20260907;0
1375629;20260907;0
1337964;20260907;0
448492;20260907;0
903820;20260907;0
232169;20260907;0
1450022;20260907;0
1315212;20260907;0
902985;20260907;0
780480;20260907;0
202226;20260907;0
1555608;20260907;0
664807;20260907;0
55044;20260907;0
43125;20260907;0
136781;20260907;0
1498564;20260907;0
1642809;20260907;0
876640;20260907;0
755719;20260907;0
1327407;20260907;0
1743804;20260907;0
309157;20260907;0
510142;20260907;0
649528;20260907;0
1738162;20260907;0
1358698;20260907;0
407943;20260907;0
105328;20260907;0
1267681;20260907;0
692301;20260907;0
381159;20260907;0
1398855;20260907;0
195109;20260907;0
806188;20260907;0
1688902;20260907;0
443852;20260907;0
448413;20260907;0
632667;20260907;0
1022958;20260907;0
778044;20260907;0
1131672;20260907;0
1247003;20260907;0
1661674;20260907;0
722911;20260907;0
806556;20260907;0
1518076;20260907;0
1219173;20260907;0
296203;20260907;0
231552;20260907;0
646351;20260907;0
240299;20260907;0
1615808;20260907;0
1569861;20260907;0
1572895;20260907;0
1575411;20260907;0
1777779;20260907;0
325382;20260907;0
382295;20260907;0
385813;20260907;0
424944;20260907;0
484948;20260907;0
554403;20260907;0
580916;20260907;0
314941;20260907;0
190208;20260907;0
1044004;20260907;0
19505;20260907;0
1410923;20260907;0
817096;20260907;0
317581;20260907;0
1226059;20260907;0
1592244;20260907;0
1644960;20260907;0
272457;20260907;0
566366;20260907;0
1099046;20260907;0
1157973;20260907;0
1212843;20260907;0
1783140;20260907;0
1717501;20260907;0
1187736;20260907;0
27042;20260907;0
233025;20260907;0
1203350;20260907;0
1686193;20260907;0
538617;20260907;0
926940;20260907;0
972516;20260907;0
1221700;20260907;0
1522433;20260907;0
847148;20260907;0
1268419;20260907;0
1741271;20260907;0
965761;20260907;0
623239;20260907;0
971093;20260907;0
268530;20260907;0
791974;20260907;0
956468;20260907;0
1514138;20260907;0
98310;20260907;0
1030997;20260907;0
568161;20260907;0
61621;20260907;0
730561;20260907;0
428783;20260907;0
1751606;20260907;0
1198976;20260907;0
1506663;20260907;0
804917;20260907;0
907287;20260907;0
1125885;20260907;0
1250096;20260907;0
1440093;20260907;0
1474834;20260907;0
1605479;20260907;0
614127;20260907;0
678491;20260907;0
740614;20260907;0
1319013;20260907;0
1535536;20260907;0
544943;20260907;0
318977;20260907;0
949008;20260907;0
1567155;20260907;0
1596740;20260907;0
638886;20260907;0
898848;20260907;0
1061931;20260907;0
1161413;20260907;0
1707381;20260907;0
1097458;20260907;0
104674;20260907;0
1761810;20260907;0
516774;20260907;0
716782;20260907;0
902727;20260907;0
947577;20260907;0
1473410;20260907;0
1490416;20260907;0
1605216;20260907;0
348318;20260907;0
686992;20260907;0
754067;20260907;0
1440870;20260907;0
285159;20260907;0
615260;20260907;0
1080813;20260907;0
868909;20260907;0
1089767;20260907;0
1277642;20260907;0
1699246;20260907;0
600566;20260907;0
719136;20260907;0
549677;20260907;0
1355394;20260907;0
1442581;20260907;0
76303;20260907;0
897541;20260907;0
1245469;20260907;0
271026;20260907;0
314053;20260907;0
927030;20260907;0
181281;20260907;0
1003463;20260907;0
350937;20260907;0
1011922;20260907;0
623321;20260907;0
245399;20260907;0
33142;20260907;0
67233;20260907;0
126003;20260907;0
1545060;20260907;0
857351;20260907;0
1563793;20260907;0
448250;20260907;0
549787;20260907;0
268986;20260907;0
1449595;20260907;0
697685;20260907;0
743085;20260907;0
1433459;20260907;0
1169138;20260907;0
1531924;20260907;0
1440975;20260907;0
747984;20260907;0
171984;20260907;0
571469;20260907;0
1558693;20260907;0
1740739;20260907;0
1204668;20260907;0
13314;20260907;0
1749043;20260907;0
455541;20260907;0
1472664;20260907;0
1435912;20260907;0
1586142;20260907;0
1629567;20260907;0
1712410;20260907;0
1737899;20260907;0
197780;20260907;0
1000889;20260907;0
532736;20260907;0
855817;20260907;0
1388849;20260907;0
924120;20260907;0
864028;20260907;0
727439;20260907;0
1405598;20260907;0
72131;20260907;0
1177259;20260907;0
1133863;20260907;0
1069132;20260907;0
1141840;20260907;0
12042;20260907;0
1396619;20260907;0
561326;20260907;0
612664;20260907;0
1384569;20260907;0
1180117;20260907;0
125485;20260907;0
1349783;20260907;0
1401260;20260907;0
1492722;20260907;0
157673;20260907;0
1667774;20260907;0
1681953;20260907;0
1685834;20260907;0
1694481;20260907;0
1759794;20260907;0
264964;20260907;0
292032;20260907;0
301411;20260907;0
361497;20260907;0
576020;20260907;0
68228;20260907;0
734350;20260907;0
907187;20260907;0
738173;20260907;0
1173976;20260907;0
1382337;20260907;0
1703764;20260907;0
714202;20260907;0
728759;20260907;0
964675;20260907;0
847555;20260907;0
687843;20260907;0
858451;20260907;0
518901;20260907;0
213474;20260907;0
958138;20260907;0
1228593;20260907;0
1461492;20260907;0
1166698;20260907;0
1206213;20260907;0
1504649;20260907;0
1569769;20260907;0
1290529;20260907;0
134694;20260907;0
1621975;20260907;0
736966;20260907;0
899623;20260907;0
1169091;20260907;0
477283;20260907;0
254517;20260907;0
984384;20260907;0
1773077;20260907;0
54679;20260907;0
9797;20260907;0
941660;20260907;0
1600212;20260907;0
196782;20260907;0
511167;20260907;0
126471;20260907;0
413514;20260907;0
411241;20260907;0
1515367;20260907;0
770461;20260907;0
859410;20260907;0
533470;20260907;0
824055;20260907;0
1410963;20260907;0
1523314;20260907;0
249385;20260907;0
1638246;20260907;0
838723;20260907;0
1047097;20260907;0
1320712;20260907;0
1352778;20260907;0
699607;20260907;0
1387886;20260907;0
542969;20260907;0
60373;20260907;0
1680093;20260907;0
1651253;20260907;0
1061321;20260907;0
1627648;20260907;0
1352685;20260907;0
327922;20260907;0
692825;20260907;0
93078;20260907;0
951557;20260907;0
1129502;20260907;0
1487942;20260907;0
556604;20260907;0
1199319;20260907;0
1533614;20260907;0
704050;20260907;0
633995;20260907;0
1591446;20260907;0
179673;20260907;0
579985;20260907;0
145080;20260907;0
165751;20260907;0
1711804;20260907;0
168242;20260907;0
560276;20260907;0
800116;20260907;0
1702019;20260907;0
1517224;20260907;0
533371;20260907;0
451514;20260907;0
1311113;20260907;0
1780604;20260907;0
114305;20260907;0
329955;20260907;0
339197;20260907;0
60564;20260907;0
1500583;20260907;0
1578893;20260907;0
896214;20260907;0
1069960;20260907;0
446979;20260907;0
784830;20260907;0
1070130;20260907;0
691428;20260907;0
584834;20260907;0
1176753;20260907;0
1193283;20260907;0
1231615;20260907;0
1300916;20260907;0
1381567;20260907;0
1578850;20260907;0
1602464;20260907;0
1646691;20260907;0
1670958;20260907;0
262782;20260907;0
563704;20260907;0
585058;20260907;0
620505;20260907;0
654619;20260907;0
705377;20260907;0
735860;20260907;0
74161;20260907;0
749439;20260907;0
870327;20260907;0
961190;20260907;0
966712;20260907;0
1597884;20260907;0
1727219;20260907;0
248652;20260907;0
608534;20260907;0
271165;20260907;0
985850;20260907;0
1215634;20260907;0
1052716;20260907;0
889850;20260907;0
1553085;20260907;0
967070;20260907;0
584159;20260907;0
273751;20260907;0
930845;20260907;0
1036685;20260907;0
769242;20260907;0
1356095;20260907;0
1397982;20260907;0
245943;20260907;0
1267527;20260907;0
1615306;20260907;0
1656761;20260907;0
1686164;20260907;0
1749219;20260907;0
252288;20260907;0
630371;20260907;0
823521;20260907;0
569893;20260907;0
745586;20260907;0
283106;20260907;0
1097894;20260907;0
1185123;20260907;0
1635181;20260907;0
1716268;20260907;0
1772737;20260907;0
2082;20260907;0
410626;20260907;0
487148;20260907;0
506518;20260907;0
1344185;20260907;0
730779;20260907;0
1519390;20260907;0
160966;20260907;0
547196;20260907;0
83359;20260907;0
1657529;20260907;0
430902;20260907;0
1400084;20260907;0
470912;20260907;0
255798;20260907;0
1547008;20260907;0
1605673;20260907;0
286863;20260907;0
1037471;20260907;0
107924;20260907;0
1250364;20260907;0
1266001;20260907;0
1376501;20260907;0
1390776;20260907;0
139400;20260907;0
1461820;20260907;0
1494096;20260907;0
1727918;20260907;0
173521;20260907;0
189847;20260907;0
219258;20260907;0
238291;20260907;0
261008;20260907;0
328491;20260907;0
454596;20260907;0
531753;20260907;0
75649;20260907;0
947552;20260907;0
965839;20260907;0
98606;20260907;0
1295680;20260907;0
1431729;20260907;0
1498452;20260907;0
213003;20260907;0
767402;20260907;0
815831;20260907;0
870079;20260907;0
1014695;20260907;0
1648634;20260907;0
5771;20260907;0
408740;20260907;0
1347400;20260907;0
599322;20260907;0
1202061;20260907;0
320697;20260907;0
1001634;20260907;0
1054319;20260907;0
1002286;20260907;0
1259346;20260907;0
138418;20260907;0
1646343;20260907;0
390287;20260907;0
1353978;20260907;0
782343;20260907;0
997801;20260907;0
1203363;20260907;0
696223;20260907;0
97419;20260907;0
1621936;20260907;0
378254;20260907;0
969323;20260907;0
220465;20260907;0
430385;20260907;0
1223206;20260907;0
1059819;20260907;0
1752459;20260907;0
185585;20260907;0
1147938;20260907;0
1275299;20260907;0
229716;20260907;0
180452;20260907;0
554190;20260907;0
1045115;20260907;0
1747653;20260907;0
760774;20260907;0
661166;20260907;0
1480796;20260907;0
1238570;20260907;0
1547640;20260907;0
1693363;20260907;0
848160;20260907;0
1000714;20260907;0
979834;20260907;0
185282;20260907;0
301634;20260907;0
690125;20260907;0
1260773;20260908;1
1659588;20260908;1
43366;20260908;1
1081540;20260908;1
1395559;20260908;1
1780524;20260908;1
1581030;20260908;1
1657548;20260908;1
1062285;20260908;1
1700257;20260908;1
442434;20260908;1
907933;20260908;1
956031;20260908;1
631782;20260908;1
1303678;20260908;1
218727;20260908;1
1579104;20260908;1
304635;20260908;1
474650;20260908;1
972554;20260908;1
1105562;20260908;1
56909;20260908;1
275465;20260908;1
549727;20260908;1
1050562;20260908;1
1111071;20260908;1
661095;20260908;1
1143120;20260908;1
190346;20260908;1
267269;20260908;1
30394;20260908;1
1782338;20260908;1
1500985;20260908;1
377263;20260908;1
1310181;20260908;1
1391147;20260908;1
333632;20260908;1
374998;20260908;1
1051371;20260908;1
1042951;20260908;1
111702;20260908;1
1202661;20260908;1
1260840;20260908;1
131919;20260908;1
1418368;20260908;1
1587669;20260908;1
1690693;20260908;1
1743289;20260908;1
213711;20260908;1
220938;20260908;1
246208;20260908;1
32310;20260908;1
460462;20260908;1
461773;20260908;1
493300;20260908;1
803130;20260908;1
966689;20260908;1
1018860;20260908;1
194608;20260908;1
1643776;20260908;1
1011860;20260908;1
339476;20260908;1
1669751;20260908;1
1563746;20260908;1
791087;20260908;1
219937;20260908;1
531063;20260908;1
20876;20260908;1
1195820;20260908;1
1315522;20260908;1
726298;20260908;1
526075;20260908;1
451690;20260908;1
1494066;20260908;1
159887;20260908;1
312730;20260908;1
990438;20260908;1
1025814;20260908;1
129423;20260908;1
1456946;20260908;1
117503;20260908;1
273429;20260908;1
548594;20260908;1
248988;20260908;1
1160892;20260908;1
1162487;20260908;1
94621;20260908;1
765056;20260908;1
280738;20260908;1
575396;20260908;1
290953;20260908;1
32742;20260908;1
1751014;20260908;1
1015090;20260908;1
1553760;20260908;1
1013946;20260908;1
1130680;20260908;1
126446;20260908;1
1271946;20260908;1
1713388;20260908;1
1740459;20260908;1
1757257;20260908;1
347823;20260908;1
937623;20260908;1
951947;20260908;1
1606746;20260908;1
1698007;20260908;1
279113;20260908;1
422460;20260908;1
1541150;20260908;1
1316049;20260908;1
425396;20260908;1
462500;20260908;1
638977;20260908;1
691405;20260908;1
1217027;20260908;1
1347831;20260908;1
424322;20260908;1
1686487;20260908;1
1213055;20260908;1
801606;20260908;1
1139023;20260908;1
1592810;20260908;1
355277;20260908;1
420425;20260908;1
4735;20260908;1
1290773;20260908;1
22702;20260908;1
1000894;20260908;1
1252473;20260908;1
1455524;20260908;1
105433;20260908;1
1583187;20260908;1
1151276;20260908;1
41858;20260908;1
1395511;20260908;1
1483321;20260908;1
1057510;20260908;1
1389222;20260908;1
5900;20260908;1
991018;20260908;1
1251849;20260908;1
588141;20260908;1
258130;20260908;1
644700;20260908;1
1406730;20260908;1
1155144;20260908;1
1554959;20260908;1
972891;20260908;1
117364;20260908;1
1359590;20260908;1
833904;20260908;1
329639;20260908;1
308061;20260908;1
1401613;20260908;1
1386789;20260908;1
1525100;20260908;1
1737464;20260908;1
322066;20260908;1
595359;20260908;1
734804;20260908;1
1085064;20260908;1
1232842;20260908;1
1460810;20260908;1
1615796;20260908;1
1739778;20260908;1
1744487;20260908;1
1759164;20260908;1
24035;20260908;1
606487;20260908;1
351195;20260908;1
202037;20260908;1
1675860;20260908;1
449790;20260908;1
1080977;20260908;1
314292;20260908;1
1306969;20260908;1
309270;20260908;1
360778;20260908;1
406923;20260908;1
629468;20260908;1
866101;20260908;1
20875;20260908;1
130146;20260908;1
512942;20260908;1
1325480;20260908;1
950085;20260908;1
573852;20260908;1
986338;20260908;1
622412;20260908;1
1613890;20260908;1
1002797;20260908;1
1383450;20260908;1
1655109;20260908;1
643187;20260908;1
72401;20260908;1
1777582;20260908;1
241577;20260908;1
1604826;20260908;1
374384;20260908;1
966106;20260908;1
399452;20260908;1
64504;20260908;1
211289;20260908;1
833482;20260908;1
1635403;20260908;1
1138197;20260908;1
1226485;20260908;1
1405048;20260908;1
140702;20260908;1
1713552;20260908;1
1136584;20260908;1
784851;20260908;1
889235;20260908;1
104278;20260908;1
1772416;20260908;1
224837;20260908;1
6876;20260908;1
1254129;20260908;1
380602;20260908;1
1444618;20260908;1
1073285;20260908;1
999518;20260908;1
1100046;20260908;1
1471689;20260908;1
959238;20260908;1
98118;20260908;1
1753262;20260908;1
1756572;20260908;1
195698;20260908;1
299015;20260908;1
51793;20260908;1
551364;20260908;1
87399;20260908;1
1137703;20260908;1
1478878;20260908;1
623140;20260908;1
1122440;20260908;1
976106;20260908;1
482940;20260908;1
1631441;20260908;1
670958;20260908;1
1557090;20260908;1
1039768;20260908;1
1106832;20260908;1
1402103;20260908;1
1530652;20260908;1
222405;20260908;1
416771;20260908;1
982427;20260908;1
448498;20260908;1
245247;20260908;1
851522;20260908;1
1283838;20260908;1
1380533;20260908;1
713068;20260908;1
1430823;20260908;1
936526;20260908;1
602493;20260908;1
1676181;20260908;1
1043219;20260908;1
1587797;20260908;1
1243805;20260908;1
1574204;20260908;1
1639659;20260908;1
865296;20260908;1
1023020;20260908;1
73954;20260908;1
889074;20260908;1
517097;20260908;1
1516837;20260908;1
1129157;20260908;1
1356407;20260908;1
1696434;20260908;1
244318;20260908;1
419468;20260908;1
937213;20260908;1
128720;20260908;1
439929;20260908;1
835782;20260908;1
971156;20260908;1
1333038;20260908;1
618651;20260908;1
137125;20260908;1
1099797;20260908;1
1496876;20260908;1
1632913;20260908;1
554049;20260908;1
705447;20260908;1
755107;20260908;1
1292428;20260908;1
1397171;20260908;1
157993;20260908;1
179368;20260908;1
659740;20260908;1
1300793;20260908;1
1245031;20260908;1
870433;20260908;1
805586;20260908;1
316388;20260908;1
1136905;20260908;1
1334897;20260908;1
814640;20260908;1
1242958;20260908;1
56451;20260908;1
1194458;20260908;1
1363884;20260908;1
1556670;20260908;1
1769288;20260908;1
395288;20260908;1
861216;20260908;1
120297;20260908;1
1208406;20260908;1
275684;20260908;1
81564;20260908;1
1022012;20260908;1
400942;20260908;1
1169927;20260908;1
824853;20260908;1
665309;20260908;1
1398983;20260908;1
10142;20260908;1
149209;20260908;1
189051;20260908;1
950809;20260908;1
1431537;20260908;1
240504;20260908;1
264816;20260908;1
1230139;20260908;1
1105949;20260908;1
1310688;20260908;1
232598;20260908;1
261146;20260908;1
433911;20260908;1
1243045;20260908;1
1291531;20260908;1
13700;20260908;1
1488002;20260908;1
1675498;20260908;1
1725160;20260908;1
1778243;20260908;1
680446;20260908;1
689166;20260908;1
357136;20260908;1
1452739;20260908;1
50394;20260908;1
418683;20260908;1
277259;20260908;1
1591725;20260908;1
399227;20260908;1
127543;20260908;1
1637;20260908;1
371109;20260908;1
516022;20260908;1
94558;20260908;1
1230849;20260908;1
703369;20260908;1
1189012;20260908;1
389832;20260908;1
433491;20260908;1
1285272;20260908;1
1398485;20260908;1
1489691;20260908;1
426521;20260908;1
439790;20260908;1
454648;20260908;1
561160;20260908;1
89228;20260908;1
1257563;20260908;1
991149;20260908;1
6065;20260908;1
1154018;20260908;1
1234426;20260908;1
1641417;20260908;1
849852;20260908;1
354649;20260908;1
1010954;20260908;1
1276296;20260908;1
1322359;20260908;1
1726397;20260908;1
782018;20260908;1
869402;20260908;1
1136518;20260908;1
1139175;20260908;1
751960;20260908;1
1428845;20260908;1
143753;20260908;1
1155187;20260908;1
14527;20260908;1
690960;20260908;1
1284247;20260908;1
1450911;20260908;1
754476;20260908;1
1364169;20260908;1
1581467;20260908;1
262069;20260908;1
1146634;20260908;1
1006284;20260908;1
1052509;20260908;1
787142;20260908;1
593158;20260908;1
641664;20260908;1
825143;20260908;1
417203;20260908;1
188568;20260908;1
708220;20260908;1
1584057;20260908;1
1627216;20260908;1
746611;20260908;1
197727;20260908;1
1244551;20260908;1
287009;20260908;1
1263811;20260908;1
1787176;20260908;1
527599;20260908;1
527904;20260908;1
881944;20260908;1
7123;20260908;1
1700166;20260908;1
311771;20260908;1
1627669;20260908;1
692951;20260908;1
779634;20260908;1
941267;20260908;1
909239;20260908;1
753149;20260908;1
1084201;20260908;1
1486298;20260908;1
235792;20260908;1
1290980;20260908;1
1348406;20260908;1
1252113;20260908;1
75011;20260908;1
1305395;20260908;1
1659980;20260908;1
507024;20260908;1
847629;20260908;1
487568;20260908;1
1027899;20260908;1
11398;20260908;1
1426594;20260908;1
1459066;20260908;1
1733774;20260908;1
301935;20260908;1
56252;20260908;1
1130684;20260908;1
189757;20260908;1
939750;20260908;1
1046137;20260908;1
614968;20260908;1
768860;20260908;1
950854;20260908;1
1446509;20260908;1
359741;20260908;1
1220985;20260908;1
1562687;20260908;1
1145223;20260908;1
389187;20260908;1
759074;20260908;1
413047;20260908;1
470232;20260908;1
456946;20260908;1
384244;20260908;1
1071475;20260908;1
444031;20260908;1
1054570;20260908;1
1339826;20260908;1
1395394;20260908;1
1397248;20260908;1
20166;20260908;1
434387;20260908;1
543933;20260908;1
1006684;20260908;1
33796;20260908;1
1780338;20260908;1
199580;20260908;1
213152;20260908;1
1333757;20260908;1
1178431;20260908;1
603327;20260908;1
1541590;20260908;1
191369;20260908;1
1575598;20260908;1
1670417;20260908;1
1784234;20260908;1
452657;20260908;1
1027496;20260908;1
1348854;20260908;1
1438884;20260908;1
1591569;20260908;1
401743;20260908;1
663004;20260908;1
422150;20260908;1
465429;20260908;1
1672386;20260908;1
1722776;20260908;1
1011223;20260908;1
339295;20260908;1
1082934;20260908;1
1594800;20260908;1
1196046;20260908;1
1617304;20260908;1
936663;20260908;1
792758;20260908;1
1740294;20260908;1
1667089;20260908;1
1277071;20260908;1
728562;20260908;1
749097;20260908;1
1377987;20260908;1
508002;20260908;1
767943;20260908;1
266941;20260908;1
363401;20260908;1
772800;20260908;1
1343922;20260908;1
1179386;20260908;1
163518;20260908;1
1317959;20260908;1
211492;20260908;1
1585505;20260908;1
1303479;20260908;1
1368974;20260908;1
133844;20260908;1
1724847;20260908;1
612254;20260908;1
523547;20260908;1
189375;20260908;1
661218;20260908;1
874968;20260908;1
964355;20260908;1
1372859;20260908;1
619999;20260908;1
1320798;20260908;1
31025;20260908;1
1115812;20260908;1
303750;20260908;1
720341;20260908;1
175681;20260908;1
372338;20260908;1
921260;20260908;1
1298237;20260908;1
945329;20260908;1
107;20260908;1
203962;20260908;1
1402289;20260908;1
153917;20260908;1
254553;20260908;1
89658;20260908;1
580657;20260908;1
1007831;20260908;1
1221379;20260908;1
786631;20260908;1
208288;20260908;1
1256771;20260908;1
653751;20260908;1
116094;20260908;1
350701;20260908;1
1689401;20260908;1
1664773;20260908;1
176018;20260908;1
270933;20260908;1
1011030;20260908;1
1367329;20260908;1
1483333;20260908;1
1101839;20260908;1
1222277;20260908;1
1257021;20260908;1
1117865;20260908;1
241802;20260908;1
1251746;20260908;1
300044;20260908;1
878730;20260908;1
91732;20260908;1
460127;20260908;1
1031693;20260908;1
1177116;20260908;1
1623417;20260908;1
1665197;20260908;1
1787880;20260908;1
268433;20260908;1
334887;20260908;1
626884;20260908;1
697479;20260908;1
698336;20260908;1
1144085;20260908;1
1179882;20260908;1
1364201;20260908;1
337230;20260908;1
1228288;20260908;1
1144608;20260908;1
1189431;20260908;1
127375;20260908;1
1295953;20260908;1
163298;20260908;1
1662224;20260908;1
1761347;20260908;1
632087;20260908;1
757630;20260908;1
1375629;20260908;1
1337964;20260908;1
448492;20260908;1
232169;20260908;1
1450022;20260908;1
1776388;20260908;1
1315212;20260908;1
902985;20260908;1
780480;20260908;1
202226;20260908;1
1555608;20260908;1
664807;20260908;1
55044;20260908;1
43125;20260908;1
136781;20260908;1
1498564;20260908;1
1642809;20260908;1
876640;20260908;1
33609;20260908;1
1327407;20260908;1
1743804;20260908;1
309157;20260908;1
510142;20260908;1
649528;20260908;1
1738162;20260908;1
1358698;20260908;1
407943;20260908;1
105328;20260908;1
1267681;20260908;1
692301;20260908;1
381159;20260908;1
1398855;20260908;1
622187;20260908;1
103857;20260908;1
806188;20260908;1
1688902;20260908;1
443852;20260908;1
448413;20260908;1
1022958;20260908;1
778044;20260908;1
714007;20260908;1
1131672;20260908;1
1247003;20260908;1
1661674;20260908;1
722911;20260908;1
806556;20260908;1
307893;20260908;1
1116972;20260908;1
1302597;20260908;1
1315631;20260908;1
1583868;20260908;1
225484;20260908;1
300545;20260908;1
847289;20260908;1
453288;20260908;1
1219173;20260908;1
296203;20260908;1
240299;20260908;1
1615808;20260908;1
1290044;20260908;1
1569861;20260908;1
1572895;20260908;1
1575411;20260908;1
1777779;20260908;1
325382;20260908;1
382295;20260908;1
385813;20260908;1
424944;20260908;1
484948;20260908;1
554403;20260908;1
580916;20260908;1
314941;20260908;1
190208;20260908;1
1044004;20260908;1
19505;20260908;1
1410923;20260908;1
817096;20260908;1
317581;20260908;1
1226059;20260908;1
1592244;20260908;1
1644960;20260908;1
272457;20260908;1
566366;20260908;1
1179008;20260908;1
667499;20260908;1
1099046;20260908;1
1212843;20260908;1
1783140;20260908;1
532701;20260908;1
1583949;20260908;1
913695;20260908;1
233025;20260908;1
421648;20260908;1
999503;20260908;1
538617;20260908;1
926940;20260908;1
972516;20260908;1
1522433;20260908;1
847148;20260908;1
1741271;20260908;1
965761;20260908;1
623239;20260908;1
971093;20260908;1
268530;20260908;1
1182870;20260908;1
791974;20260908;1
956468;20260908;1
1514138;20260908;1
98310;20260908;1
1030997;20260908;1
568161;20260908;1
61621;20260908;1
730561;20260908;1
428783;20260908;1
1751606;20260908;1
1198976;20260908;1
1506663;20260908;1
804917;20260908;1
907287;20260908;1
1125885;20260908;1
1250096;20260908;1
1440093;20260908;1
1474834;20260908;1
1605479;20260908;1
614127;20260908;1
678491;20260908;1
740614;20260908;1
1319013;20260908;1
1535536;20260908;1
544943;20260908;1
318977;20260908;1
949008;20260908;1
1567155;20260908;1
1596740;20260908;1
638886;20260908;1
898848;20260908;1
1061931;20260908;1
1161413;20260908;1
1707381;20260908;1
104674;20260908;1
1761810;20260908;1
516774;20260908;1
716782;20260908;1
902727;20260908;1
947577;20260908;1
1490416;20260908;1
1605216;20260908;1
348318;20260908;1
686992;20260908;1
1185920;20260908;1
1218302;20260908;1
1513240;20260908;1
544676;20260908;1
702719;20260908;1
786512;20260908;1
1440870;20260908;1
285159;20260908;1
615260;20260908;1
719136;20260908;1
563112;20260908;1
549677;20260908;1
509288;20260908;1
74064;20260908;1
756056;20260908;1
897541;20260908;1
1245469;20260908;1
271026;20260908;1
314053;20260908;1
927030;20260908;1
181281;20260908;1
350937;20260908;1
1011922;20260908;1
63093;20260908;1
245399;20260908;1
33142;20260908;1
67233;20260908;1
570842;20260908;1
126003;20260908;1
1545060;20260908;1
485851;20260908;1
857351;20260908;1
1563793;20260908;1
448250;20260908;1
268986;20260908;1
1449595;20260908;1
697685;20260908;1
743085;20260908;1
1433459;20260908;1
51061;20260908;1
1169138;20260908;1
1531924;20260908;1
1440975;20260908;1
747984;20260908;1
171984;20260908;1
571469;20260908;1
1558693;20260908;1
1740739;20260908;1
1204668;20260908;1
13314;20260908;1
1749043;20260908;1
455541;20260908;1
1242358;20260908;1
1472664;20260908;1
1435912;20260908;1
1586142;20260908;1
1629567;20260908;1
1712410;20260908;1
1737899;20260908;1
197780;20260908;1
532736;20260908;1
855817;20260908;1
1388849;20260908;1
924120;20260908;1
864028;20260908;1
727439;20260908;1
1405598;20260908;1
72131;20260908;1
1177259;20260908;1
1069132;20260908;1
1141840;20260908;1
12042;20260908;1
1396619;20260908;1
561326;20260908;1
612664;20260908;1
1180117;20260908;1
125485;20260908;1
1349783;20260908;1
1401260;20260908;1
1492722;20260908;1
157673;20260908;1
1667774;20260908;1
1681953;20260908;1
1685834;20260908;1
1694481;20260908;1
1759794;20260908;1
264964;20260908;1
292032;20260908;1
301411;20260908;1
361497;20260908;1
576020;20260908;1
68228;20260908;1
734350;20260908;1
907187;20260908;1
738173;20260908;1
1438328;20260908;1
1478805;20260908;1
718012;20260908;1
959758;20260908;1
1173976;20260908;1
1703764;20260908;1
714202;20260908;1
728759;20260908;1
964675;20260908;1
328307;20260908;1
687843;20260908;1
518901;20260908;1
213474;20260908;1
958138;20260908;1
1228593;20260908;1
1461492;20260908;1
1166698;20260908;1
1206213;20260908;1
1504649;20260908;1
1569769;20260908;1
1290529;20260908;1
134694;20260908;1
1621975;20260908;1
736966;20260908;1
899623;20260908;1
1169091;20260908;1
477283;20260908;1
254517;20260908;1
984384;20260908;1
300205;20260908;1
1773077;20260908;1
54679;20260908;1
9797;20260908;1
941660;20260908;1
1600212;20260908;1
511167;20260908;1
126471;20260908;1
413514;20260908;1
411241;20260908;1
1515367;20260908;1
770461;20260908;1
859410;20260908;1
533470;20260908;1
824055;20260908;1
1410963;20260908;1
1523314;20260908;1
249385;20260908;1
1638246;20260908;1
838723;20260908;1
1047097;20260908;1
1320712;20260908;1
1352778;20260908;1
699607;20260908;1
1387886;20260908;1
542969;20260908;1
60373;20260908;1
1680093;20260908;1
1651253;20260908;1
1061321;20260908;1
1627648;20260908;1
1352685;20260908;1
327922;20260908;1
692825;20260908;1
93078;20260908;1
951557;20260908;1
1129502;20260908;1
1487942;20260908;1
556604;20260908;1
1199319;20260908;1
1533614;20260908;1
704050;20260908;1
633995;20260908;1
1591446;20260908;1
179673;20260908;1
579985;20260908;1
145080;20260908;1
165751;20260908;1
1711804;20260908;1
168242;20260908;1
560276;20260908;1
800116;20260908;1
1702019;20260908;1
1517224;20260908;1
533371;20260908;1
451514;20260908;1
1311113;20260908;1
1780604;20260908;1
114305;20260908;1
329955;20260908;1
339197;20260908;1
60564;20260908;1
66657;20260908;1
1500583;20260908;1
1578893;20260908;1
896214;20260908;1
1069960;20260908;1
446979;20260908;1
784830;20260908;1
1119873;20260908;1
171625;20260908;1
584834;20260908;1
1176753;20260908;1
1193283;20260908;1
1231615;20260908;1
1300916;20260908;1
1381567;20260908;1
1578850;20260908;1
1602464;20260908;1
1646691;20260908;1
1670958;20260908;1
262782;20260908;1
563704;20260908;1
585058;20260908;1
620505;20260908;1
654619;20260908;1
705377;20260908;1
735860;20260908;1
74161;20260908;1
749439;20260908;1
870327;20260908;1
961190;20260908;1
966712;20260908;1
602735;20260908;1
1597884;20260908;1
1727219;20260908;1
248652;20260908;1
608534;20260908;1
271165;20260908;1
985850;20260908;1
1052716;20260908;1
1553085;20260908;1
967070;20260908;1
584159;20260908;1
1623962;20260908;1
273751;20260908;1
930845;20260908;1
769242;20260908;1
1356095;20260908;1
1397982;20260908;1
245943;20260908;1
1267527;20260908;1
1615306;20260908;1
1656761;20260908;1
1686164;20260908;1
1749219;20260908;1
252288;20260908;1
630371;20260908;1
823521;20260908;1
569893;20260908;1
745586;20260908;1
311132;20260908;1
283106;20260908;1
1097894;20260908;1
1185123;20260908;1
1635181;20260908;1
1716268;20260908;1
1772737;20260908;1
2082;20260908;1
410626;20260908;1
487148;20260908;1
506518;20260908;1
1344185;20260908;1
730779;20260908;1
1519390;20260908;1
160966;20260908;1
547196;20260908;1
83359;20260908;1
1657529;20260908;1
430902;20260908;1
1400084;20260908;1
470912;20260908;1
255798;20260908;1
1547008;20260908;1
1605673;20260908;1
286863;20260908;1
1037471;20260908;1
107924;20260908;1
1250364;20260908;1
1266001;20260908;1
1376501;20260908;1
1390776;20260908;1
139400;20260908;1
1461820;20260908;1
1494096;20260908;1
1727918;20260908;1
173521;20260908;1
189847;20260908;1
219258;20260908;1
238291;20260908;1
261008;20260908;1
328491;20260908;1
454596;20260908;1
531753;20260908;1
75649;20260908;1
947552;20260908;1
965839;20260908;1
98606;20260908;1
1295680;20260908;1
1431729;20260908;1
1498452;20260908;1
213003;20260908;1
767402;20260908;1
815831;20260908;1
870079;20260908;1
1648634;20260908;1
652108;20260908;1
5771;20260908;1
408740;20260908;1
1347400;20260908;1
302828;20260908;1
599322;20260908;1
1202061;20260908;1
1001634;20260908;1
1054319;20260908;1
1002286;20260908;1
1259346;20260908;1
138418;20260908;1
390287;20260908;1
1353978;20260908;1
782343;20260908;1
997801;20260908;1
859162;20260908;1
1203363;20260908;1
696223;20260908;1
97419;20260908;1
1621936;20260908;1
378254;20260908;1
969323;20260908;1
220465;20260908;1
430385;20260908;1
1223206;20260908;1
1059819;20260908;1
1752459;20260908;1
185585;20260908;1
1147938;20260908;1
1275299;20260908;1
229716;20260908;1
180452;20260908;1
554190;20260908;1
1045115;20260908;1
1747653;20260908;1
760774;20260908;1
661166;20260908;1
1480796;20260908;1
1238570;20260908;1
1547640;20260908;1
1693363;20260908;1
848160;20260908;1
1000714;20260908;1
979834;20260908;1
185282;20260908;1
301634;20260908;1
690125;20260908;1
1260773;20260909;2
1659588;20260909;2
1081540;20260909;2
1395559;20260909;2
1780524;20260909;2
1581030;20260909;2
1657548;20260909;2
1062285;20260909;2
1700257;20260909;2
442434;20260909;2
907933;20260909;2
956031;20260909;2
631782;20260909;2
1303678;20260909;2
218727;20260909;2
1779619;20260909;2
1579104;20260909;2
304635;20260909;2
474650;20260909;2
972554;20260909;2
1734094;20260909;2
275465;20260909;2
549727;20260909;2
1964;20260909;2
1050562;20260909;2
1111071;20260909;2
661095;20260909;2
1143120;20260909;2
190346;20260909;2
267269;20260909;2
1540789;20260909;2
671511;20260909;2
1782338;20260909;2
377263;20260909;2
1310181;20260909;2
1391147;20260909;2
333632;20260909;2
374998;20260909;2
1051371;20260909;2
1042951;20260909;2
111702;20260909;2
1202661;20260909;2
1260840;20260909;2
131919;20260909;2
1418368;20260909;2
1587669;20260909;2
1690693;20260909;2
1743289;20260909;2
213711;20260909;2
220938;20260909;2
246208;20260909;2
32310;20260909;2
460462;20260909;2
461773;20260909;2
493300;20260909;2
803130;20260909;2
966689;20260909;2
1018860;20260909;2
194608;20260909;2
1643776;20260909;2
1011860;20260909;2
339476;20260909;2
1669751;20260909;2
1563746;20260909;2
791087;20260909;2
219937;20260909;2
531063;20260909;2
20876;20260909;2
1195820;20260909;2
1315522;20260909;2
726298;20260909;2
526075;20260909;2
451690;20260909;2
1494066;20260909;2
159887;20260909;2
312730;20260909;2
990438;20260909;2
1025814;20260909;2
129423;20260909;2
1456946;20260909;2
117503;20260909;2
273429;20260909;2
548594;20260909;2
248988;20260909;2
1160892;20260909;2
1162487;20260909;2
94621;20260909;2
765056;20260909;2
280738;20260909;2
575396;20260909;2
1751014;20260909;2
1015090;20260909;2
1553760;20260909;2
21033;20260909;2
1013946;20260909;2
1130680;20260909;2
126446;20260909;2
1271946;20260909;2
1713388;20260909;2
1740459;20260909;2
1757257;20260909;2
347823;20260909;2
937623;20260909;2
951947;20260909;2
1606746;20260909;2
1698007;20260909;2
279113;20260909;2
422460;20260909;2
1316049;20260909;2
425396;20260909;2
462500;20260909;2
638977;20260909;2
691405;20260909;2
1347831;20260909;2
424322;20260909;2
1686487;20260909;2
1213055;20260909;2
720511;20260909;2
801606;20260909;2
1139023;20260909;2
1592810;20260909;2
355277;20260909;2
420425;20260909;2
4735;20260909;2
1252473;20260909;2
1455524;20260909;2
1093158;20260909;2
1122418;20260909;2
154481;20260909;2
1618409;20260909;2
485687;20260909;2
1151276;20260909;2
41858;20260909;2
1395511;20260909;2
1483321;20260909;2
1057510;20260909;2
311119;20260909;2
1389222;20260909;2
5900;20260909;2
991018;20260909;2
1251849;20260909;2
588141;20260909;2
258130;20260909;2
644700;20260909;2
1155144;20260909;2
1554959;20260909;2
972891;20260909;2
117364;20260909;2
1359590;20260909;2
833904;20260909;2
329639;20260909;2
308061;20260909;2
1401613;20260909;2
1386789;20260909;2
1525100;20260909;2
1737464;20260909;2
322066;20260909;2
595359;20260909;2
734804;20260909;2
1085064;20260909;2
1232842;20260909;2
1460810;20260909;2
1615796;20260909;2
1739778;20260909;2
1744487;20260909;2
1759164;20260909;2
24035;20260909;2
606487;20260909;2
351195;20260909;2
202037;20260909;2
1675860;20260909;2
449790;20260909;2
1080977;20260909;2
314292;20260909;2
1306969;20260909;2
309270;20260909;2
360778;20260909;2
406923;20260909;2
629468;20260909;2
866101;20260909;2
20875;20260909;2
130146;20260909;2
1556904;20260909;2
1325480;20260909;2
950085;20260909;2
573852;20260909;2
986338;20260909;2
622412;20260909;2
1613890;20260909;2
1002797;20260909;2
1383450;20260909;2
1655109;20260909;2
643187;20260909;2
72401;20260909;2
1777582;20260909;2
1604826;20260909;2
26525;20260909;2
374384;20260909;2
966106;20260909;2
399452;20260909;2
64504;20260909;2
211289;20260909;2
833482;20260909;2
1635403;20260909;2
1138197;20260909;2
1226485;20260909;2
1405048;20260909;2
140702;20260909;2
1713552;20260909;2
1136584;20260909;2
784851;20260909;2
889235;20260909;2
104278;20260909;2
1772416;20260909;2
224837;20260909;2
6876;20260909;2
1254129;20260909;2
380602;20260909;2
1444618;20260909;2
1371063;20260909;2
779828;20260909;2
1073285;20260909;2
1753262;20260909;2
1756572;20260909;2
195698;20260909;2
299015;20260909;2
51793;20260909;2
551364;20260909;2
87399;20260909;2
1137703;20260909;2
336736;20260909;2
623140;20260909;2
1559702;20260909;2
1122440;20260909;2
976106;20260909;2
482940;20260909;2
1631441;20260909;2
670958;20260909;2
466444;20260909;2
229156;20260909;2
1557090;20260909;2
1039768;20260909;2
1106832;20260909;2
1402103;20260909;2
1530652;20260909;2
222405;20260909;2
416771;20260909;2
982427;20260909;2
448498;20260909;2
245247;20260909;2
851522;20260909;2
1283838;20260909;2
1380533;20260909;2
713068;20260909;2
1288715;20260909;2
448005;20260909;2
1430823;20260909;2
936526;20260909;2
534512;20260909;2
602493;20260909;2
1587797;20260909;2
1574204;20260909;2
1639659;20260909;2
865296;20260909;2
1023020;20260909;2
73954;20260909;2
889074;20260909;2
1516837;20260909;2
1213196;20260909;2
1129157;20260909;2
1356407;20260909;2
1696434;20260909;2
244318;20260909;2
419468;20260909;2
937213;20260909;2
128720;20260909;2
439929;20260909;2
835782;20260909;2
971156;20260909;2
1333038;20260909;2
618651;20260909;2
137125;20260909;2
1099797;20260909;2
1496876;20260909;2
1632913;20260909;2
554049;20260909;2
705447;20260909;2
755107;20260909;2
1292428;20260909;2
1397171;20260909;2
157993;20260909;2
32934;20260909;2
659740;20260909;2
1300793;20260909;2
1245031;20260909;2
870433;20260909;2
805586;20260909;2
316388;20260909;2
1136905;20260909;2
1334897;20260909;2
814640;20260909;2
1242958;20260909;2
1758554;20260909;2
520283;20260909;2
621671;20260909;2
56451;20260909;2
275684;20260909;2
81564;20260909;2
1169927;20260909;2
824853;20260909;2
1762008;20260909;2
1189888;20260909;2
390437;20260909;2
1431537;20260909;2
102531;20260909;2
10419;20260909;2
1088139;20260909;2
1100136;20260909;2
1328849;20260909;2
1364514;20260909;2
1421424;20260909;2
1544238;20260909;2
464139;20260909;2
907913;20260909;2
240504;20260909;2
264816;20260909;2
1230139;20260909;2
1487922;20260909;2
433911;20260909;2
1243045;20260909;2
1291531;20260909;2
13700;20260909;2
1488002;20260909;2
1675498;20260909;2
1725160;20260909;2
1778243;20260909;2
680446;20260909;2
689166;20260909;2
357136;20260909;2
418683;20260909;2
277259;20260909;2
708561;20260909;2
1591725;20260909;2
172867;20260909;2
1752692;20260909;2
423587;20260909;2
1654641;20260909;2
398238;20260909;2
127543;20260909;2
1637;20260909;2
371109;20260909;2
188985;20260909;2
746480;20260909;2
516022;20260909;2
94558;20260909;2
1189012;20260909;2
389832;20260909;2
433491;20260909;2
89228;20260909;2
6065;20260909;2
1154018;20260909;2
1234426;20260909;2
25968;20260909;2
849852;20260909;2
1047679;20260909;2
1168101;20260909;2
210892;20260909;2
416595;20260909;2
606355;20260909;2
747119;20260909;2
823270;20260909;2
354649;20260909;2
1010954;20260909;2
1276296;20260909;2
1322359;20260909;2
1726397;20260909;2
782018;20260909;2
869402;20260909;2
1136518;20260909;2
1139175;20260909;2
751960;20260909;2
1428845;20260909;2
143753;20260909;2
1155187;20260909;2
14527;20260909;2
690960;20260909;2
1284247;20260909;2
1450911;20260909;2
754476;20260909;2
1364169;20260909;2
1581467;20260909;2
262069;20260909;2
1146634;20260909;2
1006284;20260909;2
1052509;20260909;2
787142;20260909;2
593158;20260909;2
641664;20260909;2
825143;20260909;2
417203;20260909;2
188568;20260909;2
1584057;20260909;2
1627216;20260909;2
746611;20260909;2
235178;20260909;2
197727;20260909;2
1244551;20260909;2
287009;20260909;2
1263811;20260909;2
1787176;20260909;2
527599;20260909;2
527904;20260909;2
881944;20260909;2
7123;20260909;2
1627669;20260909;2
1231468;20260909;2
692951;20260909;2
779634;20260909;2
941267;20260909;2
909239;20260909;2
753149;20260909;2
1084201;20260909;2
1486298;20260909;2
235792;20260909;2
1771697;20260909;2
1290980;20260909;2
1348406;20260909;2
1252113;20260909;2
75011;20260909;2
1305395;20260909;2
1659980;20260909;2
1417033;20260909;2
507024;20260909;2
847629;20260909;2
1027899;20260909;2
11398;20260909;2
1426594;20260909;2
1459066;20260909;2
1733774;20260909;2
301935;20260909;2
56252;20260909;2
1130684;20260909;2
189757;20260909;2
939750;20260909;2
1046137;20260909;2
614968;20260909;2
768860;20260909;2
950854;20260909;2
1446509;20260909;2
359741;20260909;2
128096;20260909;2
1145223;20260909;2
389187;20260909;2
759074;20260909;2
228993;20260909;2
470232;20260909;2
224165;20260909;2
456946;20260909;2
384244;20260909;2
1071475;20260909;2
444031;20260909;2
1054570;20260909;2
1339826;20260909;2
1395394;20260909;2
1397248;20260909;2
20166;20260909;2
434387;20260909;2
543933;20260909;2
1006684;20260909;2
33796;20260909;2
1780338;20260909;2
199580;20260909;2
213152;20260909;2
1333757;20260909;2
1178431;20260909;2
603327;20260909;2
1541590;20260909;2
191369;20260909;2
1575598;20260909;2
1670417;20260909;2
1784234;20260909;2
452657;20260909;2
1027496;20260909;2
1348854;20260909;2
1438884;20260909;2
1591569;20260909;2
401743;20260909;2
663004;20260909;2
422150;20260909;2
465429;20260909;2
1672386;20260909;2
1722776;20260909;2
1032801;20260909;2
1011223;20260909;2
339295;20260909;2
1082934;20260909;2
1594800;20260909;2
1196046;20260909;2
1617304;20260909;2
936663;20260909;2
792758;20260909;2
1740294;20260909;2
1667089;20260909;2
1277071;20260909;2
728562;20260909;2
1377987;20260909;2
508002;20260909;2
767943;20260909;2
266941;20260909;2
363401;20260909;2
772800;20260909;2
1343922;20260909;2
1179386;20260909;2
163518;20260909;2
1317959;20260909;2
211492;20260909;2
1585505;20260909;2
1303479;20260909;2
1368974;20260909;2
133844;20260909;2
1724847;20260909;2
612254;20260909;2
523547;20260909;2
189375;20260909;2
661218;20260909;2
874968;20260909;2
619999;20260909;2
434590;20260909;2
31025;20260909;2
29783;20260909;2
96993;20260909;2
1115812;20260909;2
303750;20260909;2
720341;20260909;2
175681;20260909;2
372338;20260909;2
107;20260909;2
203962;20260909;2
827982;20260909;2
580657;20260909;2
1007831;20260909;2
1221379;20260909;2
786631;20260909;2
1261882;20260909;2
1485183;20260909;2
1507667;20260909;2
1784633;20260909;2
561984;20260909;2
722083;20260909;2
813884;20260909;2
841055;20260909;2
933505;20260909;2
1256771;20260909;2
653751;20260909;2
116094;20260909;2
350701;20260909;2
1689401;20260909;2
1664773;20260909;2
176018;20260909;2
270933;20260909;2
1011030;20260909;2
1367329;20260909;2
1483333;20260909;2
1101839;20260909;2
1222277;20260909;2
1257021;20260909;2
1117865;20260909;2
241802;20260909;2
1251746;20260909;2
300044;20260909;2
878730;20260909;2
91732;20260909;2
1031693;20260909;2
1177116;20260909;2
1623417;20260909;2
1665197;20260909;2
1787880;20260909;2
268433;20260909;2
334887;20260909;2
626884;20260909;2
697479;20260909;2
698336;20260909;2
1144085;20260909;2
1179882;20260909;2
1364201;20260909;2
337230;20260909;2
1144608;20260909;2
1306899;20260909;2
1207454;20260909;2
1189431;20260909;2
127375;20260909;2
1295953;20260909;2
163298;20260909;2
1662224;20260909;2
1761347;20260909;2
632087;20260909;2
757630;20260909;2
1287314;20260909;2
1337964;20260909;2
448492;20260909;2
232169;20260909;2
1450022;20260909;2
1776388;20260909;2
1315212;20260909;2
902985;20260909;2
780480;20260909;2
202226;20260909;2
1555608;20260909;2
664807;20260909;2
55044;20260909;2
43125;20260909;2
136781;20260909;2
1498564;20260909;2
1642809;20260909;2
732030;20260909;2
33609;20260909;2
1738162;20260909;2
407943;20260909;2
105328;20260909;2
1308591;20260909;2
1622858;20260909;2
463816;20260909;2
50068;20260909;2
761509;20260909;2
893217;20260909;2
1267681;20260909;2
692301;20260909;2
381159;20260909;2
1398855;20260909;2
103857;20260909;2
195109;20260909;2
806188;20260909;2
1688902;20260909;2
443852;20260909;2
448413;20260909;2
1022958;20260909;2
778044;20260909;2
714007;20260909;2
1131672;20260909;2
1247003;20260909;2
1661674;20260909;2
722911;20260909;2
806556;20260909;2
307893;20260909;2
1116972;20260909;2
1302597;20260909;2
1315631;20260909;2
1583868;20260909;2
225484;20260909;2
300545;20260909;2
1518076;20260909;2
453288;20260909;2
1219173;20260909;2
296203;20260909;2
240299;20260909;2
1615808;20260909;2
1290044;20260909;2
1569861;20260909;2
1572895;20260909;2
1575411;20260909;2
1777779;20260909;2
325382;20260909;2
382295;20260909;2
385813;20260909;2
424944;20260909;2
484948;20260909;2
554403;20260909;2
580916;20260909;2
314941;20260909;2
1249922;20260909;2
1044004;20260909;2
19505;20260909;2
1410923;20260909;2
817096;20260909;2
317581;20260909;2
1226059;20260909;2
1592244;20260909;2
1644960;20260909;2
272457;20260909;2
566366;20260909;2
1179008;20260909;2
1099046;20260909;2
1157973;20260909;2
1212843;20260909;2
1783140;20260909;2
532701;20260909;2
1583949;20260909;2
913695;20260909;2
233025;20260909;2
999503;20260909;2
538617;20260909;2
1388287;20260909;2
926940;20260909;2
1522433;20260909;2
654663;20260909;2
847148;20260909;2
1268419;20260909;2
1741271;20260909;2
965761;20260909;2
623239;20260909;2
971093;20260909;2
268530;20260909;2
791974;20260909;2
956468;20260909;2
1514138;20260909;2
98310;20260909;2
1030997;20260909;2
568161;20260909;2
61621;20260909;2
730561;20260909;2
428783;20260909;2
1751606;20260909;2
1198976;20260909;2
1506663;20260909;2
804917;20260909;2
907287;20260909;2
1125885;20260909;2
1250096;20260909;2
1440093;20260909;2
1474834;20260909;2
1605479;20260909;2
614127;20260909;2
678491;20260909;2
740614;20260909;2
1319013;20260909;2
1535536;20260909;2
544943;20260909;2
318977;20260909;2
949008;20260909;2
1567155;20260909;2
1596740;20260909;2
638886;20260909;2
898848;20260909;2
1061931;20260909;2
1161413;20260909;2
1707381;20260909;2
104674;20260909;2
1761810;20260909;2
516774;20260909;2
716782;20260909;2
902727;20260909;2
947577;20260909;2
1490416;20260909;2
1605216;20260909;2
348318;20260909;2
686992;20260909;2
1185920;20260909;2
1218302;20260909;2
1513240;20260909;2
544676;20260909;2
702719;20260909;2
786512;20260909;2
1440870;20260909;2
285159;20260909;2
615260;20260909;2
402600;20260909;2
563112;20260909;2
509288;20260909;2
74064;20260909;2
756056;20260909;2
1642978;20260909;2
897541;20260909;2
1245469;20260909;2
271026;20260909;2
314053;20260909;2
927030;20260909;2
181281;20260909;2
350937;20260909;2
1011922;20260909;2
623321;20260909;2
245399;20260909;2
33142;20260909;2
67233;20260909;2
570842;20260909;2
126003;20260909;2
1105707;20260909;2
1545060;20260909;2
857351;20260909;2
1563793;20260909;2
448250;20260909;2
549787;20260909;2
1449595;20260909;2
697685;20260909;2
743085;20260909;2
1433459;20260909;2
51061;20260909;2
1169138;20260909;2
1531924;20260909;2
1440975;20260909;2
747984;20260909;2
171984;20260909;2
571469;20260909;2
1558693;20260909;2
1740739;20260909;2
1204668;20260909;2
13314;20260909;2
1749043;20260909;2
455541;20260909;2
154229;20260909;2
1472664;20260909;2
1435912;20260909;2
1586142;20260909;2
1629567;20260909;2
1712410;20260909;2
1737899;20260909;2
197780;20260909;2
532736;20260909;2
855817;20260909;2
1388849;20260909;2
924120;20260909;2
864028;20260909;2
727439;20260909;2
1405598;20260909;2
72131;20260909;2
1177259;20260909;2
1133863;20260909;2
1069132;20260909;2
1141840;20260909;2
12042;20260909;2
1396619;20260909;2
561326;20260909;2
612664;20260909;2
1384569;20260909;2
1180117;20260909;2
125485;20260909;2
1349783;20260909;2
1401260;20260909;2
1492722;20260909;2
157673;20260909;2
1667774;20260909;2
1681953;20260909;2
1685834;20260909;2
1694481;20260909;2
1759794;20260909;2
264964;20260909;2
292032;20260909;2
301411;20260909;2
361497;20260909;2
576020;20260909;2
68228;20260909;2
734350;20260909;2
907187;20260909;2
738173;20260909;2
1173976;20260909;2
1703764;20260909;2
714202;20260909;2
728759;20260909;2
964675;20260909;2
328307;20260909;2
847555;20260909;2
687843;20260909;2
858451;20260909;2
518901;20260909;2
213474;20260909;2
958138;20260909;2
1228593;20260909;2
1461492;20260909;2
1166698;20260909;2
1206213;20260909;2
1504649;20260909;2
1569769;20260909;2
1290529;20260909;2
134694;20260909;2
1621975;20260909;2
736966;20260909;2
899623;20260909;2
1169091;20260909;2
477283;20260909;2
254517;20260909;2
984384;20260909;2
1773077;20260909;2
54679;20260909;2
9797;20260909;2
941660;20260909;2
859119;20260909;2
1600212;20260909;2
196782;20260909;2
511167;20260909;2
413514;20260909;2
411241;20260909;2
1515367;20260909;2
770461;20260909;2
859410;20260909;2
533470;20260909;2
824055;20260909;2
1410963;20260909;2
1523314;20260909;2
249385;20260909;2
1638246;20260909;2
838723;20260909;2
1047097;20260909;2
1320712;20260909;2
1352778;20260909;2
699607;20260909;2
1387886;20260909;2
542969;20260909;2
1037994;20260909;2
60373;20260909;2
1680093;20260909;2
1651253;20260909;2
1061321;20260909;2
1627648;20260909;2
1352685;20260909;2
327922;20260909;2
692825;20260909;2
93078;20260909;2
1129502;20260909;2
1487942;20260909;2
556604;20260909;2
1199319;20260909;2
1533614;20260909;2
704050;20260909;2
633995;20260909;2
1591446;20260909;2
179673;20260909;2
579985;20260909;2
145080;20260909;2
165751;20260909;2
1711804;20260909;2
168242;20260909;2
560276;20260909;2
800116;20260909;2
1702019;20260909;2
1517224;20260909;2
533371;20260909;2
451514;20260909;2
1311113;20260909;2
1780604;20260909;2
114305;20260909;2
329955;20260909;2
339197;20260909;2
60564;20260909;2
66657;20260909;2
1500583;20260909;2
1578893;20260909;2
896214;20260909;2
1069960;20260909;2
355582;20260909;2
446979;20260909;2
784830;20260909;2
1070130;20260909;2
584834;20260909;2
1176753;20260909;2
1193283;20260909;2
1231615;20260909;2
1300916;20260909;2
1381567;20260909;2
1578850;20260909;2
1602464;20260909;2
1646691;20260909;2
1670958;20260909;2
262782;20260909;2
563704;20260909;2
585058;20260909;2
620505;20260909;2
654619;20260909;2
705377;20260909;2
735860;20260909;2
74161;20260909;2
749439;20260909;2
870327;20260909;2
961190;20260909;2
966712;20260909;2
602735;20260909;2
1597884;20260909;2
1727219;20260909;2
248652;20260909;2
608534;20260909;2
271165;20260909;2
985850;20260909;2
1052716;20260909;2
889850;20260909;2
1553085;20260909;2
584159;20260909;2
1623962;20260909;2
273751;20260909;2
930845;20260909;2
1356095;20260909;2
1397982;20260909;2
245943;20260909;2
1267527;20260909;2
1615306;20260909;2
1656761;20260909;2
1686164;20260909;2
1749219;20260909;2
252288;20260909;2
630371;20260909;2
823521;20260909;2
569893;20260909;2
311132;20260909;2
283106;20260909;2
1097894;20260909;2
1185123;20260909;2
1635181;20260909;2
1716268;20260909;2
1772737;20260909;2
2082;20260909;2
410626;20260909;2
487148;20260909;2
506518;20260909;2
1344185;20260909;2
730779;20260909;2
1519390;20260909;2
160966;20260909;2
547196;20260909;2
83359;20260909;2
1657529;20260909;2
430902;20260909;2
1400084;20260909;2
470912;20260909;2
255798;20260909;2
1547008;20260909;2
1605673;20260909;2
286863;20260909;2
1037471;20260909;2
107924;20260909;2
1250364;20260909;2
1266001;20260909;2
1376501;20260909;2
1390776;20260909;2
139400;20260909;2
1461820;20260909;2
1494096;20260909;2
1727918;20260909;2
173521;20260909;2
189847;20260909;2
219258;20260909;2
238291;20260909;2
261008;20260909;2
328491;20260909;2
454596;20260909;2
531753;20260909;2
75649;20260909;2
947552;20260909;2
965839;20260909;2
98606;20260909;2
1295680;20260909;2
1431729;20260909;2
1498452;20260909;2
213003;20260909;2
767402;20260909;2
815831;20260909;2
1479969;20260909;2
870079;20260909;2
652108;20260909;2
5771;20260909;2
408740;20260909;2
1347400;20260909;2
599322;20260909;2
1202061;20260909;2
1001634;20260909;2
1054319;20260909;2
1002286;20260909;2
1259346;20260909;2
138418;20260909;2
1646343;20260909;2
390287;20260909;2
1353978;20260909;2
782343;20260909;2
997801;20260909;2
859162;20260909;2
1203363;20260909;2
696223;20260909;2
97419;20260909;2
1621936;20260909;2
378254;20260909;2
969323;20260909;2
220465;20260909;2
430385;20260909;2
1223206;20260909;2
1059819;20260909;2
1752459;20260909;2
185585;20260909;2
1147938;20260909;2
1275299;20260909;2
229716;20260909;2
180452;20260909;2
554190;20260909;2
1045115;20260909;2
1747653;20260909;2
760774;20260909;2
661166;20260909;2
1480796;20260909;2
1238570;20260909;2
1547640;20260909;2
1693363;20260909;2
848160;20260909;2
1000714;20260909;2
979834;20260909;2
185282;20260909;2
301634;20260909;2
690125;20260909;2
64624;20260910;3
1260773;20260910;3
1659588;20260910;3
1081540;20260910;3
1395559;20260910;3
1581030;20260910;3
1657548;20260910;3
956031;20260910;3
1313096;20260910;3
131945;20260910;3
144019;20260910;3
573481;20260910;3
631782;20260910;3
1303678;20260910;3
218727;20260910;3
1779619;20260910;3
1743918;20260910;3
915792;20260910;3
1579104;20260910;3
304635;20260910;3
474650;20260910;3
972554;20260910;3
1734094;20260910;3
275465;20260910;3
1964;20260910;3
1050562;20260910;3
864407;20260910;3
1143120;20260910;3
190346;20260910;3
267269;20260910;3
461655;20260910;3
1782338;20260910;3
1500985;20260910;3
1684852;20260910;3
377263;20260910;3
1310181;20260910;3
1391147;20260910;3
333632;20260910;3
1042951;20260910;3
111702;20260910;3
1202661;20260910;3
1260840;20260910;3
131919;20260910;3
1418368;20260910;3
1587669;20260910;3
1690693;20260910;3
1743289;20260910;3
213711;20260910;3
220938;20260910;3
246208;20260910;3
32310;20260910;3
460462;20260910;3
461773;20260910;3
493300;20260910;3
803130;20260910;3
966689;20260910;3
1018860;20260910;3
194608;20260910;3
1316012;20260910;3
1643776;20260910;3
127494;20260910;3
1011860;20260910;3
339476;20260910;3
1669751;20260910;3
791087;20260910;3
219937;20260910;3
531063;20260910;3
20876;20260910;3
1195820;20260910;3
1315522;20260910;3
526075;20260910;3
451690;20260910;3
1494066;20260910;3
159887;20260910;3
312730;20260910;3
709862;20260910;3
990438;20260910;3
1025814;20260910;3
129423;20260910;3
1456946;20260910;3
843918;20260910;3
117503;20260910;3
273429;20260910;3
548594;20260910;3
248988;20260910;3
1160892;20260910;3
1162487;20260910;3
94621;20260910;3
280738;20260910;3
575396;20260910;3
1751014;20260910;3
1015090;20260910;3
1553760;20260910;3
21033;20260910;3
1013946;20260910;3
1130680;20260910;3
126446;20260910;3
1271946;20260910;3
1713388;20260910;3
1740459;20260910;3
1757257;20260910;3
347823;20260910;3
937623;20260910;3
951947;20260910;3
1606746;20260910;3
1698007;20260910;3
279113;20260910;3
422460;20260910;3
1316049;20260910;3
425396;20260910;3
462500;20260910;3
638977;20260910;3
691405;20260910;3
1347831;20260910;3
424322;20260910;3
1686487;20260910;3
1213055;20260910;3
720511;20260910;3
801606;20260910;3
1139023;20260910;3
1592810;20260910;3
355277;20260910;3
420425;20260910;3
4735;20260910;3
1252473;20260910;3
1455524;20260910;3
1093158;20260910;3
1122418;20260910;3
154481;20260910;3
1618409;20260910;3
485687;20260910;3
1151276;20260910;3
41858;20260910;3
1395511;20260910;3
1483321;20260910;3
1057510;20260910;3
1389222;20260910;3
5900;20260910;3
991018;20260910;3
1251849;20260910;3
588141;20260910;3
258130;20260910;3
644700;20260910;3
1406730;20260910;3
1039685;20260910;3
1155144;20260910;3
1554959;20260910;3
972891;20260910;3
117364;20260910;3
1359590;20260910;3
833904;20260910;3
308061;20260910;3
1401613;20260910;3
1386789;20260910;3
1525100;20260910;3
1737464;20260910;3
322066;20260910;3
595359;20260910;3
734804;20260910;3
1085064;20260910;3
1232842;20260910;3
1460810;20260910;3
1615796;20260910;3
1739778;20260910;3
1744487;20260910;3
1759164;20260910;3
24035;20260910;3
606487;20260910;3
351195;20260910;3
202037;20260910;3
1675860;20260910;3
449790;20260910;3
1080977;20260910;3
314292;20260910;3
1306969;20260910;3
309270;20260910;3
360778;20260910;3
406923;20260910;3
629468;20260910;3
866101;20260910;3
20875;20260910;3
380303;20260910;3
130146;20260910;3
1325480;20260910;3
950085;20260910;3
573852;20260910;3
986338;20260910;3
622412;20260910;3
1613890;20260910;3
1002797;20260910;3
1383450;20260910;3
1655109;20260910;3
643187;20260910;3
72401;20260910;3
1777582;20260910;3
1604826;20260910;3
26525;20260910;3
374384;20260910;3
966106;20260910;3
399452;20260910;3
64504;20260910;3
211289;20260910;3
833482;20260910;3
1635403;20260910;3
1138197;20260910;3
1226485;20260910;3
1405048;20260910;3
140702;20260910;3
1713552;20260910;3
1136584;20260910;3
784851;20260910;3
889235;20260910;3
104278;20260910;3
1772416;20260910;3
224837;20260910;3
6876;20260910;3
1254129;20260910;3
380602;20260910;3
1073285;20260910;3
1753262;20260910;3
1756572;20260910;3
195698;20260910;3
299015;20260910;3
51793;20260910;3
551364;20260910;3
87399;20260910;3
1137703;20260910;3
336736;20260910;3
623140;20260910;3
1559702;20260910;3
1122440;20260910;3
976106;20260910;3
482940;20260910;3
1631441;20260910;3
1095423;20260910;3
1510988;20260910;3
1563614;20260910;3
670958;20260910;3
466444;20260910;3
229156;20260910;3
1557090;20260910;3
1039768;20260910;3
1106832;20260910;3
1402103;20260910;3
1530652;20260910;3
222405;20260910;3
416771;20260910;3
982427;20260910;3
448498;20260910;3
245247;20260910;3
851522;20260910;3
1473772;20260910;3
1283838;20260910;3
1380533;20260910;3
713068;20260910;3
1430823;20260910;3
936526;20260910;3
534512;20260910;3
602493;20260910;3
1587797;20260910;3
1284970;20260910;3
1465000;20260910;3
1698447;20260910;3
823945;20260910;3
1639659;20260910;3
73954;20260910;3
889074;20260910;3
1516837;20260910;3
1213196;20260910;3
1129157;20260910;3
1356407;20260910;3
1696434;20260910;3
244318;20260910;3
419468;20260910;3
937213;20260910;3
128720;20260910;3
439929;20260910;3
835782;20260910;3
971156;20260910;3
1333038;20260910;3
618651;20260910;3
137125;20260910;3
1099797;20260910;3
1496876;20260910;3
1632913;20260910;3
554049;20260910;3
705447;20260910;3
755107;20260910;3
1292428;20260910;3
1397171;20260910;3
157993;20260910;3
198771;20260910;3
659740;20260910;3
1300793;20260910;3
1245031;20260910;3
870433;20260910;3
805586;20260910;3
316388;20260910;3
1136905;20260910;3
76763;20260910;3
1334897;20260910;3
1242958;20260910;3
56451;20260910;3
275684;20260910;3
81564;20260910;3
1169927;20260910;3
824853;20260910;3
1762008;20260910;3
1185577;20260910;3
367022;20260910;3
964656;20260910;3
1189888;20260910;3
390437;20260910;3
1431537;20260910;3
102531;20260910;3
10419;20260910;3
1088139;20260910;3
1100136;20260910;3
1328849;20260910;3
1364514;20260910;3
1421424;20260910;3
1544238;20260910;3
464139;20260910;3
907913;20260910;3
240504;20260910;3
264816;20260910;3
1230139;20260910;3
1487922;20260910;3
1243045;20260910;3
1291531;20260910;3
13700;20260910;3
1488002;20260910;3
1675498;20260910;3
1725160;20260910;3
1778243;20260910;3
680446;20260910;3
689166;20260910;3
357136;20260910;3
1245199;20260910;3
418683;20260910;3
277259;20260910;3
708561;20260910;3
1591725;20260910;3
172867;20260910;3
1752692;20260910;3
423587;20260910;3
1654641;20260910;3
398238;20260910;3
127543;20260910;3
1637;20260910;3
1594987;20260910;3
371109;20260910;3
516022;20260910;3
94558;20260910;3
6065;20260910;3
1154018;20260910;3
1554334;20260910;3
1482555;20260910;3
158645;20260910;3
1601490;20260910;3
938555;20260910;3
1234426;20260910;3
25968;20260910;3
1641417;20260910;3
849852;20260910;3
1047679;20260910;3
1168101;20260910;3
210892;20260910;3
416595;20260910;3
606355;20260910;3
747119;20260910;3
823270;20260910;3
354649;20260910;3
1010954;20260910;3
1276296;20260910;3
1322359;20260910;3
1726397;20260910;3
1570111;20260910;3
782018;20260910;3
869402;20260910;3
1136518;20260910;3
1139175;20260910;3
751960;20260910;3
1428845;20260910;3
143753;20260910;3
1284247;20260910;3
1450911;20260910;3
754476;20260910;3
154954;20260910;3
1364169;20260910;3
1581467;20260910;3
262069;20260910;3
1644703;20260910;3
1146634;20260910;3
1006284;20260910;3
1052509;20260910;3
787142;20260910;3
593158;20260910;3
641664;20260910;3
825143;20260910;3
417203;20260910;3
188568;20260910;3
1584057;20260910;3
1627216;20260910;3
235178;20260910;3
197727;20260910;3
852522;20260910;3
1244551;20260910;3
287009;20260910;3
1263811;20260910;3
1787176;20260910;3
527599;20260910;3
527904;20260910;3
881944;20260910;3
7123;20260910;3
1627669;20260910;3
1231468;20260910;3
692951;20260910;3
779634;20260910;3
941267;20260910;3
909239;20260910;3
753149;20260910;3
1084201;20260910;3
208352;20260910;3
1486298;20260910;3
235792;20260910;3
1771697;20260910;3
1290980;20260910;3
1252113;20260910;3
75011;20260910;3
1305395;20260910;3
1659980;20260910;3
1417033;20260910;3
507024;20260910;3
847629;20260910;3
1027899;20260910;3
11398;20260910;3
1426594;20260910;3
1459066;20260910;3
1733774;20260910;3
301935;20260910;3
56252;20260910;3
1130684;20260910;3
189757;20260910;3
939750;20260910;3
1046137;20260910;3
614968;20260910;3
768860;20260910;3
950854;20260910;3
1446509;20260910;3
359741;20260910;3
128096;20260910;3
1145223;20260910;3
389187;20260910;3
759074;20260910;3
228993;20260910;3
470232;20260910;3
644989;20260910;3
224165;20260910;3
456946;20260910;3
384244;20260910;3
444031;20260910;3
1054570;20260910;3
1339826;20260910;3
1395394;20260910;3
1397248;20260910;3
20166;20260910;3
434387;20260910;3
543933;20260910;3
1006684;20260910;3
33796;20260910;3
1780338;20260910;3
199580;20260910;3
213152;20260910;3
1333757;20260910;3
1178431;20260910;3
603327;20260910;3
1541590;20260910;3
191369;20260910;3
1575598;20260910;3
1670417;20260910;3
1784234;20260910;3
452657;20260910;3
1027496;20260910;3
1348854;20260910;3
1438884;20260910;3
1591569;20260910;3
401743;20260910;3
663004;20260910;3
422150;20260910;3
465429;20260910;3
1672386;20260910;3
1722776;20260910;3
1011223;20260910;3
339295;20260910;3
1082934;20260910;3
1594800;20260910;3
1196046;20260910;3
1617304;20260910;3
792758;20260910;3
1667089;20260910;3
1277071;20260910;3
728562;20260910;3
749097;20260910;3
411323;20260910;3
767943;20260910;3
985309;20260910;3
266941;20260910;3
363401;20260910;3
772800;20260910;3
1343922;20260910;3
1665384;20260910;3
392932;20260910;3
1179386;20260910;3
163518;20260910;3
1317959;20260910;3
1585505;20260910;3
463385;20260910;3
1303479;20260910;3
1368974;20260910;3
133844;20260910;3
1724847;20260910;3
612254;20260910;3
126719;20260910;3
189375;20260910;3
661218;20260910;3
874968;20260910;3
434590;20260910;3
31025;20260910;3
29783;20260910;3
96993;20260910;3
1115812;20260910;3
303750;20260910;3
720341;20260910;3
175681;20260910;3
372338;20260910;3
107;20260910;3
203962;20260910;3
827982;20260910;3
580657;20260910;3
1007831;20260910;3
1221379;20260910;3
786631;20260910;3
1261882;20260910;3
1485183;20260910;3
1507667;20260910;3
1784633;20260910;3
561984;20260910;3
722083;20260910;3
813884;20260910;3
841055;20260910;3
933505;20260910;3
1256771;20260910;3
653751;20260910;3
1043301;20260910;3
116094;20260910;3
350701;20260910;3
375847;20260910;3
1689401;20260910;3
1664773;20260910;3
176018;20260910;3
270933;20260910;3
1011030;20260910;3
1367329;20260910;3
1483333;20260910;3
1222277;20260910;3
1257021;20260910;3
1117865;20260910;3
241802;20260910;3
300044;20260910;3
878730;20260910;3
91732;20260910;3
1031693;20260910;3
1177116;20260910;3
1623417;20260910;3
1665197;20260910;3
1787880;20260910;3
268433;20260910;3
334887;20260910;3
626884;20260910;3
697479;20260910;3
698336;20260910;3
1144085;20260910;3
1179882;20260910;3
1364201;20260910;3
337230;20260910;3
1144608;20260910;3
1306899;20260910;3
1207454;20260910;3
1184112;20260910;3
181877;20260910;3
1189431;20260910;3
127375;20260910;3
1295953;20260910;3
163298;20260910;3
1662224;20260910;3
1761347;20260910;3
632087;20260910;3
757630;20260910;3
1337964;20260910;3
448492;20260910;3
1450022;20260910;3
1776388;20260910;3
1315212;20260910;3
902985;20260910;3
780480;20260910;3
202226;20260910;3
1555608;20260910;3
43125;20260910;3
136781;20260910;3
1498564;20260910;3
1642809;20260910;3
33609;20260910;3
1738162;20260910;3
1108987;20260910;3
407943;20260910;3
105328;20260910;3
1308591;20260910;3
1622858;20260910;3
463816;20260910;3
50068;20260910;3
761509;20260910;3
893217;20260910;3
1267681;20260910;3
692301;20260910;3
381159;20260910;3
1398855;20260910;3
195109;20260910;3
806188;20260910;3
1688902;20260910;3
443852;20260910;3
448413;20260910;3
632667;20260910;3
1022958;20260910;3
778044;20260910;3
714007;20260910;3
1131672;20260910;3
1247003;20260910;3
1661674;20260910;3
722911;20260910;3
806556;20260910;3
307893;20260910;3
1116972;20260910;3
1302597;20260910;3
1315631;20260910;3
1583868;20260910;3
225484;20260910;3
300545;20260910;3
847289;20260910;3
453288;20260910;3
1213625;20260910;3
296203;20260910;3
1290044;20260910;3
1569861;20260910;3
1572895;20260910;3
1575411;20260910;3
1777779;20260910;3
325382;20260910;3
382295;20260910;3
385813;20260910;3
424944;20260910;3
484948;20260910;3
554403;20260910;3
580916;20260910;3
1126630;20260910;3
1349581;20260910;3
314941;20260910;3
1249922;20260910;3
1044004;20260910;3
19505;20260910;3
1410923;20260910;3
817096;20260910;3
317581;20260910;3
1226059;20260910;3
1592244;20260910;3
1644960;20260910;3
272457;20260910;3
566366;20260910;3
1179008;20260910;3
667499;20260910;3
1099046;20260910;3
1212843;20260910;3
1783140;20260910;3
1667326;20260910;3
453423;20260910;3
1411834;20260910;3
913695;20260910;3
27042;20260910;3
999503;20260910;3
538617;20260910;3
31899;20260910;3
926940;20260910;3
1522433;20260910;3
654663;20260910;3
847148;20260910;3
1268419;20260910;3
1741271;20260910;3
965761;20260910;3
623239;20260910;3
268530;20260910;3
791974;20260910;3
956468;20260910;3
1514138;20260910;3
98310;20260910;3
131072;20260910;3
1030997;20260910;3
568161;20260910;3
61621;20260910;3
730561;20260910;3
428783;20260910;3
1751606;20260910;3
1198976;20260910;3
1506663;20260910;3
804917;20260910;3
907287;20260910;3
1125885;20260910;3
1250096;20260910;3
1440093;20260910;3
1474834;20260910;3
1605479;20260910;3
614127;20260910;3
678491;20260910;3
740614;20260910;3
1319013;20260910;3
1535536;20260910;3
544943;20260910;3
318977;20260910;3
949008;20260910;3
1567155;20260910;3
1596740;20260910;3
638886;20260910;3
898848;20260910;3
1061931;20260910;3
1161413;20260910;3
1707381;20260910;3
104674;20260910;3
1761810;20260910;3
516774;20260910;3
716782;20260910;3
902727;20260910;3
947577;20260910;3
1473410;20260910;3
1490416;20260910;3
1605216;20260910;3
99890;20260910;3
348318;20260910;3
851807;20260910;3
686992;20260910;3
1185920;20260910;3
1218302;20260910;3
1513240;20260910;3
544676;20260910;3
1440870;20260910;3
285159;20260910;3
615260;20260910;3
402600;20260910;3
948477;20260910;3
1352262;20260910;3
509288;20260910;3
74064;20260910;3
756056;20260910;3
1642978;20260910;3
185815;20260910;3
897541;20260910;3
1245469;20260910;3
271026;20260910;3
314053;20260910;3
927030;20260910;3
181281;20260910;3
1003463;20260910;3
350937;20260910;3
1011922;20260910;3
623321;20260910;3
245399;20260910;3
33142;20260910;3
67233;20260910;3
126003;20260910;3
1545060;20260910;3
857351;20260910;3
1563793;20260910;3
448250;20260910;3
549787;20260910;3
268986;20260910;3
1449595;20260910;3
697685;20260910;3
743085;20260910;3
1433459;20260910;3
51061;20260910;3
1169138;20260910;3
1531924;20260910;3
1440975;20260910;3
747984;20260910;3
171984;20260910;3
571469;20260910;3
1558693;20260910;3
1740739;20260910;3
1204668;20260910;3
13314;20260910;3
1749043;20260910;3
455541;20260910;3
1472664;20260910;3
1435912;20260910;3
1586142;20260910;3
1629567;20260910;3
1712410;20260910;3
1737899;20260910;3
197780;20260910;3
532736;20260910;3
855817;20260910;3
1592757;20260910;3
1388849;20260910;3
924120;20260910;3
864028;20260910;3
727439;20260910;3
1405598;20260910;3
72131;20260910;3
1131542;20260910;3
1069132;20260910;3
1141840;20260910;3
12042;20260910;3
1396619;20260910;3
561326;20260910;3
612664;20260910;3
1180117;20260910;3
125485;20260910;3
1349783;20260910;3
1401260;20260910;3
1492722;20260910;3
157673;20260910;3
1667774;20260910;3
1681953;20260910;3
1685834;20260910;3
1694481;20260910;3
1759794;20260910;3
264964;20260910;3
292032;20260910;3
301411;20260910;3
361497;20260910;3
576020;20260910;3
68228;20260910;3
734350;20260910;3
907187;20260910;3
738173;20260910;3
1173976;20260910;3
964675;20260910;3
328307;20260910;3
847555;20260910;3
687843;20260910;3
858451;20260910;3
213474;20260910;3
1444391;20260910;3
1308379;20260910;3
1468366;20260910;3
1569512;20260910;3
231689;20260910;3
549916;20260910;3
768726;20260910;3
1228593;20260910;3
1461492;20260910;3
1166698;20260910;3
1206213;20260910;3
1504649;20260910;3
1569769;20260910;3
1290529;20260910;3
134694;20260910;3
1621975;20260910;3
736966;20260910;3
899623;20260910;3
1362736;20260910;3
1169091;20260910;3
254517;20260910;3
984384;20260910;3
1773077;20260910;3
54679;20260910;3
9797;20260910;3
941660;20260910;3
1600212;20260910;3
196782;20260910;3
511167;20260910;3
126471;20260910;3
413514;20260910;3
411241;20260910;3
661468;20260910;3
1515367;20260910;3
770461;20260910;3
859410;20260910;3
533470;20260910;3
824055;20260910;3
1410963;20260910;3
1523314;20260910;3
249385;20260910;3
1638246;20260910;3
838723;20260910;3
1047097;20260910;3
1320712;20260910;3
1352778;20260910;3
699607;20260910;3
1387886;20260910;3
542969;20260910;3
60373;20260910;3
1680093;20260910;3
1651253;20260910;3
1061321;20260910;3
1627648;20260910;3
1352685;20260910;3
503919;20260910;3
327922;20260910;3
692825;20260910;3
93078;20260910;3
1129502;20260910;3
1487942;20260910;3
556604;20260910;3
1199319;20260910;3
1533614;20260910;3
704050;20260910;3
633995;20260910;3
1591446;20260910;3
179673;20260910;3
579985;20260910;3
145080;20260910;3
165751;20260910;3
1711804;20260910;3
168242;20260910;3
560276;20260910;3
800116;20260910;3
1702019;20260910;3
1517224;20260910;3
533371;20260910;3
451514;20260910;3
1311113;20260910;3
1780604;20260910;3
114305;20260910;3
329955;20260910;3
339197;20260910;3
60564;20260910;3
66657;20260910;3
1759465;20260910;3
1500583;20260910;3
896214;20260910;3
1069960;20260910;3
1525535;20260910;3
425899;20260910;3
457952;20260910;3
446979;20260910;3
784830;20260910;3
1070130;20260910;3
659531;20260910;3
1176753;20260910;3
1193283;20260910;3
1231615;20260910;3
1300916;20260910;3
1381567;20260910;3
1578850;20260910;3
1602464;20260910;3
1646691;20260910;3
1670958;20260910;3
262782;20260910;3
563704;20260910;3
585058;20260910;3
620505;20260910;3
654619;20260910;3
705377;20260910;3
735860;20260910;3
74161;20260910;3
749439;20260910;3
870327;20260910;3
961190;20260910;3
966712;20260910;3
602735;20260910;3
1597884;20260910;3
1727219;20260910;3
248652;20260910;3
608534;20260910;3
985850;20260910;3
1691547;20260910;3
1052716;20260910;3
967070;20260910;3
1623962;20260910;3
273751;20260910;3
930845;20260910;3
769242;20260910;3
1356095;20260910;3
1397982;20260910;3
245943;20260910;3
1267527;20260910;3
1615306;20260910;3
1656761;20260910;3
1686164;20260910;3
1749219;20260910;3
252288;20260910;3
630371;20260910;3
823521;20260910;3
569893;20260910;3
745586;20260910;3
311132;20260910;3
283106;20260910;3
1097894;20260910;3
1185123;20260910;3
1635181;20260910;3
1716268;20260910;3
1772737;20260910;3
2082;20260910;3
410626;20260910;3
487148;20260910;3
506518;20260910;3
1344185;20260910;3
730779;20260910;3
1519390;20260910;3
160966;20260910;3
547196;20260910;3
83359;20260910;3
1657529;20260910;3
430902;20260910;3
1400084;20260910;3
470912;20260910;3
255798;20260910;3
1547008;20260910;3
1605673;20260910;3
286863;20260910;3
1037471;20260910;3
107924;20260910;3
1250364;20260910;3
1266001;20260910;3
1376501;20260910;3
1390776;20260910;3
139400;20260910;3
1461820;20260910;3
1494096;20260910;3
1727918;20260910;3
173521;20260910;3
189847;20260910;3
219258;20260910;3
238291;20260910;3
261008;20260910;3
328491;20260910;3
454596;20260910;3
531753;20260910;3
75649;20260910;3
947552;20260910;3
965839;20260910;3
98606;20260910;3
1295680;20260910;3
1431729;20260910;3
1498452;20260910;3
213003;20260910;3
767402;20260910;3
815831;20260910;3
1479969;20260910;3
870079;20260910;3
652108;20260910;3
5771;20260910;3
408740;20260910;3
1347400;20260910;3
599322;20260910;3
1202061;20260910;3
1001634;20260910;3
1054319;20260910;3
1002286;20260910;3
1259346;20260910;3
138418;20260910;3
390287;20260910;3
1353978;20260910;3
782343;20260910;3
997801;20260910;3
859162;20260910;3
1203363;20260910;3
696223;20260910;3
97419;20260910;3
1621936;20260910;3
74547;20260910;3
378254;20260910;3
969323;20260910;3
220465;20260910;3
430385;20260910;3
1223206;20260910;3
1059819;20260910;3
1752459;20260910;3
185585;20260910;3
1147938;20260910;3
1275299;20260910;3
229716;20260910;3
180452;20260910;3
554190;20260910;3
1747653;20260910;3
760774;20260910;3
661166;20260910;3
1480796;20260910;3
1238570;20260910;3
1547640;20260910;3
1693363;20260910;3
848160;20260910;3
1000714;20260910;3
979834;20260910;3
185282;20260910;3
690125;20260910;3
64624;20260911;4
1260773;20260911;4
1659588;20260911;4
1081540;20260911;4
1395559;20260911;4
1581030;20260911;4
1657548;20260911;4
1313096;20260911;4
131945;20260911;4
144019;20260911;4
573481;20260911;4
631782;20260911;4
1303678;20260911;4
218727;20260911;4
14318;20260911;4
1779619;20260911;4
1743918;20260911;4
1194168;20260911;4
915792;20260911;4
1579104;20260911;4
304635;20260911;4
474650;20260911;4
972554;20260911;4
275465;20260911;4
1964;20260911;4
1050562;20260911;4
864407;20260911;4
1143120;20260911;4
190346;20260911;4
267269;20260911;4
461655;20260911;4
1782338;20260911;4
1500985;20260911;4
1684852;20260911;4
377263;20260911;4
1310181;20260911;4
1391147;20260911;4
333632;20260911;4
1042951;20260911;4
111702;20260911;4
1202661;20260911;4
1260840;20260911;4
131919;20260911;4
1418368;20260911;4
1587669;20260911;4
1690693;20260911;4
1743289;20260911;4
213711;20260911;4
220938;20260911;4
246208;20260911;4
32310;20260911;4
460462;20260911;4
461773;20260911;4
493300;20260911;4
803130;20260911;4
966689;20260911;4
1018860;20260911;4
194608;20260911;4
1316012;20260911;4
1643776;20260911;4
1011860;20260911;4
339476;20260911;4
1669751;20260911;4
1563746;20260911;4
791087;20260911;4
219937;20260911;4
531063;20260911;4
20876;20260911;4
1195820;20260911;4
1315522;20260911;4
1409119;20260911;4
526075;20260911;4
451690;20260911;4
1494066;20260911;4
159887;20260911;4
312730;20260911;4
1025814;20260911;4
129423;20260911;4
1456946;20260911;4
63063;20260911;4
117503;20260911;4
273429;20260911;4
548594;20260911;4
248988;20260911;4
1160892;20260911;4
1162487;20260911;4
94621;20260911;4
765056;20260911;4
280738;20260911;4
575396;20260911;4
1751014;20260911;4
1015090;20260911;4
1553760;20260911;4
627629;20260911;4
859370;20260911;4
818346;20260911;4
1606746;20260911;4
1698007;20260911;4
279113;20260911;4
422460;20260911;4
1316049;20260911;4
425396;20260911;4
462500;20260911;4
1407811;20260911;4
798469;20260911;4
1398820;20260911;4
647611;20260911;4
50405;20260911;4
1513316;20260911;4
26744;20260911;4
400734;20260911;4
424322;20260911;4
1686487;20260911;4
1213055;20260911;4
1037448;20260911;4
1445544;20260911;4
191973;20260911;4
778079;20260911;4
1337801;20260911;4
1139023;20260911;4
1592810;20260911;4
355277;20260911;4
420425;20260911;4
4735;20260911;4
338680;20260911;4
1252473;20260911;4
1455524;20260911;4
1093158;20260911;4
1122418;20260911;4
154481;20260911;4
1618409;20260911;4
485687;20260911;4
1151276;20260911;4
41858;20260911;4
324225;20260911;4
1483321;20260911;4
1596853;20260911;4
1057510;20260911;4
1389222;20260911;4
5900;20260911;4
991018;20260911;4
1251849;20260911;4
588141;20260911;4
258130;20260911;4
644700;20260911;4
1406730;20260911;4
1155144;20260911;4
1554959;20260911;4
972891;20260911;4
117364;20260911;4
1359590;20260911;4
833904;20260911;4
329639;20260911;4
308061;20260911;4
1401613;20260911;4
1386789;20260911;4
1525100;20260911;4
1737464;20260911;4
322066;20260911;4
595359;20260911;4
734804;20260911;4
1085064;20260911;4
1232842;20260911;4
1460810;20260911;4
1615796;20260911;4
1739778;20260911;4
1744487;20260911;4
1759164;20260911;4
24035;20260911;4
606487;20260911;4
351195;20260911;4
202037;20260911;4
1675860;20260911;4
449790;20260911;4
1080977;20260911;4
314292;20260911;4
1306969;20260911;4
309270;20260911;4
360778;20260911;4
406923;20260911;4
629468;20260911;4
866101;20260911;4
20875;20260911;4
380303;20260911;4
130146;20260911;4
1325480;20260911;4
950085;20260911;4
573852;20260911;4
986338;20260911;4
622412;20260911;4
483802;20260911;4
1613890;20260911;4
1002797;20260911;4
1383450;20260911;4
1655109;20260911;4
643187;20260911;4
72401;20260911;4
1777582;20260911;4
1604826;20260911;4
374384;20260911;4
399452;20260911;4
64504;20260911;4
211289;20260911;4
833482;20260911;4
1635403;20260911;4
1138197;20260911;4
1226485;20260911;4
1405048;20260911;4
140702;20260911;4
1713552;20260911;4
1182167;20260911;4
1136584;20260911;4
784851;20260911;4
889235;20260911;4
104278;20260911;4
1772416;20260911;4
224837;20260911;4
6876;20260911;4
1254129;20260911;4
380602;20260911;4
1073285;20260911;4
1753262;20260911;4
1756572;20260911;4
195698;20260911;4
299015;20260911;4
51793;20260911;4
551364;20260911;4
87399;20260911;4
119100;20260911;4
1137703;20260911;4
336736;20260911;4
1636116;20260911;4
1559702;20260911;4
1153792;20260911;4
1122440;20260911;4
976106;20260911;4
482940;20260911;4
620572;20260911;4
1631441;20260911;4
479604;20260911;4
229156;20260911;4
918265;20260911;4
1557090;20260911;4
1039768;20260911;4
1106832;20260911;4
1402103;20260911;4
1530652;20260911;4
222405;20260911;4
416771;20260911;4
982427;20260911;4
448498;20260911;4
245247;20260911;4
851522;20260911;4
1473772;20260911;4
1283838;20260911;4
1380533;20260911;4
713068;20260911;4
1430823;20260911;4
936526;20260911;4
534512;20260911;4
602493;20260911;4
1587797;20260911;4
770162;20260911;4
1690853;20260911;4
1639659;20260911;4
865296;20260911;4
1023020;20260911;4
73954;20260911;4
517097;20260911;4
1516837;20260911;4
1213196;20260911;4
1129157;20260911;4
1356407;20260911;4
1696434;20260911;4
244318;20260911;4
419468;20260911;4
937213;20260911;4
128720;20260911;4
439929;20260911;4
835782;20260911;4
971156;20260911;4
1333038;20260911;4
618651;20260911;4
1099797;20260911;4
1496876;20260911;4
1632913;20260911;4
554049;20260911;4
705447;20260911;4
755107;20260911;4
1292428;20260911;4
1397171;20260911;4
157993;20260911;4
9189;20260911;4
895016;20260911;4
659740;20260911;4
1300793;20260911;4
1245031;20260911;4
870433;20260911;4
805586;20260911;4
316388;20260911;4
1136905;20260911;4
76763;20260911;4
1334897;20260911;4
539288;20260911;4
56451;20260911;4
275684;20260911;4
81564;20260911;4
1169927;20260911;4
824853;20260911;4
530519;20260911;4
1762008;20260911;4
1188676;20260911;4
1311150;20260911;4
1775713;20260911;4
906161;20260911;4
1431537;20260911;4
102531;20260911;4
10419;20260911;4
1088139;20260911;4
1100136;20260911;4
1328849;20260911;4
1364514;20260911;4
1421424;20260911;4
1544238;20260911;4
464139;20260911;4
907913;20260911;4
240504;20260911;4
264816;20260911;4
1230139;20260911;4
1243045;20260911;4
1291531;20260911;4
13700;20260911;4
1488002;20260911;4
1675498;20260911;4
1725160;20260911;4
1778243;20260911;4
680446;20260911;4
689166;20260911;4
1770070;20260911;4
1245199;20260911;4
418683;20260911;4
277259;20260911;4
708561;20260911;4
1591725;20260911;4
172867;20260911;4
1752692;20260911;4
423587;20260911;4
1654641;20260911;4
398238;20260911;4
127543;20260911;4
1637;20260911;4
1594987;20260911;4
371109;20260911;4
516022;20260911;4
540332;20260911;4
6065;20260911;4
1057378;20260911;4
1144591;20260911;4
1233346;20260911;4
8249;20260911;4
974127;20260911;4
1154018;20260911;4
830070;20260911;4
1234426;20260911;4
1641417;20260911;4
849852;20260911;4
1047679;20260911;4
1168101;20260911;4
210892;20260911;4
416595;20260911;4
606355;20260911;4
747119;20260911;4
823270;20260911;4
354649;20260911;4
1010954;20260911;4
1276296;20260911;4
1322359;20260911;4
1726397;20260911;4
1570111;20260911;4
1713359;20260911;4
782018;20260911;4
869402;20260911;4
1136518;20260911;4
1139175;20260911;4
751960;20260911;4
1428845;20260911;4
1736074;20260911;4
1284247;20260911;4
1450911;20260911;4
754476;20260911;4
1183602;20260911;4
1211477;20260911;4
1364169;20260911;4
1581467;20260911;4
262069;20260911;4
1146634;20260911;4
1052509;20260911;4
787142;20260911;4
593158;20260911;4
641664;20260911;4
825143;20260911;4
417203;20260911;4
188568;20260911;4
1584057;20260911;4
1627216;20260911;4
235178;20260911;4
197727;20260911;4
852522;20260911;4
1244551;20260911;4
287009;20260911;4
1263811;20260911;4
1787176;20260911;4
527599;20260911;4
527904;20260911;4
881944;20260911;4
7123;20260911;4
1627669;20260911;4
175612;20260911;4
692951;20260911;4
779634;20260911;4
941267;20260911;4
909239;20260911;4
753149;20260911;4
1084201;20260911;4
1486298;20260911;4
235792;20260911;4
1771697;20260911;4
1290980;20260911;4
1348406;20260911;4
1252113;20260911;4
75011;20260911;4
1305395;20260911;4
1659980;20260911;4
507024;20260911;4
847629;20260911;4
522552;20260911;4
1733774;20260911;4
301935;20260911;4
56252;20260911;4
1080807;20260911;4
747661;20260911;4
1521644;20260911;4
1130684;20260911;4
189757;20260911;4
939750;20260911;4
762982;20260911;4
1046137;20260911;4
614968;20260911;4
768860;20260911;4
950854;20260911;4
1446509;20260911;4
359741;20260911;4
128096;20260911;4
1145223;20260911;4
389187;20260911;4
759074;20260911;4
1081168;20260911;4
1158761;20260911;4
470232;20260911;4
1548743;20260911;4
224165;20260911;4
384244;20260911;4
444031;20260911;4
1054570;20260911;4
1339826;20260911;4
1395394;20260911;4
1397248;20260911;4
20166;20260911;4
434387;20260911;4
543933;20260911;4
1006684;20260911;4
33796;20260911;4
1780338;20260911;4
199580;20260911;4
213152;20260911;4
1333757;20260911;4
1178431;20260911;4
603327;20260911;4
1541590;20260911;4
191369;20260911;4
1575598;20260911;4
1670417;20260911;4
1784234;20260911;4
452657;20260911;4
1027496;20260911;4
1348854;20260911;4
1438884;20260911;4
1591569;20260911;4
401743;20260911;4
663004;20260911;4
422150;20260911;4
536905;20260911;4
1672386;20260911;4
1722776;20260911;4
1011223;20260911;4
339295;20260911;4
1082934;20260911;4
1594800;20260911;4
1196046;20260911;4
1617304;20260911;4
792758;20260911;4
1667089;20260911;4
1277071;20260911;4
728562;20260911;4
767943;20260911;4
266941;20260911;4
363401;20260911;4
772800;20260911;4
1192326;20260911;4
1385149;20260911;4
1575401;20260911;4
1650706;20260911;4
3719;20260911;4
719497;20260911;4
1343922;20260911;4
1179386;20260911;4
163518;20260911;4
1317959;20260911;4
1585505;20260911;4
1303479;20260911;4
1368974;20260911;4
133844;20260911;4
1724847;20260911;4
612254;20260911;4
126719;20260911;4
189375;20260911;4
661218;20260911;4
874968;20260911;4
1635225;20260911;4
31025;20260911;4
29783;20260911;4
96993;20260911;4
1115812;20260911;4
303750;20260911;4
720341;20260911;4
175681;20260911;4
372338;20260911;4
107;20260911;4
203962;20260911;4
992207;20260911;4
580657;20260911;4
1007831;20260911;4
1221379;20260911;4
786631;20260911;4
1261882;20260911;4
1485183;20260911;4
1507667;20260911;4
1784633;20260911;4
561984;20260911;4
722083;20260911;4
813884;20260911;4
841055;20260911;4
933505;20260911;4
1256771;20260911;4
653751;20260911;4
407447;20260911;4
116094;20260911;4
974732;20260911;4
350701;20260911;4
1664773;20260911;4
176018;20260911;4
270933;20260911;4
1628912;20260911;4
1011030;20260911;4
1367329;20260911;4
1483333;20260911;4
1222277;20260911;4
1257021;20260911;4
1117865;20260911;4
241802;20260911;4
1251746;20260911;4
300044;20260911;4
878730;20260911;4
91732;20260911;4
974974;20260911;4
1031693;20260911;4
1177116;20260911;4
1623417;20260911;4
1665197;20260911;4
1787880;20260911;4
268433;20260911;4
334887;20260911;4
626884;20260911;4
697479;20260911;4
698336;20260911;4
1144085;20260911;4
1179882;20260911;4
1364201;20260911;4
337230;20260911;4
1144608;20260911;4
1207454;20260911;4
1184112;20260911;4
181877;20260911;4
1189431;20260911;4
127375;20260911;4
1295953;20260911;4
163298;20260911;4
1662224;20260911;4
1761347;20260911;4
632087;20260911;4
757630;20260911;4
1337964;20260911;4
448492;20260911;4
1507706;20260911;4
1450022;20260911;4
1776388;20260911;4
1315212;20260911;4
902985;20260911;4
780480;20260911;4
202226;20260911;4
1555608;20260911;4
43125;20260911;4
1146338;20260911;4
136781;20260911;4
1498564;20260911;4
1642809;20260911;4
33609;20260911;4
1738162;20260911;4
1358698;20260911;4
407943;20260911;4
1308591;20260911;4
1622858;20260911;4
463816;20260911;4
50068;20260911;4
761509;20260911;4
893217;20260911;4
1267681;20260911;4
692301;20260911;4
381159;20260911;4
1398855;20260911;4
195109;20260911;4
806188;20260911;4
1688902;20260911;4
443852;20260911;4
448413;20260911;4
632667;20260911;4
1022958;20260911;4
778044;20260911;4
714007;20260911;4
1131672;20260911;4
1247003;20260911;4
1661674;20260911;4
722911;20260911;4
806556;20260911;4
307893;20260911;4
1116972;20260911;4
1302597;20260911;4
1315631;20260911;4
1583868;20260911;4
225484;20260911;4
300545;20260911;4
1518076;20260911;4
453288;20260911;4
241251;20260911;4
296203;20260911;4
1615808;20260911;4
1290044;20260911;4
1155158;20260911;4
757762;20260911;4
1569861;20260911;4
1572895;20260911;4
1575411;20260911;4
1777779;20260911;4
325382;20260911;4
382295;20260911;4
385813;20260911;4
424944;20260911;4
484948;20260911;4
554403;20260911;4
580916;20260911;4
314941;20260911;4
1114577;20260911;4
1044004;20260911;4
19505;20260911;4
1410923;20260911;4
817096;20260911;4
317581;20260911;4
1226059;20260911;4
1592244;20260911;4
1644960;20260911;4
272457;20260911;4
566366;20260911;4
1179008;20260911;4
1099046;20260911;4
1157973;20260911;4
1212843;20260911;4
1783140;20260911;4
1622190;20260911;4
1215980;20260911;4
27042;20260911;4
1203350;20260911;4
999503;20260911;4
538617;20260911;4
1642896;20260911;4
926940;20260911;4
1522433;20260911;4
654663;20260911;4
847148;20260911;4
1741271;20260911;4
965761;20260911;4
623239;20260911;4
93562;20260911;4
268530;20260911;4
791974;20260911;4
956468;20260911;4
1514138;20260911;4
145979;20260911;4
1674866;20260911;4
931821;20260911;4
568161;20260911;4
61621;20260911;4
730561;20260911;4
428783;20260911;4
1751606;20260911;4
1198976;20260911;4
1506663;20260911;4
804917;20260911;4
907287;20260911;4
1125885;20260911;4
1250096;20260911;4
1440093;20260911;4
1474834;20260911;4
1605479;20260911;4
614127;20260911;4
678491;20260911;4
740614;20260911;4
1319013;20260911;4
1535536;20260911;4
544943;20260911;4
318977;20260911;4
949008;20260911;4
1567155;20260911;4
1596740;20260911;4
638886;20260911;4
898848;20260911;4
1061931;20260911;4
1303786;20260911;4
1161413;20260911;4
1707381;20260911;4
1097458;20260911;4
1761810;20260911;4
516774;20260911;4
716782;20260911;4
902727;20260911;4
947577;20260911;4
1733028;20260911;4
1473410;20260911;4
1490416;20260911;4
1605216;20260911;4
851807;20260911;4
1292168;20260911;4
686992;20260911;4
1185920;20260911;4
1218302;20260911;4
1513240;20260911;4
544676;20260911;4
1440870;20260911;4
285159;20260911;4
615260;20260911;4
948477;20260911;4
1767331;20260911;4
509288;20260911;4
74064;20260911;4
756056;20260911;4
1642978;20260911;4
1598090;20260911;4
897541;20260911;4
1245469;20260911;4
271026;20260911;4
314053;20260911;4
927030;20260911;4
181281;20260911;4
1101583;20260911;4
350937;20260911;4
1011922;20260911;4
1458137;20260911;4
623321;20260911;4
245399;20260911;4
33142;20260911;4
67233;20260911;4
1207685;20260911;4
126003;20260911;4
938351;20260911;4
1105707;20260911;4
1545060;20260911;4
857351;20260911;4
549787;20260911;4
1449595;20260911;4
697685;20260911;4
743085;20260911;4
51061;20260911;4
1169138;20260911;4
1531924;20260911;4
1440975;20260911;4
747984;20260911;4
171984;20260911;4
571469;20260911;4
1558693;20260911;4
1740739;20260911;4
1204668;20260911;4
13314;20260911;4
1749043;20260911;4
455541;20260911;4
1472664;20260911;4
1435912;20260911;4
1586142;20260911;4
1629567;20260911;4
1712410;20260911;4
1737899;20260911;4
197780;20260911;4
532736;20260911;4
855817;20260911;4
414718;20260911;4
1388849;20260911;4
924120;20260911;4
864028;20260911;4
727439;20260911;4
1405598;20260911;4
72131;20260911;4
194810;20260911;4
1131542;20260911;4
1069132;20260911;4
1141840;20260911;4
12042;20260911;4
1396619;20260911;4
561326;20260911;4
612664;20260911;4
986355;20260911;4
1180117;20260911;4
125485;20260911;4
1349783;20260911;4
1401260;20260911;4
1492722;20260911;4
157673;20260911;4
1667774;20260911;4
1681953;20260911;4
1685834;20260911;4
1694481;20260911;4
1759794;20260911;4
264964;20260911;4
292032;20260911;4
301411;20260911;4
361497;20260911;4
576020;20260911;4
68228;20260911;4
734350;20260911;4
907187;20260911;4
738173;20260911;4
893088;20260911;4
1173976;20260911;4
1382337;20260911;4
964675;20260911;4
847555;20260911;4
687843;20260911;4
858451;20260911;4
213474;20260911;4
1150448;20260911;4
866219;20260911;4
872790;20260911;4
987168;20260911;4
1444391;20260911;4
1228593;20260911;4
1461492;20260911;4
1166698;20260911;4
1206213;20260911;4
1504649;20260911;4
1569769;20260911;4
1290529;20260911;4
134694;20260911;4
1621975;20260911;4
736966;20260911;4
899623;20260911;4
1362736;20260911;4
1169091;20260911;4
254517;20260911;4
984384;20260911;4
1292859;20260911;4
269335;20260911;4
309659;20260911;4
588786;20260911;4
941660;20260911;4
1600212;20260911;4
511167;20260911;4
1289083;20260911;4
190788;20260911;4
413514;20260911;4
411241;20260911;4
1114784;20260911;4
1515367;20260911;4
770461;20260911;4
859410;20260911;4
824055;20260911;4
1410963;20260911;4
1523314;20260911;4
249385;20260911;4
1638246;20260911;4
838723;20260911;4
1047097;20260911;4
1320712;20260911;4
1352778;20260911;4
699607;20260911;4
1387886;20260911;4
542969;20260911;4
60373;20260911;4
1680093;20260911;4
1651253;20260911;4
1061321;20260911;4
1627648;20260911;4
1352685;20260911;4
503919;20260911;4
327922;20260911;4
692825;20260911;4
93078;20260911;4
1129502;20260911;4
1487942;20260911;4
556604;20260911;4
1199319;20260911;4
219089;20260911;4
704050;20260911;4
633995;20260911;4
1591446;20260911;4
179673;20260911;4
579985;20260911;4
145080;20260911;4
165751;20260911;4
1711804;20260911;4
1401232;20260911;4
168242;20260911;4
560276;20260911;4
1517224;20260911;4
533371;20260911;4
451514;20260911;4
1311113;20260911;4
116656;20260911;4
1780604;20260911;4
114305;20260911;4
329955;20260911;4
339197;20260911;4
60564;20260911;4
66657;20260911;4
1759465;20260911;4
1500583;20260911;4
1069960;20260911;4
1570138;20260911;4
1525535;20260911;4
425899;20260911;4
457952;20260911;4
446979;20260911;4
784830;20260911;4
1070130;20260911;4
1176753;20260911;4
1193283;20260911;4
1231615;20260911;4
1300916;20260911;4
1381567;20260911;4
1578850;20260911;4
1602464;20260911;4
1646691;20260911;4
1670958;20260911;4
262782;20260911;4
563704;20260911;4
585058;20260911;4
620505;20260911;4
654619;20260911;4
705377;20260911;4
735860;20260911;4
74161;20260911;4
749439;20260911;4
870327;20260911;4
961190;20260911;4
966712;20260911;4
1597884;20260911;4
1727219;20260911;4
248652;20260911;4
608534;20260911;4
1042776;20260911;4
1741203;20260911;4
896963;20260911;4
985850;20260911;4
1052716;20260911;4
889850;20260911;4
967070;20260911;4
273751;20260911;4
930845;20260911;4
1036685;20260911;4
769242;20260911;4
1356095;20260911;4
1397982;20260911;4
245943;20260911;4
1267527;20260911;4
1615306;20260911;4
1656761;20260911;4
1686164;20260911;4
1749219;20260911;4
252288;20260911;4
630371;20260911;4
823521;20260911;4
760709;20260911;4
569893;20260911;4
283106;20260911;4
1097894;20260911;4
1185123;20260911;4
1635181;20260911;4
1716268;20260911;4
1772737;20260911;4
2082;20260911;4
410626;20260911;4
487148;20260911;4
506518;20260911;4
1344185;20260911;4
735014;20260911;4
730779;20260911;4
1519390;20260911;4
160966;20260911;4
547196;20260911;4
83359;20260911;4
1657529;20260911;4
430902;20260911;4
1400084;20260911;4
470912;20260911;4
255798;20260911;4
1547008;20260911;4
1605673;20260911;4
286863;20260911;4
1037471;20260911;4
107924;20260911;4
1250364;20260911;4
1266001;20260911;4
1376501;20260911;4
1390776;20260911;4
139400;20260911;4
1461820;20260911;4
1494096;20260911;4
1727918;20260911;4
173521;20260911;4
189847;20260911;4
219258;20260911;4
238291;20260911;4
261008;20260911;4
328491;20260911;4
454596;20260911;4
531753;20260911;4
75649;20260911;4
947552;20260911;4
965839;20260911;4
98606;20260911;4
1295680;20260911;4
1431729;20260911;4
1498452;20260911;4
213003;20260911;4
767402;20260911;4
815831;20260911;4
1479969;20260911;4
870079;20260911;4
652108;20260911;4
5771;20260911;4
408740;20260911;4
1347400;20260911;4
599322;20260911;4
1202061;20260911;4
1001634;20260911;4
1054319;20260911;4
1002286;20260911;4
1259346;20260911;4
138418;20260911;4
390287;20260911;4
1353978;20260911;4
782343;20260911;4
997801;20260911;4
859162;20260911;4
1203363;20260911;4
696223;20260911;4
97419;20260911;4
1621936;20260911;4
74547;20260911;4
378254;20260911;4
969323;20260911;4
220465;20260911;4
430385;20260911;4
1223206;20260911;4
1054915;20260911;4
1752459;20260911;4
185585;20260911;4
1147938;20260911;4
1275299;20260911;4
229716;20260911;4
974930;20260911;4
180452;20260911;4
554190;20260911;4
1747653;20260911;4
661166;20260911;4
1480796;20260911;4
1238570;20260911;4
1547640;20260911;4
1693363;20260911;4
848160;20260911;4
1000714;20260911;4
737459;20260911;4
979834;20260911;4
185282;20260911;4
301634;20260911;4
690125;20260911;4
601618;20260911;4
70541;20260911;4
64624;20260912;5
1260773;20260912;5
1659588;20260912;5
1081540;20260912;5
1395559;20260912;5
1657548;20260912;5
436439;20260912;5
1313096;20260912;5
131945;20260912;5
144019;20260912;5
573481;20260912;5
631782;20260912;5
1303678;20260912;5
218727;20260912;5
14318;20260912;5
1779619;20260912;5
612710;20260912;5
848083;20260912;5
923384;20260912;5
1429498;20260912;5
1091118;20260912;5
1018798;20260912;5
554752;20260912;5
973316;20260912;5
864407;20260912;5
120941;20260912;5
1386677;20260912;5
1689143;20260912;5
936269;20260912;5
1249527;20260912;5
30394;20260912;5
1540789;20260912;5
1782338;20260912;5
1618778;20260912;5
1310181;20260912;5
1391147;20260912;5
333632;20260912;5
374998;20260912;5
1051371;20260912;5
1042951;20260912;5
111702;20260912;5
1202661;20260912;5
1260840;20260912;5
131919;20260912;5
1418368;20260912;5
1587669;20260912;5
1690693;20260912;5
1743289;20260912;5
213711;20260912;5
220938;20260912;5
246208;20260912;5
32310;20260912;5
460462;20260912;5
461773;20260912;5
493300;20260912;5
803130;20260912;5
966689;20260912;5
1018860;20260912;5
194608;20260912;5
1643776;20260912;5
1346279;20260912;5
1011860;20260912;5
1669751;20260912;5
1563746;20260912;5
1211372;20260912;5
219937;20260912;5
531063;20260912;5
371020;20260912;5
1195820;20260912;5
1315522;20260912;5
960788;20260912;5
1409119;20260912;5
1629989;20260912;5
526075;20260912;5
451690;20260912;5
1494066;20260912;5
159887;20260912;5
312730;20260912;5
831170;20260912;5
1231579;20260912;5
920652;20260912;5
117503;20260912;5
128236;20260912;5
273429;20260912;5
1160892;20260912;5
1162487;20260912;5
94621;20260912;5
765056;20260912;5
575396;20260912;5
818346;20260912;5
1407811;20260912;5
1398820;20260912;5
647611;20260912;5
1309926;20260912;5
859276;20260912;5
1513316;20260912;5
26744;20260912;5
400734;20260912;5
1123310;20260912;5
1159924;20260912;5
1201379;20260912;5
1291806;20260912;5
1318002;20260912;5
1462319;20260912;5
1491454;20260912;5
267037;20260912;5
364199;20260912;5
369010;20260912;5
4362;20260912;5
555358;20260912;5
1213055;20260912;5
1037448;20260912;5
1445544;20260912;5
191973;20260912;5
778079;20260912;5
1337801;20260912;5
1193922;20260912;5
1437420;20260912;5
351884;20260912;5
972959;20260912;5
769188;20260912;5
1139023;20260912;5
1592810;20260912;5
355277;20260912;5
420425;20260912;5
4735;20260912;5
255955;20260912;5
338680;20260912;5
679872;20260912;5
1455524;20260912;5
1151276;20260912;5
958209;20260912;5
324225;20260912;5
1131188;20260912;5
1057510;20260912;5
311119;20260912;5
1389222;20260912;5
5900;20260912;5
1195709;20260912;5
271253;20260912;5
893596;20260912;5
991018;20260912;5
1251849;20260912;5
588141;20260912;5
258130;20260912;5
1524404;20260912;5
524668;20260912;5
1155144;20260912;5
1554959;20260912;5
972891;20260912;5
785806;20260912;5
1399864;20260912;5
1085064;20260912;5
1232842;20260912;5
1460810;20260912;5
1615796;20260912;5
1739778;20260912;5
1744487;20260912;5
1759164;20260912;5
24035;20260912;5
606487;20260912;5
351195;20260912;5
1150353;20260912;5
1364723;20260912;5
167128;20260912;5
202037;20260912;5
1675860;20260912;5
1080977;20260912;5
314292;20260912;5
1306969;20260912;5
309270;20260912;5
360778;20260912;5
406923;20260912;5
629468;20260912;5
866101;20260912;5
20875;20260912;5
380303;20260912;5
130146;20260912;5
1325480;20260912;5
950085;20260912;5
986338;20260912;5
1299878;20260912;5
1613890;20260912;5
365860;20260912;5
270554;20260912;5
1546118;20260912;5
1604826;20260912;5
399452;20260912;5
64504;20260912;5
1440549;20260912;5
849620;20260912;5
1291884;20260912;5
930464;20260912;5
1260055;20260912;5
1328113;20260912;5
201810;20260912;5
356347;20260912;5
872810;20260912;5
1603122;20260912;5
632776;20260912;5
1635403;20260912;5
272224;20260912;5
702592;20260912;5
1138197;20260912;5
1226485;20260912;5
1405048;20260912;5
140702;20260912;5
1713552;20260912;5
1407788;20260912;5
1182167;20260912;5
1664493;20260912;5
189347;20260912;5
15354;20260912;5
227266;20260912;5
119100;20260912;5
1137703;20260912;5
1016844;20260912;5
111603;20260912;5
1344736;20260912;5
1528029;20260912;5
1567321;20260912;5
417274;20260912;5
930899;20260912;5
336736;20260912;5
1665805;20260912;5
1709531;20260912;5
1268188;20260912;5
1631441;20260912;5
479604;20260912;5
1288402;20260912;5
918265;20260912;5
1557090;20260912;5
1409386;20260912;5
902287;20260912;5
1039768;20260912;5
1106832;20260912;5
1402103;20260912;5
1530652;20260912;5
222405;20260912;5
416771;20260912;5
982427;20260912;5
448498;20260912;5
245247;20260912;5
851522;20260912;5
890964;20260912;5
936526;20260912;5
1137980;20260912;5
1581920;20260912;5
764386;20260912;5
873072;20260912;5
1256137;20260912;5
219375;20260912;5
811318;20260912;5
1342995;20260912;5
1609812;20260912;5
865296;20260912;5
892811;20260912;5
158539;20260912;5
889074;20260912;5
613263;20260912;5
1045007;20260912;5
1519297;20260912;5
1575991;20260912;5
1647722;20260912;5
1681641;20260912;5
1733950;20260912;5
1464365;20260912;5
600706;20260912;5
27217;20260912;5
1022350;20260912;5
1581877;20260912;5
1099797;20260912;5
1496876;20260912;5
1632913;20260912;5
554049;20260912;5
705447;20260912;5
755107;20260912;5
1029633;20260912;5
1292428;20260912;5
1397171;20260912;5
464037;20260912;5
1470945;20260912;5
659740;20260912;5
1300793;20260912;5
805586;20260912;5
108007;20260912;5
19239;20260912;5
1625949;20260912;5
1136905;20260912;5
76763;20260912;5
1334897;20260912;5
539288;20260912;5
56451;20260912;5
29144;20260912;5
989042;20260912;5
1382511;20260912;5
365422;20260912;5
816360;20260912;5
875229;20260912;5
275684;20260912;5
81564;20260912;5
1169927;20260912;5
1762008;20260912;5
1070945;20260912;5
1118240;20260912;5
1323262;20260912;5
1417991;20260912;5
1422577;20260912;5
1444998;20260912;5
1648478;20260912;5
1710654;20260912;5
1734513;20260912;5
52393;20260912;5
932913;20260912;5
240504;20260912;5
264816;20260912;5
1625813;20260912;5
514691;20260912;5
895509;20260912;5
1243045;20260912;5
1291531;20260912;5
13700;20260912;5
1488002;20260912;5
1675498;20260912;5
1725160;20260912;5
1778243;20260912;5
680446;20260912;5
689166;20260912;5
534846;20260912;5
847044;20260912;5
462802;20260912;5
418683;20260912;5
277259;20260912;5
172867;20260912;5
1752692;20260912;5
423587;20260912;5
1124538;20260912;5
1447014;20260912;5
516022;20260912;5
540332;20260912;5
993322;20260912;5
137381;20260912;5
1606310;20260912;5
1302626;20260912;5
1576667;20260912;5
1154018;20260912;5
1554334;20260912;5
830070;20260912;5
1018865;20260912;5
1208978;20260912;5
1306921;20260912;5
1354719;20260912;5
1390209;20260912;5
141905;20260912;5
1750391;20260912;5
268205;20260912;5
1234426;20260912;5
117378;20260912;5
1151976;20260912;5
1010954;20260912;5
1276296;20260912;5
1322359;20260912;5
1726397;20260912;5
1125019;20260912;5
1310033;20260912;5
1695628;20260912;5
1713359;20260912;5
782018;20260912;5
869402;20260912;5
1704264;20260912;5
1136518;20260912;5
1139175;20260912;5
751960;20260912;5
1428845;20260912;5
1736074;20260912;5
1375492;20260912;5
1517225;20260912;5
1581467;20260912;5
262069;20260912;5
402220;20260912;5
1052509;20260912;5
787142;20260912;5
364117;20260912;5
417203;20260912;5
1584057;20260912;5
1627216;20260912;5
235178;20260912;5
197727;20260912;5
1406107;20260912;5
170516;20260912;5
1244551;20260912;5
1543981;20260912;5
494898;20260912;5
223841;20260912;5
1263811;20260912;5
1787176;20260912;5
527599;20260912;5
527904;20260912;5
881944;20260912;5
7123;20260912;5
1627669;20260912;5
692951;20260912;5
779634;20260912;5
1415894;20260912;5
164099;20260912;5
909239;20260912;5
753149;20260912;5
1084201;20260912;5
33236;20260912;5
553404;20260912;5
1290980;20260912;5
1348406;20260912;5
1305395;20260912;5
1659980;20260912;5
1196621;20260912;5
923452;20260912;5
507024;20260912;5
847629;20260912;5
1309969;20260912;5
522552;20260912;5
1521644;20260912;5
254672;20260912;5
58608;20260912;5
964155;20260912;5
588352;20260912;5
1130684;20260912;5
189757;20260912;5
939750;20260912;5
762982;20260912;5
1046137;20260912;5
614968;20260912;5
768860;20260912;5
950854;20260912;5
1668233;20260912;5
249608;20260912;5
1042432;20260912;5
1356444;20260912;5
729934;20260912;5
224165;20260912;5
126372;20260912;5
1436148;20260912;5
1478617;20260912;5
248960;20260912;5
333789;20260912;5
34751;20260912;5
360769;20260912;5
7502;20260912;5
844172;20260912;5
878369;20260912;5
881104;20260912;5
1604346;20260912;5
1201282;20260912;5
1006684;20260912;5
33796;20260912;5
1780338;20260912;5
199580;20260912;5
213152;20260912;5
1333757;20260912;5
1178431;20260912;5
603327;20260912;5
1632219;20260912;5
1541590;20260912;5
191369;20260912;5
1575598;20260912;5
1670417;20260912;5
1784234;20260912;5
452657;20260912;5
1027496;20260912;5
1348854;20260912;5
1438884;20260912;5
1591569;20260912;5
401743;20260912;5
663004;20260912;5
466797;20260912;5
536905;20260912;5
580308;20260912;5
1672386;20260912;5
1722776;20260912;5
1011223;20260912;5
339295;20260912;5
1195556;20260912;5
1215950;20260912;5
1594800;20260912;5
1031850;20260912;5
1371152;20260912;5
1617784;20260912;5
608252;20260912;5
872405;20260912;5
936663;20260912;5
792758;20260912;5
1667089;20260912;5
1277071;20260912;5
728562;20260912;5
767943;20260912;5
266941;20260912;5
363401;20260912;5
772800;20260912;5
1030019;20260912;5
1094587;20260912;5
1122531;20260912;5
1418150;20260912;5
1343922;20260912;5
1585505;20260912;5
1303479;20260912;5
133844;20260912;5
1724847;20260912;5
612254;20260912;5
402055;20260912;5
850380;20260912;5
491185;20260912;5
1169361;20260912;5
1494668;20260912;5
1044610;20260912;5
1064757;20260912;5
1248302;20260912;5
1253820;20260912;5
41569;20260912;5
456964;20260912;5
538989;20260912;5
734805;20260912;5
891112;20260912;5
401162;20260912;5
624618;20260912;5
104391;20260912;5
219418;20260912;5
901062;20260912;5
633805;20260912;5
823416;20260912;5
686686;20260912;5
1130787;20260912;5
1246957;20260912;5
1385796;20260912;5
1424904;20260912;5
1455194;20260912;5
16343;20260912;5
1713173;20260912;5
237022;20260912;5
251800;20260912;5
3006;20260912;5
658224;20260912;5
783664;20260912;5
982009;20260912;5
1409984;20260912;5
653751;20260912;5
500697;20260912;5
407447;20260912;5
890899;20260912;5
116094;20260912;5
350701;20260912;5
732592;20260912;5
1305998;20260912;5
1011030;20260912;5
1001008;20260912;5
1367329;20260912;5
1222277;20260912;5
1257021;20260912;5
1117865;20260912;5
241802;20260912;5
1251746;20260912;5
878730;20260912;5
91732;20260912;5
1031693;20260912;5
1177116;20260912;5
1623417;20260912;5
1665197;20260912;5
1787880;20260912;5
268433;20260912;5
334887;20260912;5
626884;20260912;5
697479;20260912;5
698336;20260912;5
1144085;20260912;5
219127;20260912;5
226385;20260912;5
1589067;20260912;5
337230;20260912;5
1144608;20260912;5
1207454;20260912;5
1423880;20260912;5
1776644;20260912;5
888452;20260912;5
1636809;20260912;5
671019;20260912;5
1346752;20260912;5
53109;20260912;5
709414;20260912;5
1213029;20260912;5
1494963;20260912;5
1506853;20260912;5
584539;20260912;5
594012;20260912;5
710628;20260912;5
770198;20260912;5
780480;20260912;5
202226;20260912;5
1579149;20260912;5
956770;20260912;5
292644;20260912;5
376014;20260912;5
778593;20260912;5
1417329;20260912;5
226422;20260912;5
590982;20260912;5
1199090;20260912;5
1267782;20260912;5
511154;20260912;5
732870;20260912;5
800666;20260912;5
1207120;20260912;5
216944;20260912;5
1387745;20260912;5
1398855;20260912;5
195109;20260912;5
806188;20260912;5
441295;20260912;5
443852;20260912;5
348724;20260912;5
490394;20260912;5
714007;20260912;5
1131672;20260912;5
1247003;20260912;5
1661674;20260912;5
722911;20260912;5
806556;20260912;5
307893;20260912;5
1116972;20260912;5
1302597;20260912;5
1315631;20260912;5
1583868;20260912;5
225484;20260912;5
300545;20260912;5
1518076;20260912;5
453288;20260912;5
1350042;20260912;5
1615808;20260912;5
720181;20260912;5
1569861;20260912;5
1572895;20260912;5
1575411;20260912;5
1777779;20260912;5
325382;20260912;5
382295;20260912;5
385813;20260912;5
424944;20260912;5
484948;20260912;5
554403;20260912;5
580916;20260912;5
314941;20260912;5
65026;20260912;5
1074439;20260912;5
1564920;20260912;5
390009;20260912;5
844154;20260912;5
1569737;20260912;5
948845;20260912;5
879171;20260912;5
1226059;20260912;5
1592244;20260912;5
1644960;20260912;5
272457;20260912;5
566366;20260912;5
1179008;20260912;5
1099046;20260912;5
1157973;20260912;5
1212843;20260912;5
1783140;20260912;5
453423;20260912;5
1187736;20260912;5
1777244;20260912;5
254735;20260912;5
684861;20260912;5
772806;20260912;5
302267;20260912;5
926940;20260912;5
972516;20260912;5
1221700;20260912;5
13061;20260912;5
1022743;20260912;5
1412566;20260912;5
1443476;20260912;5
410282;20260912;5
1243441;20260912;5
93562;20260912;5
791974;20260912;5
956468;20260912;5
1063378;20260912;5
1696500;20260912;5
1514138;20260912;5
10716;20260912;5
151476;20260912;5
1568301;20260912;5
1680237;20260912;5
257432;20260912;5
964942;20260912;5
1198976;20260912;5
1506663;20260912;5
804917;20260912;5
907287;20260912;5
1125885;20260912;5
1250096;20260912;5
1440093;20260912;5
1474834;20260912;5
1605479;20260912;5
614127;20260912;5
678491;20260912;5
740614;20260912;5
1319013;20260912;5
1535536;20260912;5
544943;20260912;5
318977;20260912;5
949008;20260912;5
1567155;20260912;5
1596740;20260912;5
638886;20260912;5
898848;20260912;5
1061931;20260912;5
1161413;20260912;5
1707381;20260912;5
1097458;20260912;5
1761810;20260912;5
516774;20260912;5
716782;20260912;5
902727;20260912;5
947577;20260912;5
1733028;20260912;5
1473410;20260912;5
1023972;20260912;5
1605216;20260912;5
348318;20260912;5
1323105;20260912;5
898143;20260912;5
1292168;20260912;5
450452;20260912;5
1440870;20260912;5
285159;20260912;5
615260;20260912;5
1080813;20260912;5
868909;20260912;5
600566;20260912;5
948477;20260912;5
222094;20260912;5
549677;20260912;5
1355394;20260912;5
1442581;20260912;5
76303;20260912;5
1598090;20260912;5
897541;20260912;5
1245469;20260912;5
271026;20260912;5
314053;20260912;5
927030;20260912;5
181281;20260912;5
1101583;20260912;5
350937;20260912;5
1458137;20260912;5
126003;20260912;5
1381904;20260912;5
316877;20260912;5
485851;20260912;5
448250;20260912;5
268986;20260912;5
1316974;20260912;5
1787344;20260912;5
942813;20260912;5
1341699;20260912;5
1481478;20260912;5
1764740;20260912;5
1440975;20260912;5
939469;20260912;5
1038242;20260912;5
1392572;20260912;5
1641023;20260912;5
185704;20260912;5
993167;20260912;5
747984;20260912;5
171984;20260912;5
583630;20260912;5
1740739;20260912;5
80098;20260912;5
1204668;20260912;5
13314;20260912;5
1749043;20260912;5
455541;20260912;5
1472664;20260912;5
934346;20260912;5
1435912;20260912;5
1586142;20260912;5
1629567;20260912;5
1712410;20260912;5
1737899;20260912;5
197780;20260912;5
532736;20260912;5
855817;20260912;5
864028;20260912;5
727439;20260912;5
632932;20260912;5
1405598;20260912;5
72131;20260912;5
1131542;20260912;5
1069132;20260912;5
1141840;20260912;5
12042;20260912;5
1396619;20260912;5
561326;20260912;5
612664;20260912;5
986355;20260912;5
1180117;20260912;5
125485;20260912;5
1349783;20260912;5
1401260;20260912;5
1492722;20260912;5
157673;20260912;5
1667774;20260912;5
1681953;20260912;5
1685834;20260912;5
1694481;20260912;5
1759794;20260912;5
264964;20260912;5
292032;20260912;5
301411;20260912;5
361497;20260912;5
576020;20260912;5
68228;20260912;5
734350;20260912;5
907187;20260912;5
738173;20260912;5
1318383;20260912;5
1342224;20260912;5
244013;20260912;5
546584;20260912;5
1173976;20260912;5
1528240;20260912;5
964675;20260912;5
847555;20260912;5
1615326;20260912;5
858451;20260912;5
213474;20260912;5
1779886;20260912;5
1444391;20260912;5
1228593;20260912;5
1461492;20260912;5
1166698;20260912;5
1206213;20260912;5
1504649;20260912;5
1290529;20260912;5
134694;20260912;5
1621975;20260912;5
736966;20260912;5
899623;20260912;5
1362736;20260912;5
1169091;20260912;5
634390;20260912;5
1662779;20260912;5
392652;20260912;5
716123;20260912;5
883878;20260912;5
309659;20260912;5
588786;20260912;5
1557935;20260912;5
1114784;20260912;5
180858;20260912;5
513103;20260912;5
892864;20260912;5
640319;20260912;5
856103;20260912;5
1395903;20260912;5
758564;20260912;5
1135919;20260912;5
985231;20260912;5
1704983;20260912;5
1352778;20260912;5
699607;20260912;5
1387886;20260912;5
542969;20260912;5
1680093;20260912;5
1651253;20260912;5
1061321;20260912;5
1627648;20260912;5
1352685;20260912;5
503919;20260912;5
327922;20260912;5
692825;20260912;5
93078;20260912;5
1129502;20260912;5
1487942;20260912;5
1199319;20260912;5
219089;20260912;5
704050;20260912;5
633995;20260912;5
1591446;20260912;5
179673;20260912;5
579985;20260912;5
1069003;20260912;5
1116663;20260912;5
1361501;20260912;5
1443470;20260912;5
1577690;20260912;5
175390;20260912;5
433810;20260912;5
1012501;20260912;5
533371;20260912;5
451514;20260912;5
1311113;20260912;5
829232;20260912;5
114305;20260912;5
329955;20260912;5
339197;20260912;5
60564;20260912;5
66657;20260912;5
1759465;20260912;5
1500583;20260912;5
1069960;20260912;5
1570138;20260912;5
113519;20260912;5
1262411;20260912;5
1268221;20260912;5
1410545;20260912;5
1444783;20260912;5
1450339;20260912;5
166433;20260912;5
167063;20260912;5
177004;20260912;5
222515;20260912;5
234954;20260912;5
504862;20260912;5
668026;20260912;5
804283;20260912;5
822573;20260912;5
854986;20260912;5
86971;20260912;5
871413;20260912;5
948578;20260912;5
974494;20260912;5
446979;20260912;5
784830;20260912;5
1050509;20260912;5
1384523;20260912;5
1561011;20260912;5
265995;20260912;5
316874;20260912;5
1657317;20260912;5
691766;20260912;5
589077;20260912;5
1356413;20260912;5
472161;20260912;5
821165;20260912;5
1052396;20260912;5
1372944;20260912;5
880244;20260912;5
1359415;20260912;5
561977;20260912;5
769242;20260912;5
1356095;20260912;5
1397982;20260912;5
245943;20260912;5
1267527;20260912;5
1615306;20260912;5
1656761;20260912;5
1686164;20260912;5
1749219;20260912;5
252288;20260912;5
630371;20260912;5
823521;20260912;5
760709;20260912;5
569893;20260912;5
695060;20260912;5
582819;20260912;5
817626;20260912;5
1097894;20260912;5
1185123;20260912;5
1635181;20260912;5
1716268;20260912;5
1772737;20260912;5
2082;20260912;5
410626;20260912;5
487148;20260912;5
506518;20260912;5
614092;20260912;5
1270698;20260912;5
756101;20260912;5
799575;20260912;5
730779;20260912;5
1466541;20260912;5
1653480;20260912;5
323813;20260912;5
198930;20260912;5
1400084;20260912;5
470912;20260912;5
829164;20260912;5
1018265;20260912;5
1097737;20260912;5
1353472;20260912;5
1381373;20260912;5
140286;20260912;5
143405;20260912;5
1520828;20260912;5
1564773;20260912;5
1618274;20260912;5
1627443;20260912;5
1666932;20260912;5
1748591;20260912;5
257165;20260912;5
321927;20260912;5
429229;20260912;5
451437;20260912;5
537545;20260912;5
613030;20260912;5
918215;20260912;5
95019;20260912;5
1295680;20260912;5
1431729;20260912;5
1498452;20260912;5
213003;20260912;5
767402;20260912;5
815831;20260912;5
1167077;20260912;5
924828;20260912;5
1606275;20260912;5
576717;20260912;5
1202061;20260912;5
352326;20260912;5
42509;20260912;5
89260;20260912;5
320792;20260912;5
939626;20260912;5
1753043;20260912;5
1039332;20260912;5
1078740;20260912;5
1329335;20260912;5
1318759;20260912;5
221742;20260912;5
574015;20260912;5
1677272;20260912;5
1065217;20260912;5
1112229;20260912;5
1621936;20260912;5
575443;20260912;5
1667333;20260912;5
757660;20260912;5
1054915;20260912;5
1752459;20260912;5
185585;20260912;5
1147938;20260912;5
1275299;20260912;5
229716;20260912;5
688487;20260912;5
974930;20260912;5
1684762;20260912;5
800182;20260912;5
180452;20260912;5
554190;20260912;5
1747653;20260912;5
1480796;20260912;5
1000714;20260912;5
1383041;20260912;5
39163;20260912;5
752686;20260912;5
979834;20260912;5
790136;20260912;5
301634;20260912;5
567755;20260912;5
1152012;20260912;5
1418931;20260912;5
64624;20260913;6
1260773;20260913;6
1081540;20260913;6
1133444;20260913;6
554312;20260913;6
556633;20260913;6
748336;20260913;6
1395559;20260913;6
1696438;20260913;6
1657548;20260913;6
436439;20260913;6
631782;20260913;6
1303678;20260913;6
218727;20260913;6
14318;20260913;6
1779619;20260913;6
612710;20260913;6
848083;20260913;6
923384;20260913;6
554752;20260913;6
973316;20260913;6
284109;20260913;6
120941;20260913;6
1386677;20260913;6
1689143;20260913;6
936269;20260913;6
1162751;20260913;6
270371;20260913;6
645094;20260913;6
1249527;20260913;6
461655;20260913;6
1782338;20260913;6
1500985;20260913;6
1310181;20260913;6
1391147;20260913;6
333632;20260913;6
374998;20260913;6
1042951;20260913;6
111702;20260913;6
1202661;20260913;6
1260840;20260913;6
131919;20260913;6
1418368;20260913;6
1587669;20260913;6
1690693;20260913;6
1743289;20260913;6
213711;20260913;6
220938;20260913;6
246208;20260913;6
32310;20260913;6
460462;20260913;6
461773;20260913;6
493300;20260913;6
803130;20260913;6
966689;20260913;6
1018860;20260913;6
194608;20260913;6
1643776;20260913;6
1346279;20260913;6
1011860;20260913;6
339476;20260913;6
1669751;20260913;6
1563746;20260913;6
374348;20260913;6
1211372;20260913;6
219937;20260913;6
531063;20260913;6
371020;20260913;6
1195820;20260913;6
1315522;20260913;6
960788;20260913;6
1629989;20260913;6
726298;20260913;6
526075;20260913;6
1494066;20260913;6
159887;20260913;6
312730;20260913;6
990438;20260913;6
831170;20260913;6
1231579;20260913;6
117503;20260913;6
273429;20260913;6
548594;20260913;6
1160892;20260913;6
1162487;20260913;6
94621;20260913;6
765056;20260913;6
575396;20260913;6
209696;20260913;6
818346;20260913;6
1407811;20260913;6
1398820;20260913;6
647611;20260913;6
1309926;20260913;6
859276;20260913;6
1440214;20260913;6
1513316;20260913;6
26744;20260913;6
400734;20260913;6
1123310;20260913;6
1159924;20260913;6
1201379;20260913;6
1291806;20260913;6
1318002;20260913;6
1462319;20260913;6
1491454;20260913;6
267037;20260913;6
364199;20260913;6
369010;20260913;6
4362;20260913;6
555358;20260913;6
1037448;20260913;6
1445544;20260913;6
191973;20260913;6
778079;20260913;6
1337801;20260913;6
1193922;20260913;6
1437420;20260913;6
351884;20260913;6
972959;20260913;6
769188;20260913;6
1139023;20260913;6
1592810;20260913;6
355277;20260913;6
420425;20260913;6
4735;20260913;6
255955;20260913;6
679872;20260913;6
1455524;20260913;6
1151276;20260913;6
958209;20260913;6
1271087;20260913;6
1131188;20260913;6
1389222;20260913;6
5900;20260913;6
1251849;20260913;6
588141;20260913;6
1524404;20260913;6
524668;20260913;6
644700;20260913;6
1420917;20260913;6
680888;20260913;6
1406730;20260913;6
167943;20260913;6
1155144;20260913;6
1554959;20260913;6
972891;20260913;6
479779;20260913;6
1680498;20260913;6
1401613;20260913;6
1085064;20260913;6
1232842;20260913;6
1460810;20260913;6
1615796;20260913;6
1739778;20260913;6
1744487;20260913;6
1759164;20260913;6
24035;20260913;6
606487;20260913;6
351195;20260913;6
1150353;20260913;6
1364723;20260913;6
167128;20260913;6
202037;20260913;6
1675860;20260913;6
449790;20260913;6
1080977;20260913;6
314292;20260913;6
1306969;20260913;6
309270;20260913;6
360778;20260913;6
406923;20260913;6
629468;20260913;6
866101;20260913;6
380303;20260913;6
130146;20260913;6
950085;20260913;6
573852;20260913;6
986338;20260913;6
1299878;20260913;6
1613890;20260913;6
605202;20260913;6
365860;20260913;6
270554;20260913;6
1604826;20260913;6
1505409;20260913;6
399452;20260913;6
64504;20260913;6
849620;20260913;6
1291884;20260913;6
930464;20260913;6
1260055;20260913;6
1328113;20260913;6
201810;20260913;6
356347;20260913;6
872810;20260913;6
1603122;20260913;6
632776;20260913;6
1635403;20260913;6
272224;20260913;6
702592;20260913;6
1138197;20260913;6
1226485;20260913;6
1405048;20260913;6
140702;20260913;6
1713552;20260913;6
1407788;20260913;6
1182167;20260913;6
1664493;20260913;6
189347;20260913;6
15354;20260913;6
227266;20260913;6
1256423;20260913;6
510339;20260913;6
137040;20260913;6
1137703;20260913;6
1016844;20260913;6
111603;20260913;6
1344736;20260913;6
1528029;20260913;6
1567321;20260913;6
417274;20260913;6
930899;20260913;6
336736;20260913;6
1268188;20260913;6
1288402;20260913;6
466444;20260913;6
1269906;20260913;6
1691345;20260913;6
1409386;20260913;6
902287;20260913;6
1039768;20260913;6
1106832;20260913;6
1402103;20260913;6
1530652;20260913;6
222405;20260913;6
416771;20260913;6
982427;20260913;6
448498;20260913;6
245247;20260913;6
851522;20260913;6
890964;20260913;6
936526;20260913;6
602493;20260913;6
434650;20260913;6
634172;20260913;6
697345;20260913;6
1442082;20260913;6
1243805;20260913;6
1574204;20260913;6
865296;20260913;6
892811;20260913;6
1023020;20260913;6
1120671;20260913;6
1661592;20260913;6
889074;20260913;6
40140;20260913;6
1045007;20260913;6
1519297;20260913;6
1575991;20260913;6
1647722;20260913;6
1681641;20260913;6
1733950;20260913;6
1516837;20260913;6
202058;20260913;6
926861;20260913;6
1047486;20260913;6
1022350;20260913;6
1581877;20260913;6
1099797;20260913;6
1496876;20260913;6
1632913;20260913;6
554049;20260913;6
705447;20260913;6
755107;20260913;6
1292428;20260913;6
1397171;20260913;6
464037;20260913;6
1703024;20260913;6
659740;20260913;6
1300793;20260913;6
805586;20260913;6
108007;20260913;6
19239;20260913;6
1625949;20260913;6
76763;20260913;6
1334897;20260913;6
1489240;20260913;6
539288;20260913;6
56451;20260913;6
29144;20260913;6
989042;20260913;6
275684;20260913;6
81564;20260913;6
1169927;20260913;6
1762008;20260913;6
1070945;20260913;6
1118240;20260913;6
1323262;20260913;6
1417991;20260913;6
1422577;20260913;6
1444998;20260913;6
1648478;20260913;6
1710654;20260913;6
1734513;20260913;6
52393;20260913;6
932913;20260913;6
105601;20260913;6
134361;20260913;6
157018;20260913;6
986133;20260913;6
240504;20260913;6
264816;20260913;6
1487922;20260913;6
1243045;20260913;6
1291531;20260913;6
13700;20260913;6
1488002;20260913;6
1675498;20260913;6
1725160;20260913;6
1778243;20260913;6
680446;20260913;6
689166;20260913;6
534846;20260913;6
847044;20260913;6
317631;20260913;6
1245199;20260913;6
462802;20260913;6
418683;20260913;6
277259;20260913;6
708561;20260913;6
1591725;20260913;6
172867;20260913;6
1752692;20260913;6
423587;20260913;6
1124538;20260913;6
1447014;20260913;6
516022;20260913;6
953370;20260913;6
137381;20260913;6
1606310;20260913;6
1586116;20260913;6
1576667;20260913;6
1154018;20260913;6
830070;20260913;6
16791;20260913;6
1018865;20260913;6
1208978;20260913;6
1306921;20260913;6
1354719;20260913;6
1390209;20260913;6
141905;20260913;6
1750391;20260913;6
268205;20260913;6
1234426;20260913;6
747592;20260913;6
1151976;20260913;6
1010954;20260913;6
1276296;20260913;6
1322359;20260913;6
1726397;20260913;6
1125019;20260913;6
1310033;20260913;6
1695628;20260913;6
782018;20260913;6
869402;20260913;6
1136518;20260913;6
1139175;20260913;6
751960;20260913;6
1736074;20260913;6
1375492;20260913;6
1470274;20260913;6
1517225;20260913;6
1581467;20260913;6
262069;20260913;6
1238250;20260913;6
1484489;20260913;6
1571541;20260913;6
984070;20260913;6
1052509;20260913;6
787142;20260913;6
1584057;20260913;6
1627216;20260913;6
235178;20260913;6
197727;20260913;6
1406107;20260913;6
852522;20260913;6
1244551;20260913;6
1004224;20260913;6
1212721;20260913;6
313728;20260913;6
287009;20260913;6
1171915;20260913;6
1771329;20260913;6
494898;20260913;6
1198001;20260913;6
775870;20260913;6
1263811;20260913;6
1787176;20260913;6
527599;20260913;6
527904;20260913;6
881944;20260913;6
7123;20260913;6
175612;20260913;6
779634;20260913;6
372991;20260913;6
164099;20260913;6
909239;20260913;6
753149;20260913;6
1486298;20260913;6
235792;20260913;6
1290980;20260913;6
1348406;20260913;6
1305395;20260913;6
1659980;20260913;6
1196621;20260913;6
923452;20260913;6
507024;20260913;6
847629;20260913;6
1521644;20260913;6
1610366;20260913;6
392393;20260913;6
653863;20260913;6
775716;20260913;6
975210;20260913;6
254672;20260913;6
58608;20260913;6
964155;20260913;6
588352;20260913;6
762982;20260913;6
1046137;20260913;6
614968;20260913;6
768860;20260913;6
950854;20260913;6
1668233;20260913;6
249608;20260913;6
729934;20260913;6
1010508;20260913;6
224165;20260913;6
126372;20260913;6
1436148;20260913;6
1478617;20260913;6
248960;20260913;6
333789;20260913;6
34751;20260913;6
360769;20260913;6
7502;20260913;6
844172;20260913;6
878369;20260913;6
881104;20260913;6
1604346;20260913;6
1084285;20260913;6
1201282;20260913;6
33796;20260913;6
1456840;20260913;6
1780338;20260913;6
199580;20260913;6
213152;20260913;6
1282671;20260913;6
1333757;20260913;6
603327;20260913;6
1541590;20260913;6
1575598;20260913;6
1670417;20260913;6
1784234;20260913;6
452657;20260913;6
1027496;20260913;6
1348854;20260913;6
1438884;20260913;6
1591569;20260913;6
401743;20260913;6
663004;20260913;6
422150;20260913;6
536905;20260913;6
580308;20260913;6
1672386;20260913;6
1722776;20260913;6
1011223;20260913;6
339295;20260913;6
1195556;20260913;6
1215950;20260913;6
1594800;20260913;6
936663;20260913;6
792758;20260913;6
1667089;20260913;6
1277071;20260913;6
749097;20260913;6
767943;20260913;6
266941;20260913;6
363401;20260913;6
772800;20260913;6
1030019;20260913;6
1094587;20260913;6
1122531;20260913;6
1418150;20260913;6
1343922;20260913;6
391332;20260913;6
205378;20260913;6
1585505;20260913;6
1303479;20260913;6
1767129;20260913;6
862783;20260913;6
133844;20260913;6
1724847;20260913;6
612254;20260913;6
523547;20260913;6
126719;20260913;6
491185;20260913;6
1169361;20260913;6
1494668;20260913;6
1044610;20260913;6
1064757;20260913;6
1248302;20260913;6
1253820;20260913;6
41569;20260913;6
456964;20260913;6
538989;20260913;6
734805;20260913;6
891112;20260913;6
1258484;20260913;6
690683;20260913;6
401162;20260913;6
624618;20260913;6
104391;20260913;6
219418;20260913;6
901062;20260913;6
686686;20260913;6
1130787;20260913;6
1246957;20260913;6
1385796;20260913;6
1424904;20260913;6
1455194;20260913;6
16343;20260913;6
1713173;20260913;6
237022;20260913;6
251800;20260913;6
3006;20260913;6
658224;20260913;6
783664;20260913;6
982009;20260913;6
1025676;20260913;6
775997;20260913;6
1409984;20260913;6
653751;20260913;6
500697;20260913;6
890899;20260913;6
116094;20260913;6
1689401;20260913;6
1452872;20260913;6
732592;20260913;6
1305998;20260913;6
1011030;20260913;6
1367329;20260913;6
1222277;20260913;6
1257021;20260913;6
400412;20260913;6
1117865;20260913;6
241802;20260913;6
1251746;20260913;6
878730;20260913;6
91732;20260913;6
974974;20260913;6
1031693;20260913;6
1177116;20260913;6
1623417;20260913;6
1665197;20260913;6
1787880;20260913;6
268433;20260913;6
334887;20260913;6
626884;20260913;6
697479;20260913;6
698336;20260913;6
1144085;20260913;6
1179882;20260913;6
337230;20260913;6
1144608;20260913;6
1076677;20260913;6
1207454;20260913;6
953386;20260913;6
1636809;20260913;6
671019;20260913;6
1737463;20260913;6
205858;20260913;6
1680838;20260913;6
53109;20260913;6
709414;20260913;6
1213029;20260913;6
1494963;20260913;6
1506853;20260913;6
584539;20260913;6
594012;20260913;6
710628;20260913;6
770198;20260913;6
780480;20260913;6
202226;20260913;6
1555608;20260913;6
664807;20260913;6
55044;20260913;6
1417329;20260913;6
226422;20260913;6
590982;20260913;6
1199090;20260913;6
1267782;20260913;6
511154;20260913;6
732870;20260913;6
800666;20260913;6
930677;20260913;6
1207120;20260913;6
216944;20260913;6
1387745;20260913;6
195109;20260913;6
806188;20260913;6
441295;20260913;6
1688902;20260913;6
443852;20260913;6
127596;20260913;6
918472;20260913;6
448413;20260913;6
632667;20260913;6
778044;20260913;6
714007;20260913;6
1131672;20260913;6
1247003;20260913;6
1661674;20260913;6
722911;20260913;6
806556;20260913;6
307893;20260913;6
1116972;20260913;6
1302597;20260913;6
1315631;20260913;6
1583868;20260913;6
225484;20260913;6
300545;20260913;6
847289;20260913;6
453288;20260913;6
904312;20260913;6
296203;20260913;6
1734174;20260913;6
1615808;20260913;6
1516808;20260913;6
1569861;20260913;6
1572895;20260913;6
1575411;20260913;6
1777779;20260913;6
325382;20260913;6
382295;20260913;6
385813;20260913;6
424944;20260913;6
484948;20260913;6
554403;20260913;6
580916;20260913;6
314941;20260913;6
65026;20260913;6
1074439;20260913;6
1564920;20260913;6
390009;20260913;6
844154;20260913;6
1569737;20260913;6
1226059;20260913;6
1592244;20260913;6
1644960;20260913;6
272457;20260913;6
566366;20260913;6
1179008;20260913;6
667499;20260913;6
1099046;20260913;6
1212843;20260913;6
1783140;20260913;6
590312;20260913;6
1777244;20260913;6
1046103;20260913;6
233025;20260913;6
565573;20260913;6
972516;20260913;6
1404178;20260913;6
1221700;20260913;6
13061;20260913;6
1522433;20260913;6
1022743;20260913;6
873398;20260913;6
1412566;20260913;6
1443476;20260913;6
410282;20260913;6
93562;20260913;6
791974;20260913;6
956468;20260913;6
1063378;20260913;6
1696500;20260913;6
1514138;20260913;6
10716;20260913;6
151476;20260913;6
1568301;20260913;6
1680237;20260913;6
257432;20260913;6
964942;20260913;6
1198976;20260913;6
1506663;20260913;6
804917;20260913;6
907287;20260913;6
1125885;20260913;6
1250096;20260913;6
1440093;20260913;6
1474834;20260913;6
1605479;20260913;6
614127;20260913;6
678491;20260913;6
740614;20260913;6
1319013;20260913;6
1535536;20260913;6
544943;20260913;6
318977;20260913;6
949008;20260913;6
1567155;20260913;6
1596740;20260913;6
638886;20260913;6
898848;20260913;6
1061931;20260913;6
1161413;20260913;6
1707381;20260913;6
1097458;20260913;6
1761810;20260913;6
516774;20260913;6
716782;20260913;6
902727;20260913;6
947577;20260913;6
1733028;20260913;6
1473410;20260913;6
1023972;20260913;6
1605216;20260913;6
348318;20260913;6
1323105;20260913;6
898143;20260913;6
1651532;20260913;6
1440870;20260913;6
285159;20260913;6
615260;20260913;6
600566;20260913;6
228906;20260913;6
806021;20260913;6
222094;20260913;6
549677;20260913;6
671234;20260913;6
894610;20260913;6
1355394;20260913;6
1442581;20260913;6
76303;20260913;6
878379;20260913;6
897541;20260913;6
1245469;20260913;6
271026;20260913;6
314053;20260913;6
181281;20260913;6
1555323;20260913;6
1003463;20260913;6
1101583;20260913;6
1698393;20260913;6
1207685;20260913;6
126003;20260913;6
1381904;20260913;6
316877;20260913;6
485851;20260913;6
857351;20260913;6
268986;20260913;6
1316974;20260913;6
1787344;20260913;6
942813;20260913;6
1341699;20260913;6
1481478;20260913;6
1764740;20260913;6
444515;20260913;6
415776;20260913;6
125037;20260913;6
939469;20260913;6
747984;20260913;6
171984;20260913;6
583630;20260913;6
1740739;20260913;6
80098;20260913;6
1204668;20260913;6
13314;20260913;6
1749043;20260913;6
455541;20260913;6
1472664;20260913;6
1435912;20260913;6
1586142;20260913;6
1629567;20260913;6
1712410;20260913;6
1737899;20260913;6
197780;20260913;6
532736;20260913;6
855817;20260913;6
822536;20260913;6
1388849;20260913;6
924120;20260913;6
1405598;20260913;6
224874;20260913;6
72131;20260913;6
194810;20260913;6
975125;20260913;6
1131542;20260913;6
1069132;20260913;6
1141840;20260913;6
12042;20260913;6
1396619;20260913;6
561326;20260913;6
612664;20260913;6
1180117;20260913;6
125485;20260913;6
1349783;20260913;6
1401260;20260913;6
1492722;20260913;6
157673;20260913;6
1667774;20260913;6
1681953;20260913;6
1685834;20260913;6
1694481;20260913;6
1759794;20260913;6
264964;20260913;6
292032;20260913;6
301411;20260913;6
361497;20260913;6
576020;20260913;6
68228;20260913;6
734350;20260913;6
907187;20260913;6
738173;20260913;6
1537188;20260913;6
489845;20260913;6
893088;20260913;6
858451;20260913;6
213474;20260913;6
1660667;20260913;6
925062;20260913;6
1779886;20260913;6
1444391;20260913;6
1228593;20260913;6
1461492;20260913;6
350568;20260913;6
767577;20260913;6
1290529;20260913;6
134694;20260913;6
1621975;20260913;6
736966;20260913;6
899623;20260913;6
1456918;20260913;6
1362736;20260913;6
634390;20260913;6
1662779;20260913;6
392652;20260913;6
716123;20260913;6
883878;20260913;6
309659;20260913;6
588786;20260913;6
1245623;20260913;6
1114784;20260913;6
640319;20260913;6
856103;20260913;6
1323455;20260913;6
304079;20260913;6
1410963;20260913;6
1395903;20260913;6
758564;20260913;6
1320712;20260913;6
1352778;20260913;6
699607;20260913;6
1387886;20260913;6
542969;20260913;6
60373;20260913;6
1680093;20260913;6
1061321;20260913;6
1627648;20260913;6
503919;20260913;6
327922;20260913;6
692825;20260913;6
93078;20260913;6
1129502;20260913;6
1487942;20260913;6
556604;20260913;6
1199319;20260913;6
1208961;20260913;6
219089;20260913;6
1066900;20260913;6
704050;20260913;6
415757;20260913;6
633995;20260913;6
1069003;20260913;6
1116663;20260913;6
1361501;20260913;6
1443470;20260913;6
1577690;20260913;6
175390;20260913;6
433810;20260913;6
533371;20260913;6
451514;20260913;6
1311113;20260913;6
829232;20260913;6
114305;20260913;6
329955;20260913;6
339197;20260913;6
60564;20260913;6
1178074;20260913;6
66657;20260913;6
1759465;20260913;6
121055;20260913;6
1069960;20260913;6
1570138;20260913;6
113519;20260913;6
1262411;20260913;6
1268221;20260913;6
1410545;20260913;6
1444783;20260913;6
1450339;20260913;6
166433;20260913;6
167063;20260913;6
177004;20260913;6
222515;20260913;6
234954;20260913;6
504862;20260913;6
668026;20260913;6
804283;20260913;6
822573;20260913;6
854986;20260913;6
86971;20260913;6
871413;20260913;6
948578;20260913;6
974494;20260913;6
446979;20260913;6
784830;20260913;6
1657317;20260913;6
691766;20260913;6
410415;20260913;6
589077;20260913;6
1788150;20260913;6
253584;20260913;6
336044;20260913;6
914481;20260913;6
1356413;20260913;6
472161;20260913;6
821165;20260913;6
1131037;20260913;6
880357;20260913;6
1359415;20260913;6
251749;20260913;6
769242;20260913;6
1267527;20260913;6
1615306;20260913;6
1656761;20260913;6
1686164;20260913;6
1749219;20260913;6
252288;20260913;6
630371;20260913;6
823521;20260913;6
745586;20260913;6
582819;20260913;6
817626;20260913;6
283106;20260913;6
1077287;20260913;6
929807;20260913;6
1097894;20260913;6
1185123;20260913;6
1635181;20260913;6
1716268;20260913;6
1772737;20260913;6
2082;20260913;6
410626;20260913;6
487148;20260913;6
506518;20260913;6
1270698;20260913;6
756101;20260913;6
799575;20260913;6
1519390;20260913;6
1466541;20260913;6
1653480;20260913;6
323813;20260913;6
1055756;20260913;6
1400084;20260913;6
470912;20260913;6
829164;20260913;6
1018265;20260913;6
1097737;20260913;6
1353472;20260913;6
1381373;20260913;6
140286;20260913;6
143405;20260913;6
1520828;20260913;6
1564773;20260913;6
1618274;20260913;6
1627443;20260913;6
1666932;20260913;6
1748591;20260913;6
257165;20260913;6
321927;20260913;6
429229;20260913;6
451437;20260913;6
537545;20260913;6
613030;20260913;6
918215;20260913;6
95019;20260913;6
1295680;20260913;6
1431729;20260913;6
1498452;20260913;6
213003;20260913;6
767402;20260913;6
815831;20260913;6
650248;20260913;6
924828;20260913;6
576717;20260913;6
1202061;20260913;6
352326;20260913;6
42509;20260913;6
89260;20260913;6
939626;20260913;6
1753043;20260913;6
764539;20260913;6
1039332;20260913;6
1078740;20260913;6
1329335;20260913;6
1318759;20260913;6
221742;20260913;6
574015;20260913;6
1677272;20260913;6
768719;20260913;6
1065217;20260913;6
1112229;20260913;6
1621936;20260913;6
1735584;20260913;6
422473;20260913;6
1054915;20260913;6
1618197;20260913;6
1752459;20260913;6
185585;20260913;6
248247;20260913;6
688487;20260913;6
1684762;20260913;6
800182;20260913;6
180452;20260913;6
554190;20260913;6
1045115;20260913;6
1747653;20260913;6
760774;20260913;6
1480796;20260913;6
1000714;20260913;6
1383041;20260913;6
39163;20260913;6
979834;20260913;6
790136;20260913;6
301634;20260913;6
1152012;20260913;6
1418931;20260913;6
318106;20260913;6
64624;20260914;0
1081540;20260914;0
1133444;20260914;0
554312;20260914;0
556633;20260914;0
748336;20260914;0
1395559;20260914;0
1341613;20260914;0
1696438;20260914;0
1657548;20260914;0
436439;20260914;0
631782;20260914;0
1303678;20260914;0
218727;20260914;0
14318;20260914;0
1779619;20260914;0
1743918;20260914;0
135772;20260914;0
1579104;20260914;0
304635;20260914;0
474650;20260914;0
972554;20260914;0
1734094;20260914;0
56909;20260914;0
611460;20260914;0
1050562;20260914;0
1111071;20260914;0
1143120;20260914;0
190346;20260914;0
267269;20260914;0
461655;20260914;0
1782338;20260914;0
1500985;20260914;0
377263;20260914;0
1310181;20260914;0
1391147;20260914;0
333632;20260914;0
374998;20260914;0
1051371;20260914;0
1042951;20260914;0
111702;20260914;0
1202661;20260914;0
1260840;20260914;0
131919;20260914;0
1418368;20260914;0
1587669;20260914;0
1690693;20260914;0
1743289;20260914;0
213711;20260914;0
220938;20260914;0
246208;20260914;0
32310;20260914;0
460462;20260914;0
461773;20260914;0
493300;20260914;0
803130;20260914;0
966689;20260914;0
1018860;20260914;0
194608;20260914;0
1643776;20260914;0
1011860;20260914;0
339476;20260914;0
1669751;20260914;0
1563746;20260914;0
791087;20260914;0
1368803;20260914;0
23589;20260914;0
20876;20260914;0
1195820;20260914;0
1315522;20260914;0
960788;20260914;0
726298;20260914;0
526075;20260914;0
451690;20260914;0
1494066;20260914;0
159887;20260914;0
312730;20260914;0
990438;20260914;0
1025814;20260914;0
129423;20260914;0
1456946;20260914;0
117503;20260914;0
273429;20260914;0
548594;20260914;0
248988;20260914;0
1160892;20260914;0
1162487;20260914;0
94621;20260914;0
765056;20260914;0
575396;20260914;0
209696;20260914;0
158914;20260914;0
1015090;20260914;0
1553760;20260914;0
21033;20260914;0
1013946;20260914;0
1130680;20260914;0
126446;20260914;0
1271946;20260914;0
1713388;20260914;0
1740459;20260914;0
1757257;20260914;0
347823;20260914;0
937623;20260914;0
951947;20260914;0
1606746;20260914;0
1698007;20260914;0
279113;20260914;0
422460;20260914;0
538519;20260914;0
1316049;20260914;0
425396;20260914;0
462500;20260914;0
638977;20260914;0
691405;20260914;0
1347831;20260914;0
859276;20260914;0
424322;20260914;0
1686487;20260914;0
1213055;20260914;0
801606;20260914;0
769188;20260914;0
1139023;20260914;0
1592810;20260914;0
355277;20260914;0
420425;20260914;0
4735;20260914;0
974727;20260914;0
1000894;20260914;0
1113595;20260914;0
1123208;20260914;0
1256310;20260914;0
663026;20260914;0
1151276;20260914;0
41858;20260914;0
1395511;20260914;0
1483321;20260914;0
1057510;20260914;0
1389222;20260914;0
5900;20260914;0
991018;20260914;0
1251849;20260914;0
588141;20260914;0
258130;20260914;0
644700;20260914;0
1406730;20260914;0
1155144;20260914;0
1554959;20260914;0
972891;20260914;0
117364;20260914;0
1359590;20260914;0
833904;20260914;0
329639;20260914;0
308061;20260914;0
1401613;20260914;0
1386789;20260914;0
1525100;20260914;0
1737464;20260914;0
322066;20260914;0
595359;20260914;0
734804;20260914;0
1085064;20260914;0
1232842;20260914;0
1460810;20260914;0
1615796;20260914;0
1739778;20260914;0
1744487;20260914;0
1759164;20260914;0
24035;20260914;0
606487;20260914;0
351195;20260914;0
202037;20260914;0
449790;20260914;0
1080977;20260914;0
314292;20260914;0
1306969;20260914;0
309270;20260914;0
360778;20260914;0
406923;20260914;0
629468;20260914;0
866101;20260914;0
20875;20260914;0
1616303;20260914;0
130146;20260914;0
1325480;20260914;0
23152;20260914;0
950085;20260914;0
1549396;20260914;0
986338;20260914;0
622412;20260914;0
1613890;20260914;0
1383450;20260914;0
1655109;20260914;0
643187;20260914;0
72401;20260914;0
365860;20260914;0
270554;20260914;0
1604826;20260914;0
26525;20260914;0
374384;20260914;0
966106;20260914;0
399452;20260914;0
64504;20260914;0
1635403;20260914;0
1138197;20260914;0
1226485;20260914;0
1405048;20260914;0
140702;20260914;0
1713552;20260914;0
1407788;20260914;0
889235;20260914;0
1202617;20260914;0
157976;20260914;0
351481;20260914;0
955391;20260914;0
104278;20260914;0
1772416;20260914;0
224837;20260914;0
6876;20260914;0
1664493;20260914;0
1073285;20260914;0
1753262;20260914;0
1756572;20260914;0
195698;20260914;0
299015;20260914;0
51793;20260914;0
551364;20260914;0
87399;20260914;0
137040;20260914;0
1137703;20260914;0
1478878;20260914;0
336736;20260914;0
623140;20260914;0
1559702;20260914;0
772276;20260914;0
1153792;20260914;0
1122440;20260914;0
976106;20260914;0
482940;20260914;0
1631441;20260914;0
466444;20260914;0
229156;20260914;0
1557090;20260914;0
1039768;20260914;0
1106832;20260914;0
1402103;20260914;0
1530652;20260914;0
222405;20260914;0
416771;20260914;0
982427;20260914;0
448498;20260914;0
1430823;20260914;0
936526;20260914;0
534512;20260914;0
602493;20260914;0
1380193;20260914;0
1587797;20260914;0
434650;20260914;0
1442082;20260914;0
1609812;20260914;0
1574204;20260914;0
1639659;20260914;0
865296;20260914;0
1023020;20260914;0
1708799;20260914;0
889074;20260914;0
40140;20260914;0
1045007;20260914;0
1519297;20260914;0
1575991;20260914;0
1647722;20260914;0
1681641;20260914;0
1733950;20260914;0
1516837;20260914;0
1213196;20260914;0
128720;20260914;0
439929;20260914;0
835782;20260914;0
971156;20260914;0
1333038;20260914;0
618651;20260914;0
1099797;20260914;0
1496876;20260914;0
1632913;20260914;0
554049;20260914;0
705447;20260914;0
755107;20260914;0
939904;20260914;0
1292428;20260914;0
1397171;20260914;0
1703024;20260914;0
313380;20260914;0
659740;20260914;0
1300793;20260914;0
1245031;20260914;0
870433;20260914;0
98259;20260914;0
1111231;20260914;0
316388;20260914;0
76763;20260914;0
1334897;20260914;0
1489240;20260914;0
539288;20260914;0
56451;20260914;0
120297;20260914;0
1208406;20260914;0
275684;20260914;0
81564;20260914;0
1169927;20260914;0
1470802;20260914;0
211658;20260914;0
504068;20260914;0
864816;20260914;0
986217;20260914;0
1318398;20260914;0
1381980;20260914;0
1618719;20260914;0
665309;20260914;0
343173;20260914;0
1398983;20260914;0
1762008;20260914;0
603846;20260914;0
1404731;20260914;0
1639690;20260914;0
1578739;20260914;0
240504;20260914;0
264816;20260914;0
1230139;20260914;0
1105949;20260914;0
1310688;20260914;0
232598;20260914;0
261146;20260914;0
1243045;20260914;0
1291531;20260914;0
13700;20260914;0
1488002;20260914;0
1675498;20260914;0
1725160;20260914;0
1778243;20260914;0
680446;20260914;0
689166;20260914;0
1550015;20260914;0
840882;20260914;0
317631;20260914;0
1452739;20260914;0
50394;20260914;0
277259;20260914;0
1591725;20260914;0
399227;20260914;0
127543;20260914;0
1637;20260914;0
1447014;20260914;0
516022;20260914;0
312533;20260914;0
1751385;20260914;0
137381;20260914;0
1687956;20260914;0
422768;20260914;0
46391;20260914;0
968658;20260914;0
743651;20260914;0
297408;20260914;0
1257563;20260914;0
1187433;20260914;0
1673453;20260914;0
991149;20260914;0
1586116;20260914;0
1302626;20260914;0
1154018;20260914;0
830070;20260914;0
16791;20260914;0
1234426;20260914;0
1582446;20260914;0
830120;20260914;0
1151976;20260914;0
1010954;20260914;0
1276296;20260914;0
1322359;20260914;0
1726397;20260914;0
1324645;20260914;0
782018;20260914;0
869402;20260914;0
1136518;20260914;0
1139175;20260914;0
751960;20260914;0
1428845;20260914;0
267388;20260914;0
417897;20260914;0
1284247;20260914;0
1450911;20260914;0
754476;20260914;0
1581467;20260914;0
262069;20260914;0
1644703;20260914;0
1146634;20260914;0
1083400;20260914;0
550107;20260914;0
1052509;20260914;0
787142;20260914;0
593158;20260914;0
641664;20260914;0
825143;20260914;0
417203;20260914;0
188568;20260914;0
1584057;20260914;0
1627216;20260914;0
235178;20260914;0
197727;20260914;0
852522;20260914;0
1244551;20260914;0
287009;20260914;0
1263811;20260914;0
1787176;20260914;0
527599;20260914;0
527904;20260914;0
881944;20260914;0
7123;20260914;0
1627669;20260914;0
1629809;20260914;0
692951;20260914;0
779634;20260914;0
941267;20260914;0
909239;20260914;0
753149;20260914;0
1084201;20260914;0
1486298;20260914;0
235792;20260914;0
1771697;20260914;0
1290980;20260914;0
1348406;20260914;0
1252113;20260914;0
75011;20260914;0
1305395;20260914;0
1659980;20260914;0
1417033;20260914;0
507024;20260914;0
847629;20260914;0
1027899;20260914;0
11398;20260914;0
1426594;20260914;0
1459066;20260914;0
1733774;20260914;0
301935;20260914;0
56252;20260914;0
1130684;20260914;0
189757;20260914;0
939750;20260914;0
1046137;20260914;0
614968;20260914;0
768860;20260914;0
950854;20260914;0
1446509;20260914;0
359741;20260914;0
128096;20260914;0
182252;20260914;0
1004036;20260914;0
1359473;20260914;0
1372685;20260914;0
1410060;20260914;0
1420762;20260914;0
1535425;20260914;0
1635284;20260914;0
1660616;20260914;0
582123;20260914;0
1076748;20260914;0
1226481;20260914;0
228993;20260914;0
593685;20260914;0
224165;20260914;0
691517;20260914;0
384244;20260914;0
33796;20260914;0
1456840;20260914;0
1780338;20260914;0
199580;20260914;0
213152;20260914;0
1282671;20260914;0
1333757;20260914;0
603327;20260914;0
1541590;20260914;0
191369;20260914;0
1575598;20260914;0
1670417;20260914;0
1784234;20260914;0
452657;20260914;0
1027496;20260914;0
1348854;20260914;0
1438884;20260914;0
1591569;20260914;0
401743;20260914;0
663004;20260914;0
281786;20260914;0
536905;20260914;0
1011223;20260914;0
339295;20260914;0
1578197;20260914;0
1666163;20260914;0
1750815;20260914;0
611721;20260914;0
743742;20260914;0
844625;20260914;0
1082934;20260914;0
535127;20260914;0
1594800;20260914;0
936663;20260914;0
1740294;20260914;0
1277071;20260914;0
728562;20260914;0
1237238;20260914;0
1198192;20260914;0
1598419;20260914;0
1610413;20260914;0
402344;20260914;0
655967;20260914;0
74979;20260914;0
767943;20260914;0
985309;20260914;0
1343922;20260914;0
1179386;20260914;0
163518;20260914;0
383304;20260914;0
1585505;20260914;0
463385;20260914;0
1303479;20260914;0
1368974;20260914;0
126719;20260914;0
189375;20260914;0
661218;20260914;0
874968;20260914;0
1399816;20260914;0
1372859;20260914;0
1020286;20260914;0
1229933;20260914;0
150064;20260914;0
1542930;20260914;0
396016;20260914;0
478625;20260914;0
502863;20260914;0
491185;20260914;0
1130044;20260914;0
199086;20260914;0
961889;20260914;0
1169361;20260914;0
362473;20260914;0
1494668;20260914;0
837259;20260914;0
401162;20260914;0
624618;20260914;0
303750;20260914;0
720341;20260914;0
175681;20260914;0
372338;20260914;0
481462;20260914;0
1037888;20260914;0
1199586;20260914;0
1638138;20260914;0
272766;20260914;0
478466;20260914;0
686686;20260914;0
1678415;20260914;0
391003;20260914;0
623633;20260914;0
632881;20260914;0
966148;20260914;0
1294969;20260914;0
1297775;20260914;0
1600983;20260914;0
380067;20260914;0
415201;20260914;0
684813;20260914;0
825416;20260914;0
1409984;20260914;0
653751;20260914;0
500697;20260914;0
116094;20260914;0
350701;20260914;0
1689401;20260914;0
1664773;20260914;0
176018;20260914;0
270933;20260914;0
1011030;20260914;0
1367329;20260914;0
1483333;20260914;0
1222277;20260914;0
1257021;20260914;0
400412;20260914;0
1117865;20260914;0
241802;20260914;0
1251746;20260914;0
878730;20260914;0
91732;20260914;0
1031693;20260914;0
1177116;20260914;0
1623417;20260914;0
1665197;20260914;0
1787880;20260914;0
268433;20260914;0
334887;20260914;0
626884;20260914;0
697479;20260914;0
698336;20260914;0
1144085;20260914;0
1179882;20260914;0
1364201;20260914;0
337230;20260914;0
1144608;20260914;0
1306899;20260914;0
1207454;20260914;0
953386;20260914;0
1636809;20260914;0
671019;20260914;0
1737463;20260914;0
205858;20260914;0
1450022;20260914;0
147882;20260914;0
1680838;20260914;0
53109;20260914;0
709414;20260914;0
1213029;20260914;0
1494963;20260914;0
1506853;20260914;0
584539;20260914;0
594012;20260914;0
710628;20260914;0
770198;20260914;0
780480;20260914;0
202226;20260914;0
1555608;20260914;0
664807;20260914;0
55044;20260914;0
43125;20260914;0
1579149;20260914;0
956770;20260914;0
1008042;20260914;0
1020923;20260914;0
929211;20260914;0
1417329;20260914;0
226422;20260914;0
590982;20260914;0
930677;20260914;0
1207120;20260914;0
1284982;20260914;0
1309799;20260914;0
1472095;20260914;0
1514917;20260914;0
1694222;20260914;0
1387745;20260914;0
381159;20260914;0
1398855;20260914;0
195109;20260914;0
806188;20260914;0
1688902;20260914;0
443852;20260914;0
448413;20260914;0
632667;20260914;0
1022958;20260914;0
778044;20260914;0
1131672;20260914;0
1247003;20260914;0
1661674;20260914;0
722911;20260914;0
806556;20260914;0
1518076;20260914;0
1219173;20260914;0
296203;20260914;0
231552;20260914;0
646351;20260914;0
1615808;20260914;0
1203297;20260914;0
1569861;20260914;0
1572895;20260914;0
1575411;20260914;0
1777779;20260914;0
325382;20260914;0
382295;20260914;0
385813;20260914;0
424944;20260914;0
484948;20260914;0
554403;20260914;0
580916;20260914;0
314941;20260914;0
685418;20260914;0
1044004;20260914;0
19505;20260914;0
1410923;20260914;0
817096;20260914;0
317581;20260914;0
1226059;20260914;0
1592244;20260914;0
1644960;20260914;0
272457;20260914;0
566366;20260914;0
1091481;20260914;0
1562196;20260914;0
1099046;20260914;0
1157973;20260914;0
265925;20260914;0
453423;20260914;0
913695;20260914;0
1777244;20260914;0
233025;20260914;0
565573;20260914;0
999503;20260914;0
1396304;20260914;0
538617;20260914;0
926940;20260914;0
1522433;20260914;0
654663;20260914;0
1573212;20260914;0
485782;20260914;0
584657;20260914;0
685451;20260914;0
1741271;20260914;0
162212;20260914;0
1183667;20260914;0
268530;20260914;0
791974;20260914;0
956468;20260914;0
1514138;20260914;0
98310;20260914;0
568161;20260914;0
61621;20260914;0
730561;20260914;0
191446;20260914;0
428783;20260914;0
1198976;20260914;0
1506663;20260914;0
804917;20260914;0
907287;20260914;0
1125885;20260914;0
1250096;20260914;0
1440093;20260914;0
1474834;20260914;0
1605479;20260914;0
614127;20260914;0
678491;20260914;0
740614;20260914;0
1319013;20260914;0
1785378;20260914;0
267152;20260914;0
476651;20260914;0
488943;20260914;0
1567155;20260914;0
1596740;20260914;0
638886;20260914;0
898848;20260914;0
1061931;20260914;0
1161413;20260914;0
1707381;20260914;0
1097458;20260914;0
1761810;20260914;0
516774;20260914;0
716782;20260914;0
902727;20260914;0
947577;20260914;0
1733028;20260914;0
1473410;20260914;0
1490416;20260914;0
1605216;20260914;0
348318;20260914;0
846711;20260914;0
686992;20260914;0
1185920;20260914;0
1218302;20260914;0
1513240;20260914;0
544676;20260914;0
1440870;20260914;0
285159;20260914;0
615260;20260914;0
402600;20260914;0
563112;20260914;0
1071343;20260914;0
509288;20260914;0
74064;20260914;0
756056;20260914;0
1642978;20260914;0
897541;20260914;0
1245469;20260914;0
271026;20260914;0
314053;20260914;0
181281;20260914;0
1555323;20260914;0
350937;20260914;0
1011922;20260914;0
623321;20260914;0
245399;20260914;0
33142;20260914;0
67233;20260914;0
1698393;20260914;0
126003;20260914;0
1619557;20260914;0
1105707;20260914;0
1545060;20260914;0
857351;20260914;0
1563793;20260914;0
448250;20260914;0
549787;20260914;0
1449595;20260914;0
697685;20260914;0
743085;20260914;0
1169138;20260914;0
1531924;20260914;0
1440975;20260914;0
119028;20260914;0
747984;20260914;0
171984;20260914;0
583630;20260914;0
1558693;20260914;0
1740739;20260914;0
1204668;20260914;0
13314;20260914;0
1749043;20260914;0
455541;20260914;0
1435912;20260914;0
1586142;20260914;0
1629567;20260914;0
1712410;20260914;0
1737899;20260914;0
197780;20260914;0
770704;20260914;0
532736;20260914;0
855817;20260914;0
822536;20260914;0
1388849;20260914;0
924120;20260914;0
864028;20260914;0
727439;20260914;0
1405598;20260914;0
72131;20260914;0
194810;20260914;0
975125;20260914;0
1131542;20260914;0
1180117;20260914;0
125485;20260914;0
1349783;20260914;0
1401260;20260914;0
1492722;20260914;0
157673;20260914;0
1667774;20260914;0
1681953;20260914;0
1685834;20260914;0
1694481;20260914;0
1759794;20260914;0
264964;20260914;0
292032;20260914;0
301411;20260914;0
361497;20260914;0
576020;20260914;0
68228;20260914;0
734350;20260914;0
907187;20260914;0
738173;20260914;0
1132637;20260914;0
893088;20260914;0
1173976;20260914;0
1071648;20260914;0
1171594;20260914;0
1263893;20260914;0
1271052;20260914;0
1290254;20260914;0
1344513;20260914;0
1534775;20260914;0
1673847;20260914;0
259374;20260914;0
292775;20260914;0
941498;20260914;0
1528240;20260914;0
847555;20260914;0
687843;20260914;0
858451;20260914;0
518901;20260914;0
1306076;20260914;0
481471;20260914;0
958138;20260914;0
1228593;20260914;0
1461492;20260914;0
1166698;20260914;0
1206213;20260914;0
1504649;20260914;0
1569769;20260914;0
1456918;20260914;0
634390;20260914;0
254517;20260914;0
984384;20260914;0
1176869;20260914;0
605983;20260914;0
677446;20260914;0
679015;20260914;0
1505894;20260914;0
1292859;20260914;0
269335;20260914;0
1632620;20260914;0
1557935;20260914;0
511167;20260914;0
1515367;20260914;0
770461;20260914;0
859410;20260914;0
533470;20260914;0
824055;20260914;0
1410963;20260914;0
1523314;20260914;0
1010783;20260914;0
838723;20260914;0
1704983;20260914;0
1320712;20260914;0
1191224;20260914;0
1352778;20260914;0
699607;20260914;0
1387886;20260914;0
542969;20260914;0
60373;20260914;0
1680093;20260914;0
1651253;20260914;0
1061321;20260914;0
1042588;20260914;0
908619;20260914;0
1352685;20260914;0
327922;20260914;0
692825;20260914;0
93078;20260914;0
1746052;20260914;0
1129502;20260914;0
1487942;20260914;0
1199319;20260914;0
1208961;20260914;0
219089;20260914;0
1066900;20260914;0
704050;20260914;0
415757;20260914;0
633995;20260914;0
145080;20260914;0
165751;20260914;0
1711804;20260914;0
168242;20260914;0
560276;20260914;0
800116;20260914;0
1702019;20260914;0
1517224;20260914;0
533371;20260914;0
451514;20260914;0
1311113;20260914;0
1780604;20260914;0
114305;20260914;0
329955;20260914;0
339197;20260914;0
60564;20260914;0
1759465;20260914;0
121055;20260914;0
1069960;20260914;0
1570138;20260914;0
446979;20260914;0
784830;20260914;0
578595;20260914;0
1176753;20260914;0
1193283;20260914;0
1231615;20260914;0
1300916;20260914;0
1381567;20260914;0
1578850;20260914;0
1602464;20260914;0
1646691;20260914;0
1670958;20260914;0
262782;20260914;0
563704;20260914;0
585058;20260914;0
620505;20260914;0
654619;20260914;0
705377;20260914;0
735860;20260914;0
74161;20260914;0
749439;20260914;0
870327;20260914;0
961190;20260914;0
966712;20260914;0
1597884;20260914;0
1727219;20260914;0
248652;20260914;0
608534;20260914;0
271165;20260914;0
1198988;20260914;0
985850;20260914;0
1215634;20260914;0
807582;20260914;0
1052716;20260914;0
1553085;20260914;0
967070;20260914;0
584159;20260914;0
1623962;20260914;0
479323;20260914;0
273751;20260914;0
930845;20260914;0
1036685;20260914;0
769242;20260914;0
1356095;20260914;0
1397982;20260914;0
245943;20260914;0
1267527;20260914;0
1615306;20260914;0
1656761;20260914;0
1686164;20260914;0
1749219;20260914;0
252288;20260914;0
630371;20260914;0
823521;20260914;0
745586;20260914;0
283106;20260914;0
1097894;20260914;0
1185123;20260914;0
1635181;20260914;0
1716268;20260914;0
1772737;20260914;0
2082;20260914;0
410626;20260914;0
487148;20260914;0
506518;20260914;0
1344185;20260914;0
730779;20260914;0
1519390;20260914;0
160966;20260914;0
547196;20260914;0
83359;20260914;0
1400084;20260914;0
470912;20260914;0
829164;20260914;0
230179;20260914;0
308010;20260914;0
1351345;20260914;0
1453379;20260914;0
1617696;20260914;0
69137;20260914;0
781906;20260914;0
1018265;20260914;0
1097737;20260914;0
1353472;20260914;0
1381373;20260914;0
140286;20260914;0
143405;20260914;0
1520828;20260914;0
1564773;20260914;0
1618274;20260914;0
1627443;20260914;0
1666932;20260914;0
1748591;20260914;0
257165;20260914;0
321927;20260914;0
429229;20260914;0
451437;20260914;0
537545;20260914;0
613030;20260914;0
918215;20260914;0
95019;20260914;0
1295680;20260914;0
1431729;20260914;0
1498452;20260914;0
213003;20260914;0
767402;20260914;0
815831;20260914;0
1479969;20260914;0
870079;20260914;0
969447;20260914;0
652108;20260914;0
408740;20260914;0
1347400;20260914;0
599322;20260914;0
1202061;20260914;0
282251;20260914;0
1001634;20260914;0
1054319;20260914;0
1002286;20260914;0
1259346;20260914;0
138418;20260914;0
390287;20260914;0
1353978;20260914;0
782343;20260914;0
997801;20260914;0
859162;20260914;0
1203363;20260914;0
696223;20260914;0
97419;20260914;0
1621936;20260914;0
378254;20260914;0
575443;20260914;0
1735584;20260914;0
1605926;20260914;0
691315;20260914;0
422473;20260914;0
1054915;20260914;0
1618197;20260914;0
1752459;20260914;0
185585;20260914;0
248247;20260914;0
688487;20260914;0
180452;20260914;0
554190;20260914;0
1045115;20260914;0
1747653;20260914;0
760774;20260914;0
661166;20260914;0
1480796;20260914;0
1238570;20260914;0
1547640;20260914;0
1693363;20260914;0
848160;20260914;0
1000714;20260914;0
979834;20260914;0
185282;20260914;0
301634;20260914;0
64624;20260915;1
1081540;20260915;1
1133444;20260915;1
554312;20260915;1
556633;20260915;1
748336;20260915;1
1395559;20260915;1
1341613;20260915;1
1696438;20260915;1
1657548;20260915;1
436439;20260915;1
631782;20260915;1
1303678;20260915;1
218727;20260915;1
14318;20260915;1
1779619;20260915;1
1743918;20260915;1
1579104;20260915;1
304635;20260915;1
474650;20260915;1
972554;20260915;1
1734094;20260915;1
1964;20260915;1
1050562;20260915;1
1071948;20260915;1
1111071;20260915;1
1190897;20260915;1
1143120;20260915;1
190346;20260915;1
267269;20260915;1
461655;20260915;1
1540789;20260915;1
1782338;20260915;1
377263;20260915;1
1310181;20260915;1
1391147;20260915;1
333632;20260915;1
1042951;20260915;1
111702;20260915;1
1202661;20260915;1
1260840;20260915;1
131919;20260915;1
1418368;20260915;1
1587669;20260915;1
1690693;20260915;1
1743289;20260915;1
213711;20260915;1
220938;20260915;1
246208;20260915;1
32310;20260915;1
460462;20260915;1
461773;20260915;1
493300;20260915;1
803130;20260915;1
966689;20260915;1
1018860;20260915;1
194608;20260915;1
1643776;20260915;1
1011860;20260915;1
6222;20260915;1
809551;20260915;1
339476;20260915;1
1669751;20260915;1
1563746;20260915;1
791087;20260915;1
219937;20260915;1
531063;20260915;1
20876;20260915;1
1195820;20260915;1
1315522;20260915;1
960788;20260915;1
526075;20260915;1
451690;20260915;1
1494066;20260915;1
159887;20260915;1
312730;20260915;1
1016103;20260915;1
336605;20260915;1
1025814;20260915;1
129423;20260915;1
1456946;20260915;1
117503;20260915;1
273429;20260915;1
548594;20260915;1
248988;20260915;1
1160892;20260915;1
1162487;20260915;1
94621;20260915;1
765056;20260915;1
575396;20260915;1
209696;20260915;1
158914;20260915;1
1015090;20260915;1
1553760;20260915;1
21033;20260915;1
1013946;20260915;1
1130680;20260915;1
126446;20260915;1
1271946;20260915;1
1713388;20260915;1
1740459;20260915;1
1757257;20260915;1
347823;20260915;1
937623;20260915;1
951947;20260915;1
1606746;20260915;1
1698007;20260915;1
279113;20260915;1
422460;20260915;1
538519;20260915;1
1316049;20260915;1
425396;20260915;1
462500;20260915;1
638977;20260915;1
691405;20260915;1
1347831;20260915;1
859276;20260915;1
424322;20260915;1
1686487;20260915;1
1213055;20260915;1
801606;20260915;1
769188;20260915;1
1139023;20260915;1
1592810;20260915;1
355277;20260915;1
420425;20260915;1
4735;20260915;1
974727;20260915;1
1000894;20260915;1
1113595;20260915;1
1123208;20260915;1
1256310;20260915;1
663026;20260915;1
1151276;20260915;1
41858;20260915;1
1395511;20260915;1
1483321;20260915;1
1057510;20260915;1
1389222;20260915;1
5900;20260915;1
991018;20260915;1
1251849;20260915;1
588141;20260915;1
258130;20260915;1
644700;20260915;1
1406730;20260915;1
1155144;20260915;1
1554959;20260915;1
972891;20260915;1
117364;20260915;1
1359590;20260915;1
833904;20260915;1
329639;20260915;1
308061;20260915;1
1401613;20260915;1
1386789;20260915;1
1525100;20260915;1
1737464;20260915;1
322066;20260915;1
595359;20260915;1
734804;20260915;1
1085064;20260915;1
1232842;20260915;1
1460810;20260915;1
1615796;20260915;1
1739778;20260915;1
1744487;20260915;1
1759164;20260915;1
24035;20260915;1
606487;20260915;1
351195;20260915;1
202037;20260915;1
449790;20260915;1
1080977;20260915;1
314292;20260915;1
1306969;20260915;1
309270;20260915;1
360778;20260915;1
406923;20260915;1
629468;20260915;1
866101;20260915;1
20875;20260915;1
1616303;20260915;1
130146;20260915;1
1325480;20260915;1
23152;20260915;1
950085;20260915;1
1549396;20260915;1
986338;20260915;1
622412;20260915;1
1613890;20260915;1
1383450;20260915;1
1655109;20260915;1
643187;20260915;1
72401;20260915;1
365860;20260915;1
270554;20260915;1
1604826;20260915;1
26525;20260915;1
374384;20260915;1
966106;20260915;1
399452;20260915;1
64504;20260915;1
1635403;20260915;1
1138197;20260915;1
1226485;20260915;1
1405048;20260915;1
140702;20260915;1
1713552;20260915;1
1407788;20260915;1
889235;20260915;1
1202617;20260915;1
157976;20260915;1
351481;20260915;1
955391;20260915;1
104278;20260915;1
1772416;20260915;1
224837;20260915;1
6876;20260915;1
1664493;20260915;1
1073285;20260915;1
1753262;20260915;1
1756572;20260915;1
195698;20260915;1
299015;20260915;1
51793;20260915;1
551364;20260915;1
87399;20260915;1
137040;20260915;1
1137703;20260915;1
1478878;20260915;1
336736;20260915;1
623140;20260915;1
1559702;20260915;1
1153792;20260915;1
1122440;20260915;1
976106;20260915;1
482940;20260915;1
620572;20260915;1
1631441;20260915;1
466444;20260915;1
229156;20260915;1
1557090;20260915;1
1039768;20260915;1
1106832;20260915;1
1402103;20260915;1
1530652;20260915;1
222405;20260915;1
416771;20260915;1
982427;20260915;1
448498;20260915;1
245247;20260915;1
851522;20260915;1
1430823;20260915;1
936526;20260915;1
534512;20260915;1
602493;20260915;1
1173929;20260915;1
1380193;20260915;1
1587797;20260915;1
434650;20260915;1
1442082;20260915;1
1609812;20260915;1
1574204;20260915;1
1639659;20260915;1
1023020;20260915;1
1708799;20260915;1
889074;20260915;1
40140;20260915;1
1045007;20260915;1
1519297;20260915;1
1575991;20260915;1
1647722;20260915;1
1681641;20260915;1
1733950;20260915;1
1516837;20260915;1
1213196;20260915;1
128720;20260915;1
439929;20260915;1
835782;20260915;1
971156;20260915;1
1333038;20260915;1
618651;20260915;1
1099797;20260915;1
1496876;20260915;1
1632913;20260915;1
554049;20260915;1
705447;20260915;1
755107;20260915;1
1292428;20260915;1
1397171;20260915;1
1154816;20260915;1
157993;20260915;1
179368;20260915;1
269167;20260915;1
386242;20260915;1
659740;20260915;1
1300793;20260915;1
1602501;20260915;1
915201;20260915;1
1111231;20260915;1
1625949;20260915;1
76763;20260915;1
1334897;20260915;1
1489240;20260915;1
539288;20260915;1
56451;20260915;1
120297;20260915;1
1208406;20260915;1
275684;20260915;1
81564;20260915;1
1169927;20260915;1
1470802;20260915;1
211658;20260915;1
504068;20260915;1
864816;20260915;1
986217;20260915;1
1318398;20260915;1
665309;20260915;1
1398983;20260915;1
1762008;20260915;1
603846;20260915;1
617448;20260915;1
1404731;20260915;1
1639690;20260915;1
1517577;20260915;1
40924;20260915;1
1578739;20260915;1
240504;20260915;1
264816;20260915;1
1230139;20260915;1
1105949;20260915;1
1310688;20260915;1
232598;20260915;1
261146;20260915;1
1243045;20260915;1
1291531;20260915;1
13700;20260915;1
1488002;20260915;1
1675498;20260915;1
1725160;20260915;1
1778243;20260915;1
680446;20260915;1
689166;20260915;1
13967;20260915;1
1452739;20260915;1
1133060;20260915;1
1288657;20260915;1
1476127;20260915;1
50394;20260915;1
1591725;20260915;1
399227;20260915;1
127543;20260915;1
1637;20260915;1
1447014;20260915;1
516022;20260915;1
1751385;20260915;1
137381;20260915;1
1687956;20260915;1
422768;20260915;1
46391;20260915;1
968658;20260915;1
297408;20260915;1
1257563;20260915;1
991149;20260915;1
1302626;20260915;1
1154018;20260915;1
830070;20260915;1
16791;20260915;1
1201784;20260915;1
187485;20260915;1
707027;20260915;1
1234426;20260915;1
553848;20260915;1
1582446;20260915;1
830120;20260915;1
1151976;20260915;1
1010954;20260915;1
1276296;20260915;1
1322359;20260915;1
1726397;20260915;1
782018;20260915;1
869402;20260915;1
1136518;20260915;1
1139175;20260915;1
751960;20260915;1
1428845;20260915;1
143753;20260915;1
1284247;20260915;1
1450911;20260915;1
754476;20260915;1
1364169;20260915;1
1581467;20260915;1
262069;20260915;1
15499;20260915;1
324447;20260915;1
1146634;20260915;1
1083400;20260915;1
550107;20260915;1
1052509;20260915;1
787142;20260915;1
593158;20260915;1
641664;20260915;1
825143;20260915;1
417203;20260915;1
188568;20260915;1
1584057;20260915;1
1627216;20260915;1
235178;20260915;1
197727;20260915;1
852522;20260915;1
1244551;20260915;1
287009;20260915;1
1263811;20260915;1
1787176;20260915;1
527599;20260915;1
527904;20260915;1
881944;20260915;1
7123;20260915;1
1627669;20260915;1
1231468;20260915;1
692951;20260915;1
779634;20260915;1
941267;20260915;1
909239;20260915;1
1084201;20260915;1
1573437;20260915;1
1486298;20260915;1
235792;20260915;1
1771697;20260915;1
1290980;20260915;1
1348406;20260915;1
1252113;20260915;1
75011;20260915;1
1305395;20260915;1
1659980;20260915;1
1417033;20260915;1
507024;20260915;1
847629;20260915;1
1027899;20260915;1
11398;20260915;1
1426594;20260915;1
1459066;20260915;1
1733774;20260915;1
301935;20260915;1
56252;20260915;1
1130684;20260915;1
189757;20260915;1
939750;20260915;1
1046137;20260915;1
614968;20260915;1
768860;20260915;1
950854;20260915;1
1446509;20260915;1
359741;20260915;1
128096;20260915;1
1004036;20260915;1
1359473;20260915;1
1372685;20260915;1
1410060;20260915;1
1420762;20260915;1
1535425;20260915;1
1635284;20260915;1
1660616;20260915;1
582123;20260915;1
975767;20260915;1
125008;20260915;1
228993;20260915;1
593685;20260915;1
1039294;20260915;1
224165;20260915;1
1530275;20260915;1
691517;20260915;1
33796;20260915;1
1456840;20260915;1
1780338;20260915;1
199580;20260915;1
213152;20260915;1
1282671;20260915;1
1333757;20260915;1
603327;20260915;1
1541590;20260915;1
191369;20260915;1
1575598;20260915;1
1670417;20260915;1
1784234;20260915;1
452657;20260915;1
1027496;20260915;1
1348854;20260915;1
1438884;20260915;1
1591569;20260915;1
401743;20260915;1
663004;20260915;1
422150;20260915;1
536905;20260915;1
1663160;20260915;1
1011223;20260915;1
339295;20260915;1
1578197;20260915;1
1666163;20260915;1
1750815;20260915;1
611721;20260915;1
743742;20260915;1
844625;20260915;1
1082934;20260915;1
535127;20260915;1
1594800;20260915;1
936663;20260915;1
1740294;20260915;1
1277071;20260915;1
728562;20260915;1
1237238;20260915;1
985309;20260915;1
1343922;20260915;1
1179386;20260915;1
163518;20260915;1
130014;20260915;1
1486794;20260915;1
1706136;20260915;1
1787270;20260915;1
383304;20260915;1
1585505;20260915;1
1303479;20260915;1
1469533;20260915;1
569633;20260915;1
812958;20260915;1
888610;20260915;1
1368974;20260915;1
189375;20260915;1
661218;20260915;1
874968;20260915;1
146903;20260915;1
1399816;20260915;1
1372859;20260915;1
1020286;20260915;1
1229933;20260915;1
150064;20260915;1
1542930;20260915;1
396016;20260915;1
478625;20260915;1
502863;20260915;1
1130044;20260915;1
199086;20260915;1
961889;20260915;1
1169361;20260915;1
863552;20260915;1
1494668;20260915;1
837259;20260915;1
401162;20260915;1
624618;20260915;1
303750;20260915;1
720341;20260915;1
175681;20260915;1
372338;20260915;1
481462;20260915;1
1037888;20260915;1
1199586;20260915;1
1638138;20260915;1
272766;20260915;1
478466;20260915;1
686686;20260915;1
1678415;20260915;1
391003;20260915;1
623633;20260915;1
632881;20260915;1
966148;20260915;1
1294969;20260915;1
1297775;20260915;1
1600983;20260915;1
380067;20260915;1
415201;20260915;1
684813;20260915;1
825416;20260915;1
1409984;20260915;1
653751;20260915;1
500697;20260915;1
116094;20260915;1
350701;20260915;1
363414;20260915;1
1664773;20260915;1
176018;20260915;1
270933;20260915;1
1011030;20260915;1
1367329;20260915;1
1483333;20260915;1
1101839;20260915;1
1222277;20260915;1
1257021;20260915;1
1117865;20260915;1
241802;20260915;1
1251746;20260915;1
878730;20260915;1
91732;20260915;1
1031693;20260915;1
1177116;20260915;1
1623417;20260915;1
1665197;20260915;1
1787880;20260915;1
268433;20260915;1
334887;20260915;1
626884;20260915;1
697479;20260915;1
698336;20260915;1
1144085;20260915;1
1179882;20260915;1
1364201;20260915;1
337230;20260915;1
1144608;20260915;1
1306899;20260915;1
1207454;20260915;1
953386;20260915;1
1636809;20260915;1
671019;20260915;1
1737463;20260915;1
205858;20260915;1
1450022;20260915;1
147882;20260915;1
1680838;20260915;1
53109;20260915;1
709414;20260915;1
1213029;20260915;1
1494963;20260915;1
1506853;20260915;1
584539;20260915;1
594012;20260915;1
710628;20260915;1
770198;20260915;1
780480;20260915;1
202226;20260915;1
1555608;20260915;1
664807;20260915;1
55044;20260915;1
43125;20260915;1
1579149;20260915;1
956770;20260915;1
1008042;20260915;1
1020923;20260915;1
929211;20260915;1
1417329;20260915;1
226422;20260915;1
590982;20260915;1
930677;20260915;1
1207120;20260915;1
1284982;20260915;1
1309799;20260915;1
1472095;20260915;1
1514917;20260915;1
1694222;20260915;1
1387745;20260915;1
381159;20260915;1
1398855;20260915;1
195109;20260915;1
806188;20260915;1
1688902;20260915;1
443852;20260915;1
448413;20260915;1
632667;20260915;1
1022958;20260915;1
778044;20260915;1
714007;20260915;1
1131672;20260915;1
1247003;20260915;1
1661674;20260915;1
722911;20260915;1
806556;20260915;1
307893;20260915;1
1116972;20260915;1
1302597;20260915;1
1315631;20260915;1
1583868;20260915;1
225484;20260915;1
300545;20260915;1
847289;20260915;1
1637081;20260915;1
1219173;20260915;1
296203;20260915;1
1424484;20260915;1
1290044;20260915;1
1203297;20260915;1
1569861;20260915;1
1572895;20260915;1
1575411;20260915;1
1777779;20260915;1
325382;20260915;1
382295;20260915;1
385813;20260915;1
424944;20260915;1
484948;20260915;1
554403;20260915;1
580916;20260915;1
314941;20260915;1
934582;20260915;1
685418;20260915;1
1044004;20260915;1
1410923;20260915;1
817096;20260915;1
317581;20260915;1
1226059;20260915;1
1592244;20260915;1
1644960;20260915;1
272457;20260915;1
566366;20260915;1
1091481;20260915;1
1562196;20260915;1
1179008;20260915;1
667499;20260915;1
1099046;20260915;1
265925;20260915;1
453423;20260915;1
913695;20260915;1
27042;20260915;1
233025;20260915;1
999503;20260915;1
1396304;20260915;1
538617;20260915;1
926940;20260915;1
1522433;20260915;1
654663;20260915;1
1573212;20260915;1
485782;20260915;1
584657;20260915;1
685451;20260915;1
1741271;20260915;1
162212;20260915;1
1183667;20260915;1
268530;20260915;1
1182870;20260915;1
791974;20260915;1
956468;20260915;1
1514138;20260915;1
98310;20260915;1
568161;20260915;1
61621;20260915;1
730561;20260915;1
428783;20260915;1
1198976;20260915;1
1506663;20260915;1
804917;20260915;1
907287;20260915;1
1125885;20260915;1
1250096;20260915;1
1440093;20260915;1
1474834;20260915;1
1605479;20260915;1
614127;20260915;1
678491;20260915;1
740614;20260915;1
1319013;20260915;1
1785378;20260915;1
267152;20260915;1
476651;20260915;1
488943;20260915;1
1567155;20260915;1
1596740;20260915;1
638886;20260915;1
898848;20260915;1
1061931;20260915;1
1161413;20260915;1
1707381;20260915;1
1761810;20260915;1
516774;20260915;1
716782;20260915;1
902727;20260915;1
947577;20260915;1
1733028;20260915;1
1490416;20260915;1
1605216;20260915;1
348318;20260915;1
846711;20260915;1
686992;20260915;1
1185920;20260915;1
1218302;20260915;1
1513240;20260915;1
544676;20260915;1
1440870;20260915;1
285159;20260915;1
615260;20260915;1
402600;20260915;1
1761964;20260915;1
1071343;20260915;1
509288;20260915;1
74064;20260915;1
756056;20260915;1
1642978;20260915;1
897541;20260915;1
1245469;20260915;1
271026;20260915;1
314053;20260915;1
181281;20260915;1
1555323;20260915;1
350937;20260915;1
1011922;20260915;1
623321;20260915;1
245399;20260915;1
33142;20260915;1
67233;20260915;1
1698393;20260915;1
126003;20260915;1
1545060;20260915;1
857351;20260915;1
1563793;20260915;1
448250;20260915;1
549787;20260915;1
268986;20260915;1
1449595;20260915;1
697685;20260915;1
743085;20260915;1
1169138;20260915;1
1531924;20260915;1
1440975;20260915;1
1346782;20260915;1
119028;20260915;1
747984;20260915;1
171984;20260915;1
583630;20260915;1
1558693;20260915;1
1740739;20260915;1
1204668;20260915;1
13314;20260915;1
1749043;20260915;1
455541;20260915;1
1472664;20260915;1
1435912;20260915;1
1586142;20260915;1
1629567;20260915;1
1712410;20260915;1
1737899;20260915;1
197780;20260915;1
532736;20260915;1
855817;20260915;1
576410;20260915;1
1388849;20260915;1
924120;20260915;1
864028;20260915;1
727439;20260915;1
1405598;20260915;1
72131;20260915;1
194810;20260915;1
1180117;20260915;1
125485;20260915;1
1349783;20260915;1
1401260;20260915;1
1492722;20260915;1
157673;20260915;1
1667774;20260915;1
1681953;20260915;1
1685834;20260915;1
1694481;20260915;1
1759794;20260915;1
264964;20260915;1
292032;20260915;1
301411;20260915;1
361497;20260915;1
576020;20260915;1
68228;20260915;1
734350;20260915;1
907187;20260915;1
738173;20260915;1
959419;20260915;1
893088;20260915;1
1173976;20260915;1
1071648;20260915;1
1171594;20260915;1
1263893;20260915;1
1271052;20260915;1
1290254;20260915;1
1344513;20260915;1
1534775;20260915;1
1673847;20260915;1
259374;20260915;1
292775;20260915;1
941498;20260915;1
1528240;20260915;1
1222563;20260915;1
847555;20260915;1
687843;20260915;1
858451;20260915;1
518901;20260915;1
1306076;20260915;1
481471;20260915;1
958138;20260915;1
1228593;20260915;1
1461492;20260915;1
1303753;20260915;1
1393205;20260915;1
867852;20260915;1
1166698;20260915;1
1206213;20260915;1
1504649;20260915;1
1569769;20260915;1
254517;20260915;1
984384;20260915;1
1176869;20260915;1
605983;20260915;1
677446;20260915;1
679015;20260915;1
1505894;20260915;1
1292859;20260915;1
269335;20260915;1
1557935;20260915;1
511167;20260915;1
1289083;20260915;1
190788;20260915;1
1515367;20260915;1
770461;20260915;1
859410;20260915;1
533470;20260915;1
824055;20260915;1
1410963;20260915;1
1523314;20260915;1
1010783;20260915;1
838723;20260915;1
1704983;20260915;1
1320712;20260915;1
1191224;20260915;1
1352778;20260915;1
699607;20260915;1
1387886;20260915;1
542969;20260915;1
60373;20260915;1
1680093;20260915;1
1651253;20260915;1
1061321;20260915;1
1352685;20260915;1
327922;20260915;1
692825;20260915;1
93078;20260915;1
1667488;20260915;1
763317;20260915;1
1746052;20260915;1
1129502;20260915;1
1487942;20260915;1
1199319;20260915;1
1208961;20260915;1
219089;20260915;1
1066900;20260915;1
704050;20260915;1
415757;20260915;1
633995;20260915;1
145080;20260915;1
165751;20260915;1
1711804;20260915;1
168242;20260915;1
560276;20260915;1
800116;20260915;1
1702019;20260915;1
1517224;20260915;1
533371;20260915;1
451514;20260915;1
1311113;20260915;1
1780604;20260915;1
114305;20260915;1
329955;20260915;1
339197;20260915;1
60564;20260915;1
66657;20260915;1
1759465;20260915;1
121055;20260915;1
1069960;20260915;1
1570138;20260915;1
446979;20260915;1
784830;20260915;1
578595;20260915;1
1176753;20260915;1
1193283;20260915;1
1231615;20260915;1
1300916;20260915;1
1381567;20260915;1
1578850;20260915;1
1602464;20260915;1
1646691;20260915;1
1670958;20260915;1
262782;20260915;1
563704;20260915;1
585058;20260915;1
620505;20260915;1
654619;20260915;1
705377;20260915;1
735860;20260915;1
74161;20260915;1
749439;20260915;1
870327;20260915;1
961190;20260915;1
966712;20260915;1
1597884;20260915;1
1727219;20260915;1
608534;20260915;1
342639;20260915;1
985850;20260915;1
1215634;20260915;1
22271;20260915;1
807582;20260915;1
1052716;20260915;1
1562746;20260915;1
297721;20260915;1
842601;20260915;1
1553085;20260915;1
584159;20260915;1
479323;20260915;1
273751;20260915;1
930845;20260915;1
769242;20260915;1
1356095;20260915;1
1397982;20260915;1
245943;20260915;1
1267527;20260915;1
1615306;20260915;1
1656761;20260915;1
1686164;20260915;1
1749219;20260915;1
252288;20260915;1
630371;20260915;1
823521;20260915;1
745586;20260915;1
311132;20260915;1
283106;20260915;1
1097894;20260915;1
1185123;20260915;1
1635181;20260915;1
1716268;20260915;1
1772737;20260915;1
2082;20260915;1
410626;20260915;1
487148;20260915;1
506518;20260915;1
1344185;20260915;1
730779;20260915;1
1519390;20260915;1
160966;20260915;1
547196;20260915;1
83359;20260915;1
1400084;20260915;1
470912;20260915;1
829164;20260915;1
230179;20260915;1
308010;20260915;1
1351345;20260915;1
1453379;20260915;1
1617696;20260915;1
69137;20260915;1
781906;20260915;1
1018265;20260915;1
1097737;20260915;1
1353472;20260915;1
1381373;20260915;1
140286;20260915;1
143405;20260915;1
1520828;20260915;1
1564773;20260915;1
1618274;20260915;1
1627443;20260915;1
1666932;20260915;1
1748591;20260915;1
257165;20260915;1
321927;20260915;1
429229;20260915;1
451437;20260915;1
537545;20260915;1
613030;20260915;1
918215;20260915;1
95019;20260915;1
1295680;20260915;1
1431729;20260915;1
1498452;20260915;1
213003;20260915;1
767402;20260915;1
815831;20260915;1
1479969;20260915;1
870079;20260915;1
969447;20260915;1
652108;20260915;1
408740;20260915;1
1347400;20260915;1
599322;20260915;1
1202061;20260915;1
282251;20260915;1
1001634;20260915;1
1054319;20260915;1
1002286;20260915;1
1259346;20260915;1
138418;20260915;1
390287;20260915;1
1353978;20260915;1
782343;20260915;1
997801;20260915;1
859162;20260915;1
1203363;20260915;1
696223;20260915;1
97419;20260915;1
1621936;20260915;1
378254;20260915;1
575443;20260915;1
1735584;20260915;1
1605926;20260915;1
691315;20260915;1
422473;20260915;1
1054915;20260915;1
1618197;20260915;1
1752459;20260915;1
185585;20260915;1
248247;20260915;1
688487;20260915;1
180452;20260915;1
554190;20260915;1
1747653;20260915;1
1722734;20260915;1
881435;20260915;1
661166;20260915;1
1480796;20260915;1
1238570;20260915;1
1547640;20260915;1
1693363;20260915;1
848160;20260915;1
1000714;20260915;1
979834;20260915;1
185282;20260915;1
301634;20260915;1
64624;20260916;2
43366;20260916;2
1081540;20260916;2
1133444;20260916;2
554312;20260916;2
556633;20260916;2
748336;20260916;2
1395559;20260916;2
1341613;20260916;2
1696438;20260916;2
1657548;20260916;2
436439;20260916;2
631782;20260916;2
1303678;20260916;2
218727;20260916;2
14318;20260916;2
1743918;20260916;2
1579104;20260916;2
304635;20260916;2
474650;20260916;2
972554;20260916;2
1734094;20260916;2
1964;20260916;2
1050562;20260916;2
1071948;20260916;2
1111071;20260916;2
1190897;20260916;2
1143120;20260916;2
190346;20260916;2
267269;20260916;2
461655;20260916;2
1782338;20260916;2
1500985;20260916;2
377263;20260916;2
1310181;20260916;2
1391147;20260916;2
333632;20260916;2
374998;20260916;2
1051371;20260916;2
1042951;20260916;2
111702;20260916;2
1202661;20260916;2
1260840;20260916;2
131919;20260916;2
1418368;20260916;2
1587669;20260916;2
1690693;20260916;2
1743289;20260916;2
213711;20260916;2
220938;20260916;2
246208;20260916;2
32310;20260916;2
460462;20260916;2
461773;20260916;2
493300;20260916;2
803130;20260916;2
966689;20260916;2
1018860;20260916;2
194608;20260916;2
1643776;20260916;2
1011860;20260916;2
339476;20260916;2
1669751;20260916;2
1563746;20260916;2
791087;20260916;2
219937;20260916;2
531063;20260916;2
20876;20260916;2
1195820;20260916;2
1315522;20260916;2
960788;20260916;2
580229;20260916;2
526075;20260916;2
451690;20260916;2
1494066;20260916;2
159887;20260916;2
312730;20260916;2
1016103;20260916;2
336605;20260916;2
1025814;20260916;2
129423;20260916;2
1456946;20260916;2
117503;20260916;2
273429;20260916;2
548594;20260916;2
248988;20260916;2
1160892;20260916;2
1162487;20260916;2
94621;20260916;2
575396;20260916;2
209696;20260916;2
158914;20260916;2
1015090;20260916;2
1553760;20260916;2
21033;20260916;2
1013946;20260916;2
1130680;20260916;2
126446;20260916;2
1271946;20260916;2
1713388;20260916;2
1740459;20260916;2
1757257;20260916;2
347823;20260916;2
937623;20260916;2
951947;20260916;2
1606746;20260916;2
1698007;20260916;2
279113;20260916;2
422460;20260916;2
538519;20260916;2
1316049;20260916;2
425396;20260916;2
462500;20260916;2
638977;20260916;2
691405;20260916;2
1347831;20260916;2
859276;20260916;2
424322;20260916;2
1686487;20260916;2
1213055;20260916;2
801606;20260916;2
769188;20260916;2
1139023;20260916;2
1592810;20260916;2
355277;20260916;2
420425;20260916;2
4735;20260916;2
974727;20260916;2
1000894;20260916;2
1113595;20260916;2
1123208;20260916;2
1256310;20260916;2
663026;20260916;2
1151276;20260916;2
41858;20260916;2
1395511;20260916;2
1483321;20260916;2
1057510;20260916;2
1389222;20260916;2
5900;20260916;2
991018;20260916;2
1251849;20260916;2
588141;20260916;2
258130;20260916;2
644700;20260916;2
1406730;20260916;2
1155144;20260916;2
1554959;20260916;2
972891;20260916;2
117364;20260916;2
1359590;20260916;2
833904;20260916;2
329639;20260916;2
308061;20260916;2
1401613;20260916;2
1386789;20260916;2
1525100;20260916;2
1737464;20260916;2
322066;20260916;2
595359;20260916;2
734804;20260916;2
1085064;20260916;2
1232842;20260916;2
1460810;20260916;2
1615796;20260916;2
1739778;20260916;2
1744487;20260916;2
1759164;20260916;2
24035;20260916;2
606487;20260916;2
351195;20260916;2
202037;20260916;2
1080977;20260916;2
314292;20260916;2
1306969;20260916;2
309270;20260916;2
360778;20260916;2
406923;20260916;2
629468;20260916;2
866101;20260916;2
376334;20260916;2
14062;20260916;2
20875;20260916;2
380303;20260916;2
130146;20260916;2
1338391;20260916;2
713266;20260916;2
950085;20260916;2
573852;20260916;2
622412;20260916;2
1613890;20260916;2
1383450;20260916;2
1655109;20260916;2
643187;20260916;2
72401;20260916;2
365860;20260916;2
270554;20260916;2
1604826;20260916;2
26525;20260916;2
374384;20260916;2
966106;20260916;2
399452;20260916;2
64504;20260916;2
1635403;20260916;2
1138197;20260916;2
1226485;20260916;2
1405048;20260916;2
140702;20260916;2
1713552;20260916;2
1407788;20260916;2
889235;20260916;2
1202617;20260916;2
157976;20260916;2
351481;20260916;2
955391;20260916;2
104278;20260916;2
1772416;20260916;2
224837;20260916;2
6876;20260916;2
1664493;20260916;2
1073285;20260916;2
1753262;20260916;2
1756572;20260916;2
195698;20260916;2
299015;20260916;2
51793;20260916;2
551364;20260916;2
87399;20260916;2
137040;20260916;2
1137703;20260916;2
1478878;20260916;2
336736;20260916;2
623140;20260916;2
1559702;20260916;2
1153792;20260916;2
1122440;20260916;2
976106;20260916;2
482940;20260916;2
620572;20260916;2
1631441;20260916;2
466444;20260916;2
229156;20260916;2
1557090;20260916;2
1039768;20260916;2
1106832;20260916;2
1402103;20260916;2
1530652;20260916;2
222405;20260916;2
416771;20260916;2
982427;20260916;2
448498;20260916;2
245247;20260916;2
851522;20260916;2
1430823;20260916;2
936526;20260916;2
534512;20260916;2
602493;20260916;2
1173929;20260916;2
1380193;20260916;2
1587797;20260916;2
434650;20260916;2
1442082;20260916;2
1609812;20260916;2
1574204;20260916;2
1639659;20260916;2
1023020;20260916;2
1708799;20260916;2
889074;20260916;2
40140;20260916;2
1045007;20260916;2
1519297;20260916;2
1575991;20260916;2
1647722;20260916;2
1681641;20260916;2
1733950;20260916;2
1516837;20260916;2
1213196;20260916;2
128720;20260916;2
439929;20260916;2
835782;20260916;2
971156;20260916;2
1333038;20260916;2
618651;20260916;2
1099797;20260916;2
1496876;20260916;2
1632913;20260916;2
554049;20260916;2
705447;20260916;2
755107;20260916;2
1292428;20260916;2
1397171;20260916;2
157993;20260916;2
1703024;20260916;2
32934;20260916;2
269167;20260916;2
386242;20260916;2
659740;20260916;2
1300793;20260916;2
1602501;20260916;2
915201;20260916;2
1111231;20260916;2
1625949;20260916;2
76763;20260916;2
1334897;20260916;2
1489240;20260916;2
539288;20260916;2
56451;20260916;2
1138538;20260916;2
398831;20260916;2
120297;20260916;2
1208406;20260916;2
275684;20260916;2
81564;20260916;2
1169927;20260916;2
1470802;20260916;2
211658;20260916;2
504068;20260916;2
864816;20260916;2
986217;20260916;2
1318398;20260916;2
665309;20260916;2
1398983;20260916;2
1762008;20260916;2
617448;20260916;2
1404731;20260916;2
1639690;20260916;2
40924;20260916;2
522203;20260916;2
240504;20260916;2
264816;20260916;2
1230139;20260916;2
1105949;20260916;2
1310688;20260916;2
232598;20260916;2
739859;20260916;2
261146;20260916;2
1243045;20260916;2
1291531;20260916;2
13700;20260916;2
1488002;20260916;2
1675498;20260916;2
1725160;20260916;2
1778243;20260916;2
680446;20260916;2
689166;20260916;2
13967;20260916;2
317631;20260916;2
1452739;20260916;2
50394;20260916;2
277259;20260916;2
1591725;20260916;2
399227;20260916;2
127543;20260916;2
1637;20260916;2
1447014;20260916;2
516022;20260916;2
312533;20260916;2
1751385;20260916;2
1059298;20260916;2
1470471;20260916;2
485512;20260916;2
61458;20260916;2
1687956;20260916;2
422768;20260916;2
46391;20260916;2
968658;20260916;2
297408;20260916;2
1257563;20260916;2
991149;20260916;2
1586116;20260916;2
1302626;20260916;2
1154018;20260916;2
830070;20260916;2
16791;20260916;2
1234426;20260916;2
553848;20260916;2
1151976;20260916;2
1010954;20260916;2
1276296;20260916;2
1322359;20260916;2
1726397;20260916;2
1324645;20260916;2
782018;20260916;2
869402;20260916;2
68934;20260916;2
1136518;20260916;2
1139175;20260916;2
751960;20260916;2
1428845;20260916;2
1736074;20260916;2
267388;20260916;2
143753;20260916;2
1284247;20260916;2
1450911;20260916;2
754476;20260916;2
1581467;20260916;2
262069;20260916;2
1644703;20260916;2
1146634;20260916;2
1052509;20260916;2
787142;20260916;2
593158;20260916;2
641664;20260916;2
825143;20260916;2
417203;20260916;2
1584057;20260916;2
1627216;20260916;2
235178;20260916;2
1159704;20260916;2
197727;20260916;2
852522;20260916;2
1244551;20260916;2
287009;20260916;2
1263811;20260916;2
1787176;20260916;2
527599;20260916;2
527904;20260916;2
881944;20260916;2
7123;20260916;2
1627669;20260916;2
1231468;20260916;2
692951;20260916;2
779634;20260916;2
941267;20260916;2
909239;20260916;2
753149;20260916;2
1084201;20260916;2
1486298;20260916;2
235792;20260916;2
1771697;20260916;2
1290980;20260916;2
1348406;20260916;2
1252113;20260916;2
75011;20260916;2
1305395;20260916;2
1659980;20260916;2
1417033;20260916;2
507024;20260916;2
847629;20260916;2
1027899;20260916;2
11398;20260916;2
1426594;20260916;2
1459066;20260916;2
1733774;20260916;2
301935;20260916;2
56252;20260916;2
1130684;20260916;2
189757;20260916;2
939750;20260916;2
1046137;20260916;2
614968;20260916;2
768860;20260916;2
950854;20260916;2
1446509;20260916;2
359741;20260916;2
128096;20260916;2
941874;20260916;2
182252;20260916;2
1004036;20260916;2
1359473;20260916;2
1372685;20260916;2
1410060;20260916;2
1420762;20260916;2
1535425;20260916;2
1635284;20260916;2
1660616;20260916;2
582123;20260916;2
9152;20260916;2
125008;20260916;2
228993;20260916;2
1039294;20260916;2
224165;20260916;2
691517;20260916;2
33796;20260916;2
1456840;20260916;2
1780338;20260916;2
199580;20260916;2
213152;20260916;2
1282671;20260916;2
1333757;20260916;2
603327;20260916;2
1541590;20260916;2
191369;20260916;2
1575598;20260916;2
1670417;20260916;2
1784234;20260916;2
452657;20260916;2
1027496;20260916;2
1348854;20260916;2
1438884;20260916;2
1591569;20260916;2
401743;20260916;2
663004;20260916;2
422150;20260916;2
536905;20260916;2
1663160;20260916;2
1011223;20260916;2
339295;20260916;2
1578197;20260916;2
1666163;20260916;2
1750815;20260916;2
611721;20260916;2
743742;20260916;2
844625;20260916;2
1082934;20260916;2
535127;20260916;2
1594800;20260916;2
936663;20260916;2
1076967;20260916;2
900254;20260916;2
1740294;20260916;2
1277071;20260916;2
728562;20260916;2
1237238;20260916;2
749097;20260916;2
767943;20260916;2
985309;20260916;2
1343922;20260916;2
1179386;20260916;2
163518;20260916;2
1585505;20260916;2
1303479;20260916;2
1469533;20260916;2
569633;20260916;2
812958;20260916;2
888610;20260916;2
1368974;20260916;2
126719;20260916;2
189375;20260916;2
661218;20260916;2
874968;20260916;2
146903;20260916;2
1372859;20260916;2
822845;20260916;2
1020286;20260916;2
1229933;20260916;2
150064;20260916;2
1542930;20260916;2
396016;20260916;2
478625;20260916;2
502863;20260916;2
1130044;20260916;2
199086;20260916;2
961889;20260916;2
1169361;20260916;2
863552;20260916;2
1494668;20260916;2
837259;20260916;2
401162;20260916;2
624618;20260916;2
303750;20260916;2
720341;20260916;2
175681;20260916;2
372338;20260916;2
481462;20260916;2
1037888;20260916;2
1199586;20260916;2
1638138;20260916;2
272766;20260916;2
478466;20260916;2
686686;20260916;2
1678415;20260916;2
391003;20260916;2
623633;20260916;2
632881;20260916;2
966148;20260916;2
1294969;20260916;2
1297775;20260916;2
1600983;20260916;2
380067;20260916;2
415201;20260916;2
684813;20260916;2
825416;20260916;2
1409984;20260916;2
653751;20260916;2
500697;20260916;2
1196392;20260916;2
116094;20260916;2
350701;20260916;2
363414;20260916;2
1664773;20260916;2
176018;20260916;2
270933;20260916;2
1011030;20260916;2
1367329;20260916;2
1483333;20260916;2
1101839;20260916;2
1222277;20260916;2
1257021;20260916;2
1117865;20260916;2
241802;20260916;2
878730;20260916;2
91732;20260916;2
1031693;20260916;2
1177116;20260916;2
1623417;20260916;2
1665197;20260916;2
1787880;20260916;2
268433;20260916;2
334887;20260916;2
626884;20260916;2
697479;20260916;2
698336;20260916;2
1144085;20260916;2
1191204;20260916;2
1364201;20260916;2
337230;20260916;2
1144608;20260916;2
1306899;20260916;2
1207454;20260916;2
953386;20260916;2
1636809;20260916;2
671019;20260916;2
1737463;20260916;2
205858;20260916;2
1450022;20260916;2
147882;20260916;2
1680838;20260916;2
53109;20260916;2
709414;20260916;2
1213029;20260916;2
1494963;20260916;2
1506853;20260916;2
584539;20260916;2
594012;20260916;2
710628;20260916;2
770198;20260916;2
780480;20260916;2
202226;20260916;2
1555608;20260916;2
664807;20260916;2
55044;20260916;2
43125;20260916;2
1579149;20260916;2
956770;20260916;2
1580414;20260916;2
1008042;20260916;2
1020923;20260916;2
929211;20260916;2
1417329;20260916;2
226422;20260916;2
590982;20260916;2
930677;20260916;2
1284982;20260916;2
1309799;20260916;2
1472095;20260916;2
1514917;20260916;2
1694222;20260916;2
1387745;20260916;2
381159;20260916;2
1398855;20260916;2
195109;20260916;2
806188;20260916;2
1688902;20260916;2
443852;20260916;2
147560;20260916;2
448413;20260916;2
632667;20260916;2
778044;20260916;2
714007;20260916;2
1131672;20260916;2
1247003;20260916;2
1661674;20260916;2
722911;20260916;2
806556;20260916;2
307893;20260916;2
1116972;20260916;2
1302597;20260916;2
1315631;20260916;2
1583868;20260916;2
225484;20260916;2
300545;20260916;2
1518076;20260916;2
453288;20260916;2
1219173;20260916;2
296203;20260916;2
1424484;20260916;2
1290044;20260916;2
1203297;20260916;2
1569861;20260916;2
1572895;20260916;2
1575411;20260916;2
1777779;20260916;2
325382;20260916;2
382295;20260916;2
385813;20260916;2
424944;20260916;2
484948;20260916;2
554403;20260916;2
580916;20260916;2
314941;20260916;2
934582;20260916;2
685418;20260916;2
1044004;20260916;2
1410923;20260916;2
817096;20260916;2
317581;20260916;2
1226059;20260916;2
1592244;20260916;2
1644960;20260916;2
272457;20260916;2
566366;20260916;2
1091481;20260916;2
1562196;20260916;2
1179008;20260916;2
1099046;20260916;2
1157973;20260916;2
265925;20260916;2
453423;20260916;2
913695;20260916;2
1777244;20260916;2
233025;20260916;2
565573;20260916;2
999503;20260916;2
1396304;20260916;2
538617;20260916;2
926940;20260916;2
1522433;20260916;2
654663;20260916;2
1573212;20260916;2
485782;20260916;2
584657;20260916;2
685451;20260916;2
1741271;20260916;2
162212;20260916;2
1183667;20260916;2
268530;20260916;2
791974;20260916;2
956468;20260916;2
1514138;20260916;2
98310;20260916;2
568161;20260916;2
61621;20260916;2
730561;20260916;2
191446;20260916;2
428783;20260916;2
1198976;20260916;2
1506663;20260916;2
804917;20260916;2
907287;20260916;2
1125885;20260916;2
1250096;20260916;2
1440093;20260916;2
1474834;20260916;2
1605479;20260916;2
614127;20260916;2
678491;20260916;2
740614;20260916;2
1319013;20260916;2
1785378;20260916;2
267152;20260916;2
476651;20260916;2
488943;20260916;2
1567155;20260916;2
1596740;20260916;2
638886;20260916;2
898848;20260916;2
1061931;20260916;2
1161413;20260916;2
1707381;20260916;2
1761810;20260916;2
516774;20260916;2
716782;20260916;2
902727;20260916;2
947577;20260916;2
1733028;20260916;2
1490416;20260916;2
1605216;20260916;2
348318;20260916;2
846711;20260916;2
686992;20260916;2
38439;20260916;2
1185920;20260916;2
1218302;20260916;2
1513240;20260916;2
544676;20260916;2
1440870;20260916;2
285159;20260916;2
615260;20260916;2
402600;20260916;2
563112;20260916;2
509288;20260916;2
74064;20260916;2
756056;20260916;2
1642978;20260916;2
897541;20260916;2
1245469;20260916;2
271026;20260916;2
314053;20260916;2
181281;20260916;2
1555323;20260916;2
1003463;20260916;2
350937;20260916;2
1011922;20260916;2
623321;20260916;2
647661;20260916;2
245399;20260916;2
33142;20260916;2
67233;20260916;2
1698393;20260916;2
126003;20260916;2
1619557;20260916;2
1545060;20260916;2
857351;20260916;2
1563793;20260916;2
448250;20260916;2
549787;20260916;2
268986;20260916;2
1449595;20260916;2
697685;20260916;2
743085;20260916;2
1169138;20260916;2
444515;20260916;2
1440975;20260916;2
171984;20260916;2
583630;20260916;2
1558693;20260916;2
1740739;20260916;2
1204668;20260916;2
13314;20260916;2
1749043;20260916;2
455541;20260916;2
1472664;20260916;2
1435912;20260916;2
1586142;20260916;2
1629567;20260916;2
1712410;20260916;2
1737899;20260916;2
197780;20260916;2
532736;20260916;2
855817;20260916;2
822536;20260916;2
1388849;20260916;2
924120;20260916;2
864028;20260916;2
727439;20260916;2
1405598;20260916;2
72131;20260916;2
194810;20260916;2
975125;20260916;2
1131542;20260916;2
1180117;20260916;2
125485;20260916;2
1349783;20260916;2
1401260;20260916;2
1492722;20260916;2
157673;20260916;2
1667774;20260916;2
1681953;20260916;2
1685834;20260916;2
1694481;20260916;2
1759794;20260916;2
264964;20260916;2
292032;20260916;2
301411;20260916;2
361497;20260916;2
576020;20260916;2
68228;20260916;2
734350;20260916;2
907187;20260916;2
738173;20260916;2
959419;20260916;2
893088;20260916;2
1173976;20260916;2
1071648;20260916;2
1171594;20260916;2
1263893;20260916;2
1271052;20260916;2
1290254;20260916;2
1344513;20260916;2
1534775;20260916;2
1673847;20260916;2
259374;20260916;2
292775;20260916;2
941498;20260916;2
1528240;20260916;2
1222563;20260916;2
847555;20260916;2
687843;20260916;2
858451;20260916;2
518901;20260916;2
1306076;20260916;2
481471;20260916;2
958138;20260916;2
1228593;20260916;2
1461492;20260916;2
1166698;20260916;2
1206213;20260916;2
1504649;20260916;2
1569769;20260916;2
1456918;20260916;2
254517;20260916;2
984384;20260916;2
1176869;20260916;2
605983;20260916;2
677446;20260916;2
679015;20260916;2
1505894;20260916;2
1292859;20260916;2
269335;20260916;2
1557935;20260916;2
511167;20260916;2
1289083;20260916;2
190788;20260916;2
1515367;20260916;2
770461;20260916;2
859410;20260916;2
533470;20260916;2
824055;20260916;2
1410963;20260916;2
1523314;20260916;2
1010783;20260916;2
838723;20260916;2
1704983;20260916;2
1320712;20260916;2
1191224;20260916;2
1352778;20260916;2
699607;20260916;2
1075661;20260916;2
1545522;20260916;2
366779;20260916;2
685863;20260916;2
717481;20260916;2
345102;20260916;2
1680093;20260916;2
1352685;20260916;2
503919;20260916;2
327922;20260916;2
692825;20260916;2
93078;20260916;2
1436252;20260916;2
730791;20260916;2
1129502;20260916;2
556604;20260916;2
217921;20260916;2
503958;20260916;2
1312707;20260916;2
445800;20260916;2
1066900;20260916;2
633995;20260916;2
145080;20260916;2
165751;20260916;2
1711804;20260916;2
168242;20260916;2
560276;20260916;2
800116;20260916;2
1702019;20260916;2
1517224;20260916;2
533371;20260916;2
451514;20260916;2
1311113;20260916;2
1780604;20260916;2
114305;20260916;2
329955;20260916;2
339197;20260916;2
60564;20260916;2
66657;20260916;2
1759465;20260916;2
121055;20260916;2
1069960;20260916;2
1570138;20260916;2
446979;20260916;2
784830;20260916;2
1052320;20260916;2
231159;20260916;2
578595;20260916;2
1176753;20260916;2
1193283;20260916;2
1231615;20260916;2
1300916;20260916;2
1381567;20260916;2
1578850;20260916;2
1602464;20260916;2
1646691;20260916;2
1670958;20260916;2
262782;20260916;2
563704;20260916;2
585058;20260916;2
620505;20260916;2
654619;20260916;2
705377;20260916;2
735860;20260916;2
74161;20260916;2
749439;20260916;2
870327;20260916;2
961190;20260916;2
966712;20260916;2
1597884;20260916;2
1727219;20260916;2
608534;20260916;2
342639;20260916;2
985850;20260916;2
1215634;20260916;2
22271;20260916;2
807582;20260916;2
1052716;20260916;2
1553085;20260916;2
584159;20260916;2
1623962;20260916;2
479323;20260916;2
273751;20260916;2
930845;20260916;2
769242;20260916;2
1356095;20260916;2
1397982;20260916;2
245943;20260916;2
1267527;20260916;2
1615306;20260916;2
1656761;20260916;2
1686164;20260916;2
1749219;20260916;2
252288;20260916;2
630371;20260916;2
823521;20260916;2
745586;20260916;2
311132;20260916;2
283106;20260916;2
1097894;20260916;2
1185123;20260916;2
1635181;20260916;2
1716268;20260916;2
1772737;20260916;2
2082;20260916;2
410626;20260916;2
487148;20260916;2
506518;20260916;2
1344185;20260916;2
730779;20260916;2
1519390;20260916;2
160966;20260916;2
547196;20260916;2
83359;20260916;2
1400084;20260916;2
470912;20260916;2
829164;20260916;2
230179;20260916;2
308010;20260916;2
1351345;20260916;2
1453379;20260916;2
1617696;20260916;2
69137;20260916;2
781906;20260916;2
1018265;20260916;2
1097737;20260916;2
1353472;20260916;2
1381373;20260916;2
140286;20260916;2
143405;20260916;2
1520828;20260916;2
1564773;20260916;2
1618274;20260916;2
1627443;20260916;2
1666932;20260916;2
1748591;20260916;2
257165;20260916;2
321927;20260916;2
429229;20260916;2
451437;20260916;2
537545;20260916;2
613030;20260916;2
918215;20260916;2
95019;20260916;2
1295680;20260916;2
1431729;20260916;2
1498452;20260916;2
213003;20260916;2
767402;20260916;2
815831;20260916;2
1479969;20260916;2
870079;20260916;2
969447;20260916;2
652108;20260916;2
408740;20260916;2
1347400;20260916;2
599322;20260916;2
1202061;20260916;2
282251;20260916;2
1001634;20260916;2
1054319;20260916;2
1002286;20260916;2
1259346;20260916;2
138418;20260916;2
390287;20260916;2
1353978;20260916;2
782343;20260916;2
997801;20260916;2
859162;20260916;2
1203363;20260916;2
696223;20260916;2
97419;20260916;2
1621936;20260916;2
378254;20260916;2
575443;20260916;2
1735584;20260916;2
1605926;20260916;2
691315;20260916;2
1135489;20260916;2
1339482;20260916;2
1340398;20260916;2
763423;20260916;2
1618197;20260916;2
185585;20260916;2
688487;20260916;2
180452;20260916;2
554190;20260916;2
1489555;20260916;2
1747653;20260916;2
1722734;20260916;2
881435;20260916;2
661166;20260916;2
1480796;20260916;2
1238570;20260916;2
1547640;20260916;2
1693363;20260916;2
848160;20260916;2
1000714;20260916;2
979834;20260916;2
185282;20260916;2
64624;20260917;3
43366;20260917;3
1081540;20260917;3
1395559;20260917;3
1341613;20260917;3
1696438;20260917;3
1657548;20260917;3
436439;20260917;3
1267089;20260917;3
638596;20260917;3
1305253;20260917;3
1475450;20260917;3
631782;20260917;3
1303678;20260917;3
218727;20260917;3
14318;20260917;3
1743918;20260917;3
1579104;20260917;3
304635;20260917;3
474650;20260917;3
972554;20260917;3
1734094;20260917;3
273343;20260917;3
881530;20260917;3
1050562;20260917;3
1071948;20260917;3
1111071;20260917;3
1143120;20260917;3
190346;20260917;3
267269;20260917;3
461655;20260917;3
1782338;20260917;3
1500985;20260917;3
377263;20260917;3
1310181;20260917;3
1391147;20260917;3
333632;20260917;3
374998;20260917;3
1051371;20260917;3
1042951;20260917;3
111702;20260917;3
1202661;20260917;3
1260840;20260917;3
131919;20260917;3
1418368;20260917;3
1587669;20260917;3
1690693;20260917;3
1743289;20260917;3
213711;20260917;3
220938;20260917;3
246208;20260917;3
32310;20260917;3
460462;20260917;3
461773;20260917;3
493300;20260917;3
803130;20260917;3
966689;20260917;3
1018860;20260917;3
194608;20260917;3
1643776;20260917;3
1011860;20260917;3
339476;20260917;3
1669751;20260917;3
1563746;20260917;3
791087;20260917;3
219937;20260917;3
531063;20260917;3
20876;20260917;3
1195820;20260917;3
301712;20260917;3
451690;20260917;3
1494066;20260917;3
159887;20260917;3
312730;20260917;3
592084;20260917;3
1016103;20260917;3
336605;20260917;3
1213306;20260917;3
1448428;20260917;3
18992;20260917;3
667900;20260917;3
886635;20260917;3
1525293;20260917;3
117503;20260917;3
398521;20260917;3
548594;20260917;3
1160892;20260917;3
1162487;20260917;3
94621;20260917;3
575396;20260917;3
209696;20260917;3
158914;20260917;3
1015090;20260917;3
1553760;20260917;3
1013946;20260917;3
1130680;20260917;3
126446;20260917;3
1271946;20260917;3
1713388;20260917;3
1740459;20260917;3
1757257;20260917;3
347823;20260917;3
937623;20260917;3
951947;20260917;3
1606746;20260917;3
1698007;20260917;3
279113;20260917;3
422460;20260917;3
538519;20260917;3
1316049;20260917;3
425396;20260917;3
462500;20260917;3
638977;20260917;3
691405;20260917;3
1347831;20260917;3
859276;20260917;3
984772;20260917;3
424322;20260917;3
1686487;20260917;3
1213055;20260917;3
801606;20260917;3
769188;20260917;3
1139023;20260917;3
1592810;20260917;3
355277;20260917;3
420425;20260917;3
4735;20260917;3
974727;20260917;3
1000894;20260917;3
1113595;20260917;3
1123208;20260917;3
1256310;20260917;3
663026;20260917;3
1151276;20260917;3
41858;20260917;3
1395511;20260917;3
1483321;20260917;3
1057510;20260917;3
1389222;20260917;3
5900;20260917;3
991018;20260917;3
1251849;20260917;3
588141;20260917;3
258130;20260917;3
644700;20260917;3
1406730;20260917;3
1155144;20260917;3
1554959;20260917;3
972891;20260917;3
117364;20260917;3
1359590;20260917;3
833904;20260917;3
329639;20260917;3
308061;20260917;3
1401613;20260917;3
1386789;20260917;3
1525100;20260917;3
1737464;20260917;3
322066;20260917;3
595359;20260917;3
734804;20260917;3
1085064;20260917;3
1232842;20260917;3
1460810;20260917;3
1615796;20260917;3
1739778;20260917;3
1744487;20260917;3
1759164;20260917;3
24035;20260917;3
606487;20260917;3
351195;20260917;3
286949;20260917;3
55084;20260917;3
729168;20260917;3
449790;20260917;3
1306969;20260917;3
309270;20260917;3
360778;20260917;3
406923;20260917;3
629468;20260917;3
866101;20260917;3
14062;20260917;3
20875;20260917;3
1369850;20260917;3
514784;20260917;3
1616303;20260917;3
345959;20260917;3
1338391;20260917;3
573852;20260917;3
622412;20260917;3
1613890;20260917;3
1383450;20260917;3
1655109;20260917;3
643187;20260917;3
72401;20260917;3
365860;20260917;3
270554;20260917;3
1604826;20260917;3
26525;20260917;3
374384;20260917;3
966106;20260917;3
399452;20260917;3
64504;20260917;3
1635403;20260917;3
1138197;20260917;3
1226485;20260917;3
1405048;20260917;3
140702;20260917;3
1713552;20260917;3
1407788;20260917;3
889235;20260917;3
1202617;20260917;3
157976;20260917;3
351481;20260917;3
955391;20260917;3
104278;20260917;3
1772416;20260917;3
224837;20260917;3
6876;20260917;3
1664493;20260917;3
1073285;20260917;3
1753262;20260917;3
1756572;20260917;3
195698;20260917;3
299015;20260917;3
51793;20260917;3
551364;20260917;3
87399;20260917;3
1137703;20260917;3
1478878;20260917;3
336736;20260917;3
623140;20260917;3
1559702;20260917;3
1153792;20260917;3
1122440;20260917;3
976106;20260917;3
1658739;20260917;3
482940;20260917;3
620572;20260917;3
1631441;20260917;3
466444;20260917;3
229156;20260917;3
1557090;20260917;3
1039768;20260917;3
1106832;20260917;3
1402103;20260917;3
1530652;20260917;3
222405;20260917;3
416771;20260917;3
982427;20260917;3
448498;20260917;3
245247;20260917;3
851522;20260917;3
1430823;20260917;3
936526;20260917;3
534512;20260917;3
602493;20260917;3
1342995;20260917;3
1587797;20260917;3
434650;20260917;3
1442082;20260917;3
1609812;20260917;3
1574204;20260917;3
1639659;20260917;3
865296;20260917;3
1023020;20260917;3
1708799;20260917;3
889074;20260917;3
40140;20260917;3
1045007;20260917;3
1519297;20260917;3
1575991;20260917;3
1647722;20260917;3
1681641;20260917;3
1733950;20260917;3
1516837;20260917;3
1213196;20260917;3
128720;20260917;3
439929;20260917;3
835782;20260917;3
971156;20260917;3
1333038;20260917;3
618651;20260917;3
1099797;20260917;3
1496876;20260917;3
1632913;20260917;3
554049;20260917;3
705447;20260917;3
755107;20260917;3
1292428;20260917;3
1397171;20260917;3
1154816;20260917;3
157993;20260917;3
198771;20260917;3
269167;20260917;3
386242;20260917;3
659740;20260917;3
1300793;20260917;3
1602501;20260917;3
915201;20260917;3
1111231;20260917;3
1625949;20260917;3
76763;20260917;3
1334897;20260917;3
1489240;20260917;3
539288;20260917;3
56451;20260917;3
120297;20260917;3
1208406;20260917;3
275684;20260917;3
81564;20260917;3
1169927;20260917;3
1470802;20260917;3
211658;20260917;3
504068;20260917;3
864816;20260917;3
986217;20260917;3
1318398;20260917;3
665309;20260917;3
1398983;20260917;3
1762008;20260917;3
603846;20260917;3
451873;20260917;3
795053;20260917;3
617448;20260917;3
1404731;20260917;3
1639690;20260917;3
40924;20260917;3
240504;20260917;3
264816;20260917;3
1230139;20260917;3
1105949;20260917;3
1310688;20260917;3
232598;20260917;3
261146;20260917;3
1243045;20260917;3
1291531;20260917;3
13700;20260917;3
1488002;20260917;3
1675498;20260917;3
1725160;20260917;3
1778243;20260917;3
680446;20260917;3
689166;20260917;3
794176;20260917;3
1452739;20260917;3
50394;20260917;3
418683;20260917;3
277259;20260917;3
1591725;20260917;3
399227;20260917;3
416110;20260917;3
127543;20260917;3
1637;20260917;3
1447014;20260917;3
516022;20260917;3
312533;20260917;3
539276;20260917;3
137381;20260917;3
1687956;20260917;3
422768;20260917;3
46391;20260917;3
968658;20260917;3
1257563;20260917;3
1606310;20260917;3
991149;20260917;3
1586116;20260917;3
123743;20260917;3
135736;20260917;3
560081;20260917;3
697029;20260917;3
888495;20260917;3
1302626;20260917;3
1154018;20260917;3
830070;20260917;3
1234426;20260917;3
553848;20260917;3
1151976;20260917;3
1010954;20260917;3
1276296;20260917;3
1322359;20260917;3
1726397;20260917;3
1324645;20260917;3
782018;20260917;3
869402;20260917;3
1136518;20260917;3
1139175;20260917;3
751960;20260917;3
603299;20260917;3
1428845;20260917;3
1736074;20260917;3
143753;20260917;3
1284247;20260917;3
1450911;20260917;3
754476;20260917;3
991227;20260917;3
1581467;20260917;3
262069;20260917;3
1644703;20260917;3
1146634;20260917;3
1052509;20260917;3
787142;20260917;3
593158;20260917;3
641664;20260917;3
825143;20260917;3
417203;20260917;3
1584057;20260917;3
1627216;20260917;3
235178;20260917;3
1159704;20260917;3
197727;20260917;3
852522;20260917;3
1244551;20260917;3
287009;20260917;3
1263811;20260917;3
1787176;20260917;3
527599;20260917;3
527904;20260917;3
881944;20260917;3
7123;20260917;3
1627669;20260917;3
1231468;20260917;3
692951;20260917;3
779634;20260917;3
941267;20260917;3
909239;20260917;3
753149;20260917;3
1084201;20260917;3
1486298;20260917;3
235792;20260917;3
1771697;20260917;3
1290980;20260917;3
1348406;20260917;3
1252113;20260917;3
75011;20260917;3
1305395;20260917;3
1659980;20260917;3
507024;20260917;3
847629;20260917;3
1027899;20260917;3
11398;20260917;3
1426594;20260917;3
1459066;20260917;3
1733774;20260917;3
301935;20260917;3
56252;20260917;3
248822;20260917;3
1130684;20260917;3
189757;20260917;3
939750;20260917;3
1046137;20260917;3
614968;20260917;3
768860;20260917;3
950854;20260917;3
1446509;20260917;3
359741;20260917;3
128096;20260917;3
1004036;20260917;3
1359473;20260917;3
1372685;20260917;3
1410060;20260917;3
1420762;20260917;3
1535425;20260917;3
1635284;20260917;3
1660616;20260917;3
582123;20260917;3
9152;20260917;3
975767;20260917;3
125008;20260917;3
228993;20260917;3
593685;20260917;3
1039294;20260917;3
224165;20260917;3
691517;20260917;3
33796;20260917;3
1582554;20260917;3
1456840;20260917;3
1780338;20260917;3
199580;20260917;3
213152;20260917;3
1282671;20260917;3
1333757;20260917;3
1541590;20260917;3
191369;20260917;3
1575598;20260917;3
1670417;20260917;3
1784234;20260917;3
452657;20260917;3
1027496;20260917;3
1348854;20260917;3
1438884;20260917;3
1591569;20260917;3
401743;20260917;3
663004;20260917;3
422150;20260917;3
536905;20260917;3
1663160;20260917;3
1011223;20260917;3
339295;20260917;3
1578197;20260917;3
1666163;20260917;3
1750815;20260917;3
611721;20260917;3
743742;20260917;3
844625;20260917;3
1082934;20260917;3
1594800;20260917;3
936663;20260917;3
1740294;20260917;3
1277071;20260917;3
728562;20260917;3
1237238;20260917;3
749097;20260917;3
508002;20260917;3
767943;20260917;3
985309;20260917;3
935417;20260917;3
1343922;20260917;3
1179386;20260917;3
163518;20260917;3
211492;20260917;3
383304;20260917;3
1585505;20260917;3
1303479;20260917;3
1469533;20260917;3
569633;20260917;3
812958;20260917;3
888610;20260917;3
1368974;20260917;3
189375;20260917;3
661218;20260917;3
874968;20260917;3
146903;20260917;3
1372859;20260917;3
1020286;20260917;3
1229933;20260917;3
150064;20260917;3
1542930;20260917;3
396016;20260917;3
478625;20260917;3
502863;20260917;3
1130044;20260917;3
199086;20260917;3
961889;20260917;3
1169361;20260917;3
863552;20260917;3
1494668;20260917;3
1044413;20260917;3
837259;20260917;3
401162;20260917;3
624618;20260917;3
303750;20260917;3
720341;20260917;3
175681;20260917;3
372338;20260917;3
481462;20260917;3
1037888;20260917;3
1199586;20260917;3
1638138;20260917;3
272766;20260917;3
478466;20260917;3
686686;20260917;3
1678415;20260917;3
391003;20260917;3
623633;20260917;3
632881;20260917;3
966148;20260917;3
1294969;20260917;3
1297775;20260917;3
1600983;20260917;3
380067;20260917;3
415201;20260917;3
684813;20260917;3
825416;20260917;3
1409984;20260917;3
1043301;20260917;3
411063;20260917;3
350701;20260917;3
1383718;20260917;3
44944;20260917;3
363414;20260917;3
1172103;20260917;3
1367199;20260917;3
1501415;20260917;3
1638084;20260917;3
628494;20260917;3
1011030;20260917;3
86061;20260917;3
1222277;20260917;3
1257021;20260917;3
1117865;20260917;3
241802;20260917;3
878730;20260917;3
91732;20260917;3
1031693;20260917;3
1177116;20260917;3
1623417;20260917;3
1665197;20260917;3
1787880;20260917;3
268433;20260917;3
334887;20260917;3
626884;20260917;3
697479;20260917;3
698336;20260917;3
1144085;20260917;3
1179882;20260917;3
1364201;20260917;3
337230;20260917;3
1144608;20260917;3
1306899;20260917;3
1207454;20260917;3
730877;20260917;3
953386;20260917;3
1636809;20260917;3
671019;20260917;3
1737463;20260917;3
282302;20260917;3
205858;20260917;3
1450022;20260917;3
147882;20260917;3
1680838;20260917;3
1213029;20260917;3
1494963;20260917;3
1506853;20260917;3
584539;20260917;3
594012;20260917;3
710628;20260917;3
770198;20260917;3
780480;20260917;3
202226;20260917;3
1555608;20260917;3
664807;20260917;3
43125;20260917;3
1579149;20260917;3
956770;20260917;3
1008042;20260917;3
1020923;20260917;3
1417329;20260917;3
226422;20260917;3
590982;20260917;3
1692390;20260917;3
930677;20260917;3
1207120;20260917;3
1284982;20260917;3
1309799;20260917;3
1472095;20260917;3
1514917;20260917;3
1694222;20260917;3
1387745;20260917;3
381159;20260917;3
1398855;20260917;3
195109;20260917;3
806188;20260917;3
1688902;20260917;3
443852;20260917;3
147560;20260917;3
448413;20260917;3
632667;20260917;3
778044;20260917;3
714007;20260917;3
1131672;20260917;3
1247003;20260917;3
1661674;20260917;3
722911;20260917;3
806556;20260917;3
307893;20260917;3
1116972;20260917;3
1302597;20260917;3
1315631;20260917;3
1583868;20260917;3
225484;20260917;3
300545;20260917;3
847289;20260917;3
1637081;20260917;3
1213625;20260917;3
296203;20260917;3
1615808;20260917;3
1290044;20260917;3
1203297;20260917;3
1569861;20260917;3
1572895;20260917;3
1575411;20260917;3
1777779;20260917;3
325382;20260917;3
382295;20260917;3
385813;20260917;3
424944;20260917;3
484948;20260917;3
554403;20260917;3
580916;20260917;3
314941;20260917;3
934582;20260917;3
685418;20260917;3
1044004;20260917;3
1410923;20260917;3
817096;20260917;3
317581;20260917;3
1226059;20260917;3
1592244;20260917;3
1644960;20260917;3
272457;20260917;3
566366;20260917;3
1091481;20260917;3
1562196;20260917;3
1179008;20260917;3
667499;20260917;3
1099046;20260917;3
1667326;20260917;3
265925;20260917;3
453423;20260917;3
1411834;20260917;3
913695;20260917;3
1777244;20260917;3
999503;20260917;3
538617;20260917;3
60081;20260917;3
926940;20260917;3
1522433;20260917;3
654663;20260917;3
1573212;20260917;3
485782;20260917;3
584657;20260917;3
685451;20260917;3
1741271;20260917;3
162212;20260917;3
1183667;20260917;3
268530;20260917;3
791974;20260917;3
956468;20260917;3
1514138;20260917;3
98310;20260917;3
568161;20260917;3
61621;20260917;3
730561;20260917;3
191446;20260917;3
428783;20260917;3
1198976;20260917;3
1506663;20260917;3
804917;20260917;3
907287;20260917;3
1125885;20260917;3
1250096;20260917;3
1440093;20260917;3
1474834;20260917;3
1605479;20260917;3
614127;20260917;3
678491;20260917;3
740614;20260917;3
1319013;20260917;3
1785378;20260917;3
267152;20260917;3
476651;20260917;3
488943;20260917;3
1567155;20260917;3
1596740;20260917;3
638886;20260917;3
898848;20260917;3
1061931;20260917;3
1161413;20260917;3
1707381;20260917;3
1097458;20260917;3
1761810;20260917;3
516774;20260917;3
716782;20260917;3
902727;20260917;3
947577;20260917;3
1733028;20260917;3
1473410;20260917;3
1490416;20260917;3
1605216;20260917;3
348318;20260917;3
686992;20260917;3
1185920;20260917;3
1218302;20260917;3
1513240;20260917;3
544676;20260917;3
1440870;20260917;3
285159;20260917;3
615260;20260917;3
1407058;20260917;3
156033;20260917;3
872785;20260917;3
563112;20260917;3
509288;20260917;3
74064;20260917;3
756056;20260917;3
1642978;20260917;3
897541;20260917;3
1245469;20260917;3
1239600;20260917;3
271026;20260917;3
181281;20260917;3
1555323;20260917;3
350937;20260917;3
1011922;20260917;3
623321;20260917;3
245399;20260917;3
33142;20260917;3
67233;20260917;3
314147;20260917;3
126003;20260917;3
1545060;20260917;3
857351;20260917;3
1563793;20260917;3
448250;20260917;3
549787;20260917;3
268986;20260917;3
1449595;20260917;3
697685;20260917;3
743085;20260917;3
51061;20260917;3
1169138;20260917;3
1531924;20260917;3
1440975;20260917;3
1346782;20260917;3
747984;20260917;3
171984;20260917;3
583630;20260917;3
1558693;20260917;3
1740739;20260917;3
1204668;20260917;3
13314;20260917;3
1749043;20260917;3
455541;20260917;3
1472664;20260917;3
1435912;20260917;3
1586142;20260917;3
1629567;20260917;3
1712410;20260917;3
1737899;20260917;3
197780;20260917;3
532736;20260917;3
855817;20260917;3
576410;20260917;3
1388849;20260917;3
924120;20260917;3
864028;20260917;3
727439;20260917;3
1405598;20260917;3
72131;20260917;3
194810;20260917;3
975125;20260917;3
1131542;20260917;3
1384569;20260917;3
1180117;20260917;3
125485;20260917;3
1349783;20260917;3
1401260;20260917;3
1492722;20260917;3
157673;20260917;3
1667774;20260917;3
1681953;20260917;3
1685834;20260917;3
1694481;20260917;3
1759794;20260917;3
264964;20260917;3
292032;20260917;3
301411;20260917;3
361497;20260917;3
576020;20260917;3
68228;20260917;3
734350;20260917;3
907187;20260917;3
738173;20260917;3
1132637;20260917;3
893088;20260917;3
1173976;20260917;3
1150039;20260917;3
1520093;20260917;3
1071648;20260917;3
1171594;20260917;3
1263893;20260917;3
1271052;20260917;3
1290254;20260917;3
1344513;20260917;3
1534775;20260917;3
1673847;20260917;3
259374;20260917;3
292775;20260917;3
941498;20260917;3
1528240;20260917;3
1222563;20260917;3
847555;20260917;3
687843;20260917;3
858451;20260917;3
1306076;20260917;3
481471;20260917;3
1444391;20260917;3
556571;20260917;3
1228593;20260917;3
1461492;20260917;3
1166698;20260917;3
1206213;20260917;3
1504649;20260917;3
1569769;20260917;3
1456918;20260917;3
254517;20260917;3
984384;20260917;3
1176869;20260917;3
605983;20260917;3
677446;20260917;3
679015;20260917;3
1505894;20260917;3
1292859;20260917;3
269335;20260917;3
1557935;20260917;3
511167;20260917;3
1289083;20260917;3
190788;20260917;3
1515367;20260917;3
770461;20260917;3
859410;20260917;3
533470;20260917;3
824055;20260917;3
1410963;20260917;3
1523314;20260917;3
1010783;20260917;3
838723;20260917;3
1704983;20260917;3
1320712;20260917;3
1191224;20260917;3
1072086;20260917;3
769309;20260917;3
868771;20260917;3
60373;20260917;3
1680093;20260917;3
1061321;20260917;3
102316;20260917;3
1038096;20260917;3
1572508;20260917;3
1634623;20260917;3
64329;20260917;3
1352685;20260917;3
327922;20260917;3
692825;20260917;3
93078;20260917;3
1436252;20260917;3
730791;20260917;3
556604;20260917;3
1244188;20260917;3
203533;20260917;3
1208961;20260917;3
219089;20260917;3
288525;20260917;3
1066900;20260917;3
145080;20260917;3
165751;20260917;3
1711804;20260917;3
168242;20260917;3
560276;20260917;3
800116;20260917;3
1702019;20260917;3
1517224;20260917;3
533371;20260917;3
451514;20260917;3
1311113;20260917;3
1780604;20260917;3
114305;20260917;3
329955;20260917;3
339197;20260917;3
60564;20260917;3
66657;20260917;3
1759465;20260917;3
121055;20260917;3
1069960;20260917;3
1570138;20260917;3
446979;20260917;3
784830;20260917;3
1117551;20260917;3
1176753;20260917;3
1193283;20260917;3
1231615;20260917;3
1300916;20260917;3
1381567;20260917;3
1578850;20260917;3
1602464;20260917;3
1646691;20260917;3
1670958;20260917;3
262782;20260917;3
563704;20260917;3
585058;20260917;3
620505;20260917;3
654619;20260917;3
705377;20260917;3
735860;20260917;3
74161;20260917;3
749439;20260917;3
870327;20260917;3
961190;20260917;3
966712;20260917;3
1597884;20260917;3
1727219;20260917;3
1517235;20260917;3
608534;20260917;3
271165;20260917;3
342639;20260917;3
985850;20260917;3
1215634;20260917;3
22271;20260917;3
1052716;20260917;3
889850;20260917;3
1553085;20260917;3
584159;20260917;3
1623962;20260917;3
273751;20260917;3
930845;20260917;3
769242;20260917;3
1356095;20260917;3
1397982;20260917;3
245943;20260917;3
1267527;20260917;3
1615306;20260917;3
1656761;20260917;3
1686164;20260917;3
1749219;20260917;3
252288;20260917;3
630371;20260917;3
823521;20260917;3
569893;20260917;3
745586;20260917;3
311132;20260917;3
283106;20260917;3
1097894;20260917;3
1185123;20260917;3
1635181;20260917;3
1716268;20260917;3
1772737;20260917;3
2082;20260917;3
410626;20260917;3
487148;20260917;3
506518;20260917;3
1344185;20260917;3
730779;20260917;3
1519390;20260917;3
160966;20260917;3
547196;20260917;3
83359;20260917;3
1400084;20260917;3
470912;20260917;3
829164;20260917;3
230179;20260917;3
308010;20260917;3
1351345;20260917;3
1453379;20260917;3
1617696;20260917;3
69137;20260917;3
781906;20260917;3
1018265;20260917;3
1097737;20260917;3
1353472;20260917;3
1381373;20260917;3
140286;20260917;3
143405;20260917;3
1520828;20260917;3
1564773;20260917;3
1618274;20260917;3
1627443;20260917;3
1666932;20260917;3
1748591;20260917;3
257165;20260917;3
321927;20260917;3
429229;20260917;3
451437;20260917;3
537545;20260917;3
613030;20260917;3
918215;20260917;3
95019;20260917;3
1295680;20260917;3
1431729;20260917;3
1498452;20260917;3
213003;20260917;3
767402;20260917;3
815831;20260917;3
1479969;20260917;3
870079;20260917;3
969447;20260917;3
652108;20260917;3
1347400;20260917;3
1488717;20260917;3
1202061;20260917;3
1001634;20260917;3
1054319;20260917;3
1002286;20260917;3
1259346;20260917;3
138418;20260917;3
647126;20260917;3
390287;20260917;3
1353978;20260917;3
782343;20260917;3
997801;20260917;3
859162;20260917;3
1203363;20260917;3
696223;20260917;3
97419;20260917;3
1621936;20260917;3
74547;20260917;3
378254;20260917;3
575443;20260917;3
1735584;20260917;3
1605926;20260917;3
691315;20260917;3
838728;20260917;3
945192;20260917;3
1054915;20260917;3
1618197;20260917;3
883258;20260917;3
248247;20260917;3
114989;20260917;3
180452;20260917;3
554190;20260917;3
498094;20260917;3
1722734;20260917;3
881435;20260917;3
661166;20260917;3
1480796;20260917;3
1012017;20260917;3
119697;20260917;3
1456881;20260917;3
584486;20260917;3
1399410;20260917;3
1786950;20260917;3
1000714;20260917;3
122006;20260917;3
64624;20260918;4
43366;20260918;4
1081540;20260918;4
1395559;20260918;4
1341613;20260918;4
1657548;20260918;4
436439;20260918;4
1267089;20260918;4
638596;20260918;4
1305253;20260918;4
1475450;20260918;4
631782;20260918;4
1303678;20260918;4
218727;20260918;4
14318;20260918;4
1427120;20260918;4
1579104;20260918;4
304635;20260918;4
474650;20260918;4
972554;20260918;4
1964;20260918;4
1443156;20260918;4
281562;20260918;4
1050562;20260918;4
962342;20260918;4
1071948;20260918;4
1111071;20260918;4
1143120;20260918;4
190346;20260918;4
267269;20260918;4
1782338;20260918;4
1500985;20260918;4
955503;20260918;4
377263;20260918;4
1310181;20260918;4
1391147;20260918;4
333632;20260918;4
1042951;20260918;4
111702;20260918;4
1202661;20260918;4
1260840;20260918;4
131919;20260918;4
1418368;20260918;4
1587669;20260918;4
1690693;20260918;4
1743289;20260918;4
213711;20260918;4
220938;20260918;4
246208;20260918;4
32310;20260918;4
460462;20260918;4
461773;20260918;4
493300;20260918;4
803130;20260918;4
966689;20260918;4
1018860;20260918;4
194608;20260918;4
1312520;20260918;4
1643776;20260918;4
1011860;20260918;4
473759;20260918;4
339476;20260918;4
1669751;20260918;4
1563746;20260918;4
791087;20260918;4
219937;20260918;4
531063;20260918;4
20876;20260918;4
1195820;20260918;4
301712;20260918;4
451690;20260918;4
1494066;20260918;4
159887;20260918;4
312730;20260918;4
1213306;20260918;4
1448428;20260918;4
18992;20260918;4
667900;20260918;4
886635;20260918;4
1525293;20260918;4
1517620;20260918;4
736894;20260918;4
680480;20260918;4
398521;20260918;4
548594;20260918;4
409344;20260918;4
1160892;20260918;4
1162487;20260918;4
94621;20260918;4
575396;20260918;4
158914;20260918;4
1015090;20260918;4
1553760;20260918;4
627629;20260918;4
859370;20260918;4
818346;20260918;4
1606746;20260918;4
1698007;20260918;4
279113;20260918;4
422460;20260918;4
1316049;20260918;4
425396;20260918;4
462500;20260918;4
1407811;20260918;4
798469;20260918;4
1398820;20260918;4
647611;20260918;4
50405;20260918;4
859276;20260918;4
1513316;20260918;4
26744;20260918;4
400734;20260918;4
424322;20260918;4
1686487;20260918;4
1213055;20260918;4
1037448;20260918;4
1445544;20260918;4
191973;20260918;4
778079;20260918;4
1337801;20260918;4
1035073;20260918;4
224556;20260918;4
299458;20260918;4
802168;20260918;4
952406;20260918;4
1139023;20260918;4
1592810;20260918;4
355277;20260918;4
420425;20260918;4
4735;20260918;4
974727;20260918;4
1000894;20260918;4
338680;20260918;4
1151276;20260918;4
41858;20260918;4
324225;20260918;4
1483321;20260918;4
1596853;20260918;4
1057510;20260918;4
1389222;20260918;4
5900;20260918;4
991018;20260918;4
1251849;20260918;4
588141;20260918;4
258130;20260918;4
644700;20260918;4
1406730;20260918;4
1155144;20260918;4
1554959;20260918;4
972891;20260918;4
117364;20260918;4
1359590;20260918;4
833904;20260918;4
329639;20260918;4
308061;20260918;4
1401613;20260918;4
1386789;20260918;4
1525100;20260918;4
1737464;20260918;4
322066;20260918;4
595359;20260918;4
734804;20260918;4
1085064;20260918;4
1232842;20260918;4
1460810;20260918;4
1615796;20260918;4
1739778;20260918;4
1744487;20260918;4
1759164;20260918;4
24035;20260918;4
606487;20260918;4
351195;20260918;4
286949;20260918;4
55084;20260918;4
729168;20260918;4
449790;20260918;4
309270;20260918;4
360778;20260918;4
406923;20260918;4
629468;20260918;4
866101;20260918;4
376334;20260918;4
20875;20260918;4
250756;20260918;4
908797;20260918;4
1625911;20260918;4
23152;20260918;4
243109;20260918;4
950085;20260918;4
986338;20260918;4
622412;20260918;4
483802;20260918;4
1613890;20260918;4
1383450;20260918;4
1655109;20260918;4
643187;20260918;4
72401;20260918;4
365860;20260918;4
270554;20260918;4
1604826;20260918;4
374384;20260918;4
399452;20260918;4
64504;20260918;4
1635403;20260918;4
1138197;20260918;4
1226485;20260918;4
1405048;20260918;4
140702;20260918;4
1713552;20260918;4
1407788;20260918;4
1182167;20260918;4
889235;20260918;4
1202617;20260918;4
157976;20260918;4
351481;20260918;4
955391;20260918;4
104278;20260918;4
1772416;20260918;4
224837;20260918;4
6876;20260918;4
1664493;20260918;4
1073285;20260918;4
1753262;20260918;4
1756572;20260918;4
195698;20260918;4
299015;20260918;4
51793;20260918;4
551364;20260918;4
87399;20260918;4
119100;20260918;4
1137703;20260918;4
1122440;20260918;4
976106;20260918;4
1007270;20260918;4
1152383;20260918;4
248969;20260918;4
293749;20260918;4
830028;20260918;4
904333;20260918;4
482940;20260918;4
1631441;20260918;4
229156;20260918;4
558111;20260918;4
1557090;20260918;4
1039768;20260918;4
1106832;20260918;4
1402103;20260918;4
1530652;20260918;4
222405;20260918;4
416771;20260918;4
982427;20260918;4
448498;20260918;4
245247;20260918;4
851522;20260918;4
1430823;20260918;4
936526;20260918;4
534512;20260918;4
602493;20260918;4
1342995;20260918;4
1587797;20260918;4
1784106;20260918;4
434650;20260918;4
1442082;20260918;4
1609812;20260918;4
1574204;20260918;4
1639659;20260918;4
865296;20260918;4
1023020;20260918;4
1708799;20260918;4
40140;20260918;4
1045007;20260918;4
1519297;20260918;4
1575991;20260918;4
1647722;20260918;4
1681641;20260918;4
1733950;20260918;4
1516837;20260918;4
1213196;20260918;4
128720;20260918;4
439929;20260918;4
835782;20260918;4
971156;20260918;4
1333038;20260918;4
618651;20260918;4
1099797;20260918;4
1496876;20260918;4
1632913;20260918;4
554049;20260918;4
705447;20260918;4
755107;20260918;4
1292428;20260918;4
1397171;20260918;4
157993;20260918;4
9189;20260918;4
313380;20260918;4
269167;20260918;4
386242;20260918;4
659740;20260918;4
1602501;20260918;4
915201;20260918;4
1111231;20260918;4
517384;20260918;4
1625949;20260918;4
76763;20260918;4
1334897;20260918;4
539288;20260918;4
226010;20260918;4
56451;20260918;4
120297;20260918;4
1208406;20260918;4
275684;20260918;4
81564;20260918;4
1169927;20260918;4
1470802;20260918;4
211658;20260918;4
504068;20260918;4
864816;20260918;4
986217;20260918;4
1318398;20260918;4
665309;20260918;4
363069;20260918;4
999915;20260918;4
1398983;20260918;4
1762008;20260918;4
603846;20260918;4
617448;20260918;4
1779587;20260918;4
40924;20260918;4
522203;20260918;4
240504;20260918;4
264816;20260918;4
1230139;20260918;4
1105949;20260918;4
1310688;20260918;4
232598;20260918;4
261146;20260918;4
1243045;20260918;4
1291531;20260918;4
13700;20260918;4
1488002;20260918;4
1675498;20260918;4
1725160;20260918;4
1778243;20260918;4
680446;20260918;4
689166;20260918;4
1173129;20260918;4
1301310;20260918;4
50394;20260918;4
418683;20260918;4
1591725;20260918;4
399227;20260918;4
416110;20260918;4
127543;20260918;4
1637;20260918;4
1447014;20260918;4
516022;20260918;4
539276;20260918;4
137381;20260918;4
1687956;20260918;4
422768;20260918;4
46391;20260918;4
968658;20260918;4
1257563;20260918;4
1283105;20260918;4
1437043;20260918;4
991149;20260918;4
123743;20260918;4
1375869;20260918;4
1302626;20260918;4
1154018;20260918;4
830070;20260918;4
1234426;20260918;4
956187;20260918;4
1457206;20260918;4
553848;20260918;4
1151976;20260918;4
1010954;20260918;4
1276296;20260918;4
1322359;20260918;4
1726397;20260918;4
1324645;20260918;4
782018;20260918;4
869402;20260918;4
1136518;20260918;4
1139175;20260918;4
751960;20260918;4
603299;20260918;4
1428845;20260918;4
1284247;20260918;4
1450911;20260918;4
754476;20260918;4
1539640;20260918;4
1682155;20260918;4
257839;20260918;4
400448;20260918;4
844353;20260918;4
1581467;20260918;4
262069;20260918;4
1052509;20260918;4
787142;20260918;4
593158;20260918;4
641664;20260918;4
825143;20260918;4
417203;20260918;4
1584057;20260918;4
1627216;20260918;4
235178;20260918;4
1159704;20260918;4
197727;20260918;4
852522;20260918;4
1244551;20260918;4
287009;20260918;4
1263811;20260918;4
1787176;20260918;4
527599;20260918;4
527904;20260918;4
881944;20260918;4
7123;20260918;4
1627669;20260918;4
653293;20260918;4
75128;20260918;4
692951;20260918;4
779634;20260918;4
941267;20260918;4
909239;20260918;4
753149;20260918;4
1084201;20260918;4
1486298;20260918;4
235792;20260918;4
1290980;20260918;4
1348406;20260918;4
1252113;20260918;4
75011;20260918;4
1305395;20260918;4
1659980;20260918;4
507024;20260918;4
847629;20260918;4
522552;20260918;4
1733774;20260918;4
301935;20260918;4
56252;20260918;4
1080807;20260918;4
747661;20260918;4
1521644;20260918;4
1130684;20260918;4
189757;20260918;4
939750;20260918;4
762982;20260918;4
1046137;20260918;4
614968;20260918;4
768860;20260918;4
950854;20260918;4
1446509;20260918;4
359741;20260918;4
128096;20260918;4
1004036;20260918;4
1359473;20260918;4
1372685;20260918;4
1410060;20260918;4
1420762;20260918;4
1535425;20260918;4
1635284;20260918;4
1660616;20260918;4
582123;20260918;4
9152;20260918;4
975767;20260918;4
1662604;20260918;4
125008;20260918;4
593685;20260918;4
1039294;20260918;4
224165;20260918;4
691517;20260918;4
1006684;20260918;4
33796;20260918;4
1582554;20260918;4
1780338;20260918;4
199580;20260918;4
213152;20260918;4
1333757;20260918;4
1178431;20260918;4
1541590;20260918;4
191369;20260918;4
1575598;20260918;4
1670417;20260918;4
1784234;20260918;4
452657;20260918;4
1027496;20260918;4
1348854;20260918;4
1438884;20260918;4
1591569;20260918;4
401743;20260918;4
663004;20260918;4
422150;20260918;4
536905;20260918;4
1663160;20260918;4
1011223;20260918;4
339295;20260918;4
1578197;20260918;4
1666163;20260918;4
1750815;20260918;4
611721;20260918;4
743742;20260918;4
844625;20260918;4
1082934;20260918;4
535127;20260918;4
1594800;20260918;4
936663;20260918;4
1740294;20260918;4
1277071;20260918;4
728562;20260918;4
1237238;20260918;4
767943;20260918;4
985309;20260918;4
1771743;20260918;4
719497;20260918;4
1343922;20260918;4
1179386;20260918;4
163518;20260918;4
211492;20260918;4
383304;20260918;4
1585505;20260918;4
1303479;20260918;4
1469533;20260918;4
569633;20260918;4
812958;20260918;4
888610;20260918;4
1368974;20260918;4
189375;20260918;4
661218;20260918;4
874968;20260918;4
1399816;20260918;4
1020286;20260918;4
1229933;20260918;4
150064;20260918;4
1542930;20260918;4
396016;20260918;4
478625;20260918;4
502863;20260918;4
491185;20260918;4
1130044;20260918;4
199086;20260918;4
961889;20260918;4
1169361;20260918;4
1494668;20260918;4
1622646;20260918;4
837259;20260918;4
401162;20260918;4
624618;20260918;4
1149356;20260918;4
1440117;20260918;4
1504185;20260918;4
663430;20260918;4
973368;20260918;4
303750;20260918;4
720341;20260918;4
175681;20260918;4
372338;20260918;4
481462;20260918;4
1037888;20260918;4
1199586;20260918;4
1638138;20260918;4
272766;20260918;4
478466;20260918;4
686686;20260918;4
1294969;20260918;4
1297775;20260918;4
1600983;20260918;4
380067;20260918;4
415201;20260918;4
684813;20260918;4
825416;20260918;4
1409984;20260918;4
411063;20260918;4
974732;20260918;4
350701;20260918;4
1383718;20260918;4
1172103;20260918;4
1367199;20260918;4
1501415;20260918;4
1638084;20260918;4
628494;20260918;4
136432;20260918;4
695531;20260918;4
682983;20260918;4
86061;20260918;4
1222277;20260918;4
1257021;20260918;4
1117865;20260918;4
241802;20260918;4
878730;20260918;4
91732;20260918;4
974974;20260918;4
1031693;20260918;4
1177116;20260918;4
1623417;20260918;4
1665197;20260918;4
1787880;20260918;4
268433;20260918;4
334887;20260918;4
626884;20260918;4
697479;20260918;4
698336;20260918;4
1144085;20260918;4
1179882;20260918;4
1364201;20260918;4
337230;20260918;4
1144608;20260918;4
1207454;20260918;4
730877;20260918;4
1507706;20260918;4
1636809;20260918;4
671019;20260918;4
1737463;20260918;4
282302;20260918;4
205858;20260918;4
1450022;20260918;4
147882;20260918;4
1680838;20260918;4
1213029;20260918;4
1494963;20260918;4
1506853;20260918;4
584539;20260918;4
594012;20260918;4
710628;20260918;4
770198;20260918;4
780480;20260918;4
202226;20260918;4
1076294;20260918;4
1406288;20260918;4
1579149;20260918;4
956770;20260918;4
292644;20260918;4
1008042;20260918;4
1020923;20260918;4
1417329;20260918;4
226422;20260918;4
590982;20260918;4
1692390;20260918;4
1207120;20260918;4
1284982;20260918;4
1309799;20260918;4
1472095;20260918;4
1514917;20260918;4
1694222;20260918;4
1387745;20260918;4
381159;20260918;4
1398855;20260918;4
195109;20260918;4
806188;20260918;4
1688902;20260918;4
443852;20260918;4
147560;20260918;4
448413;20260918;4
632667;20260918;4
778044;20260918;4
714007;20260918;4
1131672;20260918;4
1247003;20260918;4
1661674;20260918;4
722911;20260918;4
806556;20260918;4
307893;20260918;4
1116972;20260918;4
1302597;20260918;4
1315631;20260918;4
1583868;20260918;4
225484;20260918;4
300545;20260918;4
1518076;20260918;4
453288;20260918;4
904312;20260918;4
296203;20260918;4
1615808;20260918;4
1290044;20260918;4
1516808;20260918;4
354305;20260918;4
1569861;20260918;4
1572895;20260918;4
1575411;20260918;4
1777779;20260918;4
325382;20260918;4
382295;20260918;4
385813;20260918;4
424944;20260918;4
484948;20260918;4
554403;20260918;4
580916;20260918;4
314941;20260918;4
934582;20260918;4
985590;20260918;4
1044004;20260918;4
1410923;20260918;4
317581;20260918;4
1226059;20260918;4
1592244;20260918;4
1644960;20260918;4
272457;20260918;4
566366;20260918;4
1091481;20260918;4
1562196;20260918;4
1179008;20260918;4
1099046;20260918;4
1157973;20260918;4
1667326;20260918;4
1622190;20260918;4
1411834;20260918;4
1203350;20260918;4
999503;20260918;4
538617;20260918;4
1388287;20260918;4
926940;20260918;4
1522433;20260918;4
654663;20260918;4
1573212;20260918;4
485782;20260918;4
584657;20260918;4
685451;20260918;4
1741271;20260918;4
162212;20260918;4
1183667;20260918;4
268530;20260918;4
791974;20260918;4
956468;20260918;4
1514138;20260918;4
98310;20260918;4
568161;20260918;4
61621;20260918;4
730561;20260918;4
191446;20260918;4
428783;20260918;4
1198976;20260918;4
1506663;20260918;4
804917;20260918;4
907287;20260918;4
1125885;20260918;4
1250096;20260918;4
1440093;20260918;4
1474834;20260918;4
1605479;20260918;4
614127;20260918;4
678491;20260918;4
740614;20260918;4
1319013;20260918;4
1785378;20260918;4
267152;20260918;4
476651;20260918;4
488943;20260918;4
1567155;20260918;4
1596740;20260918;4
638886;20260918;4
898848;20260918;4
1061931;20260918;4
1303786;20260918;4
1161413;20260918;4
1707381;20260918;4
1097458;20260918;4
1761810;20260918;4
516774;20260918;4
716782;20260918;4
902727;20260918;4
947577;20260918;4
1733028;20260918;4
1473410;20260918;4
1490416;20260918;4
1605216;20260918;4
686992;20260918;4
1185920;20260918;4
1218302;20260918;4
1513240;20260918;4
544676;20260918;4
1440870;20260918;4
285159;20260918;4
615260;20260918;4
402600;20260918;4
1407058;20260918;4
563112;20260918;4
577076;20260918;4
509288;20260918;4
74064;20260918;4
756056;20260918;4
1642978;20260918;4
789563;20260918;4
897541;20260918;4
1239600;20260918;4
271026;20260918;4
181281;20260918;4
1555323;20260918;4
1101583;20260918;4
350937;20260918;4
1011922;20260918;4
623321;20260918;4
245399;20260918;4
33142;20260918;4
67233;20260918;4
314147;20260918;4
1207685;20260918;4
1545060;20260918;4
485851;20260918;4
857351;20260918;4
268986;20260918;4
1449595;20260918;4
697685;20260918;4
743085;20260918;4
384849;20260918;4
1169138;20260918;4
1531924;20260918;4
1440975;20260918;4
747984;20260918;4
171984;20260918;4
583630;20260918;4
1558693;20260918;4
1740739;20260918;4
1204668;20260918;4
13314;20260918;4
1749043;20260918;4
455541;20260918;4
1472664;20260918;4
1435912;20260918;4
1586142;20260918;4
1629567;20260918;4
1712410;20260918;4
1737899;20260918;4
197780;20260918;4
532736;20260918;4
855817;20260918;4
1235422;20260918;4
1388849;20260918;4
924120;20260918;4
864028;20260918;4
727439;20260918;4
1405598;20260918;4
72131;20260918;4
1180117;20260918;4
125485;20260918;4
1349783;20260918;4
1401260;20260918;4
1492722;20260918;4
157673;20260918;4
1667774;20260918;4
1681953;20260918;4
1685834;20260918;4
1694481;20260918;4
1759794;20260918;4
264964;20260918;4
292032;20260918;4
301411;20260918;4
361497;20260918;4
576020;20260918;4
68228;20260918;4
734350;20260918;4
907187;20260918;4
738173;20260918;4
1132637;20260918;4
1173976;20260918;4
1150039;20260918;4
1520093;20260918;4
1071648;20260918;4
1171594;20260918;4
1263893;20260918;4
1271052;20260918;4
1290254;20260918;4
1344513;20260918;4
1534775;20260918;4
1673847;20260918;4
259374;20260918;4
292775;20260918;4
941498;20260918;4
847555;20260918;4
687843;20260918;4
858451;20260918;4
1339134;20260918;4
1397678;20260918;4
1560788;20260918;4
198581;20260918;4
280212;20260918;4
65108;20260918;4
1306076;20260918;4
481471;20260918;4
1444391;20260918;4
1228593;20260918;4
1461492;20260918;4
890057;20260918;4
1166698;20260918;4
1206213;20260918;4
1504649;20260918;4
550853;20260918;4
1569769;20260918;4
254517;20260918;4
984384;20260918;4
1176869;20260918;4
605983;20260918;4
677446;20260918;4
679015;20260918;4
1505894;20260918;4
1292859;20260918;4
269335;20260918;4
494908;20260918;4
1557935;20260918;4
1289083;20260918;4
190788;20260918;4
1114784;20260918;4
1515367;20260918;4
770461;20260918;4
859410;20260918;4
824055;20260918;4
1410963;20260918;4
1523314;20260918;4
1010783;20260918;4
838723;20260918;4
1704983;20260918;4
1320712;20260918;4
1191224;20260918;4
1072086;20260918;4
769309;20260918;4
868771;20260918;4
60373;20260918;4
345102;20260918;4
1061321;20260918;4
30300;20260918;4
84238;20260918;4
1352685;20260918;4
327922;20260918;4
692825;20260918;4
93078;20260918;4
1183382;20260918;4
337073;20260918;4
730791;20260918;4
1746052;20260918;4
1129502;20260918;4
1199319;20260918;4
1244188;20260918;4
203533;20260918;4
1208961;20260918;4
219089;20260918;4
1066900;20260918;4
633995;20260918;4
145080;20260918;4
165751;20260918;4
1711804;20260918;4
1401232;20260918;4
168242;20260918;4
560276;20260918;4
1517224;20260918;4
533371;20260918;4
451514;20260918;4
1311113;20260918;4
116656;20260918;4
1780604;20260918;4
114305;20260918;4
329955;20260918;4
339197;20260918;4
60564;20260918;4
66657;20260918;4
1759465;20260918;4
1069960;20260918;4
1570138;20260918;4
390271;20260918;4
446979;20260918;4
784830;20260918;4
1117551;20260918;4
1070130;20260918;4
1176753;20260918;4
1193283;20260918;4
1231615;20260918;4
1300916;20260918;4
1381567;20260918;4
1578850;20260918;4
1602464;20260918;4
1646691;20260918;4
1670958;20260918;4
262782;20260918;4
563704;20260918;4
585058;20260918;4
620505;20260918;4
654619;20260918;4
705377;20260918;4
735860;20260918;4
74161;20260918;4
749439;20260918;4
870327;20260918;4
961190;20260918;4
966712;20260918;4
1597884;20260918;4
1727219;20260918;4
248652;20260918;4
608534;20260918;4
271165;20260918;4
985850;20260918;4
1215634;20260918;4
1052716;20260918;4
889850;20260918;4
1553085;20260918;4
967070;20260918;4
584159;20260918;4
1623962;20260918;4
273751;20260918;4
930845;20260918;4
1036685;20260918;4
769242;20260918;4
1356095;20260918;4
1397982;20260918;4
245943;20260918;4
1267527;20260918;4
1615306;20260918;4
1656761;20260918;4
1686164;20260918;4
1749219;20260918;4
252288;20260918;4
630371;20260918;4
823521;20260918;4
569893;20260918;4
745586;20260918;4
283106;20260918;4
1097894;20260918;4
1185123;20260918;4
1635181;20260918;4
1716268;20260918;4
1772737;20260918;4
2082;20260918;4
410626;20260918;4
487148;20260918;4
506518;20260918;4
1344185;20260918;4
735014;20260918;4
730779;20260918;4
1519390;20260918;4
160966;20260918;4
547196;20260918;4
83359;20260918;4
1400084;20260918;4
470912;20260918;4
829164;20260918;4
230179;20260918;4
308010;20260918;4
1351345;20260918;4
1453379;20260918;4
1617696;20260918;4
69137;20260918;4
781906;20260918;4
1018265;20260918;4
1097737;20260918;4
1353472;20260918;4
1381373;20260918;4
140286;20260918;4
143405;20260918;4
1520828;20260918;4
1564773;20260918;4
1618274;20260918;4
1627443;20260918;4
1666932;20260918;4
1748591;20260918;4
257165;20260918;4
321927;20260918;4
429229;20260918;4
451437;20260918;4
537545;20260918;4
613030;20260918;4
918215;20260918;4
95019;20260918;4
1295680;20260918;4
1431729;20260918;4
1498452;20260918;4
213003;20260918;4
767402;20260918;4
815831;20260918;4
1479969;20260918;4
870079;20260918;4
652108;20260918;4
844395;20260918;4
1347400;20260918;4
1488717;20260918;4
599322;20260918;4
1202061;20260918;4
1001634;20260918;4
1054319;20260918;4
1002286;20260918;4
1259346;20260918;4
138418;20260918;4
390287;20260918;4
1353978;20260918;4
782343;20260918;4
997801;20260918;4
859162;20260918;4
1203363;20260918;4
696223;20260918;4
97419;20260918;4
1621936;20260918;4
74547;20260918;4
378254;20260918;4
575443;20260918;4
1735584;20260918;4
1605926;20260918;4
691315;20260918;4
838728;20260918;4
945192;20260918;4
1054915;20260918;4
1618197;20260918;4
185585;20260918;4
248247;20260918;4
114989;20260918;4
180452;20260918;4
554190;20260918;4
661166;20260918;4
1012017;20260918;4
119697;20260918;4
1456881;20260918;4
584486;20260918;4
1399410;20260918;4
1786950;20260918;4
1000714;20260918;4
1640929;20260918;4
1650354;20260918;4
1745966;20260918;4
122006;20260918;4
993094;20260918;4
601618;20260918;4
70541;20260918;4
64624;20260919;5
43366;20260919;5
1081540;20260919;5
1395559;20260919;5
1341613;20260919;5
1604392;20260919;5
1672070;20260919;5
326585;20260919;5
590063;20260919;5
1657548;20260919;5
436439;20260919;5
1267089;20260919;5
638596;20260919;5
631782;20260919;5
14318;20260919;5
1427120;20260919;5
1040921;20260919;5
1133653;20260919;5
1207660;20260919;5
1532241;20260919;5
1588211;20260919;5
1745407;20260919;5
748143;20260919;5
761428;20260919;5
859677;20260919;5
869367;20260919;5
944523;20260919;5
966328;20260919;5
1050562;20260919;5
962342;20260919;5
1782763;20260919;5
449282;20260919;5
1782338;20260919;5
955503;20260919;5
1758064;20260919;5
1618778;20260919;5
1310181;20260919;5
1391147;20260919;5
333632;20260919;5
1042951;20260919;5
111702;20260919;5
1202661;20260919;5
1260840;20260919;5
131919;20260919;5
1418368;20260919;5
1587669;20260919;5
1690693;20260919;5
1743289;20260919;5
213711;20260919;5
220938;20260919;5
246208;20260919;5
32310;20260919;5
460462;20260919;5
461773;20260919;5
493300;20260919;5
803130;20260919;5
966689;20260919;5
194608;20260919;5
1036042;20260919;5
1259978;20260919;5
1554364;20260919;5
1643776;20260919;5
1346279;20260919;5
473759;20260919;5
1669751;20260919;5
791087;20260919;5
507658;20260919;5
219937;20260919;5
531063;20260919;5
371020;20260919;5
1195820;20260919;5
301712;20260919;5
451690;20260919;5
1494066;20260919;5
159887;20260919;5
312730;20260919;5
1213306;20260919;5
1448428;20260919;5
18992;20260919;5
667900;20260919;5
886635;20260919;5
1231579;20260919;5
920652;20260919;5
273429;20260919;5
1517620;20260919;5
736894;20260919;5
680480;20260919;5
1160892;20260919;5
1162487;20260919;5
94621;20260919;5
575396;20260919;5
1015090;20260919;5
1553760;20260919;5
1606746;20260919;5
1698007;20260919;5
279113;20260919;5
422460;20260919;5
1407811;20260919;5
1292264;20260919;5
1496988;20260919;5
1521094;20260919;5
440087;20260919;5
705426;20260919;5
970570;20260919;5
798469;20260919;5
1398820;20260919;5
647611;20260919;5
1309926;20260919;5
1403059;20260919;5
606400;20260919;5
1513316;20260919;5
26744;20260919;5
400734;20260919;5
1213055;20260919;5
1037448;20260919;5
1445544;20260919;5
191973;20260919;5
778079;20260919;5
801606;20260919;5
1337801;20260919;5
1193922;20260919;5
1437420;20260919;5
351884;20260919;5
972959;20260919;5
1139023;20260919;5
1592810;20260919;5
355277;20260919;5
420425;20260919;5
4735;20260919;5
974727;20260919;5
604519;20260919;5
1000894;20260919;5
255955;20260919;5
338680;20260919;5
1576774;20260919;5
958209;20260919;5
324225;20260919;5
1131188;20260919;5
1057510;20260919;5
311119;20260919;5
1389222;20260919;5
5900;20260919;5
1195709;20260919;5
271253;20260919;5
893596;20260919;5
991018;20260919;5
1251849;20260919;5
588141;20260919;5
1524404;20260919;5
524668;20260919;5
1387383;20260919;5
170697;20260919;5
900680;20260919;5
785806;20260919;5
457971;20260919;5
495349;20260919;5
762123;20260919;5
1085064;20260919;5
1232842;20260919;5
1460810;20260919;5
1615796;20260919;5
1739778;20260919;5
1744487;20260919;5
1759164;20260919;5
24035;20260919;5
606487;20260919;5
351195;20260919;5
1150353;20260919;5
1364723;20260919;5
167128;20260919;5
1675860;20260919;5
1080977;20260919;5
314292;20260919;5
309270;20260919;5
360778;20260919;5
406923;20260919;5
629468;20260919;5
866101;20260919;5
376334;20260919;5
14062;20260919;5
20875;20260919;5
250756;20260919;5
908797;20260919;5
345959;20260919;5
1625911;20260919;5
703832;20260919;5
1299878;20260919;5
1613890;20260919;5
365860;20260919;5
270554;20260919;5
1604826;20260919;5
1505409;20260919;5
399452;20260919;5
64504;20260919;5
1440549;20260919;5
849620;20260919;5
1291884;20260919;5
930464;20260919;5
784554;20260919;5
1260055;20260919;5
1328113;20260919;5
201810;20260919;5
356347;20260919;5
872810;20260919;5
1603122;20260919;5
1635403;20260919;5
272224;20260919;5
702592;20260919;5
1138197;20260919;5
1226485;20260919;5
1405048;20260919;5
140702;20260919;5
1713552;20260919;5
1407788;20260919;5
1182167;20260919;5
1664493;20260919;5
189347;20260919;5
1073285;20260919;5
1122419;20260919;5
1281808;20260919;5
1333350;20260919;5
1469454;20260919;5
1504209;20260919;5
150914;20260919;5
1573591;20260919;5
1585571;20260919;5
264111;20260919;5
286517;20260919;5
310437;20260919;5
343321;20260919;5
446913;20260919;5
477985;20260919;5
53960;20260919;5
94961;20260919;5
1559702;20260919;5
1251786;20260919;5
1644488;20260919;5
558111;20260919;5
1557090;20260919;5
910800;20260919;5
1039768;20260919;5
1106832;20260919;5
1402103;20260919;5
1530652;20260919;5
222405;20260919;5
416771;20260919;5
982427;20260919;5
1027055;20260919;5
851522;20260919;5
890964;20260919;5
936526;20260919;5
873072;20260919;5
1256137;20260919;5
219375;20260919;5
811318;20260919;5
1342995;20260919;5
1442082;20260919;5
1082584;20260919;5
1609812;20260919;5
1574204;20260919;5
865296;20260919;5
892811;20260919;5
158539;20260919;5
40140;20260919;5
1045007;20260919;5
1519297;20260919;5
1575991;20260919;5
1647722;20260919;5
1681641;20260919;5
1733950;20260919;5
1213196;20260919;5
27217;20260919;5
202058;20260919;5
926861;20260919;5
1022350;20260919;5
1581877;20260919;5
1099797;20260919;5
1496876;20260919;5
1632913;20260919;5
554049;20260919;5
705447;20260919;5
755107;20260919;5
1029633;20260919;5
1292428;20260919;5
1397171;20260919;5
464037;20260919;5
1039476;20260919;5
659740;20260919;5
1415780;20260919;5
519586;20260919;5
1602501;20260919;5
915201;20260919;5
1111231;20260919;5
517384;20260919;5
1625949;20260919;5
76763;20260919;5
984502;20260919;5
539288;20260919;5
226010;20260919;5
120297;20260919;5
1208406;20260919;5
275684;20260919;5
81564;20260919;5
1169927;20260919;5
1470802;20260919;5
211658;20260919;5
504068;20260919;5
864816;20260919;5
986217;20260919;5
1064750;20260919;5
962335;20260919;5
665309;20260919;5
1762008;20260919;5
617448;20260919;5
104375;20260919;5
1708244;20260919;5
668034;20260919;5
1639690;20260919;5
40924;20260919;5
1411887;20260919;5
522203;20260919;5
1243045;20260919;5
1291531;20260919;5
13700;20260919;5
1488002;20260919;5
1675498;20260919;5
1725160;20260919;5
1778243;20260919;5
680446;20260919;5
689166;20260919;5
134926;20260919;5
1518611;20260919;5
432280;20260919;5
542859;20260919;5
893438;20260919;5
534846;20260919;5
847044;20260919;5
418683;20260919;5
1018577;20260919;5
1353795;20260919;5
1657781;20260919;5
841281;20260919;5
943091;20260919;5
1124538;20260919;5
1447014;20260919;5
137381;20260919;5
1687956;20260919;5
422768;20260919;5
46391;20260919;5
968658;20260919;5
1257563;20260919;5
1586116;20260919;5
123743;20260919;5
1375869;20260919;5
100622;20260919;5
1082769;20260919;5
299483;20260919;5
871079;20260919;5
1302626;20260919;5
1576667;20260919;5
1154018;20260919;5
1234426;20260919;5
956187;20260919;5
553848;20260919;5
1151976;20260919;5
103360;20260919;5
1010954;20260919;5
1276296;20260919;5
1322359;20260919;5
1726397;20260919;5
782018;20260919;5
869402;20260919;5
1704264;20260919;5
1172177;20260919;5
1342501;20260919;5
1412344;20260919;5
1453170;20260919;5
1512114;20260919;5
1554234;20260919;5
1610791;20260919;5
1659795;20260919;5
192310;20260919;5
29166;20260919;5
52852;20260919;5
862468;20260919;5
93569;20260919;5
844353;20260919;5
28025;20260919;5
702554;20260919;5
1517225;20260919;5
417203;20260919;5
1584057;20260919;5
1627216;20260919;5
235178;20260919;5
197727;20260919;5
305532;20260919;5
170516;20260919;5
1244551;20260919;5
1543981;20260919;5
1263811;20260919;5
1787176;20260919;5
527599;20260919;5
527904;20260919;5
881944;20260919;5
7123;20260919;5
1627669;20260919;5
692951;20260919;5
779634;20260919;5
1415894;20260919;5
1427878;20260919;5
164099;20260919;5
909239;20260919;5
753149;20260919;5
1084201;20260919;5
33236;20260919;5
553404;20260919;5
1632651;20260919;5
1290980;20260919;5
1348406;20260919;5
507024;20260919;5
847629;20260919;5
1309969;20260919;5
522552;20260919;5
1527897;20260919;5
254672;20260919;5
58608;20260919;5
964155;20260919;5
588352;20260919;5
1130684;20260919;5
189757;20260919;5
939750;20260919;5
762982;20260919;5
1046137;20260919;5
614968;20260919;5
768860;20260919;5
950854;20260919;5
1004036;20260919;5
1359473;20260919;5
1372685;20260919;5
1410060;20260919;5
1420762;20260919;5
1535425;20260919;5
1635284;20260919;5
1660616;20260919;5
582123;20260919;5
9152;20260919;5
1592345;20260919;5
432571;20260919;5
631281;20260919;5
593685;20260919;5
1039294;20260919;5
746112;20260919;5
224165;20260919;5
1604346;20260919;5
1201282;20260919;5
1006684;20260919;5
33796;20260919;5
1780338;20260919;5
199580;20260919;5
213152;20260919;5
1333757;20260919;5
1178431;20260919;5
603327;20260919;5
434717;20260919;5
191369;20260919;5
1575598;20260919;5
1670417;20260919;5
1784234;20260919;5
452657;20260919;5
466797;20260919;5
159325;20260919;5
1735799;20260919;5
432446;20260919;5
454263;20260919;5
579764;20260919;5
641493;20260919;5
702573;20260919;5
905155;20260919;5
970054;20260919;5
1578197;20260919;5
1666163;20260919;5
1750815;20260919;5
611721;20260919;5
743742;20260919;5
844625;20260919;5
535127;20260919;5
936663;20260919;5
1277071;20260919;5
728562;20260919;5
343743;20260919;5
938591;20260919;5
767943;20260919;5
1771743;20260919;5
1030019;20260919;5
1094587;20260919;5
1122531;20260919;5
1418150;20260919;5
719497;20260919;5
1343922;20260919;5
391332;20260919;5
211492;20260919;5
1585505;20260919;5
1469533;20260919;5
569633;20260919;5
812958;20260919;5
888610;20260919;5
1591314;20260919;5
186280;20260919;5
243043;20260919;5
563371;20260919;5
1399816;20260919;5
1020286;20260919;5
1229933;20260919;5
150064;20260919;5
1542930;20260919;5
396016;20260919;5
478625;20260919;5
502863;20260919;5
841957;20260919;5
505181;20260919;5
401162;20260919;5
624618;20260919;5
1468066;20260919;5
587055;20260919;5
303750;20260919;5
720341;20260919;5
481462;20260919;5
1104866;20260919;5
1441363;20260919;5
1650715;20260919;5
1698238;20260919;5
1753954;20260919;5
315365;20260919;5
37831;20260919;5
507372;20260919;5
613812;20260919;5
619405;20260919;5
751585;20260919;5
805422;20260919;5
846217;20260919;5
1674907;20260919;5
521030;20260919;5
566652;20260919;5
1409984;20260919;5
411063;20260919;5
350701;20260919;5
1383718;20260919;5
1172103;20260919;5
1367199;20260919;5
1501415;20260919;5
1638084;20260919;5
1305998;20260919;5
1367329;20260919;5
136432;20260919;5
695531;20260919;5
682983;20260919;5
1222277;20260919;5
1257021;20260919;5
1117865;20260919;5
241802;20260919;5
878730;20260919;5
91732;20260919;5
337230;20260919;5
1137376;20260919;5
119446;20260919;5
256739;20260919;5
1207454;20260919;5
1032644;20260919;5
1360919;20260919;5
1368529;20260919;5
1376687;20260919;5
1438450;20260919;5
217925;20260919;5
23069;20260919;5
420372;20260919;5
646509;20260919;5
688242;20260919;5
778420;20260919;5
984010;20260919;5
100543;20260919;5
1238540;20260919;5
534019;20260919;5
205858;20260919;5
1683356;20260919;5
1450022;20260919;5
1346752;20260919;5
1680838;20260919;5
1213029;20260919;5
1494963;20260919;5
1506853;20260919;5
584539;20260919;5
594012;20260919;5
710628;20260919;5
770198;20260919;5
780480;20260919;5
202226;20260919;5
1406288;20260919;5
1125952;20260919;5
1313551;20260919;5
1343478;20260919;5
1694525;20260919;5
264752;20260919;5
600855;20260919;5
962784;20260919;5
971468;20260919;5
1081927;20260919;5
1131762;20260919;5
1330369;20260919;5
152342;20260919;5
194828;20260919;5
577502;20260919;5
1387745;20260919;5
1383877;20260919;5
1398855;20260919;5
195109;20260919;5
806188;20260919;5
443852;20260919;5
348724;20260919;5
490394;20260919;5
147560;20260919;5
714007;20260919;5
1131672;20260919;5
1247003;20260919;5
1661674;20260919;5
722911;20260919;5
806556;20260919;5
984787;20260919;5
1116972;20260919;5
1302597;20260919;5
1315631;20260919;5
1583868;20260919;5
225484;20260919;5
300545;20260919;5
1518076;20260919;5
453288;20260919;5
904312;20260919;5
1615808;20260919;5
720181;20260919;5
1569861;20260919;5
1572895;20260919;5
1575411;20260919;5
1777779;20260919;5
325382;20260919;5
382295;20260919;5
385813;20260919;5
424944;20260919;5
484948;20260919;5
554403;20260919;5
580916;20260919;5
294493;20260919;5
1501483;20260919;5
1629884;20260919;5
879171;20260919;5
1226059;20260919;5
1592244;20260919;5
1644960;20260919;5
272457;20260919;5
566366;20260919;5
1091481;20260919;5
1562196;20260919;5
1179008;20260919;5
189957;20260919;5
1099046;20260919;5
1157973;20260919;5
1667326;20260919;5
1622190;20260919;5
1411834;20260919;5
1203350;20260919;5
999503;20260919;5
1388287;20260919;5
926940;20260919;5
13061;20260919;5
654663;20260919;5
1573212;20260919;5
1741271;20260919;5
1183667;20260919;5
268530;20260919;5
642070;20260919;5
1063889;20260919;5
1266974;20260919;5
1297038;20260919;5
1479222;20260919;5
1501367;20260919;5
1529900;20260919;5
1707800;20260919;5
1726215;20260919;5
857442;20260919;5
8668;20260919;5
871990;20260919;5
873302;20260919;5
1198976;20260919;5
1506663;20260919;5
804917;20260919;5
907287;20260919;5
1141033;20260919;5
1264747;20260919;5
201086;20260919;5
26328;20260919;5
896332;20260919;5
966789;20260919;5
972218;20260919;5
978740;20260919;5
1319013;20260919;5
1785378;20260919;5
267152;20260919;5
476651;20260919;5
488943;20260919;5
1567155;20260919;5
1596740;20260919;5
638886;20260919;5
898848;20260919;5
1161413;20260919;5
1707381;20260919;5
1761810;20260919;5
516774;20260919;5
716782;20260919;5
902727;20260919;5
947577;20260919;5
1657395;20260919;5
85868;20260919;5
1733028;20260919;5
1473410;20260919;5
1023972;20260919;5
1605216;20260919;5
348318;20260919;5
686992;20260919;5
1185920;20260919;5
1218302;20260919;5
1513240;20260919;5
544676;20260919;5
1440870;20260919;5
285159;20260919;5
615260;20260919;5
1784513;20260919;5
664614;20260919;5
1407058;20260919;5
563112;20260919;5
577076;20260919;5
74064;20260919;5
756056;20260919;5
1642978;20260919;5
1598090;20260919;5
271026;20260919;5
314053;20260919;5
1555323;20260919;5
16811;20260919;5
1632553;20260919;5
1669771;20260919;5
193143;20260919;5
385258;20260919;5
403268;20260919;5
43214;20260919;5
171984;20260919;5
583630;20260919;5
1740739;20260919;5
80098;20260919;5
1204668;20260919;5
13314;20260919;5
1749043;20260919;5
455541;20260919;5
1472664;20260919;5
934346;20260919;5
1435912;20260919;5
1586142;20260919;5
1629567;20260919;5
1712410;20260919;5
1737899;20260919;5
197780;20260919;5
532736;20260919;5
855817;20260919;5
864028;20260919;5
727439;20260919;5
632932;20260919;5
1405598;20260919;5
72131;20260919;5
1131542;20260919;5
1180117;20260919;5
125485;20260919;5
1349783;20260919;5
1401260;20260919;5
1492722;20260919;5
157673;20260919;5
1667774;20260919;5
1681953;20260919;5
1685834;20260919;5
1694481;20260919;5
1759794;20260919;5
264964;20260919;5
292032;20260919;5
301411;20260919;5
361497;20260919;5
576020;20260919;5
68228;20260919;5
734350;20260919;5
907187;20260919;5
738173;20260919;5
1132637;20260919;5
1173976;20260919;5
1150039;20260919;5
1520093;20260919;5
1071648;20260919;5
1171594;20260919;5
1263893;20260919;5
1271052;20260919;5
1290254;20260919;5
1344513;20260919;5
1534775;20260919;5
1673847;20260919;5
259374;20260919;5
292775;20260919;5
941498;20260919;5
212893;20260919;5
809033;20260919;5
847555;20260919;5
858451;20260919;5
1306076;20260919;5
481471;20260919;5
1779886;20260919;5
1444391;20260919;5
556571;20260919;5
1166698;20260919;5
1206213;20260919;5
1504649;20260919;5
550853;20260919;5
1456918;20260919;5
1169409;20260919;5
841054;20260919;5
1039383;20260919;5
254517;20260919;5
984384;20260919;5
1176869;20260919;5
605983;20260919;5
677446;20260919;5
679015;20260919;5
1190804;20260919;5
1628095;20260919;5
260911;20260919;5
869148;20260919;5
511167;20260919;5
932897;20260919;5
1114784;20260919;5
180858;20260919;5
513103;20260919;5
892864;20260919;5
640319;20260919;5
856103;20260919;5
1395903;20260919;5
758564;20260919;5
1135919;20260919;5
985231;20260919;5
1478484;20260919;5
1123114;20260919;5
1336463;20260919;5
1345364;20260919;5
1741275;20260919;5
1781948;20260919;5
237260;20260919;5
445712;20260919;5
454493;20260919;5
60013;20260919;5
721276;20260919;5
738480;20260919;5
793632;20260919;5
85168;20260919;5
1057646;20260919;5
1113228;20260919;5
337073;20260919;5
1109249;20260919;5
221665;20260919;5
325907;20260919;5
1312707;20260919;5
445800;20260919;5
1066900;20260919;5
145080;20260919;5
165751;20260919;5
1711804;20260919;5
168242;20260919;5
560276;20260919;5
1702019;20260919;5
1517224;20260919;5
533371;20260919;5
451514;20260919;5
1311113;20260919;5
116656;20260919;5
531468;20260919;5
114305;20260919;5
329955;20260919;5
339197;20260919;5
60564;20260919;5
66657;20260919;5
1759465;20260919;5
1415634;20260919;5
1570138;20260919;5
390271;20260919;5
446979;20260919;5
784830;20260919;5
1176753;20260919;5
1193283;20260919;5
1231615;20260919;5
1300916;20260919;5
1381567;20260919;5
1578850;20260919;5
1602464;20260919;5
1646691;20260919;5
1670958;20260919;5
262782;20260919;5
563704;20260919;5
585058;20260919;5
620505;20260919;5
654619;20260919;5
705377;20260919;5
735860;20260919;5
74161;20260919;5
749439;20260919;5
870327;20260919;5
961190;20260919;5
966712;20260919;5
248652;20260919;5
608534;20260919;5
271165;20260919;5
1759061;20260919;5
589077;20260919;5
1198988;20260919;5
985850;20260919;5
1215634;20260919;5
807582;20260919;5
1553085;20260919;5
967070;20260919;5
584159;20260919;5
1623962;20260919;5
1392481;20260919;5
561977;20260919;5
769242;20260919;5
1356095;20260919;5
1397982;20260919;5
245943;20260919;5
1267527;20260919;5
1615306;20260919;5
1656761;20260919;5
1686164;20260919;5
1749219;20260919;5
252288;20260919;5
630371;20260919;5
823521;20260919;5
760709;20260919;5
569893;20260919;5
695060;20260919;5
582819;20260919;5
817626;20260919;5
1097894;20260919;5
1185123;20260919;5
1635181;20260919;5
1716268;20260919;5
1772737;20260919;5
2082;20260919;5
410626;20260919;5
487148;20260919;5
506518;20260919;5
614092;20260919;5
1270698;20260919;5
756101;20260919;5
799575;20260919;5
730779;20260919;5
1466541;20260919;5
1653480;20260919;5
323813;20260919;5
1400084;20260919;5
470912;20260919;5
829164;20260919;5
230179;20260919;5
308010;20260919;5
1018265;20260919;5
1097737;20260919;5
1353472;20260919;5
1381373;20260919;5
140286;20260919;5
143405;20260919;5
1520828;20260919;5
1564773;20260919;5
1618274;20260919;5
1627443;20260919;5
1666932;20260919;5
1748591;20260919;5
257165;20260919;5
321927;20260919;5
429229;20260919;5
451437;20260919;5
537545;20260919;5
613030;20260919;5
918215;20260919;5
95019;20260919;5
1295680;20260919;5
1431729;20260919;5
1498452;20260919;5
213003;20260919;5
767402;20260919;5
815831;20260919;5
1167077;20260919;5
1117339;20260919;5
578883;20260919;5
597479;20260919;5
735947;20260919;5
90789;20260919;5
908518;20260919;5
947753;20260919;5
1753043;20260919;5
1303104;20260919;5
1344858;20260919;5
1372942;20260919;5
157316;20260919;5
294043;20260919;5
600692;20260919;5
663524;20260919;5
732799;20260919;5
632810;20260919;5
1318759;20260919;5
221742;20260919;5
574015;20260919;5
1088624;20260919;5
1261081;20260919;5
164105;20260919;5
1007196;20260919;5
1285262;20260919;5
1527611;20260919;5
180678;20260919;5
717990;20260919;5
830351;20260919;5
114989;20260919;5
180452;20260919;5
554190;20260919;5
1777839;20260919;5
976359;20260919;5
1012017;20260919;5
119697;20260919;5
1456881;20260919;5
584486;20260919;5
1000714;20260919;5
979834;20260919;5
1640929;20260919;5
1650354;20260919;5
1745966;20260919;5
790136;20260919;5
567755;20260919;5
1152012;20260919;5
1418931;20260919;5
64624;20260920;6
1659588;20260920;6
43366;20260920;6
1081540;20260920;6
1395559;20260920;6
1341613;20260920;6
1604392;20260920;6
1672070;20260920;6
326585;20260920;6
590063;20260920;6
1657548;20260920;6
436439;20260920;6
1267089;20260920;6
638596;20260920;6
631782;20260920;6
14318;20260920;6
1734094;20260920;6
1040921;20260920;6
1133653;20260920;6
1207660;20260920;6
1532241;20260920;6
1588211;20260920;6
1745407;20260920;6
748143;20260920;6
761428;20260920;6
859677;20260920;6
869367;20260920;6
944523;20260920;6
966328;20260920;6
1964;20260920;6
1050562;20260920;6
962342;20260920;6
461655;20260920;6
1782338;20260920;6
1758064;20260920;6
1310181;20260920;6
1391147;20260920;6
333632;20260920;6
374998;20260920;6
1042951;20260920;6
111702;20260920;6
1202661;20260920;6
1260840;20260920;6
131919;20260920;6
1418368;20260920;6
1587669;20260920;6
1690693;20260920;6
1743289;20260920;6
213711;20260920;6
220938;20260920;6
246208;20260920;6
32310;20260920;6
460462;20260920;6
461773;20260920;6
493300;20260920;6
803130;20260920;6
966689;20260920;6
194608;20260920;6
228090;20260920;6
1643776;20260920;6
1346279;20260920;6
473759;20260920;6
339476;20260920;6
1669751;20260920;6
1563746;20260920;6
791087;20260920;6
507658;20260920;6
219937;20260920;6
531063;20260920;6
371020;20260920;6
1195820;20260920;6
1494066;20260920;6
159887;20260920;6
312730;20260920;6
592084;20260920;6
1213306;20260920;6
1448428;20260920;6
18992;20260920;6
667900;20260920;6
886635;20260920;6
1231579;20260920;6
117503;20260920;6
273429;20260920;6
680480;20260920;6
548594;20260920;6
409344;20260920;6
1160892;20260920;6
1162487;20260920;6
94621;20260920;6
575396;20260920;6
209696;20260920;6
1015090;20260920;6
1553760;20260920;6
818346;20260920;6
1606746;20260920;6
1698007;20260920;6
279113;20260920;6
422460;20260920;6
1095485;20260920;6
1749379;20260920;6
1292264;20260920;6
1496988;20260920;6
1521094;20260920;6
440087;20260920;6
705426;20260920;6
970570;20260920;6
798469;20260920;6
1398820;20260920;6
647611;20260920;6
1309926;20260920;6
1440214;20260920;6
1513316;20260920;6
26744;20260920;6
400734;20260920;6
424322;20260920;6
1037448;20260920;6
1445544;20260920;6
191973;20260920;6
778079;20260920;6
1337801;20260920;6
1193922;20260920;6
1437420;20260920;6
351884;20260920;6
972959;20260920;6
1139023;20260920;6
1592810;20260920;6
355277;20260920;6
420425;20260920;6
4735;20260920;6
974727;20260920;6
604519;20260920;6
1000894;20260920;6
255955;20260920;6
1576774;20260920;6
958209;20260920;6
1131188;20260920;6
1395511;20260920;6
1389222;20260920;6
5900;20260920;6
1251849;20260920;6
588141;20260920;6
1684145;20260920;6
667961;20260920;6
1524404;20260920;6
524668;20260920;6
644700;20260920;6
1420917;20260920;6
680888;20260920;6
1406730;20260920;6
167943;20260920;6
1680498;20260920;6
457971;20260920;6
495349;20260920;6
762123;20260920;6
1401613;20260920;6
1085064;20260920;6
1232842;20260920;6
1460810;20260920;6
1615796;20260920;6
1739778;20260920;6
1744487;20260920;6
1759164;20260920;6
24035;20260920;6
606487;20260920;6
351195;20260920;6
1150353;20260920;6
1364723;20260920;6
167128;20260920;6
1675860;20260920;6
1080977;20260920;6
314292;20260920;6
309270;20260920;6
360778;20260920;6
406923;20260920;6
629468;20260920;6
866101;20260920;6
14062;20260920;6
380303;20260920;6
250756;20260920;6
908797;20260920;6
345959;20260920;6
713266;20260920;6
243109;20260920;6
703832;20260920;6
1299878;20260920;6
1613890;20260920;6
605202;20260920;6
270554;20260920;6
1604826;20260920;6
399452;20260920;6
64504;20260920;6
113835;20260920;6
1291884;20260920;6
930464;20260920;6
1218935;20260920;6
145840;20260920;6
784554;20260920;6
1260055;20260920;6
1328113;20260920;6
201810;20260920;6
356347;20260920;6
872810;20260920;6
63151;20260920;6
1635403;20260920;6
272224;20260920;6
702592;20260920;6
1138197;20260920;6
1226485;20260920;6
1405048;20260920;6
140702;20260920;6
1713552;20260920;6
1407788;20260920;6
1182167;20260920;6
1664493;20260920;6
189347;20260920;6
1073285;20260920;6
1254608;20260920;6
1645260;20260920;6
405209;20260920;6
1122419;20260920;6
1281808;20260920;6
1333350;20260920;6
1469454;20260920;6
1504209;20260920;6
150914;20260920;6
1573591;20260920;6
1585571;20260920;6
264111;20260920;6
286517;20260920;6
310437;20260920;6
343321;20260920;6
446913;20260920;6
477985;20260920;6
53960;20260920;6
94961;20260920;6
1328133;20260920;6
1559702;20260920;6
910800;20260920;6
1039768;20260920;6
1106832;20260920;6
1402103;20260920;6
1530652;20260920;6
222405;20260920;6
416771;20260920;6
982427;20260920;6
1027055;20260920;6
851522;20260920;6
890964;20260920;6
936526;20260920;6
602493;20260920;6
1667795;20260920;6
1342995;20260920;6
434650;20260920;6
634172;20260920;6
697345;20260920;6
1442082;20260920;6
1609812;20260920;6
1574204;20260920;6
865296;20260920;6
892811;20260920;6
1023020;20260920;6
40140;20260920;6
1045007;20260920;6
1519297;20260920;6
1575991;20260920;6
1647722;20260920;6
1681641;20260920;6
1733950;20260920;6
1516837;20260920;6
1213196;20260920;6
202058;20260920;6
926861;20260920;6
1047486;20260920;6
1022350;20260920;6
1581877;20260920;6
1099797;20260920;6
1496876;20260920;6
1632913;20260920;6
554049;20260920;6
705447;20260920;6
755107;20260920;6
1292428;20260920;6
1397171;20260920;6
464037;20260920;6
9189;20260920;6
659740;20260920;6
1415780;20260920;6
519586;20260920;6
1602501;20260920;6
915201;20260920;6
1111231;20260920;6
517384;20260920;6
1625949;20260920;6
1136905;20260920;6
76763;20260920;6
984502;20260920;6
539288;20260920;6
120297;20260920;6
1208406;20260920;6
275684;20260920;6
81564;20260920;6
1169927;20260920;6
1470802;20260920;6
211658;20260920;6
504068;20260920;6
864816;20260920;6
986217;20260920;6
1318398;20260920;6
1064750;20260920;6
962335;20260920;6
665309;20260920;6
1762008;20260920;6
603846;20260920;6
617448;20260920;6
1639690;20260920;6
1779587;20260920;6
40924;20260920;6
1411887;20260920;6
522203;20260920;6
1243045;20260920;6
1291531;20260920;6
13700;20260920;6
1488002;20260920;6
1675498;20260920;6
1725160;20260920;6
1778243;20260920;6
680446;20260920;6
689166;20260920;6
134926;20260920;6
534846;20260920;6
847044;20260920;6
794176;20260920;6
1452739;20260920;6
418683;20260920;6
277259;20260920;6
1591725;20260920;6
399227;20260920;6
416110;20260920;6
1018577;20260920;6
1353795;20260920;6
1657781;20260920;6
841281;20260920;6
943091;20260920;6
1124538;20260920;6
1447014;20260920;6
953370;20260920;6
137381;20260920;6
1687956;20260920;6
422768;20260920;6
46391;20260920;6
968658;20260920;6
743651;20260920;6
1366685;20260920;6
1257563;20260920;6
1606310;20260920;6
1586116;20260920;6
123743;20260920;6
1375869;20260920;6
1302626;20260920;6
1576667;20260920;6
1154018;20260920;6
830070;20260920;6
1234426;20260920;6
1457206;20260920;6
1151976;20260920;6
103360;20260920;6
1010954;20260920;6
1276296;20260920;6
1322359;20260920;6
1726397;20260920;6
782018;20260920;6
869402;20260920;6
1704264;20260920;6
669376;20260920;6
1172177;20260920;6
1342501;20260920;6
1412344;20260920;6
1453170;20260920;6
1512114;20260920;6
1554234;20260920;6
1610791;20260920;6
1659795;20260920;6
192310;20260920;6
29166;20260920;6
52852;20260920;6
862468;20260920;6
93569;20260920;6
844353;20260920;6
1470274;20260920;6
1517225;20260920;6
1584057;20260920;6
1627216;20260920;6
235178;20260920;6
197727;20260920;6
305532;20260920;6
852522;20260920;6
1244551;20260920;6
1004224;20260920;6
1212721;20260920;6
313728;20260920;6
287009;20260920;6
1171915;20260920;6
1771329;20260920;6
1198001;20260920;6
775870;20260920;6
1263811;20260920;6
1787176;20260920;6
527599;20260920;6
527904;20260920;6
881944;20260920;6
7123;20260920;6
1177962;20260920;6
175612;20260920;6
779634;20260920;6
372991;20260920;6
164099;20260920;6
909239;20260920;6
753149;20260920;6
235792;20260920;6
1632651;20260920;6
1290980;20260920;6
1348406;20260920;6
507024;20260920;6
847629;20260920;6
641731;20260920;6
1521644;20260920;6
1610366;20260920;6
392393;20260920;6
653863;20260920;6
775716;20260920;6
975210;20260920;6
254672;20260920;6
58608;20260920;6
964155;20260920;6
762982;20260920;6
1046137;20260920;6
614968;20260920;6
768860;20260920;6
950854;20260920;6
1004036;20260920;6
1359473;20260920;6
1372685;20260920;6
1410060;20260920;6
1420762;20260920;6
1535425;20260920;6
1635284;20260920;6
1660616;20260920;6
582123;20260920;6
1089732;20260920;6
1592345;20260920;6
432571;20260920;6
631281;20260920;6
593685;20260920;6
1010508;20260920;6
1039294;20260920;6
1530275;20260920;6
1604346;20260920;6
1201282;20260920;6
1006684;20260920;6
33796;20260920;6
1780338;20260920;6
199580;20260920;6
213152;20260920;6
1333757;20260920;6
1178431;20260920;6
603327;20260920;6
434717;20260920;6
1575598;20260920;6
1670417;20260920;6
1784234;20260920;6
452657;20260920;6
283791;20260920;6
1735799;20260920;6
432446;20260920;6
454263;20260920;6
579764;20260920;6
641493;20260920;6
702573;20260920;6
905155;20260920;6
970054;20260920;6
1578197;20260920;6
1666163;20260920;6
1750815;20260920;6
611721;20260920;6
743742;20260920;6
844625;20260920;6
535127;20260920;6
936663;20260920;6
1277071;20260920;6
1414323;20260920;6
481283;20260920;6
343743;20260920;6
938591;20260920;6
767943;20260920;6
1771743;20260920;6
1030019;20260920;6
1094587;20260920;6
1122531;20260920;6
1418150;20260920;6
1343922;20260920;6
391332;20260920;6
1298885;20260920;6
211492;20260920;6
1585505;20260920;6
1469533;20260920;6
569633;20260920;6
812958;20260920;6
888610;20260920;6
1591314;20260920;6
186280;20260920;6
243043;20260920;6
563371;20260920;6
1399816;20260920;6
1020286;20260920;6
1229933;20260920;6
150064;20260920;6
1542930;20260920;6
396016;20260920;6
478625;20260920;6
502863;20260920;6
109706;20260920;6
1622646;20260920;6
401162;20260920;6
624618;20260920;6
1468066;20260920;6
587055;20260920;6
303750;20260920;6
720341;20260920;6
481462;20260920;6
1071563;20260920;6
756637;20260920;6
802269;20260920;6
1104866;20260920;6
1441363;20260920;6
1650715;20260920;6
1698238;20260920;6
1753954;20260920;6
315365;20260920;6
37831;20260920;6
507372;20260920;6
613812;20260920;6
619405;20260920;6
751585;20260920;6
805422;20260920;6
846217;20260920;6
1409984;20260920;6
974732;20260920;6
1383718;20260920;6
44944;20260920;6
1172103;20260920;6
1367199;20260920;6
1501415;20260920;6
1638084;20260920;6
1305998;20260920;6
1011030;20260920;6
1367329;20260920;6
682983;20260920;6
1222277;20260920;6
1257021;20260920;6
1117865;20260920;6
241802;20260920;6
878730;20260920;6
91732;20260920;6
337230;20260920;6
1024570;20260920;6
1731788;20260920;6
578980;20260920;6
1207454;20260920;6
1032644;20260920;6
1360919;20260920;6
1368529;20260920;6
1376687;20260920;6
1438450;20260920;6
217925;20260920;6
23069;20260920;6
420372;20260920;6
646509;20260920;6
688242;20260920;6
778420;20260920;6
984010;20260920;6
398014;20260920;6
100543;20260920;6
1238540;20260920;6
534019;20260920;6
953386;20260920;6
1737463;20260920;6
205858;20260920;6
1680838;20260920;6
1213029;20260920;6
1494963;20260920;6
1506853;20260920;6
584539;20260920;6
594012;20260920;6
710628;20260920;6
770198;20260920;6
780480;20260920;6
202226;20260920;6
1592426;20260920;6
1076294;20260920;6
664807;20260920;6
55044;20260920;6
1504566;20260920;6
1125952;20260920;6
1313551;20260920;6
1343478;20260920;6
1694525;20260920;6
264752;20260920;6
600855;20260920;6
962784;20260920;6
971468;20260920;6
1417329;20260920;6
1387745;20260920;6
1383877;20260920;6
195109;20260920;6
806188;20260920;6
1688902;20260920;6
443852;20260920;6
147560;20260920;6
127596;20260920;6
918472;20260920;6
448413;20260920;6
632667;20260920;6
778044;20260920;6
714007;20260920;6
1131672;20260920;6
1247003;20260920;6
1661674;20260920;6
722911;20260920;6
806556;20260920;6
984787;20260920;6
1116972;20260920;6
1302597;20260920;6
1315631;20260920;6
1583868;20260920;6
225484;20260920;6
300545;20260920;6
847289;20260920;6
453288;20260920;6
296203;20260920;6
1615808;20260920;6
1723600;20260920;6
1516808;20260920;6
1569861;20260920;6
1572895;20260920;6
1575411;20260920;6
1777779;20260920;6
325382;20260920;6
382295;20260920;6
385813;20260920;6
424944;20260920;6
484948;20260920;6
554403;20260920;6
580916;20260920;6
294493;20260920;6
1501483;20260920;6
1629884;20260920;6
1226059;20260920;6
1592244;20260920;6
1644960;20260920;6
272457;20260920;6
566366;20260920;6
1091481;20260920;6
1562196;20260920;6
1179008;20260920;6
667499;20260920;6
1099046;20260920;6
1777244;20260920;6
1046103;20260920;6
233025;20260920;6
999503;20260920;6
1388287;20260920;6
13061;20260920;6
1522433;20260920;6
654663;20260920;6
1573212;20260920;6
1741271;20260920;6
1183667;20260920;6
268530;20260920;6
256037;20260920;6
1063889;20260920;6
1266974;20260920;6
1297038;20260920;6
1479222;20260920;6
1501367;20260920;6
1529900;20260920;6
1707800;20260920;6
1726215;20260920;6
857442;20260920;6
8668;20260920;6
871990;20260920;6
873302;20260920;6
1198976;20260920;6
1506663;20260920;6
804917;20260920;6
907287;20260920;6
1141033;20260920;6
1264747;20260920;6
201086;20260920;6
26328;20260920;6
896332;20260920;6
966789;20260920;6
972218;20260920;6
978740;20260920;6
1319013;20260920;6
1785378;20260920;6
267152;20260920;6
476651;20260920;6
488943;20260920;6
1567155;20260920;6
1596740;20260920;6
638886;20260920;6
898848;20260920;6
1161413;20260920;6
1707381;20260920;6
1761810;20260920;6
516774;20260920;6
716782;20260920;6
902727;20260920;6
947577;20260920;6
1657395;20260920;6
85868;20260920;6
1733028;20260920;6
1473410;20260920;6
1023972;20260920;6
1605216;20260920;6
348318;20260920;6
846711;20260920;6
686992;20260920;6
1651532;20260920;6
1185920;20260920;6
1218302;20260920;6
1513240;20260920;6
544676;20260920;6
1440870;20260920;6
285159;20260920;6
615260;20260920;6
1120474;20260920;6
1784513;20260920;6
664614;20260920;6
563112;20260920;6
1071343;20260920;6
1642978;20260920;6
878379;20260920;6
271026;20260920;6
314053;20260920;6
927030;20260920;6
16811;20260920;6
1632553;20260920;6
1669771;20260920;6
193143;20260920;6
385258;20260920;6
403268;20260920;6
43214;20260920;6
171984;20260920;6
583630;20260920;6
80098;20260920;6
1204668;20260920;6
13314;20260920;6
1749043;20260920;6
455541;20260920;6
1472664;20260920;6
1435912;20260920;6
1586142;20260920;6
1629567;20260920;6
1712410;20260920;6
1737899;20260920;6
197780;20260920;6
532736;20260920;6
855817;20260920;6
1235422;20260920;6
1388849;20260920;6
924120;20260920;6
1405598;20260920;6
224874;20260920;6
72131;20260920;6
1131542;20260920;6
1180117;20260920;6
125485;20260920;6
1349783;20260920;6
1401260;20260920;6
1492722;20260920;6
157673;20260920;6
1667774;20260920;6
1681953;20260920;6
1685834;20260920;6
1694481;20260920;6
1759794;20260920;6
264964;20260920;6
292032;20260920;6
301411;20260920;6
361497;20260920;6
576020;20260920;6
68228;20260920;6
734350;20260920;6
907187;20260920;6
738173;20260920;6
1537188;20260920;6
1132637;20260920;6
1150039;20260920;6
1520093;20260920;6
1071648;20260920;6
1171594;20260920;6
1263893;20260920;6
1271052;20260920;6
1290254;20260920;6
1344513;20260920;6
1534775;20260920;6
1673847;20260920;6
259374;20260920;6
292775;20260920;6
941498;20260920;6
212893;20260920;6
809033;20260920;6
858451;20260920;6
958138;20260920;6
1660667;20260920;6
925062;20260920;6
1779886;20260920;6
1444391;20260920;6
890057;20260920;6
1456918;20260920;6
1169409;20260920;6
841054;20260920;6
477283;20260920;6
254517;20260920;6
984384;20260920;6
1176869;20260920;6
605983;20260920;6
439237;20260920;6
1096383;20260920;6
645670;20260920;6
913689;20260920;6
196782;20260920;6
511167;20260920;6
413514;20260920;6
932897;20260920;6
1114784;20260920;6
640319;20260920;6
856103;20260920;6
1323455;20260920;6
304079;20260920;6
1395903;20260920;6
758564;20260920;6
1320712;20260920;6
457730;20260920;6
910136;20260920;6
1123114;20260920;6
1336463;20260920;6
1345364;20260920;6
1741275;20260920;6
1781948;20260920;6
237260;20260920;6
445712;20260920;6
454493;20260920;6
60013;20260920;6
721276;20260920;6
738480;20260920;6
793632;20260920;6
85168;20260920;6
1183382;20260920;6
1109249;20260920;6
221665;20260920;6
325907;20260920;6
1312707;20260920;6
445800;20260920;6
1066900;20260920;6
145080;20260920;6
165751;20260920;6
1711804;20260920;6
168242;20260920;6
560276;20260920;6
1702019;20260920;6
1517224;20260920;6
533371;20260920;6
451514;20260920;6
1311113;20260920;6
116656;20260920;6
1780604;20260920;6
114305;20260920;6
329955;20260920;6
339197;20260920;6
60564;20260920;6
66657;20260920;6
1759465;20260920;6
1500583;20260920;6
1415634;20260920;6
1570138;20260920;6
446979;20260920;6
784830;20260920;6
1070130;20260920;6
618022;20260920;6
1176753;20260920;6
1193283;20260920;6
1231615;20260920;6
1300916;20260920;6
1381567;20260920;6
1578850;20260920;6
1602464;20260920;6
1646691;20260920;6
1670958;20260920;6
262782;20260920;6
563704;20260920;6
585058;20260920;6
620505;20260920;6
654619;20260920;6
705377;20260920;6
735860;20260920;6
74161;20260920;6
749439;20260920;6
870327;20260920;6
961190;20260920;6
966712;20260920;6
271165;20260920;6
589077;20260920;6
342639;20260920;6
985850;20260920;6
1215634;20260920;6
22271;20260920;6
889850;20260920;6
1553085;20260920;6
584159;20260920;6
1623962;20260920;6
1392481;20260920;6
251749;20260920;6
769242;20260920;6
1267527;20260920;6
1615306;20260920;6
1656761;20260920;6
1686164;20260920;6
1749219;20260920;6
252288;20260920;6
630371;20260920;6
823521;20260920;6
760709;20260920;6
582819;20260920;6
817626;20260920;6
283106;20260920;6
1077287;20260920;6
929807;20260920;6
1097894;20260920;6
1185123;20260920;6
1635181;20260920;6
1716268;20260920;6
1772737;20260920;6
2082;20260920;6
410626;20260920;6
487148;20260920;6
506518;20260920;6
1270698;20260920;6
756101;20260920;6
799575;20260920;6
1519390;20260920;6
1466541;20260920;6
1653480;20260920;6
323813;20260920;6
1055756;20260920;6
1400084;20260920;6
470912;20260920;6
829164;20260920;6
1018265;20260920;6
1097737;20260920;6
1353472;20260920;6
1381373;20260920;6
140286;20260920;6
143405;20260920;6
1520828;20260920;6
1564773;20260920;6
1618274;20260920;6
1627443;20260920;6
1666932;20260920;6
1748591;20260920;6
257165;20260920;6
321927;20260920;6
429229;20260920;6
451437;20260920;6
537545;20260920;6
613030;20260920;6
918215;20260920;6
95019;20260920;6
1295680;20260920;6
1431729;20260920;6
1498452;20260920;6
213003;20260920;6
767402;20260920;6
815831;20260920;6
650248;20260920;6
408740;20260920;6
924828;20260920;6
229852;20260920;6
584886;20260920;6
789144;20260920;6
936297;20260920;6
939626;20260920;6
1117339;20260920;6
578883;20260920;6
597479;20260920;6
735947;20260920;6
90789;20260920;6
908518;20260920;6
947753;20260920;6
368912;20260920;6
1753043;20260920;6
632810;20260920;6
1318759;20260920;6
221742;20260920;6
574015;20260920;6
1735584;20260920;6
1007196;20260920;6
1285262;20260920;6
1527611;20260920;6
180678;20260920;6
717990;20260920;6
830351;20260920;6
180452;20260920;6
554190;20260920;6
498094;20260920;6
1777839;20260920;6
976359;20260920;6
1480796;20260920;6
1012017;20260920;6
119697;20260920;6
1456881;20260920;6
584486;20260920;6
1000714;20260920;6
979834;20260920;6
1745966;20260920;6
993094;20260920;6
790136;20260920;6
1152012;20260920;6
1418931;20260920;6
318106;20260920;6
64624;20260921;0
1659588;20260921;0
43366;20260921;0
1081540;20260921;0
1395559;20260921;0
1341613;20260921;0
1581030;20260921;0
1657548;20260921;0
1267089;20260921;0
638596;20260921;0
1305253;20260921;0
1475450;20260921;0
631782;20260921;0
1303678;20260921;0
218727;20260921;0
14318;20260921;0
1743918;20260921;0
1579104;20260921;0
304635;20260921;0
474650;20260921;0
972554;20260921;0
1734094;20260921;0
1964;20260921;0
1050562;20260921;0
1111071;20260921;0
759821;20260921;0
1190897;20260921;0
1143120;20260921;0
190346;20260921;0
267269;20260921;0
461655;20260921;0
1782338;20260921;0
1758064;20260921;0
377263;20260921;0
1310181;20260921;0
1391147;20260921;0
333632;20260921;0
374998;20260921;0
1042951;20260921;0
111702;20260921;0
1202661;20260921;0
1260840;20260921;0
131919;20260921;0
1418368;20260921;0
1587669;20260921;0
1690693;20260921;0
1743289;20260921;0
213711;20260921;0
220938;20260921;0
246208;20260921;0
32310;20260921;0
460462;20260921;0
461773;20260921;0
493300;20260921;0
803130;20260921;0
966689;20260921;0
194608;20260921;0
228090;20260921;0
1643776;20260921;0
473759;20260921;0
339476;20260921;0
1669751;20260921;0
1563746;20260921;0
791087;20260921;0
507658;20260921;0
1368803;20260921;0
23589;20260921;0
20876;20260921;0
1195820;20260921;0
301712;20260921;0
1176524;20260921;0
1238319;20260921;0
1328378;20260921;0
337916;20260921;0
445740;20260921;0
727679;20260921;0
451690;20260921;0
1494066;20260921;0
159887;20260921;0
312730;20260921;0
592084;20260921;0
1213306;20260921;0
1448428;20260921;0
18992;20260921;0
667900;20260921;0
886635;20260921;0
1525293;20260921;0
117503;20260921;0
680480;20260921;0
398521;20260921;0
548594;20260921;0
409344;20260921;0
1160892;20260921;0
1162487;20260921;0
94621;20260921;0
575396;20260921;0
209696;20260921;0
158914;20260921;0
1015090;20260921;0
1553760;20260921;0
21033;20260921;0
1013946;20260921;0
1130680;20260921;0
126446;20260921;0
1271946;20260921;0
1713388;20260921;0
1740459;20260921;0
1757257;20260921;0
347823;20260921;0
937623;20260921;0
951947;20260921;0
1606746;20260921;0
1698007;20260921;0
279113;20260921;0
422460;20260921;0
538519;20260921;0
1316049;20260921;0
425396;20260921;0
462500;20260921;0
638977;20260921;0
691405;20260921;0
1347831;20260921;0
859276;20260921;0
424322;20260921;0
1686487;20260921;0
1213055;20260921;0
801606;20260921;0
1035073;20260921;0
224556;20260921;0
299458;20260921;0
802168;20260921;0
952406;20260921;0
1139023;20260921;0
1592810;20260921;0
355277;20260921;0
420425;20260921;0
4735;20260921;0
974727;20260921;0
1000894;20260921;0
819896;20260921;0
41858;20260921;0
1395511;20260921;0
1483321;20260921;0
1057510;20260921;0
1389222;20260921;0
5900;20260921;0
991018;20260921;0
1251849;20260921;0
588141;20260921;0
258130;20260921;0
667961;20260921;0
644700;20260921;0
1406730;20260921;0
900680;20260921;0
117364;20260921;0
1359590;20260921;0
833904;20260921;0
329639;20260921;0
457971;20260921;0
495349;20260921;0
762123;20260921;0
1401613;20260921;0
1386789;20260921;0
1525100;20260921;0
1737464;20260921;0
322066;20260921;0
595359;20260921;0
734804;20260921;0
1085064;20260921;0
1232842;20260921;0
1460810;20260921;0
1615796;20260921;0
1739778;20260921;0
1744487;20260921;0
1759164;20260921;0
24035;20260921;0
606487;20260921;0
351195;20260921;0
202037;20260921;0
1675860;20260921;0
449790;20260921;0
799153;20260921;0
1080977;20260921;0
314292;20260921;0
1306969;20260921;0
309270;20260921;0
360778;20260921;0
406923;20260921;0
629468;20260921;0
866101;20260921;0
20875;20260921;0
1325480;20260921;0
950085;20260921;0
573852;20260921;0
986338;20260921;0
703832;20260921;0
622412;20260921;0
1613890;20260921;0
1383450;20260921;0
1655109;20260921;0
643187;20260921;0
72401;20260921;0
270554;20260921;0
1604826;20260921;0
26525;20260921;0
374384;20260921;0
966106;20260921;0
399452;20260921;0
64504;20260921;0
63151;20260921;0
1635403;20260921;0
1138197;20260921;0
1226485;20260921;0
1405048;20260921;0
140702;20260921;0
1713552;20260921;0
1407788;20260921;0
889235;20260921;0
1202617;20260921;0
157976;20260921;0
351481;20260921;0
955391;20260921;0
104278;20260921;0
1772416;20260921;0
224837;20260921;0
6876;20260921;0
1664493;20260921;0
1073285;20260921;0
1753262;20260921;0
1756572;20260921;0
195698;20260921;0
299015;20260921;0
51793;20260921;0
551364;20260921;0
87399;20260921;0
137040;20260921;0
1137703;20260921;0
1478878;20260921;0
211848;20260921;0
266719;20260921;0
846828;20260921;0
336736;20260921;0
1328133;20260921;0
1559702;20260921;0
1122440;20260921;0
976106;20260921;0
620572;20260921;0
1631441;20260921;0
229156;20260921;0
1557090;20260921;0
910800;20260921;0
1039768;20260921;0
1106832;20260921;0
1402103;20260921;0
1530652;20260921;0
222405;20260921;0
416771;20260921;0
982427;20260921;0
1430823;20260921;0
936526;20260921;0
534512;20260921;0
602493;20260921;0
1131285;20260921;0
1302844;20260921;0
1587106;20260921;0
1587797;20260921;0
434650;20260921;0
1442082;20260921;0
1609812;20260921;0
1639659;20260921;0
865296;20260921;0
1023020;20260921;0
1708799;20260921;0
889074;20260921;0
1045007;20260921;0
1519297;20260921;0
1575991;20260921;0
1647722;20260921;0
1681641;20260921;0
1733950;20260921;0
1516837;20260921;0
1213196;20260921;0
128720;20260921;0
439929;20260921;0
835782;20260921;0
971156;20260921;0
1333038;20260921;0
618651;20260921;0
1099797;20260921;0
1496876;20260921;0
1632913;20260921;0
554049;20260921;0
705447;20260921;0
755107;20260921;0
1292428;20260921;0
1397171;20260921;0
157993;20260921;0
9189;20260921;0
313380;20260921;0
659740;20260921;0
1245031;20260921;0
870433;20260921;0
1602501;20260921;0
915201;20260921;0
1111231;20260921;0
517384;20260921;0
1625949;20260921;0
1136905;20260921;0
76763;20260921;0
1334897;20260921;0
539288;20260921;0
120297;20260921;0
1208406;20260921;0
275684;20260921;0
81564;20260921;0
961535;20260921;0
1169927;20260921;0
1470802;20260921;0
211658;20260921;0
504068;20260921;0
864816;20260921;0
986217;20260921;0
1318398;20260921;0
1381980;20260921;0
1618719;20260921;0
665309;20260921;0
1398983;20260921;0
1762008;20260921;0
603846;20260921;0
617448;20260921;0
1639690;20260921;0
1779587;20260921;0
1411887;20260921;0
1230139;20260921;0
1243045;20260921;0
1291531;20260921;0
13700;20260921;0
1488002;20260921;0
1675498;20260921;0
1725160;20260921;0
1778243;20260921;0
680446;20260921;0
689166;20260921;0
264993;20260921;0
13967;20260921;0
317631;20260921;0
1452739;20260921;0
50394;20260921;0
418683;20260921;0
277259;20260921;0
1591725;20260921;0
399227;20260921;0
1018577;20260921;0
1353795;20260921;0
1657781;20260921;0
841281;20260921;0
943091;20260921;0
127543;20260921;0
1637;20260921;0
1447014;20260921;0
312533;20260921;0
1751385;20260921;0
137381;20260921;0
138720;20260921;0
1437913;20260921;0
997028;20260921;0
1687956;20260921;0
422768;20260921;0
46391;20260921;0
968658;20260921;0
743651;20260921;0
1257563;20260921;0
991149;20260921;0
123743;20260921;0
1302626;20260921;0
1154018;20260921;0
830070;20260921;0
16791;20260921;0
1234426;20260921;0
1457206;20260921;0
1151976;20260921;0
103360;20260921;0
1010954;20260921;0
1276296;20260921;0
1322359;20260921;0
1726397;20260921;0
782018;20260921;0
869402;20260921;0
1136518;20260921;0
1139175;20260921;0
751960;20260921;0
1428845;20260921;0
1736074;20260921;0
1177455;20260921;0
884826;20260921;0
143753;20260921;0
1284247;20260921;0
1450911;20260921;0
754476;20260921;0
1581467;20260921;0
262069;20260921;0
1238250;20260921;0
1644703;20260921;0
1146634;20260921;0
1052509;20260921;0
787142;20260921;0
593158;20260921;0
641664;20260921;0
825143;20260921;0
417203;20260921;0
1584057;20260921;0
1627216;20260921;0
235178;20260921;0
1159704;20260921;0
197727;20260921;0
852522;20260921;0
1244551;20260921;0
287009;20260921;0
1263811;20260921;0
1787176;20260921;0
527599;20260921;0
527904;20260921;0
881944;20260921;0
1127915;20260921;0
7123;20260921;0
1177962;20260921;0
1627669;20260921;0
175612;20260921;0
692951;20260921;0
779634;20260921;0
909239;20260921;0
753149;20260921;0
1084201;20260921;0
235792;20260921;0
1632651;20260921;0
1290980;20260921;0
1348406;20260921;0
1252113;20260921;0
75011;20260921;0
109302;20260921;0
1122526;20260921;0
341039;20260921;0
599261;20260921;0
1417033;20260921;0
507024;20260921;0
847629;20260921;0
1027899;20260921;0
11398;20260921;0
1426594;20260921;0
1459066;20260921;0
1733774;20260921;0
301935;20260921;0
56252;20260921;0
1130684;20260921;0
189757;20260921;0
939750;20260921;0
1046137;20260921;0
614968;20260921;0
768860;20260921;0
950854;20260921;0
1446509;20260921;0
359741;20260921;0
128096;20260921;0
3412;20260921;0
1004036;20260921;0
1359473;20260921;0
1372685;20260921;0
1410060;20260921;0
1420762;20260921;0
1535425;20260921;0
1635284;20260921;0
1660616;20260921;0
582123;20260921;0
975767;20260921;0
125008;20260921;0
228993;20260921;0
593685;20260921;0
1039294;20260921;0
691517;20260921;0
384244;20260921;0
1006684;20260921;0
33796;20260921;0
1780338;20260921;0
199580;20260921;0
213152;20260921;0
1333757;20260921;0
1178431;20260921;0
603327;20260921;0
191369;20260921;0
1575598;20260921;0
1670417;20260921;0
1784234;20260921;0
452657;20260921;0
283791;20260921;0
1735799;20260921;0
432446;20260921;0
454263;20260921;0
579764;20260921;0
641493;20260921;0
702573;20260921;0
905155;20260921;0
970054;20260921;0
1672386;20260921;0
1722776;20260921;0
1082934;20260921;0
189304;20260921;0
1196046;20260921;0
1617304;20260921;0
936663;20260921;0
792758;20260921;0
1740294;20260921;0
1277071;20260921;0
425038;20260921;0
746557;20260921;0
728562;20260921;0
767943;20260921;0
985309;20260921;0
266941;20260921;0
363401;20260921;0
772800;20260921;0
1343922;20260921;0
1179386;20260921;0
163518;20260921;0
1317959;20260921;0
1585505;20260921;0
1368974;20260921;0
133844;20260921;0
1724847;20260921;0
612254;20260921;0
523547;20260921;0
126719;20260921;0
1591314;20260921;0
186280;20260921;0
243043;20260921;0
563371;20260921;0
189375;20260921;0
661218;20260921;0
874968;20260921;0
146903;20260921;0
1399816;20260921;0
27063;20260921;0
830162;20260921;0
1020286;20260921;0
1229933;20260921;0
150064;20260921;0
1542930;20260921;0
396016;20260921;0
478625;20260921;0
502863;20260921;0
491185;20260921;0
1494668;20260921;0
505181;20260921;0
837259;20260921;0
401162;20260921;0
624618;20260921;0
1468066;20260921;0
587055;20260921;0
1149356;20260921;0
1440117;20260921;0
1504185;20260921;0
663430;20260921;0
973368;20260921;0
303750;20260921;0
720341;20260921;0
175681;20260921;0
1072356;20260921;0
1768540;20260921;0
456721;20260921;0
610798;20260921;0
888248;20260921;0
97802;20260921;0
481462;20260921;0
686686;20260921;0
1294969;20260921;0
1297775;20260921;0
1600983;20260921;0
380067;20260921;0
415201;20260921;0
684813;20260921;0
825416;20260921;0
1409984;20260921;0
411063;20260921;0
974732;20260921;0
1021987;20260921;0
350701;20260921;0
44944;20260921;0
1172103;20260921;0
1367199;20260921;0
1501415;20260921;0
1638084;20260921;0
628494;20260921;0
1011030;20260921;0
682983;20260921;0
86061;20260921;0
1222277;20260921;0
1257021;20260921;0
1117865;20260921;0
241802;20260921;0
878730;20260921;0
91732;20260921;0
674158;20260921;0
337230;20260921;0
1731788;20260921;0
578980;20260921;0
1207454;20260921;0
1032644;20260921;0
1360919;20260921;0
1368529;20260921;0
1376687;20260921;0
1438450;20260921;0
217925;20260921;0
23069;20260921;0
420372;20260921;0
646509;20260921;0
688242;20260921;0
778420;20260921;0
984010;20260921;0
1200902;20260921;0
671667;20260921;0
953386;20260921;0
1636809;20260921;0
671019;20260921;0
1737463;20260921;0
282302;20260921;0
205858;20260921;0
1450022;20260921;0
147882;20260921;0
1213029;20260921;0
1494963;20260921;0
1506853;20260921;0
584539;20260921;0
594012;20260921;0
710628;20260921;0
770198;20260921;0
780480;20260921;0
202226;20260921;0
1555608;20260921;0
664807;20260921;0
55044;20260921;0
43125;20260921;0
1579149;20260921;0
956770;20260921;0
212379;20260921;0
1417329;20260921;0
226422;20260921;0
590982;20260921;0
1692390;20260921;0
930677;20260921;0
216944;20260921;0
1284982;20260921;0
1309799;20260921;0
1472095;20260921;0
1514917;20260921;0
1694222;20260921;0
1387745;20260921;0
1383877;20260921;0
381159;20260921;0
1398855;20260921;0
195109;20260921;0
806188;20260921;0
1688902;20260921;0
443852;20260921;0
147560;20260921;0
448413;20260921;0
632667;20260921;0
778044;20260921;0
1131672;20260921;0
1247003;20260921;0
1661674;20260921;0
722911;20260921;0
806556;20260921;0
1518076;20260921;0
296203;20260921;0
231552;20260921;0
646351;20260921;0
1245300;20260921;0
990101;20260921;0
1569861;20260921;0
1572895;20260921;0
1575411;20260921;0
1777779;20260921;0
325382;20260921;0
382295;20260921;0
385813;20260921;0
424944;20260921;0
484948;20260921;0
554403;20260921;0
580916;20260921;0
294493;20260921;0
685418;20260921;0
1044004;20260921;0
19505;20260921;0
1410923;20260921;0
817096;20260921;0
1226059;20260921;0
1592244;20260921;0
1644960;20260921;0
272457;20260921;0
566366;20260921;0
1091481;20260921;0
1562196;20260921;0
1099046;20260921;0
1157973;20260921;0
265925;20260921;0
453423;20260921;0
913695;20260921;0
233025;20260921;0
999503;20260921;0
374881;20260921;0
538617;20260921;0
926940;20260921;0
1522433;20260921;0
654663;20260921;0
1573212;20260921;0
1741271;20260921;0
1183667;20260921;0
268530;20260921;0
642070;20260921;0
1063889;20260921;0
1266974;20260921;0
1297038;20260921;0
1479222;20260921;0
1501367;20260921;0
1529900;20260921;0
1707800;20260921;0
1726215;20260921;0
857442;20260921;0
8668;20260921;0
871990;20260921;0
873302;20260921;0
1198976;20260921;0
1506663;20260921;0
804917;20260921;0
907287;20260921;0
1141033;20260921;0
1264747;20260921;0
201086;20260921;0
26328;20260921;0
896332;20260921;0
966789;20260921;0
972218;20260921;0
978740;20260921;0
1319013;20260921;0
1785378;20260921;0
267152;20260921;0
476651;20260921;0
488943;20260921;0
1567155;20260921;0
1596740;20260921;0
638886;20260921;0
898848;20260921;0
1161413;20260921;0
1707381;20260921;0
1097458;20260921;0
1761810;20260921;0
516774;20260921;0
716782;20260921;0
902727;20260921;0
947577;20260921;0
367698;20260921;0
1733028;20260921;0
1473410;20260921;0
1490416;20260921;0
1605216;20260921;0
348318;20260921;0
1185920;20260921;0
1218302;20260921;0
1513240;20260921;0
544676;20260921;0
1440870;20260921;0
285159;20260921;0
615260;20260921;0
1782352;20260921;0
73854;20260921;0
979066;20260921;0
402600;20260921;0
1071343;20260921;0
509288;20260921;0
74064;20260921;0
756056;20260921;0
1642978;20260921;0
1245469;20260921;0
271026;20260921;0
314053;20260921;0
927030;20260921;0
181281;20260921;0
1003463;20260921;0
350937;20260921;0
1011922;20260921;0
623321;20260921;0
245399;20260921;0
33142;20260921;0
67233;20260921;0
1698393;20260921;0
645463;20260921;0
126003;20260921;0
1545060;20260921;0
857351;20260921;0
1563793;20260921;0
448250;20260921;0
549787;20260921;0
268986;20260921;0
1449595;20260921;0
697685;20260921;0
743085;20260921;0
1169138;20260921;0
1531924;20260921;0
1440975;20260921;0
747984;20260921;0
171984;20260921;0
583630;20260921;0
1472664;20260921;0
1435912;20260921;0
1586142;20260921;0
1629567;20260921;0
1712410;20260921;0
1737899;20260921;0
197780;20260921;0
532736;20260921;0
855817;20260921;0
1235422;20260921;0
1131542;20260921;0
1180117;20260921;0
125485;20260921;0
1349783;20260921;0
1401260;20260921;0
1492722;20260921;0
157673;20260921;0
1667774;20260921;0
1681953;20260921;0
1685834;20260921;0
1694481;20260921;0
1759794;20260921;0
264964;20260921;0
292032;20260921;0
301411;20260921;0
361497;20260921;0
576020;20260921;0
68228;20260921;0
734350;20260921;0
907187;20260921;0
738173;20260921;0
1132637;20260921;0
495676;20260921;0
560452;20260921;0
908588;20260921;0
1173976;20260921;0
1071648;20260921;0
1171594;20260921;0
1263893;20260921;0
1271052;20260921;0
1290254;20260921;0
1344513;20260921;0
1534775;20260921;0
1673847;20260921;0
259374;20260921;0
292775;20260921;0
941498;20260921;0
1528240;20260921;0
847555;20260921;0
687843;20260921;0
858451;20260921;0
518901;20260921;0
1306076;20260921;0
481471;20260921;0
1166698;20260921;0
1206213;20260921;0
1504649;20260921;0
1569769;20260921;0
1169409;20260921;0
841054;20260921;0
477283;20260921;0
254517;20260921;0
984384;20260921;0
1348249;20260921;0
1176869;20260921;0
605983;20260921;0
9797;20260921;0
913689;20260921;0
196782;20260921;0
511167;20260921;0
413514;20260921;0
411241;20260921;0
932897;20260921;0
1523314;20260921;0
1010783;20260921;0
838723;20260921;0
1704983;20260921;0
1320712;20260921;0
1191224;20260921;0
1352778;20260921;0
699607;20260921;0
60373;20260921;0
1072199;20260921;0
1526318;20260921;0
1647558;20260921;0
1710338;20260921;0
863857;20260921;0
1680093;20260921;0
1061321;20260921;0
1113228;20260921;0
327922;20260921;0
692825;20260921;0
93078;20260921;0
1467803;20260921;0
1129502;20260921;0
556604;20260921;0
1199319;20260921;0
1533614;20260921;0
1208961;20260921;0
1066900;20260921;0
704050;20260921;0
415757;20260921;0
633995;20260921;0
145080;20260921;0
165751;20260921;0
1711804;20260921;0
168242;20260921;0
560276;20260921;0
800116;20260921;0
1702019;20260921;0
1517224;20260921;0
533371;20260921;0
451514;20260921;0
1311113;20260921;0
1780604;20260921;0
114305;20260921;0
329955;20260921;0
339197;20260921;0
60564;20260921;0
1759465;20260921;0
1500583;20260921;0
1069960;20260921;0
1570138;20260921;0
446979;20260921;0
784830;20260921;0
1126260;20260921;0
1297404;20260921;0
1625735;20260921;0
799262;20260921;0
1070130;20260921;0
426134;20260921;0
1176753;20260921;0
1193283;20260921;0
1231615;20260921;0
1300916;20260921;0
1381567;20260921;0
1578850;20260921;0
1602464;20260921;0
1646691;20260921;0
1670958;20260921;0
262782;20260921;0
563704;20260921;0
585058;20260921;0
620505;20260921;0
654619;20260921;0
705377;20260921;0
735860;20260921;0
74161;20260921;0
749439;20260921;0
870327;20260921;0
961190;20260921;0
966712;20260921;0
1597884;20260921;0
1727219;20260921;0
248652;20260921;0
608534;20260921;0
1215634;20260921;0
889850;20260921;0
967070;20260921;0
584159;20260921;0
1392481;20260921;0
273751;20260921;0
930845;20260921;0
1036685;20260921;0
769242;20260921;0
1356095;20260921;0
1397982;20260921;0
245943;20260921;0
1267527;20260921;0
1615306;20260921;0
1656761;20260921;0
1686164;20260921;0
1749219;20260921;0
252288;20260921;0
630371;20260921;0
823521;20260921;0
760709;20260921;0
569893;20260921;0
283106;20260921;0
1097894;20260921;0
1185123;20260921;0
1635181;20260921;0
1716268;20260921;0
1772737;20260921;0
2082;20260921;0
410626;20260921;0
487148;20260921;0
506518;20260921;0
1344185;20260921;0
730779;20260921;0
1519390;20260921;0
160966;20260921;0
547196;20260921;0
83359;20260921;0
1400084;20260921;0
470912;20260921;0
230179;20260921;0
308010;20260921;0
1351345;20260921;0
1453379;20260921;0
1617696;20260921;0
69137;20260921;0
781906;20260921;0
1018265;20260921;0
1097737;20260921;0
1353472;20260921;0
1381373;20260921;0
140286;20260921;0
143405;20260921;0
1520828;20260921;0
1564773;20260921;0
1618274;20260921;0
1627443;20260921;0
1666932;20260921;0
1748591;20260921;0
257165;20260921;0
321927;20260921;0
429229;20260921;0
451437;20260921;0
537545;20260921;0
613030;20260921;0
918215;20260921;0
95019;20260921;0
1295680;20260921;0
1431729;20260921;0
1498452;20260921;0
213003;20260921;0
767402;20260921;0
815831;20260921;0
1479969;20260921;0
870079;20260921;0
969447;20260921;0
652108;20260921;0
1347400;20260921;0
599322;20260921;0
1324997;20260921;0
1202061;20260921;0
1576928;20260921;0
1001634;20260921;0
1054319;20260921;0
1002286;20260921;0
1259346;20260921;0
138418;20260921;0
390287;20260921;0
1353978;20260921;0
782343;20260921;0
997801;20260921;0
859162;20260921;0
1203363;20260921;0
696223;20260921;0
97419;20260921;0
1621936;20260921;0
378254;20260921;0
575443;20260921;0
1735584;20260921;0
1605926;20260921;0
691315;20260921;0
1059819;20260921;0
1040801;20260921;0
777473;20260921;0
1618197;20260921;0
1752459;20260921;0
185585;20260921;0
114989;20260921;0
180452;20260921;0
554190;20260921;0
1291432;20260921;0
498094;20260921;0
661166;20260921;0
1012017;20260921;0
119697;20260921;0
1456881;20260921;0
584486;20260921;0
1399410;20260921;0
1786950;20260921;0
1000714;20260921;0
1745966;20260921;0
122006;20260921;0
993094;20260921;0
